{"0":{"ros_timestamp":"1695745313.291541","wall_type":"floor","a":0.0000082801,"b":0.0000034086,"c":1.0,"d":0.0000056661,"shortest_distance":0.9999794596,"num_points":116,"plane_center_x":0.0114426967,"plane_center_y":2.1265261173,"plane_center_z":-0.0000130092,"color_id":0},"1":{"ros_timestamp":"1695745313.291541","wall_type":"left","a":0.9999953508,"b":0.0029387092,"c":0.0008042131,"d":1.3281751871,"shortest_distance":1.3374613414,"num_points":177,"plane_center_x":-1.3349477053,"plane_center_y":2.1017153263,"plane_center_z":1.0827656984,"color_id":1},"2":{"ros_timestamp":"1695745313.291541","wall_type":"right","a":0.9999941587,"b":0.0033205717,"c":-0.0008302077,"d":-1.3249228001,"shortest_distance":1.3174608386,"num_points":153,"plane_center_x":1.3185914755,"plane_center_y":2.1822993755,"plane_center_z":1.093028903,"color_id":2}}