{"0":{"ros_timestamp":"1695745360.3474023","wall_type":"floor","a":-0.0009091652,"b":-0.004150325,"c":0.9999909401,"d":0.0077408571,"shortest_distance":1.0083115555,"num_points":438,"plane_center_x":0.1257196516,"plane_center_y":2.2597436905,"plane_center_z":0.0017521292,"color_id":0},"1":{"ros_timestamp":"1695745360.3474023","wall_type":"left","a":0.9999653101,"b":0.0079629347,"c":0.002442799,"d":1.3225047588,"shortest_distance":1.7579311298,"num_points":612,"plane_center_x":-1.3355572224,"plane_center_y":1.3339029551,"plane_center_z":1.0414743423,"color_id":1},"2":{"ros_timestamp":"1695745360.3474023","wall_type":"right","a":0.9999524355,"b":0.00975239,"c":-0.0001162208,"d":-1.3341622353,"shortest_distance":0.9017314688,"num_points":212,"plane_center_x":1.3116022348,"plane_center_y":2.3334941864,"plane_center_z":1.160545826,"color_id":2},"3":{"ros_timestamp":"1695745360.3474023","wall_type":"front","a":0.004965377,"b":-0.9999876618,"c":0.0000241257,"d":2.9277644157,"shortest_distance":3.1708249362,"num_points":371,"plane_center_x":0.0072266106,"plane_center_y":2.9278669357,"plane_center_z":1.2616326809,"color_id":3}}