{"0":{"ros_timestamp":"1695745360.7280228","wall_type":"floor","a":-0.0008744102,"b":-0.004043364,"c":0.9999914765,"d":0.0074661095,"shortest_distance":1.0080167741,"num_points":439,"plane_center_x":0.1226893738,"plane_center_y":2.2575907707,"plane_center_z":0.001769448,"color_id":0},"1":{"ros_timestamp":"1695745360.7280228","wall_type":"left","a":0.9999790192,"b":0.0060643847,"c":0.002267522,"d":1.3226747513,"shortest_distance":1.7596013073,"num_points":632,"plane_center_x":-1.3333560228,"plane_center_y":1.3761599064,"plane_center_z":1.0501234531,"color_id":1},"2":{"ros_timestamp":"1695745360.7280228","wall_type":"right","a":0.9999524355,"b":0.00975239,"c":-0.0001162208,"d":-1.3341622353,"shortest_distance":0.9005113315,"num_points":212,"plane_center_x":1.3116022348,"plane_center_y":2.3334941864,"plane_center_z":1.160545826,"color_id":2},"3":{"ros_timestamp":"1695745360.7280228","wall_type":"front","a":0.004965377,"b":-0.9999876618,"c":0.0000241257,"d":2.9277644157,"shortest_distance":3.1686533303,"num_points":371,"plane_center_x":0.0072266106,"plane_center_y":2.9278669357,"plane_center_z":1.2616326809,"color_id":3}}