{"0":{"ros_timestamp":"1695745360.7992625","wall_type":"floor","a":-0.0009191299,"b":-0.0040805996,"c":0.9999912381,"d":0.0075819404,"shortest_distance":1.0081117972,"num_points":439,"plane_center_x":0.1226196215,"plane_center_y":2.2576608658,"plane_center_z":0.0017433885,"color_id":0},"1":{"ros_timestamp":"1695745360.7992625","wall_type":"left","a":0.9999777675,"b":0.0061877701,"c":0.0024751986,"d":1.3224072456,"shortest_distance":1.7607130204,"num_points":632,"plane_center_x":-1.3335479498,"plane_center_y":1.3755546808,"plane_center_z":1.0501378775,"color_id":1},"2":{"ros_timestamp":"1695745360.7992625","wall_type":"right","a":0.9999524355,"b":0.00975239,"c":-0.0001162208,"d":-1.3341622353,"shortest_distance":0.8993020385,"num_points":212,"plane_center_x":1.3116022348,"plane_center_y":2.3334941864,"plane_center_z":1.160545826,"color_id":2},"3":{"ros_timestamp":"1695745360.7992625","wall_type":"front","a":0.004965377,"b":-0.9999876618,"c":0.0000241257,"d":2.9277644157,"shortest_distance":3.1664757027,"num_points":371,"plane_center_x":0.0072266106,"plane_center_y":2.9278669357,"plane_center_z":1.2616326809,"color_id":3}}