{"0":{"ros_timestamp":"1695745361.0007567","wall_type":"floor","a":-0.0009189097,"b":-0.0040785489,"c":0.9999911785,"d":0.0075770579,"shortest_distance":1.0080965236,"num_points":440,"plane_center_x":0.1192902327,"plane_center_y":2.2573847771,"plane_center_z":0.0017394283,"color_id":0},"1":{"ros_timestamp":"1695745361.0007567","wall_type":"left","a":0.9999682903,"b":0.007718307,"c":0.00195401,"d":1.3231759071,"shortest_distance":1.761788326,"num_points":631,"plane_center_x":-1.3357126713,"plane_center_y":1.3726592064,"plane_center_z":1.0518130064,"color_id":1},"2":{"ros_timestamp":"1695745361.0007567","wall_type":"right","a":0.9999524355,"b":0.00975239,"c":-0.0001162208,"d":-1.3341622353,"shortest_distance":0.8981036198,"num_points":212,"plane_center_x":1.3116022348,"plane_center_y":2.3334941864,"plane_center_z":1.160545826,"color_id":2},"3":{"ros_timestamp":"1695745361.0007567","wall_type":"front","a":0.004965377,"b":-0.9999876618,"c":0.0000241257,"d":2.9277644157,"shortest_distance":3.164292108,"num_points":371,"plane_center_x":0.0072266106,"plane_center_y":2.9278669357,"plane_center_z":1.2616326809,"color_id":3}}