{"0":{"ros_timestamp":"1695745361.0610795","wall_type":"floor","a":-0.0009234216,"b":-0.0040349816,"c":0.9999914765,"d":0.0074773119,"shortest_distance":1.0079847616,"num_points":439,"plane_center_x":0.1224438697,"plane_center_y":2.2575473785,"plane_center_z":0.001744932,"color_id":0},"1":{"ros_timestamp":"1695745361.0610795","wall_type":"left","a":0.9999785423,"b":0.0060608932,"c":0.0024643952,"d":1.3225207329,"shortest_distance":1.7620364701,"num_points":632,"plane_center_x":-1.333468914,"plane_center_y":1.3746306896,"plane_center_z":1.0501612425,"color_id":1},"2":{"ros_timestamp":"1695745361.0610795","wall_type":"right","a":0.9999524355,"b":0.00975239,"c":-0.0001162208,"d":-1.3341622353,"shortest_distance":0.8981036198,"num_points":212,"plane_center_x":1.3116022348,"plane_center_y":2.3334941864,"plane_center_z":1.160545826,"color_id":2},"3":{"ros_timestamp":"1695745361.0610795","wall_type":"front","a":0.004965377,"b":-0.9999876618,"c":0.0000241257,"d":2.9277644157,"shortest_distance":3.164292108,"num_points":371,"plane_center_x":0.0072266106,"plane_center_y":2.9278669357,"plane_center_z":1.2616326809,"color_id":3}}