{"0":{"ros_timestamp":"1695745361.1765726","wall_type":"floor","a":-0.0009547346,"b":-0.0041335784,"c":0.9999911189,"d":0.0077296281,"shortest_distance":1.0082460191,"num_points":437,"plane_center_x":0.1288604587,"plane_center_y":2.2592339516,"plane_center_z":0.0017321354,"color_id":0},"1":{"ros_timestamp":"1695745361.1765726","wall_type":"left","a":0.9999818206,"b":0.0054529812,"c":0.0025800329,"d":1.3222392797,"shortest_distance":1.7620144171,"num_points":634,"plane_center_x":-1.3323943615,"plane_center_y":1.3765563965,"plane_center_z":1.0468666553,"color_id":1},"2":{"ros_timestamp":"1695745361.1765726","wall_type":"right","a":0.9999524355,"b":0.00975239,"c":-0.0001162208,"d":-1.3341622353,"shortest_distance":0.8981036198,"num_points":212,"plane_center_x":1.3116022348,"plane_center_y":2.3334941864,"plane_center_z":1.160545826,"color_id":2},"3":{"ros_timestamp":"1695745361.1765726","wall_type":"front","a":0.004965377,"b":-0.9999876618,"c":0.0000241257,"d":2.9277644157,"shortest_distance":3.164292108,"num_points":371,"plane_center_x":0.0072266106,"plane_center_y":2.9278669357,"plane_center_z":1.2616326809,"color_id":3}}