{"0":{"ros_timestamp":"1695745361.2181058","wall_type":"floor","a":-0.0009605912,"b":-0.0041361297,"c":0.9999909401,"d":0.0077394219,"shortest_distance":1.0082436276,"num_points":438,"plane_center_x":0.1255299151,"plane_center_y":2.2590780258,"plane_center_z":0.0017250171,"color_id":0},"1":{"ros_timestamp":"1695745361.2181058","wall_type":"left","a":0.9999703169,"b":0.0073857862,"c":0.0021904302,"d":1.3229353428,"shortest_distance":1.7630453145,"num_points":633,"plane_center_x":-1.3352086544,"plane_center_y":1.3764531612,"plane_center_z":1.0485033989,"color_id":1},"2":{"ros_timestamp":"1695745361.2181058","wall_type":"right","a":0.9999524355,"b":0.00975239,"c":-0.0001162208,"d":-1.3341622353,"shortest_distance":0.8969161055,"num_points":212,"plane_center_x":1.3116022348,"plane_center_y":2.3334941864,"plane_center_z":1.160545826,"color_id":2},"3":{"ros_timestamp":"1695745361.2181058","wall_type":"front","a":0.004965377,"b":-0.9999876618,"c":0.0000241257,"d":2.9277644157,"shortest_distance":3.1621026007,"num_points":371,"plane_center_x":0.0072266106,"plane_center_y":2.9278669357,"plane_center_z":1.2616326809,"color_id":3}}