{"0":{"ros_timestamp":"1695745361.5524867","wall_type":"floor","a":-0.0009185635,"b":-0.0041448982,"c":0.9999909997,"d":0.0077343495,"shortest_distance":1.0082488861,"num_points":437,"plane_center_x":0.1287207901,"plane_center_y":2.26004529,"plane_center_z":0.0017515622,"color_id":0},"1":{"ros_timestamp":"1695745361.5524867","wall_type":"left","a":0.9999685884,"b":0.0075083645,"c":0.0025297471,"d":1.3226819038,"shortest_distance":1.7642736553,"num_points":636,"plane_center_x":-1.3354293108,"plane_center_y":1.3699146509,"plane_center_z":1.0466227531,"color_id":1},"2":{"ros_timestamp":"1695745361.5524867","wall_type":"right","a":0.9999524355,"b":0.00975239,"c":-0.0001162208,"d":-1.3341622353,"shortest_distance":0.8957395252,"num_points":212,"plane_center_x":1.3116022348,"plane_center_y":2.3334941864,"plane_center_z":1.160545826,"color_id":2},"3":{"ros_timestamp":"1695745361.5524867","wall_type":"front","a":0.004965377,"b":-0.9999876618,"c":0.0000241257,"d":2.9277644157,"shortest_distance":3.1599072356,"num_points":371,"plane_center_x":0.0072266106,"plane_center_y":2.9278669357,"plane_center_z":1.2616326809,"color_id":3}}