{"0":{"ros_timestamp":"1695745318.4724932","wall_type":"floor","a":-0.0001567138,"b":-0.001797602,"c":0.9999984503,"d":0.0015633842,"shortest_distance":1.0024151172,"num_points":302,"plane_center_x":0.0381507277,"plane_center_y":2.1546041965,"plane_center_z":0.0023157191,"color_id":0},"1":{"ros_timestamp":"1695745318.4724932","wall_type":"left","a":0.9999857545,"b":0.0053340173,"c":0.0000693246,"d":1.327070713,"shortest_distance":1.3840234694,"num_points":230,"plane_center_x":-1.3374305964,"plane_center_y":1.9240769148,"plane_center_z":1.1204943657,"color_id":1},"2":{"ros_timestamp":"1695745318.4724932","wall_type":"right","a":0.9999902844,"b":0.0044063507,"c":-0.0001171541,"d":-1.3231678009,"shortest_distance":1.2659433844,"num_points":190,"plane_center_x":1.3132847548,"plane_center_y":2.2765491009,"plane_center_z":1.1559711695,"color_id":2}}