{"0":{"ros_timestamp":"1695745362.279099","wall_type":"floor","a":-0.000945878,"b":-0.0041213199,"c":0.9999911189,"d":0.007695375,"shortest_distance":1.0081517346,"num_points":438,"plane_center_x":0.12536484,"plane_center_y":2.2590789795,"plane_center_z":0.0017336075,"color_id":0},"1":{"ros_timestamp":"1695745362.279099","wall_type":"left","a":0.9999650121,"b":0.007443096,"c":0.0038130982,"d":1.3214552402,"shortest_distance":1.7689197214,"num_points":635,"plane_center_x":-1.336024642,"plane_center_y":1.3667480946,"plane_center_z":1.0482622385,"color_id":1},"2":{"ros_timestamp":"1695745362.279099","wall_type":"right","a":0.9999524355,"b":0.00975239,"c":-0.0001162208,"d":-1.3341622353,"shortest_distance":0.8911431286,"num_points":212,"plane_center_x":1.3116022348,"plane_center_y":2.3334941864,"plane_center_z":1.160545826,"color_id":2},"3":{"ros_timestamp":"1695745362.279099","wall_type":"front","a":0.004965377,"b":-0.9999876618,"c":0.0000241257,"d":2.9277644157,"shortest_distance":3.1510682965,"num_points":371,"plane_center_x":0.0072266106,"plane_center_y":2.9278669357,"plane_center_z":1.2616326809,"color_id":3}}