{"0":{"ros_timestamp":"1695745362.398362","wall_type":"floor","a":-0.0008978053,"b":-0.0041165086,"c":0.9999910593,"d":0.0076543828,"shortest_distance":1.0081311513,"num_points":437,"plane_center_x":0.1284624636,"plane_center_y":2.2590444088,"plane_center_z":0.001760343,"color_id":0},"1":{"ros_timestamp":"1695745362.398362","wall_type":"left","a":0.9999710321,"b":0.0061226357,"c":0.0045114928,"d":1.3202139139,"shortest_distance":1.7686714218,"num_points":636,"plane_center_x":-1.3338917494,"plane_center_y":1.3694559336,"plane_center_z":1.0466244221,"color_id":1},"2":{"ros_timestamp":"1695745362.398362","wall_type":"right","a":0.9999524355,"b":0.00975239,"c":-0.0001162208,"d":-1.3341622353,"shortest_distance":0.8911431286,"num_points":212,"plane_center_x":1.3116022348,"plane_center_y":2.3334941864,"plane_center_z":1.160545826,"color_id":2},"3":{"ros_timestamp":"1695745362.398362","wall_type":"front","a":0.004965377,"b":-0.9999876618,"c":0.0000241257,"d":2.9277644157,"shortest_distance":3.1510682965,"num_points":371,"plane_center_x":0.0072266106,"plane_center_y":2.9278669357,"plane_center_z":1.2616326809,"color_id":3}}