{"0":{"ros_timestamp":"1695745362.6642015","wall_type":"floor","a":-0.0009539681,"b":-0.0041437158,"c":0.9999909997,"d":0.0077532749,"shortest_distance":1.0081902972,"num_points":437,"plane_center_x":0.1285998672,"plane_center_y":2.2598407269,"plane_center_z":0.0017335584,"color_id":0},"1":{"ros_timestamp":"1695745362.6642015","wall_type":"left","a":0.9999718666,"b":0.0068440265,"c":0.0030907292,"d":1.3211798668,"shortest_distance":1.7702762441,"num_points":636,"plane_center_x":-1.3338181973,"plane_center_y":1.3685231209,"plane_center_z":1.0465494394,"color_id":1},"2":{"ros_timestamp":"1695745362.6642015","wall_type":"right","a":0.9999524355,"b":0.00975239,"c":-0.0001162208,"d":-1.3341622353,"shortest_distance":0.8889112862,"num_points":212,"plane_center_x":1.3116022348,"plane_center_y":2.3334941864,"plane_center_z":1.160545826,"color_id":2},"3":{"ros_timestamp":"1695745362.6642015","wall_type":"front","a":0.004965377,"b":-0.9999876618,"c":0.0000241257,"d":2.9277644157,"shortest_distance":3.1466151138,"num_points":371,"plane_center_x":0.0072266106,"plane_center_y":2.9278669357,"plane_center_z":1.2616326809,"color_id":3}}