{"0":{"ros_timestamp":"1695745362.8172321","wall_type":"floor","a":-0.0009605036,"b":-0.0041496498,"c":0.9999908805,"d":0.0077714673,"shortest_distance":1.0081964893,"num_points":437,"plane_center_x":0.1285402477,"plane_center_y":2.2598237991,"plane_center_z":0.0017294894,"color_id":0},"1":{"ros_timestamp":"1695745362.8172321","wall_type":"left","a":0.9999667406,"b":0.0075410269,"c":0.0030882773,"d":1.3220187426,"shortest_distance":1.7720539071,"num_points":636,"plane_center_x":-1.3356221914,"plane_center_y":1.3694380522,"plane_center_z":1.0465456247,"color_id":1},"2":{"ros_timestamp":"1695745362.8172321","wall_type":"right","a":0.9999524355,"b":0.00975239,"c":-0.0001162208,"d":-1.3341622353,"shortest_distance":0.8878120523,"num_points":212,"plane_center_x":1.3116022348,"plane_center_y":2.3334941864,"plane_center_z":1.160545826,"color_id":2},"3":{"ros_timestamp":"1695745362.8172321","wall_type":"front","a":0.004965377,"b":-0.9999876618,"c":0.0000241257,"d":2.9277644157,"shortest_distance":3.1443802885,"num_points":371,"plane_center_x":0.0072266106,"plane_center_y":2.9278669357,"plane_center_z":1.2616326809,"color_id":3}}