{"0":{"ros_timestamp":"1695745362.849194","wall_type":"floor","a":-0.0009696475,"b":-0.0041450714,"c":0.9999908805,"d":0.0077663525,"shortest_distance":1.0081863015,"num_points":439,"plane_center_x":0.1220397502,"plane_center_y":2.2599248886,"plane_center_z":0.0017195485,"color_id":0},"1":{"ros_timestamp":"1695745362.849194","wall_type":"left","a":0.9999639392,"b":0.0083179642,"c":0.0017252028,"d":1.3236101866,"shortest_distance":1.772114364,"num_points":634,"plane_center_x":-1.336538434,"plane_center_y":1.3668532372,"plane_center_z":1.0498485565,"color_id":1},"2":{"ros_timestamp":"1695745362.849194","wall_type":"right","a":0.9999524355,"b":0.00975239,"c":-0.0001162208,"d":-1.3341622353,"shortest_distance":0.8878120523,"num_points":212,"plane_center_x":1.3116022348,"plane_center_y":2.3334941864,"plane_center_z":1.160545826,"color_id":2},"3":{"ros_timestamp":"1695745362.849194","wall_type":"front","a":0.004965377,"b":-0.9999876618,"c":0.0000241257,"d":2.9277644157,"shortest_distance":3.1443802885,"num_points":371,"plane_center_x":0.0072266106,"plane_center_y":2.9278669357,"plane_center_z":1.2616326809,"color_id":3}}