{"0":{"ros_timestamp":"1695745362.9964528","wall_type":"floor","a":-0.0009653391,"b":-0.0041526756,"c":0.9999909401,"d":0.0077817072,"shortest_distance":1.0082051909,"num_points":435,"plane_center_x":0.1349588484,"plane_center_y":2.2604103088,"plane_center_z":0.0017353406,"color_id":0},"1":{"ros_timestamp":"1695745362.9964528","wall_type":"left","a":0.9999700785,"b":0.0066445442,"c":0.0039677336,"d":1.3205779791,"shortest_distance":1.7716861067,"num_points":638,"plane_center_x":-1.3340239525,"plane_center_y":1.3695991039,"plane_center_z":1.0432847738,"color_id":1},"2":{"ros_timestamp":"1695745362.9964528","wall_type":"right","a":0.9999524355,"b":0.00975239,"c":-0.0001162208,"d":-1.3341622353,"shortest_distance":0.8878120523,"num_points":212,"plane_center_x":1.3116022348,"plane_center_y":2.3334941864,"plane_center_z":1.160545826,"color_id":2},"3":{"ros_timestamp":"1695745362.9964528","wall_type":"front","a":0.004965377,"b":-0.9999876618,"c":0.0000241257,"d":2.9277644157,"shortest_distance":3.1443802885,"num_points":371,"plane_center_x":0.0072266106,"plane_center_y":2.9278669357,"plane_center_z":1.2616326809,"color_id":3}}