{"0":{"ros_timestamp":"1695745363.0459735","wall_type":"floor","a":-0.0009636883,"b":-0.0041516833,"c":0.9999908805,"d":0.0077784122,"shortest_distance":1.0081920795,"num_points":437,"plane_center_x":0.1283748597,"plane_center_y":2.2598185539,"plane_center_z":0.0017273682,"color_id":0},"1":{"ros_timestamp":"1695745363.0459735","wall_type":"left","a":0.9999659657,"b":0.0078458972,"c":0.0025414461,"d":1.3224920034,"shortest_distance":1.7729983983,"num_points":651,"plane_center_x":-1.3354910612,"plane_center_y":1.3317881823,"plane_center_z":1.044293642,"color_id":1},"2":{"ros_timestamp":"1695745363.0459735","wall_type":"right","a":0.9999524355,"b":0.00975239,"c":-0.0001162208,"d":-1.3341622353,"shortest_distance":0.8867239801,"num_points":212,"plane_center_x":1.3116022348,"plane_center_y":2.3334941864,"plane_center_z":1.160545826,"color_id":2},"3":{"ros_timestamp":"1695745363.0459735","wall_type":"front","a":0.004965377,"b":-0.9999876618,"c":0.0000241257,"d":2.9277644157,"shortest_distance":3.1421400485,"num_points":371,"plane_center_x":0.0072266106,"plane_center_y":2.9278669357,"plane_center_z":1.2616326809,"color_id":3}}