{"0":{"ros_timestamp":"1695745364.0594165","wall_type":"floor","a":-0.0009674077,"b":-0.004164583,"c":0.9999908209,"d":0.0078114765,"shortest_distance":1.0081845078,"num_points":437,"plane_center_x":0.1281607151,"plane_center_y":2.2602918148,"plane_center_z":0.0017256966,"color_id":0},"1":{"ros_timestamp":"1695745364.0594165","wall_type":"left","a":0.999966979,"b":0.0076223225,"c":0.0028333524,"d":1.3222620487,"shortest_distance":1.77732905,"num_points":651,"plane_center_x":-1.3353450298,"plane_center_y":1.3323971033,"plane_center_z":1.0442297459,"color_id":1},"2":{"ros_timestamp":"1695745364.0594165","wall_type":"right","a":0.9999524355,"b":0.00975239,"c":-0.0001162208,"d":-1.3341622353,"shortest_distance":0.8824838476,"num_points":212,"plane_center_x":1.3116022348,"plane_center_y":2.3334941864,"plane_center_z":1.160545826,"color_id":2},"3":{"ros_timestamp":"1695745364.0594165","wall_type":"front","a":0.004965377,"b":-0.9999876618,"c":0.0000241257,"d":2.9277644157,"shortest_distance":3.1331260628,"num_points":371,"plane_center_x":0.0072266106,"plane_center_y":2.9278669357,"plane_center_z":1.2616326809,"color_id":3}}