{"0":{"ros_timestamp":"1695745364.2831342","wall_type":"floor","a":-0.0009494973,"b":-0.004160434,"c":0.9999909401,"d":0.0077906894,"shortest_distance":1.0081606302,"num_points":437,"plane_center_x":0.128088966,"plane_center_y":2.2601954937,"plane_center_z":0.0017343409,"color_id":0},"1":{"ros_timestamp":"1695745364.2831342","wall_type":"left","a":0.9999668598,"b":0.0076568387,"c":0.0027609193,"d":1.3223135471,"shortest_distance":1.7783282725,"num_points":651,"plane_center_x":-1.3353542089,"plane_center_y":1.3306592703,"plane_center_z":1.0442824364,"color_id":1},"2":{"ros_timestamp":"1695745364.2831342","wall_type":"right","a":0.9999524355,"b":0.00975239,"c":-0.0001162208,"d":-1.3341622353,"shortest_distance":0.881451986,"num_points":212,"plane_center_x":1.3116022348,"plane_center_y":2.3334941864,"plane_center_z":1.160545826,"color_id":2},"3":{"ros_timestamp":"1695745364.2831342","wall_type":"front","a":0.004965377,"b":-0.9999876618,"c":0.0000241257,"d":2.9277644157,"shortest_distance":3.1308595917,"num_points":371,"plane_center_x":0.0072266106,"plane_center_y":2.9278669357,"plane_center_z":1.2616326809,"color_id":3}}