{"0":{"ros_timestamp":"1695745364.4751167","wall_type":"floor","a":-0.0009375648,"b":-0.0041406578,"c":0.9999909401,"d":0.007736688,"shortest_distance":1.0080978162,"num_points":437,"plane_center_x":0.1280245334,"plane_center_y":2.2603218555,"plane_center_z":0.0017425783,"color_id":0},"1":{"ros_timestamp":"1695745364.4751167","wall_type":"left","a":0.9999668002,"b":0.0076609086,"c":0.0027862727,"d":1.3222974539,"shortest_distance":1.7793524071,"num_points":653,"plane_center_x":-1.3353140354,"plane_center_y":1.3234030008,"plane_center_z":1.0441058874,"color_id":1},"2":{"ros_timestamp":"1695745364.4751167","wall_type":"right","a":0.9999524355,"b":0.00975239,"c":-0.0001162208,"d":-1.3341622353,"shortest_distance":0.880431445,"num_points":212,"plane_center_x":1.3116022348,"plane_center_y":2.3334941864,"plane_center_z":1.160545826,"color_id":2},"3":{"ros_timestamp":"1695745364.4751167","wall_type":"front","a":0.004965377,"b":-0.9999876618,"c":0.0000241257,"d":2.9277644157,"shortest_distance":3.1285880438,"num_points":371,"plane_center_x":0.0072266106,"plane_center_y":2.9278669357,"plane_center_z":1.2616326809,"color_id":3}}