{"0":{"ros_timestamp":"1695745318.6632726","wall_type":"floor","a":-0.0001236899,"b":-0.0021231375,"c":0.999997735,"d":0.0022425533,"shortest_distance":1.0032553502,"num_points":303,"plane_center_x":0.0414078683,"plane_center_y":2.1556839943,"plane_center_z":0.0023393873,"color_id":0},"1":{"ros_timestamp":"1695745318.6632726","wall_type":"left","a":0.9999908805,"b":0.0042644013,"c":0.0001455439,"d":1.3313987255,"shortest_distance":1.3914244382,"num_points":230,"plane_center_x":-1.3398326635,"plane_center_y":1.9366748333,"plane_center_z":1.1204903126,"color_id":1},"2":{"ros_timestamp":"1695745318.6632726","wall_type":"right","a":0.9999553561,"b":0.009446959,"c":-0.0001312688,"d":-1.333509922,"shortest_distance":1.2763197517,"num_points":190,"plane_center_x":1.3121899366,"plane_center_y":2.2790677547,"plane_center_z":1.1559737921,"color_id":2}}