{"0":{"ros_timestamp":"1695745365.2656405","wall_type":"floor","a":-0.000957514,"b":-0.0041621118,"c":0.9999909401,"d":0.0077996519,"shortest_distance":1.0081140183,"num_points":437,"plane_center_x":0.1280305088,"plane_center_y":2.2605805397,"plane_center_z":0.0017317437,"color_id":0},"1":{"ros_timestamp":"1695745365.2656405","wall_type":"left","a":0.9999697208,"b":0.0071056644,"c":0.0031717103,"d":1.3210235834,"shortest_distance":1.7825198754,"num_points":653,"plane_center_x":-1.3338438272,"plane_center_y":1.3215471506,"plane_center_z":1.0440115929,"color_id":1},"2":{"ros_timestamp":"1695745365.2656405","wall_type":"right","a":0.9999524355,"b":0.00975239,"c":-0.0001162208,"d":-1.3341622353,"shortest_distance":0.8764629936,"num_points":212,"plane_center_x":1.3116022348,"plane_center_y":2.3334941864,"plane_center_z":1.160545826,"color_id":2},"3":{"ros_timestamp":"1695745365.2656405","wall_type":"front","a":0.004965377,"b":-0.9999876618,"c":0.0000241257,"d":2.9277644157,"shortest_distance":3.119452222,"num_points":371,"plane_center_x":0.0072266106,"plane_center_y":2.9278669357,"plane_center_z":1.2616326809,"color_id":3}}