{"0":{"ros_timestamp":"1695745366.3325033","wall_type":"floor","a":-0.0009788121,"b":-0.0041824561,"c":0.9999908209,"d":0.0078610852,"shortest_distance":1.0081166077,"num_points":433,"plane_center_x":0.1408500075,"plane_center_y":2.2628273964,"plane_center_z":0.0017409731,"color_id":0},"1":{"ros_timestamp":"1695745366.3325033","wall_type":"left","a":0.9999660254,"b":0.006330797,"c":0.0052621574,"d":1.3186736107,"shortest_distance":1.7870689154,"num_points":671,"plane_center_x":-1.3328299522,"plane_center_y":1.2881404161,"plane_center_z":1.0368565321,"color_id":1},"2":{"ros_timestamp":"1695745366.3325033","wall_type":"right","a":0.9999524355,"b":0.00975239,"c":-0.0001162208,"d":-1.3341622353,"shortest_distance":0.871760121,"num_points":212,"plane_center_x":1.3116022348,"plane_center_y":2.3334941864,"plane_center_z":1.160545826,"color_id":2},"3":{"ros_timestamp":"1695745366.3325033","wall_type":"front","a":0.004965377,"b":-0.9999876618,"c":0.0000241257,"d":2.9277644157,"shortest_distance":3.1079250688,"num_points":371,"plane_center_x":0.0072266106,"plane_center_y":2.9278669357,"plane_center_z":1.2616326809,"color_id":3}}