{"0":{"ros_timestamp":"1695745366.529419","wall_type":"floor","a":-0.0009768168,"b":-0.0041836216,"c":0.9999907613,"d":0.0078626247,"shortest_distance":1.0081086945,"num_points":434,"plane_center_x":0.1375444233,"plane_center_y":2.2625210285,"plane_center_z":0.0017372783,"color_id":0},"1":{"ros_timestamp":"1695745366.529419","wall_type":"left","a":0.9999659061,"b":0.0063063414,"c":0.0053296043,"d":1.3190461397,"shortest_distance":1.7884110172,"num_points":670,"plane_center_x":-1.3333081007,"plane_center_y":1.2838337421,"plane_center_z":1.0383819342,"color_id":1},"2":{"ros_timestamp":"1695745366.529419","wall_type":"right","a":0.9999524355,"b":0.00975239,"c":-0.0001162208,"d":-1.3341622353,"shortest_distance":0.8708541426,"num_points":212,"plane_center_x":1.3116022348,"plane_center_y":2.3334941864,"plane_center_z":1.160545826,"color_id":2},"3":{"ros_timestamp":"1695745366.529419","wall_type":"front","a":0.004965377,"b":-0.9999876618,"c":0.0000241257,"d":2.9277644157,"shortest_distance":3.1056058969,"num_points":371,"plane_center_x":0.0072266106,"plane_center_y":2.9278669357,"plane_center_z":1.2616326809,"color_id":3}}