{"0":{"ros_timestamp":"1695745366.6919014","wall_type":"floor","a":-0.0009766975,"b":-0.0041834749,"c":0.9999907613,"d":0.0078622168,"shortest_distance":1.0080977266,"num_points":434,"plane_center_x":0.1375276446,"plane_center_y":2.2625102997,"plane_center_z":0.0017372774,"color_id":0},"1":{"ros_timestamp":"1695745366.6919014","wall_type":"left","a":0.9999643564,"b":0.0065993266,"c":0.0052703358,"d":1.3199595213,"shortest_distance":1.7901000041,"num_points":670,"plane_center_x":-1.3345501423,"plane_center_y":1.2833014727,"plane_center_z":1.0383805037,"color_id":1},"2":{"ros_timestamp":"1695745366.6919014","wall_type":"right","a":0.9999524355,"b":0.00975239,"c":-0.0001162208,"d":-1.3341622353,"shortest_distance":0.8699597499,"num_points":212,"plane_center_x":1.3116022348,"plane_center_y":2.3334941864,"plane_center_z":1.160545826,"color_id":2},"3":{"ros_timestamp":"1695745366.6919014","wall_type":"front","a":0.004965377,"b":-0.9999876618,"c":0.0000241257,"d":2.9277644157,"shortest_distance":3.1032822795,"num_points":371,"plane_center_x":0.0072266106,"plane_center_y":2.9278669357,"plane_center_z":1.2616326809,"color_id":3}}