{"0":{"ros_timestamp":"1695745366.81281","wall_type":"floor","a":-0.0009765151,"b":-0.0041833245,"c":0.9999907613,"d":0.0078617679,"shortest_distance":1.0080973375,"num_points":434,"plane_center_x":0.1375041008,"plane_center_y":2.2624952793,"plane_center_z":0.0017372752,"color_id":0},"1":{"ros_timestamp":"1695745366.81281","wall_type":"left","a":0.9999629855,"b":0.0066678766,"c":0.0054291314,"d":1.3196457624,"shortest_distance":1.7899326457,"num_points":670,"plane_center_x":-1.3345509768,"plane_center_y":1.2818514109,"plane_center_z":1.0383816957,"color_id":1},"2":{"ros_timestamp":"1695745366.81281","wall_type":"right","a":0.9999524355,"b":0.00975239,"c":-0.0001162208,"d":-1.3341622353,"shortest_distance":0.8699597499,"num_points":212,"plane_center_x":1.3116022348,"plane_center_y":2.3334941864,"plane_center_z":1.160545826,"color_id":2},"3":{"ros_timestamp":"1695745366.81281","wall_type":"front","a":0.004965377,"b":-0.9999876618,"c":0.0000241257,"d":2.9277644157,"shortest_distance":3.1032822795,"num_points":371,"plane_center_x":0.0072266106,"plane_center_y":2.9278669357,"plane_center_z":1.2616326809,"color_id":3}}