{"0":{"ros_timestamp":"1695745367.492577","wall_type":"floor","a":-0.0009894806,"b":-0.0041879797,"c":0.9999907017,"d":0.0078807827,"shortest_distance":1.0080685725,"num_points":431,"plane_center_x":0.147363618,"plane_center_y":2.2645864487,"plane_center_z":0.0017490897,"color_id":0},"1":{"ros_timestamp":"1695745367.492577","wall_type":"left","a":0.9999611974,"b":0.0063290573,"c":0.0061291088,"d":1.3188593388,"shortest_distance":1.793333205,"num_points":675,"plane_center_x":-1.3340535164,"plane_center_y":1.2823996544,"plane_center_z":1.033644557,"color_id":1},"2":{"ros_timestamp":"1695745367.492577","wall_type":"right","a":0.9999524355,"b":0.00975239,"c":-0.0001162208,"d":-1.3341622353,"shortest_distance":0.8664984775,"num_points":212,"plane_center_x":1.3116022348,"plane_center_y":2.3334941864,"plane_center_z":1.160545826,"color_id":2},"3":{"ros_timestamp":"1695745367.492577","wall_type":"front","a":0.004965377,"b":-0.9999876618,"c":0.0000241257,"d":2.9277644157,"shortest_distance":3.0939445191,"num_points":371,"plane_center_x":0.0072266106,"plane_center_y":2.9278669357,"plane_center_z":1.2616326809,"color_id":3}}