{"0":{"ros_timestamp":"1695745313.840347","wall_type":"floor","a":0.000004573,"b":0.0000060361,"c":1.0,"d":-0.0000057704,"shortest_distance":0.9999667038,"num_points":140,"plane_center_x":-0.1402399391,"plane_center_y":2.116830349,"plane_center_z":-0.0000063658,"color_id":0},"1":{"ros_timestamp":"1695745313.840347","wall_type":"left","a":0.9999858737,"b":0.0050638556,"c":0.001605864,"d":1.3241577148,"shortest_distance":1.3381597355,"num_points":176,"plane_center_x":-1.3361865282,"plane_center_y":2.082367897,"plane_center_z":1.0882564783,"color_id":1},"2":{"ros_timestamp":"1695745313.840347","wall_type":"right","a":0.9999916553,"b":0.002749617,"c":-0.0030421158,"d":-1.3184304237,"shortest_distance":1.307926074,"num_points":159,"plane_center_x":1.3156268597,"plane_center_y":2.1883618832,"plane_center_z":1.0527743101,"color_id":2}}