{"0":{"ros_timestamp":"1695745369.9792976","wall_type":"floor","a":-0.0009831554,"b":-0.0041865311,"c":0.9999907613,"d":0.0078734588,"shortest_distance":1.0079360915,"num_points":434,"plane_center_x":0.1374718845,"plane_center_y":2.2633619308,"plane_center_z":0.0017373485,"color_id":0},"1":{"ros_timestamp":"1695745369.9792976","wall_type":"left","a":0.9999685884,"b":0.0070909369,"c":0.0035505088,"d":1.3208161592,"shortest_distance":1.8017705676,"num_points":689,"plane_center_x":-1.3333733082,"plane_center_y":1.2346198559,"plane_center_z":1.0384780169,"color_id":1},"2":{"ros_timestamp":"1695745369.9792976","wall_type":"right","a":0.9999524355,"b":0.00975239,"c":-0.0001162208,"d":-1.3341622353,"shortest_distance":0.8572424582,"num_points":212,"plane_center_x":1.3116022348,"plane_center_y":2.3334941864,"plane_center_z":1.160545826,"color_id":2},"3":{"ros_timestamp":"1695745369.9792976","wall_type":"front","a":0.004965377,"b":-0.9999876618,"c":0.0000241257,"d":2.9277644157,"shortest_distance":3.0655475484,"num_points":371,"plane_center_x":0.0072266106,"plane_center_y":2.9278669357,"plane_center_z":1.2616326809,"color_id":3}}