{"0":{"ros_timestamp":"1695745373.350402","wall_type":"floor","a":-0.0009340761,"b":-0.0041497285,"c":0.9999909401,"d":0.007756311,"shortest_distance":1.0076685245,"num_points":436,"plane_center_x":0.1309462041,"plane_center_y":2.261484623,"plane_center_z":0.0017505659,"color_id":0},"1":{"ros_timestamp":"1695745373.350402","wall_type":"left","a":0.9999687076,"b":0.0076704738,"c":0.0019204182,"d":1.3228708506,"shortest_distance":1.8117024658,"num_points":706,"plane_center_x":-1.3336442709,"plane_center_y":1.1751587391,"plane_center_z":1.0392438173,"color_id":1},"2":{"ros_timestamp":"1695745373.350402","wall_type":"right","a":0.9999524355,"b":0.00975239,"c":-0.0001162208,"d":-1.3341622353,"shortest_distance":0.8475765689,"num_points":212,"plane_center_x":1.3116022348,"plane_center_y":2.3334941864,"plane_center_z":1.160545826,"color_id":2},"3":{"ros_timestamp":"1695745373.350402","wall_type":"front","a":0.004965377,"b":-0.9999876618,"c":0.0000241257,"d":2.9277644157,"shortest_distance":3.0269316299,"num_points":371,"plane_center_x":0.0072266106,"plane_center_y":2.9278669357,"plane_center_z":1.2616326809,"color_id":3}}