{"0":{"ros_timestamp":"1695745373.568049","wall_type":"floor","a":-0.0009340761,"b":-0.0041497285,"c":0.9999909401,"d":0.007756311,"shortest_distance":1.007657955,"num_points":436,"plane_center_x":0.1309462041,"plane_center_y":2.261484623,"plane_center_z":0.0017505659,"color_id":0},"1":{"ros_timestamp":"1695745373.568049","wall_type":"left","a":0.9999694824,"b":0.0072759236,"c":0.0028325568,"d":1.3216881752,"shortest_distance":1.8119657089,"num_points":706,"plane_center_x":-1.333219409,"plane_center_y":1.1746727228,"plane_center_z":1.0392423868,"color_id":1},"2":{"ros_timestamp":"1695745373.568049","wall_type":"right","a":0.9999524355,"b":0.00975239,"c":-0.0001162208,"d":-1.3341622353,"shortest_distance":0.8470752841,"num_points":212,"plane_center_x":1.3116022348,"plane_center_y":2.3334941864,"plane_center_z":1.160545826,"color_id":2},"3":{"ros_timestamp":"1695745373.568049","wall_type":"front","a":0.004965377,"b":-0.9999876618,"c":0.0000241257,"d":2.9277644157,"shortest_distance":3.0244944904,"num_points":371,"plane_center_x":0.0072266106,"plane_center_y":2.9278669357,"plane_center_z":1.2616326809,"color_id":3}}