{"0":{"ros_timestamp":"1695745319.7160943","wall_type":"floor","a":0.0003440338,"b":-0.0015399699,"c":0.9999987483,"d":0.0010553761,"shortest_distance":1.0018121233,"num_points":316,"plane_center_x":0.0513262823,"plane_center_y":2.1595880985,"plane_center_z":0.0022526695,"color_id":0},"1":{"ros_timestamp":"1695745319.7160943","wall_type":"left","a":0.9999773502,"b":0.006733784,"c":0.0000259594,"d":1.3246330023,"shortest_distance":1.3956428768,"num_points":248,"plane_center_x":-1.3376785517,"plane_center_y":1.9285115004,"plane_center_z":1.1200381517,"color_id":1},"2":{"ros_timestamp":"1695745319.7160943","wall_type":"right","a":0.9999742508,"b":0.0071781701,"c":-0.0001082908,"d":-1.3287504911,"shortest_distance":1.2580934904,"num_points":190,"plane_center_x":1.3124934435,"plane_center_y":2.2869274616,"plane_center_z":1.1559693813,"color_id":2}}