{"0":{"ros_timestamp":"1695745375.6649382","wall_type":"floor","a":-0.0009831554,"b":-0.0041865311,"c":0.9999907613,"d":0.0078734588,"shortest_distance":1.0076371039,"num_points":434,"plane_center_x":0.1374718845,"plane_center_y":2.2633619308,"plane_center_z":0.0017373485,"color_id":0},"1":{"ros_timestamp":"1695745375.6649382","wall_type":"left","a":0.9999697804,"b":0.0070642396,"c":0.0032395246,"d":1.3212405443,"shortest_distance":1.8165803794,"num_points":724,"plane_center_x":-1.3326815367,"plane_center_y":1.1390025616,"plane_center_z":1.0355216265,"color_id":1},"2":{"ros_timestamp":"1695745375.6649382","wall_type":"right","a":0.9999524355,"b":0.00975239,"c":-0.0001162208,"d":-1.3341622353,"shortest_distance":0.8423675744,"num_points":212,"plane_center_x":1.3116022348,"plane_center_y":2.3334941864,"plane_center_z":1.160545826,"color_id":2},"3":{"ros_timestamp":"1695745375.6649382","wall_type":"front","a":0.004965377,"b":-0.9999876618,"c":0.0000241257,"d":2.9277644157,"shortest_distance":2.9975398363,"num_points":371,"plane_center_x":0.0072266106,"plane_center_y":2.9278669357,"plane_center_z":1.2616326809,"color_id":3}}