{"0":{"ros_timestamp":"1695745319.813019","wall_type":"floor","a":0.000354443,"b":-0.0014341407,"c":0.9999988675,"d":0.0008446553,"shortest_distance":1.0015503056,"num_points":317,"plane_center_x":0.0471691564,"plane_center_y":2.1587450504,"plane_center_z":0.0022345725,"color_id":0},"1":{"ros_timestamp":"1695745319.813019","wall_type":"left","a":0.9999878407,"b":0.0049179089,"c":0.0001107778,"d":1.3308250904,"shortest_distance":1.4028133339,"num_points":267,"plane_center_x":-1.3402307034,"plane_center_y":1.8840742111,"plane_center_z":1.1156812906,"color_id":1},"2":{"ros_timestamp":"1695745319.813019","wall_type":"right","a":0.99994874,"b":0.0101248799,"c":-0.0001319413,"d":-1.3349419832,"shortest_distance":1.2657591031,"num_points":190,"plane_center_x":1.3119933605,"plane_center_y":2.2882623672,"plane_center_z":1.1559786797,"color_id":2}}