{"0":{"ros_timestamp":"1695745313.9359906","wall_type":"floor","a":0.0000043543,"b":0.0000063783,"c":1.0,"d":-0.0000068696,"shortest_distance":0.9999654312,"num_points":144,"plane_center_x":-0.1592805684,"plane_center_y":2.1108636856,"plane_center_z":-0.0000059005,"color_id":0},"1":{"ros_timestamp":"1695745313.9359906","wall_type":"left","a":0.9999730587,"b":0.0071639409,"c":0.0016238269,"d":1.3241429329,"shortest_distance":1.3371190279,"num_points":175,"plane_center_x":-1.3408507109,"plane_center_y":2.0790939331,"plane_center_z":1.0944588184,"color_id":1},"2":{"ros_timestamp":"1695745313.9359906","wall_type":"right","a":0.9999727011,"b":0.0070120227,"c":-0.0022997048,"d":-1.3244549036,"shortest_distance":1.3153267949,"num_points":159,"plane_center_x":1.3115448952,"plane_center_y":2.1914536953,"plane_center_z":1.0526670218,"color_id":2}}