{"0":{"ros_timestamp":"1695745320.138435","wall_type":"floor","a":0.0002536814,"b":-0.0017624218,"c":0.9999983907,"d":0.0015051395,"shortest_distance":1.002364081,"num_points":320,"plane_center_x":0.0506169088,"plane_center_y":2.1610922813,"plane_center_z":0.0022907797,"color_id":0},"1":{"ros_timestamp":"1695745320.138435","wall_type":"left","a":0.9999783635,"b":0.0065743104,"c":0.0000766893,"d":1.3247041702,"shortest_distance":1.4007603003,"num_points":268,"plane_center_x":-1.3371742964,"plane_center_y":1.8793362379,"plane_center_z":1.1186263561,"color_id":1},"2":{"ros_timestamp":"1695745320.138435","wall_type":"right","a":0.9999755621,"b":0.0069902097,"c":-0.000090528,"d":-1.3283060789,"shortest_distance":1.2526215487,"num_points":212,"plane_center_x":1.3121373653,"plane_center_y":2.332669735,"plane_center_z":1.160541296,"color_id":2}}