{"0":{"ros_timestamp":"1695745320.2699494","wall_type":"floor","a":0.0002611352,"b":-0.0013537102,"c":0.9999991059,"d":0.0006724417,"shortest_distance":1.0013320055,"num_points":322,"plane_center_x":0.053736303,"plane_center_y":2.1639139652,"plane_center_z":0.0022428404,"color_id":0},"1":{"ros_timestamp":"1695745320.2699494","wall_type":"left","a":0.9999837875,"b":0.0056854417,"c":0.0000977987,"d":1.3292086124,"shortest_distance":1.4057225856,"num_points":268,"plane_center_x":-1.3400056362,"plane_center_y":1.8759913445,"plane_center_z":1.1186429262,"color_id":1},"2":{"ros_timestamp":"1695745320.2699494","wall_type":"right","a":0.9999524355,"b":0.00975239,"c":-0.0001162208,"d":-1.3341622353,"shortest_distance":1.2598609556,"num_points":212,"plane_center_x":1.3116022348,"plane_center_y":2.3334941864,"plane_center_z":1.160545826,"color_id":2}}