{"0":{"ros_timestamp":"1695745320.3388379","wall_type":"floor","a":0.0002748656,"b":-0.0013887207,"c":0.9999989271,"d":0.00075965,"shortest_distance":1.0014375494,"num_points":325,"plane_center_x":0.051920373,"plane_center_y":2.1628730297,"plane_center_z":0.0022297078,"color_id":0},"1":{"ros_timestamp":"1695745320.3388379","wall_type":"left","a":0.9999789596,"b":0.0064914525,"c":0.0000643957,"d":1.3250855207,"shortest_distance":1.4036256436,"num_points":268,"plane_center_x":-1.3373513222,"plane_center_y":1.8741118908,"plane_center_z":1.1186301708,"color_id":1},"2":{"ros_timestamp":"1695745320.3388379","wall_type":"right","a":0.9999524355,"b":0.00975239,"c":-0.0001162208,"d":-1.3341622353,"shortest_distance":1.2574040629,"num_points":212,"plane_center_x":1.3116022348,"plane_center_y":2.3334941864,"plane_center_z":1.160545826,"color_id":2}}