{"0":{"ros_timestamp":"1695745383.534052","wall_type":"floor","a":-0.0009340761,"b":-0.0041497285,"c":0.9999909401,"d":0.007756311,"shortest_distance":1.0071471864,"num_points":436,"plane_center_x":0.1309462041,"plane_center_y":2.261484623,"plane_center_z":0.0017505659,"color_id":0},"1":{"ros_timestamp":"1695745383.534052","wall_type":"left","a":0.9999716282,"b":0.0071300557,"c":0.0024272357,"d":1.3225103617,"shortest_distance":1.8215530485,"num_points":796,"plane_center_x":-1.3317853212,"plane_center_y":0.9511230588,"plane_center_z":1.0368362665,"color_id":1},"2":{"ros_timestamp":"1695745383.534052","wall_type":"right","a":0.9999524355,"b":0.00975239,"c":-0.0001162208,"d":-1.3341622353,"shortest_distance":0.8376018515,"num_points":212,"plane_center_x":1.3116022348,"plane_center_y":2.3334941864,"plane_center_z":1.160545826,"color_id":2},"3":{"ros_timestamp":"1695745383.534052","wall_type":"front","a":0.004965377,"b":-0.9999876618,"c":0.0000241257,"d":2.9277644157,"shortest_distance":2.9033187361,"num_points":371,"plane_center_x":0.0072266106,"plane_center_y":2.9278669357,"plane_center_z":1.2616326809,"color_id":3}}