{"0":{"ros_timestamp":"1695745384.1515362","wall_type":"floor","a":-0.0007640333,"b":-0.0051479274,"c":0.9999865294,"d":0.0098875705,"shortest_distance":1.0092935122,"num_points":432,"plane_center_x":0.1440537721,"plane_center_y":2.2642905712,"plane_center_z":0.0017453788,"color_id":0},"1":{"ros_timestamp":"1695745384.1515362","wall_type":"left","a":0.9999661446,"b":0.0062576351,"c":0.0053507341,"d":1.3193855286,"shortest_distance":1.820912069,"num_points":804,"plane_center_x":-1.3314834833,"plane_center_y":0.9407969117,"plane_center_z":1.0315061808,"color_id":1},"2":{"ros_timestamp":"1695745384.1515362","wall_type":"right","a":0.9999524355,"b":0.00975239,"c":-0.0001162208,"d":-1.3341622353,"shortest_distance":0.8379891006,"num_points":212,"plane_center_x":1.3116022348,"plane_center_y":2.3334941864,"plane_center_z":1.160545826,"color_id":2},"3":{"ros_timestamp":"1695745384.1515362","wall_type":"front","a":0.004965377,"b":-0.9999876618,"c":0.0000241257,"d":2.9277644157,"shortest_distance":2.8958732908,"num_points":371,"plane_center_x":0.0072266106,"plane_center_y":2.9278669357,"plane_center_z":1.2616326809,"color_id":3}}