{"0":{"ros_timestamp":"1695745320.8089063","wall_type":"floor","a":0.0002183442,"b":-0.0011755778,"c":0.9999992847,"d":0.0003730061,"shortest_distance":1.0009421295,"num_points":328,"plane_center_x":0.0458064899,"plane_center_y":2.1624472141,"plane_center_z":0.0021591189,"color_id":0},"1":{"ros_timestamp":"1695745320.8089063","wall_type":"left","a":0.9999781251,"b":0.0066245412,"c":0.0000729277,"d":1.3248448372,"shortest_distance":1.4082335534,"num_points":270,"plane_center_x":-1.3373186588,"plane_center_y":1.8662621975,"plane_center_z":1.11889112,"color_id":1},"2":{"ros_timestamp":"1695745320.8089063","wall_type":"right","a":0.9999524355,"b":0.00975239,"c":-0.0001162208,"d":-1.3341622353,"shortest_distance":1.2524961043,"num_points":212,"plane_center_x":1.3116022348,"plane_center_y":2.3334941864,"plane_center_z":1.160545826,"color_id":2}}