{"0":{"ros_timestamp":"1695745320.8732185","wall_type":"floor","a":0.000211036,"b":-0.0011934304,"c":0.9999991655,"d":0.0004173906,"shortest_distance":1.0009946021,"num_points":328,"plane_center_x":0.0455357321,"plane_center_y":2.1624641418,"plane_center_z":0.0021537521,"color_id":0},"1":{"ros_timestamp":"1695745320.8732185","wall_type":"left","a":0.9999755025,"b":0.0069883615,"c":0.0000675071,"d":1.3229581118,"shortest_distance":1.4061632698,"num_points":270,"plane_center_x":-1.3361084461,"plane_center_y":1.8662339449,"plane_center_z":1.1188892126,"color_id":1},"2":{"ros_timestamp":"1695745320.8732185","wall_type":"right","a":0.9999524355,"b":0.00975239,"c":-0.0001162208,"d":-1.3341622353,"shortest_distance":1.2524961043,"num_points":212,"plane_center_x":1.3116022348,"plane_center_y":2.3334941864,"plane_center_z":1.160545826,"color_id":2}}