{"0":{"ros_timestamp":"1695745321.0904958","wall_type":"floor","a":0.0002228975,"b":-0.0010892649,"c":0.999999404,"d":0.0001909495,"shortest_distance":1.0007183745,"num_points":329,"plane_center_x":0.0482070968,"plane_center_y":2.1642005444,"plane_center_z":0.0021556944,"color_id":0},"1":{"ros_timestamp":"1695745321.0904958","wall_type":"left","a":0.9999780059,"b":0.0066295862,"c":0.0000521013,"d":1.3246963024,"shortest_distance":1.4105114703,"num_points":270,"plane_center_x":-1.3371230364,"plane_center_y":1.8611972332,"plane_center_z":1.1189142466,"color_id":1},"2":{"ros_timestamp":"1695745321.0904958","wall_type":"right","a":0.9999524355,"b":0.00975239,"c":-0.0001162208,"d":-1.3341622353,"shortest_distance":1.2500451612,"num_points":212,"plane_center_x":1.3116022348,"plane_center_y":2.3334941864,"plane_center_z":1.160545826,"color_id":2}}