{"0":{"ros_timestamp":"1695745391.7883031","wall_type":"floor","a":-0.0009391662,"b":-0.0041526612,"c":0.9999909401,"d":0.0077663725,"shortest_distance":1.0067522179,"num_points":435,"plane_center_x":0.1342018396,"plane_center_y":2.262386322,"plane_center_z":0.0017546054,"color_id":0},"1":{"ros_timestamp":"1695745391.7883031","wall_type":"left","a":0.9999762177,"b":0.00635402,"c":0.0026778898,"d":1.3233132362,"shortest_distance":1.8073488441,"num_points":906,"plane_center_x":-1.3303408623,"plane_center_y":0.658112824,"plane_center_z":1.030395031,"color_id":1},"2":{"ros_timestamp":"1695745391.7883031","wall_type":"right","a":0.9999524355,"b":0.00975239,"c":-0.0001162208,"d":-1.3341622353,"shortest_distance":0.8524990644,"num_points":212,"plane_center_x":1.3116022348,"plane_center_y":2.3334941864,"plane_center_z":1.160545826,"color_id":2},"3":{"ros_timestamp":"1695745391.7883031","wall_type":"front","a":0.004965377,"b":-0.9999876618,"c":0.0000241257,"d":2.9277644157,"shortest_distance":2.8027467515,"num_points":371,"plane_center_x":0.0072266106,"plane_center_y":2.9278669357,"plane_center_z":1.2616326809,"color_id":3}}