{"0":{"ros_timestamp":"1695745393.3682935","wall_type":"floor","a":-0.0009340761,"b":-0.0041497285,"c":0.9999909401,"d":0.007756311,"shortest_distance":1.0066707888,"num_points":436,"plane_center_x":0.1309462041,"plane_center_y":2.261484623,"plane_center_z":0.0017505659,"color_id":0},"1":{"ros_timestamp":"1695745393.3682935","wall_type":"left","a":0.9999772906,"b":0.0063348277,"c":0.002278992,"d":1.3239554167,"shortest_distance":1.8022312717,"num_points":927,"plane_center_x":-1.3301371336,"plane_center_y":0.6002425551,"plane_center_z":1.030788064,"color_id":1},"2":{"ros_timestamp":"1695745393.3682935","wall_type":"right","a":0.9999524355,"b":0.00975239,"c":-0.0001162208,"d":-1.3341622353,"shortest_distance":0.8577926029,"num_points":212,"plane_center_x":1.3116022348,"plane_center_y":2.3334941864,"plane_center_z":1.160545826,"color_id":2},"3":{"ros_timestamp":"1695745393.3682935","wall_type":"front","a":0.004965377,"b":-0.9999876618,"c":0.0000241257,"d":2.9277644157,"shortest_distance":2.7836044512,"num_points":371,"plane_center_x":0.0072266106,"plane_center_y":2.9278669357,"plane_center_z":1.2616326809,"color_id":3}}