{"0":{"ros_timestamp":"1695745321.5556633","wall_type":"floor","a":0.0002203902,"b":-0.0009968441,"c":0.9999995232,"d":0.0000241762,"shortest_distance":1.0005064341,"num_points":334,"plane_center_x":0.0510782935,"plane_center_y":2.1659104824,"plane_center_z":0.0021236427,"color_id":0},"1":{"ros_timestamp":"1695745321.5556633","wall_type":"left","a":0.9999819994,"b":0.0060048182,"c":0.0000389435,"d":1.3258117437,"shortest_distance":1.4168118652,"num_points":288,"plane_center_x":-1.3367682695,"plane_center_y":1.8133970499,"plane_center_z":1.1115138531,"color_id":1},"2":{"ros_timestamp":"1695745321.5556633","wall_type":"right","a":0.9999524355,"b":0.00975239,"c":-0.0001162208,"d":-1.3341622353,"shortest_distance":1.2451496537,"num_points":212,"plane_center_x":1.3116022348,"plane_center_y":2.3334941864,"plane_center_z":1.160545826,"color_id":2}}