{"0":{"ros_timestamp":"1695745395.6025732","wall_type":"floor","a":-0.0009147911,"b":-0.0041023782,"c":0.9999911189,"d":0.0076326192,"shortest_distance":1.0064564467,"num_points":437,"plane_center_x":0.1277043372,"plane_center_y":2.2600841522,"plane_center_z":0.0017559385,"color_id":0},"1":{"ros_timestamp":"1695745395.6025732","wall_type":"left","a":0.999968946,"b":0.0077486732,"c":0.0014459471,"d":1.3230880499,"shortest_distance":1.7913106936,"num_points":971,"plane_center_x":-1.3282245398,"plane_center_y":0.4843192995,"plane_center_z":1.0335261822,"color_id":1},"2":{"ros_timestamp":"1695745395.6025732","wall_type":"right","a":0.9999524355,"b":0.00975239,"c":-0.0001162208,"d":-1.3341622353,"shortest_distance":0.8671591972,"num_points":212,"plane_center_x":1.3116022348,"plane_center_y":2.3334941864,"plane_center_z":1.160545826,"color_id":2},"3":{"ros_timestamp":"1695745395.6025732","wall_type":"front","a":0.004965377,"b":-0.9999876618,"c":0.0000241257,"d":2.9277644157,"shortest_distance":2.7553329657,"num_points":371,"plane_center_x":0.0072266106,"plane_center_y":2.9278669357,"plane_center_z":1.2616326809,"color_id":3}}