{"0":{"ros_timestamp":"1695745395.6692224","wall_type":"floor","a":-0.0007640333,"b":-0.0051479274,"c":0.9999865294,"d":0.0098875705,"shortest_distance":1.0085941267,"num_points":432,"plane_center_x":0.1440537721,"plane_center_y":2.2642905712,"plane_center_z":0.0017453788,"color_id":0},"1":{"ros_timestamp":"1695745395.6692224","wall_type":"left","a":0.999971211,"b":0.0061589484,"c":0.0044319127,"d":1.3206611872,"shortest_distance":1.7915929683,"num_points":976,"plane_center_x":-1.3288232088,"plane_center_y":0.4910089672,"plane_center_z":1.028249979,"color_id":1},"2":{"ros_timestamp":"1695745395.6692224","wall_type":"right","a":0.9999524355,"b":0.00975239,"c":-0.0001162208,"d":-1.3341622353,"shortest_distance":0.8671591972,"num_points":212,"plane_center_x":1.3116022348,"plane_center_y":2.3334941864,"plane_center_z":1.160545826,"color_id":2},"3":{"ros_timestamp":"1695745395.6692224","wall_type":"front","a":0.004965377,"b":-0.9999876618,"c":0.0000241257,"d":2.9277644157,"shortest_distance":2.7553329657,"num_points":371,"plane_center_x":0.0072266106,"plane_center_y":2.9278669357,"plane_center_z":1.2616326809,"color_id":3}}