{"0":{"ros_timestamp":"1695745396.4116313","wall_type":"floor","a":-0.0011146428,"b":-0.0029968796,"c":0.9999948144,"d":0.0051446129,"shortest_distance":1.0040485589,"num_points":437,"plane_center_x":0.127769649,"plane_center_y":2.2519190311,"plane_center_z":0.0017465438,"color_id":0},"1":{"ros_timestamp":"1695745396.4116313","wall_type":"left","a":0.9999722242,"b":0.0071380427,"c":0.0021537922,"d":1.3229103088,"shortest_distance":1.7882136384,"num_points":996,"plane_center_x":-1.32819736,"plane_center_y":0.424200505,"plane_center_z":1.031794548,"color_id":1},"2":{"ros_timestamp":"1695745396.4116313","wall_type":"right","a":0.9999524355,"b":0.00975239,"c":-0.0001162208,"d":-1.3341622353,"shortest_distance":0.8706568189,"num_points":212,"plane_center_x":1.3116022348,"plane_center_y":2.3334941864,"plane_center_z":1.160545826,"color_id":2},"3":{"ros_timestamp":"1695745396.4116313","wall_type":"front","a":0.004965377,"b":-0.9999876618,"c":0.0000241257,"d":2.9277644157,"shortest_distance":2.7460420967,"num_points":371,"plane_center_x":0.0072266106,"plane_center_y":2.9278669357,"plane_center_z":1.2616326809,"color_id":3}}