{"0":{"ros_timestamp":"1695745396.5429611","wall_type":"floor","a":-0.0011644413,"b":-0.003015378,"c":0.9999947548,"d":0.0052189175,"shortest_distance":1.0040963471,"num_points":435,"plane_center_x":0.1342719048,"plane_center_y":2.2537438869,"plane_center_z":0.0017333332,"color_id":0},"1":{"ros_timestamp":"1695745396.5429611","wall_type":"left","a":0.9999746084,"b":0.006295057,"c":0.0033283159,"d":1.3224012852,"shortest_distance":1.7887251703,"num_points":999,"plane_center_x":-1.3288092613,"plane_center_y":0.4252456427,"plane_center_z":1.030610323,"color_id":1},"2":{"ros_timestamp":"1695745396.5429611","wall_type":"right","a":0.9999524355,"b":0.00975239,"c":-0.0001162208,"d":-1.3341622353,"shortest_distance":0.8706568189,"num_points":212,"plane_center_x":1.3116022348,"plane_center_y":2.3334941864,"plane_center_z":1.160545826,"color_id":2},"3":{"ros_timestamp":"1695745396.5429611","wall_type":"front","a":0.004965377,"b":-0.9999876618,"c":0.0000241257,"d":2.9277644157,"shortest_distance":2.7460420967,"num_points":371,"plane_center_x":0.0072266106,"plane_center_y":2.9278669357,"plane_center_z":1.2616326809,"color_id":3}}