{"0":{"ros_timestamp":"1695745396.7027507","wall_type":"floor","a":-0.0011157189,"b":-0.002994091,"c":0.9999948144,"d":0.0051384531,"shortest_distance":1.0040365485,"num_points":437,"plane_center_x":0.1277969629,"plane_center_y":2.2519011497,"plane_center_z":0.0017465382,"color_id":0},"1":{"ros_timestamp":"1695745396.7027507","wall_type":"left","a":0.9999758601,"b":0.0064690146,"c":0.0025601375,"d":1.3233222961,"shortest_distance":1.787999403,"num_points":999,"plane_center_x":-1.3288090229,"plane_center_y":0.4189600945,"plane_center_z":1.0326962471,"color_id":1},"2":{"ros_timestamp":"1695745396.7027507","wall_type":"right","a":0.9999524355,"b":0.00975239,"c":-0.0001162208,"d":-1.3341622353,"shortest_distance":0.871560256,"num_points":212,"plane_center_x":1.3116022348,"plane_center_y":2.3334941864,"plane_center_z":1.160545826,"color_id":2},"3":{"ros_timestamp":"1695745396.7027507","wall_type":"front","a":0.004965377,"b":-0.9999876618,"c":0.0000241257,"d":2.9277644157,"shortest_distance":2.7437305937,"num_points":371,"plane_center_x":0.0072266106,"plane_center_y":2.9278669357,"plane_center_z":1.2616326809,"color_id":3}}