{"0":{"ros_timestamp":"1695745397.3048897","wall_type":"floor","a":-0.001385108,"b":-0.0012771713,"c":0.9999982715,"d":0.0012486274,"shortest_distance":1.0003409712,"num_points":440,"plane_center_x":0.1184687614,"plane_center_y":2.2236685753,"plane_center_z":0.0017554734,"color_id":0},"1":{"ros_timestamp":"1695745397.3048897","wall_type":"left","a":0.9999716878,"b":0.0072568972,"c":0.0019875274,"d":1.3229902983,"shortest_distance":1.7844429444,"num_points":999,"plane_center_x":-1.328061223,"plane_center_y":0.4175658226,"plane_center_z":1.0327239037,"color_id":1},"2":{"ros_timestamp":"1695745397.3048897","wall_type":"right","a":0.9999524355,"b":0.00975239,"c":-0.0001162208,"d":-1.3341622353,"shortest_distance":0.874339883,"num_points":212,"plane_center_x":1.3116022348,"plane_center_y":2.3334941864,"plane_center_z":1.160545826,"color_id":2},"3":{"ros_timestamp":"1695745397.3048897","wall_type":"front","a":0.004965377,"b":-0.9999876618,"c":0.0000241257,"d":2.9277644157,"shortest_distance":2.7368239238,"num_points":371,"plane_center_x":0.0072266106,"plane_center_y":2.9278669357,"plane_center_z":1.2616326809,"color_id":3}}