{"0":{"ros_timestamp":"1695745397.5090456","wall_type":"floor","a":-0.0013862143,"b":-0.0012761415,"c":0.9999982715,"d":0.0012465275,"shortest_distance":1.0003369909,"num_points":440,"plane_center_x":0.1185608655,"plane_center_y":2.2236092091,"plane_center_z":0.0017554662,"color_id":0},"1":{"ros_timestamp":"1695745397.5090456","wall_type":"left","a":0.9999756813,"b":0.0066285417,"c":0.0021528287,"d":1.3237944841,"shortest_distance":1.7843361403,"num_points":1022,"plane_center_x":-1.3284015656,"plane_center_y":0.3618814051,"plane_center_z":1.033092618,"color_id":1},"2":{"ros_timestamp":"1695745397.5090456","wall_type":"right","a":0.9999524355,"b":0.00975239,"c":-0.0001162208,"d":-1.3341622353,"shortest_distance":0.8752894534,"num_points":212,"plane_center_x":1.3116022348,"plane_center_y":2.3334941864,"plane_center_z":1.160545826,"color_id":2},"3":{"ros_timestamp":"1695745397.5090456","wall_type":"front","a":0.004965377,"b":-0.9999876618,"c":0.0000241257,"d":2.9277644157,"shortest_distance":2.7345311721,"num_points":371,"plane_center_x":0.0072266106,"plane_center_y":2.9278669357,"plane_center_z":1.2616326809,"color_id":3}}