{"0":{"ros_timestamp":"1695745397.745533","wall_type":"floor","a":-0.0014699647,"b":-0.0010926116,"c":0.9999982715,"d":0.0008641777,"shortest_distance":0.9999512927,"num_points":437,"plane_center_x":0.1284252703,"plane_center_y":2.2164506912,"plane_center_z":0.0017463256,"color_id":0},"1":{"ros_timestamp":"1695745397.745533","wall_type":"left","a":0.9999678731,"b":0.0065733227,"c":0.0045979628,"d":1.3197917938,"shortest_distance":1.7817956955,"num_points":1026,"plane_center_x":-1.3275666237,"plane_center_y":0.367621094,"plane_center_z":1.0290650129,"color_id":1},"2":{"ros_timestamp":"1695745397.745533","wall_type":"right","a":0.9999524355,"b":0.00975239,"c":-0.0001162208,"d":-1.3341622353,"shortest_distance":0.8762504986,"num_points":212,"plane_center_x":1.3116022348,"plane_center_y":2.3334941864,"plane_center_z":1.160545826,"color_id":2},"3":{"ros_timestamp":"1695745397.745533","wall_type":"front","a":0.004965377,"b":-0.9999876618,"c":0.0000241257,"d":2.9277644157,"shortest_distance":2.7322432518,"num_points":371,"plane_center_x":0.0072266106,"plane_center_y":2.9278669357,"plane_center_z":1.2616326809,"color_id":3}}