{"0":{"ros_timestamp":"1695745398.1235685","wall_type":"floor","a":-0.0014095022,"b":-0.0011268877,"c":0.9999983907,"d":0.0009084552,"shortest_distance":1.0000141087,"num_points":442,"plane_center_x":0.1123951524,"plane_center_y":2.2048075199,"plane_center_z":0.0017345393,"color_id":0},"1":{"ros_timestamp":"1695745398.1235685","wall_type":"left","a":0.9999701381,"b":0.007365365,"c":0.0023365626,"d":1.3224122524,"shortest_distance":1.7803453009,"num_points":1027,"plane_center_x":-1.3274466991,"plane_center_y":0.351991266,"plane_center_z":1.0280969143,"color_id":1},"2":{"ros_timestamp":"1695745398.1235685","wall_type":"right","a":0.9999524355,"b":0.00975239,"c":-0.0001162208,"d":-1.3341622353,"shortest_distance":0.8782069165,"num_points":212,"plane_center_x":1.3116022348,"plane_center_y":2.3334941864,"plane_center_z":1.160545826,"color_id":2},"3":{"ros_timestamp":"1695745398.1235685","wall_type":"front","a":0.004965377,"b":-0.9999876618,"c":0.0000241257,"d":2.9277644157,"shortest_distance":2.7276821342,"num_points":371,"plane_center_x":0.0072266106,"plane_center_y":2.9278669357,"plane_center_z":1.2616326809,"color_id":3}}