{"0":{"ros_timestamp":"1695745398.353213","wall_type":"floor","a":-0.0014806514,"b":-0.0009993153,"c":0.9999983907,"d":0.0006504485,"shortest_distance":0.9997488806,"num_points":440,"plane_center_x":0.119006373,"plane_center_y":2.1971476078,"plane_center_z":0.0017214045,"color_id":0},"1":{"ros_timestamp":"1695745398.353213","wall_type":"left","a":0.9999708533,"b":0.0063844114,"c":0.004190369,"d":1.3212172985,"shortest_distance":1.7798029041,"num_points":1053,"plane_center_x":-1.3279598951,"plane_center_y":0.2994401455,"plane_center_z":1.0276902914,"color_id":1},"2":{"ros_timestamp":"1695745398.353213","wall_type":"right","a":0.9999524355,"b":0.00975239,"c":-0.0001162208,"d":-1.3341622353,"shortest_distance":0.8792022404,"num_points":212,"plane_center_x":1.3116022348,"plane_center_y":2.3334941864,"plane_center_z":1.160545826,"color_id":2},"3":{"ros_timestamp":"1695745398.353213","wall_type":"front","a":0.004965377,"b":-0.9999876618,"c":0.0000241257,"d":2.9277644157,"shortest_distance":2.7254090509,"num_points":371,"plane_center_x":0.0072266106,"plane_center_y":2.9278669357,"plane_center_z":1.2616326809,"color_id":3}}