{"0":{"ros_timestamp":"1695745398.7267911","wall_type":"floor","a":-0.0015070996,"b":-0.0005466217,"c":0.9999986887,"d":-0.0004021102,"shortest_distance":0.9987779311,"num_points":443,"plane_center_x":0.1096460745,"plane_center_y":2.1867399216,"plane_center_z":0.0017626797,"color_id":0},"1":{"ros_timestamp":"1695745398.7267911","wall_type":"left","a":0.9999681711,"b":0.0073400899,"c":0.0031284792,"d":1.3214861155,"shortest_distance":1.7771685309,"num_points":1051,"plane_center_x":-1.3271154165,"plane_center_y":0.294950515,"plane_center_z":1.0296213627,"color_id":1},"2":{"ros_timestamp":"1695745398.7267911","wall_type":"right","a":0.9999524355,"b":0.00975239,"c":-0.0001162208,"d":-1.3341622353,"shortest_distance":0.8812269937,"num_points":212,"plane_center_x":1.3116022348,"plane_center_y":2.3334941864,"plane_center_z":1.160545826,"color_id":2},"3":{"ros_timestamp":"1695745398.7267911","wall_type":"front","a":0.004965377,"b":-0.9999876618,"c":0.0000241257,"d":2.9277644157,"shortest_distance":2.7208781194,"num_points":371,"plane_center_x":0.0072266106,"plane_center_y":2.9278669357,"plane_center_z":1.2616326809,"color_id":3}}