{"0":{"ros_timestamp":"1695745399.1609428","wall_type":"floor","a":-0.0015308774,"b":-0.0003838306,"c":0.9999987483,"d":-0.0007725765,"shortest_distance":0.9984323372,"num_points":448,"plane_center_x":0.09503676,"plane_center_y":2.1485035419,"plane_center_z":0.0017427297,"color_id":0},"1":{"ros_timestamp":"1695745399.1609428","wall_type":"left","a":0.9999752641,"b":0.0064660083,"c":0.0027645065,"d":1.3231389523,"shortest_distance":1.7761929162,"num_points":1057,"plane_center_x":-1.3279181719,"plane_center_y":0.2775430977,"plane_center_z":1.0334601402,"color_id":1},"2":{"ros_timestamp":"1695745399.1609428","wall_type":"right","a":0.9999524355,"b":0.00975239,"c":-0.0001162208,"d":-1.3341622353,"shortest_distance":0.8832970518,"num_points":212,"plane_center_x":1.3116022348,"plane_center_y":2.3334941864,"plane_center_z":1.160545826,"color_id":2},"3":{"ros_timestamp":"1695745399.1609428","wall_type":"front","a":0.004965377,"b":-0.9999876618,"c":0.0000241257,"d":2.9277644157,"shortest_distance":2.7163678788,"num_points":371,"plane_center_x":0.0072266106,"plane_center_y":2.9278669357,"plane_center_z":1.2616326809,"color_id":3}}