{"0":{"ros_timestamp":"1695745322.1018455","wall_type":"floor","a":0.0001782009,"b":-0.0008669075,"c":0.9999996424,"d":-0.0001672653,"shortest_distance":1.0002477571,"num_points":342,"plane_center_x":0.0609596148,"plane_center_y":2.1713588238,"plane_center_z":0.0020387704,"color_id":0},"1":{"ros_timestamp":"1695745322.1018455","wall_type":"left","a":0.9999813437,"b":0.0061019966,"c":0.0000704286,"d":1.3283274174,"shortest_distance":1.4241948295,"num_points":289,"plane_center_x":-1.3394364119,"plane_center_y":1.8035727739,"plane_center_z":1.1145985126,"color_id":1},"2":{"ros_timestamp":"1695745322.1018455","wall_type":"right","a":0.9999524355,"b":0.00975239,"c":-0.0001162208,"d":-1.3341622353,"shortest_distance":1.2402630591,"num_points":212,"plane_center_x":1.3116022348,"plane_center_y":2.3334941864,"plane_center_z":1.160545826,"color_id":2}}