{"0":{"ros_timestamp":"1695745399.3862023","wall_type":"floor","a":-0.0015805047,"b":-0.0003735927,"c":0.9999986887,"d":-0.0007664395,"shortest_distance":0.9984191693,"num_points":446,"plane_center_x":0.1013873741,"plane_center_y":2.1498434544,"plane_center_z":0.0017298507,"color_id":0},"1":{"ros_timestamp":"1695745399.3862023","wall_type":"left","a":0.9999676347,"b":0.0072977664,"c":0.0033981965,"d":1.3205127716,"shortest_distance":1.7733171347,"num_points":1075,"plane_center_x":-1.3261711597,"plane_center_y":0.2434470356,"plane_center_z":1.0310646296,"color_id":1},"2":{"ros_timestamp":"1695745399.3862023","wall_type":"right","a":0.9999524355,"b":0.00975239,"c":-0.0001162208,"d":-1.3341622353,"shortest_distance":0.8843490056,"num_points":212,"plane_center_x":1.3116022348,"plane_center_y":2.3334941864,"plane_center_z":1.160545826,"color_id":2},"3":{"ros_timestamp":"1695745399.3862023","wall_type":"front","a":0.004965377,"b":-0.9999876618,"c":0.0000241257,"d":2.9277644157,"shortest_distance":2.7141206586,"num_points":371,"plane_center_x":0.0072266106,"plane_center_y":2.9278669357,"plane_center_z":1.2616326809,"color_id":3}}