{"0":{"ros_timestamp":"1695745400.1906333","wall_type":"floor","a":-0.0016002908,"b":-0.0002674994,"c":0.9999986291,"d":-0.001005958,"shortest_distance":0.9981983656,"num_points":454,"plane_center_x":0.0790542886,"plane_center_y":2.0771186352,"plane_center_z":0.0016880981,"color_id":0},"1":{"ros_timestamp":"1695745400.1906333","wall_type":"left","a":0.9999743104,"b":0.0063254735,"c":0.0033517503,"d":1.3223867416,"shortest_distance":1.7705872502,"num_points":1079,"plane_center_x":-1.327527523,"plane_center_y":0.2310076207,"plane_center_z":1.0293002129,"color_id":1},"2":{"ros_timestamp":"1695745400.1906333","wall_type":"right","a":0.9999524355,"b":0.00975239,"c":-0.0001162208,"d":-1.3341622353,"shortest_distance":0.8886690357,"num_points":212,"plane_center_x":1.3116022348,"plane_center_y":2.3334941864,"plane_center_z":1.160545826,"color_id":2},"3":{"ros_timestamp":"1695745400.1906333","wall_type":"front","a":0.004965377,"b":-0.9999876618,"c":0.0000241257,"d":2.9277644157,"shortest_distance":2.7051857545,"num_points":371,"plane_center_x":0.0072266106,"plane_center_y":2.9278669357,"plane_center_z":1.2616326809,"color_id":3}}