{"0":{"ros_timestamp":"1695745400.2293248","wall_type":"floor","a":-0.0016002462,"b":-0.000267786,"c":0.9999986291,"d":-0.0010053166,"shortest_distance":0.9981989622,"num_points":454,"plane_center_x":0.0790642872,"plane_center_y":2.077139616,"plane_center_z":0.0016880702,"color_id":0},"1":{"ros_timestamp":"1695745400.2293248","wall_type":"left","a":0.999976337,"b":0.0061250725,"c":0.0031412952,"d":1.3231987953,"shortest_distance":1.7711445314,"num_points":1079,"plane_center_x":-1.3279756308,"plane_center_y":0.2309274524,"plane_center_z":1.0292990208,"color_id":1},"2":{"ros_timestamp":"1695745400.2293248","wall_type":"right","a":0.9999524355,"b":0.00975239,"c":-0.0001162208,"d":-1.3341622353,"shortest_distance":0.8886690357,"num_points":212,"plane_center_x":1.3116022348,"plane_center_y":2.3334941864,"plane_center_z":1.160545826,"color_id":2},"3":{"ros_timestamp":"1695745400.2293248","wall_type":"front","a":0.004965377,"b":-0.9999876618,"c":0.0000241257,"d":2.9277644157,"shortest_distance":2.7051857545,"num_points":371,"plane_center_x":0.0072266106,"plane_center_y":2.9278669357,"plane_center_z":1.2616326809,"color_id":3}}