{"0":{"ros_timestamp":"1695745400.4890244","wall_type":"floor","a":-0.0016113304,"b":-0.0002355598,"c":0.9999986887,"d":-0.0010747465,"shortest_distance":0.9981331508,"num_points":454,"plane_center_x":0.0796781182,"plane_center_y":2.0584661961,"plane_center_z":0.0016880283,"color_id":0},"1":{"ros_timestamp":"1695745400.4890244","wall_type":"left","a":0.9999731183,"b":0.0055709244,"c":0.004764576,"d":1.3211705685,"shortest_distance":1.7694964079,"num_points":1104,"plane_center_x":-1.3276917934,"plane_center_y":0.1805340946,"plane_center_z":1.0316147804,"color_id":1},"2":{"ros_timestamp":"1695745400.4890244","wall_type":"right","a":0.9999524355,"b":0.00975239,"c":-0.0001162208,"d":-1.3341622353,"shortest_distance":0.889776962,"num_points":212,"plane_center_x":1.3116022348,"plane_center_y":2.3334941864,"plane_center_z":1.160545826,"color_id":2},"3":{"ros_timestamp":"1695745400.4890244","wall_type":"front","a":0.004965377,"b":-0.9999876618,"c":0.0000241257,"d":2.9277644157,"shortest_distance":2.7029658019,"num_points":371,"plane_center_x":0.0072266106,"plane_center_y":2.9278669357,"plane_center_z":1.2616326809,"color_id":3}}