{"0":{"ros_timestamp":"1695745400.7070143","wall_type":"floor","a":-0.0015901858,"b":-0.0003484086,"c":0.9999986887,"d":-0.0008225939,"shortest_distance":0.9983700819,"num_points":455,"plane_center_x":0.0767829716,"plane_center_y":2.0676281452,"plane_center_z":0.0016650748,"color_id":0},"1":{"ros_timestamp":"1695745400.7070143","wall_type":"left","a":0.9999748468,"b":0.0062827501,"c":0.0032840311,"d":1.3226089478,"shortest_distance":1.7684899345,"num_points":1104,"plane_center_x":-1.3272490501,"plane_center_y":0.1714256853,"plane_center_z":1.0316796303,"color_id":1},"2":{"ros_timestamp":"1695745400.7070143","wall_type":"right","a":0.9999524355,"b":0.00975239,"c":-0.0001162208,"d":-1.3341622353,"shortest_distance":0.8908960008,"num_points":212,"plane_center_x":1.3116022348,"plane_center_y":2.3334941864,"plane_center_z":1.160545826,"color_id":2},"3":{"ros_timestamp":"1695745400.7070143","wall_type":"front","a":0.004965377,"b":-0.9999876618,"c":0.0000241257,"d":2.9277644157,"shortest_distance":2.7007514698,"num_points":371,"plane_center_x":0.0072266106,"plane_center_y":2.9278669357,"plane_center_z":1.2616326809,"color_id":3}}