{"0":{"ros_timestamp":"1695745400.815815","wall_type":"floor","a":-0.0015856093,"b":-0.0004001709,"c":0.9999986887,"d":-0.000703616,"shortest_distance":0.9984801458,"num_points":453,"plane_center_x":0.0827396959,"plane_center_y":2.0762097836,"plane_center_z":0.0016656497,"color_id":0},"1":{"ros_timestamp":"1695745400.815815","wall_type":"left","a":0.999968946,"b":0.0068547972,"c":0.0038767587,"d":1.3203964233,"shortest_distance":1.7658621617,"num_points":1106,"plane_center_x":-1.3259373903,"plane_center_y":0.1721001863,"plane_center_z":1.0298347473,"color_id":1},"2":{"ros_timestamp":"1695745400.815815","wall_type":"right","a":0.9999524355,"b":0.00975239,"c":-0.0001162208,"d":-1.3341622353,"shortest_distance":0.8920261241,"num_points":212,"plane_center_x":1.3116022348,"plane_center_y":2.3334941864,"plane_center_z":1.160545826,"color_id":2},"3":{"ros_timestamp":"1695745400.815815","wall_type":"front","a":0.004965377,"b":-0.9999876618,"c":0.0000241257,"d":2.9277644157,"shortest_distance":2.6985428136,"num_points":371,"plane_center_x":0.0072266106,"plane_center_y":2.9278669357,"plane_center_z":1.2616326809,"color_id":3}}