{"0":{"ros_timestamp":"1695745401.4898252","wall_type":"floor","a":-0.0016125127,"b":-0.000232792,"c":0.9999986291,"d":-0.00108308,"shortest_distance":0.9981317378,"num_points":464,"plane_center_x":0.0538116731,"plane_center_y":1.9868329763,"plane_center_z":0.0016323731,"color_id":0},"1":{"ros_timestamp":"1695745401.4898252","wall_type":"left","a":0.9999694228,"b":0.0071429554,"c":0.0031737739,"d":1.3214790821,"shortest_distance":1.7628349175,"num_points":1131,"plane_center_x":-1.3257126808,"plane_center_y":0.1079083681,"plane_center_z":1.0341418982,"color_id":1},"2":{"ros_timestamp":"1695745401.4898252","wall_type":"right","a":0.9999524355,"b":0.00975239,"c":-0.0001162208,"d":-1.3341622353,"shortest_distance":0.8954827174,"num_points":212,"plane_center_x":1.3116022348,"plane_center_y":2.3334941864,"plane_center_z":1.160545826,"color_id":2},"3":{"ros_timestamp":"1695745401.4898252","wall_type":"front","a":0.004965377,"b":-0.9999876618,"c":0.0000241257,"d":2.9277644157,"shortest_distance":2.691951452,"num_points":371,"plane_center_x":0.0072266106,"plane_center_y":2.9278669357,"plane_center_z":1.2616326809,"color_id":3}}