{"0":{"ros_timestamp":"1695745401.7391005","wall_type":"floor","a":-0.0016192885,"b":-0.0002249645,"c":0.9999986291,"d":-0.0010975682,"shortest_distance":0.9981175914,"num_points":463,"plane_center_x":0.0573288128,"plane_center_y":1.9777798653,"plane_center_z":0.0016353326,"color_id":0},"1":{"ros_timestamp":"1695745401.7391005","wall_type":"left","a":0.9999656081,"b":0.0062717213,"c":0.0054333769,"d":1.3195732832,"shortest_distance":1.7617977462,"num_points":1164,"plane_center_x":-1.3261992931,"plane_center_y":0.0431081392,"plane_center_z":1.0293775797,"color_id":1},"2":{"ros_timestamp":"1695745401.7391005","wall_type":"right","a":0.9999524355,"b":0.00975239,"c":-0.0001162208,"d":-1.3341622353,"shortest_distance":0.8966568936,"num_points":212,"plane_center_x":1.3116022348,"plane_center_y":2.3334941864,"plane_center_z":1.160545826,"color_id":2},"3":{"ros_timestamp":"1695745401.7391005","wall_type":"front","a":0.004965377,"b":-0.9999876618,"c":0.0000241257,"d":2.9277644157,"shortest_distance":2.6897660502,"num_points":371,"plane_center_x":0.0072266106,"plane_center_y":2.9278669357,"plane_center_z":1.2616326809,"color_id":3}}