{"0":{"ros_timestamp":"1695745401.8177485","wall_type":"floor","a":-0.0015641049,"b":-0.0002411011,"c":0.9999987483,"d":-0.0010930896,"shortest_distance":0.9981436626,"num_points":467,"plane_center_x":0.0455769673,"plane_center_y":1.9768236876,"plane_center_z":0.0016409931,"color_id":0},"1":{"ros_timestamp":"1695745401.8177485","wall_type":"left","a":0.999969244,"b":0.00756355,"c":0.0020641715,"d":1.3228017092,"shortest_distance":1.7607791208,"num_points":1161,"plane_center_x":-1.324991107,"plane_center_y":0.0358708799,"plane_center_z":1.0320398808,"color_id":1},"2":{"ros_timestamp":"1695745401.8177485","wall_type":"right","a":0.9999524355,"b":0.00975239,"c":-0.0001162208,"d":-1.3341622353,"shortest_distance":0.8978420103,"num_points":212,"plane_center_x":1.3116022348,"plane_center_y":2.3334941864,"plane_center_z":1.160545826,"color_id":2},"3":{"ros_timestamp":"1695745401.8177485","wall_type":"front","a":0.004965377,"b":-0.9999876618,"c":0.0000241257,"d":2.9277644157,"shortest_distance":2.6875865989,"num_points":371,"plane_center_x":0.0072266106,"plane_center_y":2.9278669357,"plane_center_z":1.2616326809,"color_id":3}}