{"0":{"ros_timestamp":"1695745402.1292453","wall_type":"floor","a":-0.0016267757,"b":-0.0001740294,"c":0.9999986887,"d":-0.0012130365,"shortest_distance":0.9980142832,"num_points":468,"plane_center_x":0.0443333574,"plane_center_y":1.933708787,"plane_center_z":0.0016216813,"color_id":0},"1":{"ros_timestamp":"1695745402.1292453","wall_type":"left","a":0.9999662638,"b":0.0068256953,"c":0.0045664865,"d":1.3195509911,"shortest_distance":1.758648135,"num_points":1163,"plane_center_x":-1.325134635,"plane_center_y":0.0464496613,"plane_center_z":1.0302217007,"color_id":1},"2":{"ros_timestamp":"1695745402.1292453","wall_type":"right","a":0.9999524355,"b":0.00975239,"c":-0.0001162208,"d":-1.3341622353,"shortest_distance":0.8990380379,"num_points":212,"plane_center_x":1.3116022348,"plane_center_y":2.3334941864,"plane_center_z":1.160545826,"color_id":2},"3":{"ros_timestamp":"1695745402.1292453","wall_type":"front","a":0.004965377,"b":-0.9999876618,"c":0.0000241257,"d":2.9277644157,"shortest_distance":2.6854131527,"num_points":371,"plane_center_x":0.0072266106,"plane_center_y":2.9278669357,"plane_center_z":1.2616326809,"color_id":3}}