{"0":{"ros_timestamp":"1695745402.4817147","wall_type":"floor","a":-0.0015885708,"b":-0.0001120251,"c":0.9999987483,"d":-0.0013812229,"shortest_distance":0.9978795756,"num_points":474,"plane_center_x":0.0279207062,"plane_center_y":1.9152106047,"plane_center_z":0.0016401305,"color_id":0},"1":{"ros_timestamp":"1695745402.4817147","wall_type":"left","a":0.9999760985,"b":0.006641929,"c":0.0018948464,"d":1.324485898,"shortest_distance":1.7596571887,"num_points":1180,"plane_center_x":-1.3261299133,"plane_center_y":-0.0105807669,"plane_center_z":1.0377891064,"color_id":1},"2":{"ros_timestamp":"1695745402.4817147","wall_type":"right","a":0.9999524355,"b":0.00975239,"c":-0.0001162208,"d":-1.3341622353,"shortest_distance":0.9002449465,"num_points":212,"plane_center_x":1.3116022348,"plane_center_y":2.3334941864,"plane_center_z":1.160545826,"color_id":2},"3":{"ros_timestamp":"1695745402.4817147","wall_type":"front","a":0.004965377,"b":-0.9999876618,"c":0.0000241257,"d":2.9277644157,"shortest_distance":2.6832457659,"num_points":371,"plane_center_x":0.0072266106,"plane_center_y":2.9278669357,"plane_center_z":1.2616326809,"color_id":3}}