{"0":{"ros_timestamp":"1695745402.789085","wall_type":"floor","a":-0.0015767132,"b":-0.0001797686,"c":0.9999987483,"d":-0.0012305132,"shortest_distance":0.9980218507,"num_points":477,"plane_center_x":0.0203666352,"plane_center_y":1.8890818357,"plane_center_z":0.001602225,"color_id":0},"1":{"ros_timestamp":"1695745402.789085","wall_type":"left","a":0.9999706149,"b":0.0072418279,"c":0.0025017308,"d":1.3224707842,"shortest_distance":1.7559373492,"num_points":1183,"plane_center_x":-1.3249528408,"plane_center_y":-0.0202950556,"plane_center_z":1.0352962017,"color_id":1},"2":{"ros_timestamp":"1695745402.789085","wall_type":"right","a":0.9999524355,"b":0.00975239,"c":-0.0001162208,"d":-1.3341622353,"shortest_distance":0.9026912856,"num_points":212,"plane_center_x":1.3116022348,"plane_center_y":2.3334941864,"plane_center_z":1.160545826,"color_id":2},"3":{"ros_timestamp":"1695745402.789085","wall_type":"front","a":0.004965377,"b":-0.9999876618,"c":0.0000241257,"d":2.9277644157,"shortest_distance":2.6789293869,"num_points":371,"plane_center_x":0.0072266106,"plane_center_y":2.9278669357,"plane_center_z":1.2616326809,"color_id":3}}