{"0":{"ros_timestamp":"1695745402.9155743","wall_type":"floor","a":-0.0015832402,"b":-0.00006169,"c":0.9999986887,"d":-0.0015020972,"shortest_distance":0.9977771062,"num_points":481,"plane_center_x":0.0100837946,"plane_center_y":1.857845068,"plane_center_z":0.0016326749,"color_id":0},"1":{"ros_timestamp":"1695745402.9155743","wall_type":"left","a":0.9999787211,"b":0.0062807454,"c":0.0017955892,"d":1.3251737356,"shortest_distance":1.7576962709,"num_points":1180,"plane_center_x":-1.3266900778,"plane_center_y":-0.014774479,"plane_center_z":1.0378503799,"color_id":1},"2":{"ros_timestamp":"1695745402.9155743","wall_type":"right","a":0.9999524355,"b":0.00975239,"c":-0.0001162208,"d":-1.3341622353,"shortest_distance":0.9026912856,"num_points":212,"plane_center_x":1.3116022348,"plane_center_y":2.3334941864,"plane_center_z":1.160545826,"color_id":2},"3":{"ros_timestamp":"1695745402.9155743","wall_type":"front","a":0.004965377,"b":-0.9999876618,"c":0.0000241257,"d":2.9277644157,"shortest_distance":2.6789293869,"num_points":371,"plane_center_x":0.0072266106,"plane_center_y":2.9278669357,"plane_center_z":1.2616326809,"color_id":3}}