{"0":{"ros_timestamp":"1695745403.1292875","wall_type":"floor","a":-0.0016400373,"b":-0.00005393,"c":0.9999986887,"d":-0.0014862639,"shortest_distance":0.9977723727,"num_points":479,"plane_center_x":0.0163551718,"plane_center_y":1.8564622402,"plane_center_z":0.0016132082,"color_id":0},"1":{"ros_timestamp":"1695745403.1292875","wall_type":"left","a":0.9999747872,"b":0.006408901,"c":0.003065028,"d":1.3228924274,"shortest_distance":1.7554683492,"num_points":1186,"plane_center_x":-1.3260275126,"plane_center_y":-0.0175327752,"plane_center_z":1.0345009565,"color_id":1},"2":{"ros_timestamp":"1695745403.1292875","wall_type":"right","a":0.9999524355,"b":0.00975239,"c":-0.0001162208,"d":-1.3341622353,"shortest_distance":0.903930655,"num_points":212,"plane_center_x":1.3116022348,"plane_center_y":2.3334941864,"plane_center_z":1.160545826,"color_id":2},"3":{"ros_timestamp":"1695745403.1292875","wall_type":"front","a":0.004965377,"b":-0.9999876618,"c":0.0000241257,"d":2.9277644157,"shortest_distance":2.6767805027,"num_points":371,"plane_center_x":0.0072266106,"plane_center_y":2.9278669357,"plane_center_z":1.2616326809,"color_id":3}}