{"0":{"ros_timestamp":"1695745403.2524793","wall_type":"floor","a":-0.0015845441,"b":-0.000047157,"c":0.9999987483,"d":-0.0015354839,"shortest_distance":0.9977506158,"num_points":483,"plane_center_x":0.006636187,"plane_center_y":1.8387825489,"plane_center_z":0.0016327128,"color_id":0},"1":{"ros_timestamp":"1695745403.2524793","wall_type":"left","a":0.9999701381,"b":0.0073630856,"c":0.0023629582,"d":1.3224443197,"shortest_distance":1.7533024548,"num_points":1185,"plane_center_x":-1.3247189522,"plane_center_y":-0.023219876,"plane_center_z":1.035400629,"color_id":1},"2":{"ros_timestamp":"1695745403.2524793","wall_type":"right","a":0.9999524355,"b":0.00975239,"c":-0.0001162208,"d":-1.3341622353,"shortest_distance":0.9051807831,"num_points":212,"plane_center_x":1.3116022348,"plane_center_y":2.3334941864,"plane_center_z":1.160545826,"color_id":2},"3":{"ros_timestamp":"1695745403.2524793","wall_type":"front","a":0.004965377,"b":-0.9999876618,"c":0.0000241257,"d":2.9277644157,"shortest_distance":2.6746378937,"num_points":371,"plane_center_x":0.0072266106,"plane_center_y":2.9278669357,"plane_center_z":1.2616326809,"color_id":3}}