{"0":{"ros_timestamp":"1695745403.5689356","wall_type":"floor","a":-0.0016422565,"b":-0.0000659664,"c":0.9999986887,"d":-0.0014572286,"shortest_distance":0.9978013181,"num_points":482,"plane_center_x":0.0102761565,"plane_center_y":1.8193784952,"plane_center_z":0.0015941245,"color_id":0},"1":{"ros_timestamp":"1695745403.5689356","wall_type":"left","a":0.9999718666,"b":0.0061155059,"c":0.0043473532,"d":1.3210955858,"shortest_distance":1.752351743,"num_points":1189,"plane_center_x":-1.3259418011,"plane_center_y":-0.0187150091,"plane_center_z":1.0320163965,"color_id":1},"2":{"ros_timestamp":"1695745403.5689356","wall_type":"right","a":0.9999524355,"b":0.00975239,"c":-0.0001162208,"d":-1.3341622353,"shortest_distance":0.9064416386,"num_points":212,"plane_center_x":1.3116022348,"plane_center_y":2.3334941864,"plane_center_z":1.160545826,"color_id":2},"3":{"ros_timestamp":"1695745403.5689356","wall_type":"front","a":0.004965377,"b":-0.9999876618,"c":0.0000241257,"d":2.9277644157,"shortest_distance":2.6725016134,"num_points":371,"plane_center_x":0.0072266106,"plane_center_y":2.9278669357,"plane_center_z":1.2616326809,"color_id":3}}