{"0":{"ros_timestamp":"1695745403.8452678","wall_type":"floor","a":-0.0016100245,"b":0.000074182,"c":0.9999986887,"d":-0.0018012738,"shortest_distance":0.9975116018,"num_points":498,"plane_center_x":-0.0265220311,"plane_center_y":1.7151842117,"plane_center_z":0.001631339,"color_id":0},"1":{"ros_timestamp":"1695745403.8452678","wall_type":"left","a":0.9999708533,"b":0.0073088072,"c":0.0022116241,"d":1.3226653337,"shortest_distance":1.7495283783,"num_points":1181,"plane_center_x":-1.3249168396,"plane_center_y":-0.0116106393,"plane_center_z":1.0389306545,"color_id":1},"2":{"ros_timestamp":"1695745403.8452678","wall_type":"right","a":0.9999524355,"b":0.00975239,"c":-0.0001162208,"d":-1.3341622353,"shortest_distance":0.9089954056,"num_points":212,"plane_center_x":1.3116022348,"plane_center_y":2.3334941864,"plane_center_z":1.160545826,"color_id":2},"3":{"ros_timestamp":"1695745403.8452678","wall_type":"front","a":0.004965377,"b":-0.9999876618,"c":0.0000241257,"d":2.9277644157,"shortest_distance":2.6682482526,"num_points":371,"plane_center_x":0.0072266106,"plane_center_y":2.9278669357,"plane_center_z":1.2616326809,"color_id":3}}