{"0":{"ros_timestamp":"1695745322.559856","wall_type":"floor","a":0.0001739766,"b":-0.0005459611,"c":0.9999998808,"d":-0.0008651066,"shortest_distance":0.9993937733,"num_points":345,"plane_center_x":0.0615182668,"plane_center_y":2.1738216877,"plane_center_z":0.0020412263,"color_id":0},"1":{"ros_timestamp":"1695745322.559856","wall_type":"left","a":0.9999802709,"b":0.0062905983,"c":0.0000744299,"d":1.3274120092,"shortest_distance":1.4304982783,"num_points":289,"plane_center_x":-1.3388422728,"plane_center_y":1.7996418476,"plane_center_z":1.1146044731,"color_id":1},"2":{"ros_timestamp":"1695745322.559856","wall_type":"right","a":0.9999524355,"b":0.00975239,"c":-0.0001162208,"d":-1.3341622353,"shortest_distance":1.2329509472,"num_points":212,"plane_center_x":1.3116022348,"plane_center_y":2.3334941864,"plane_center_z":1.160545826,"color_id":2}}