{"0":{"ros_timestamp":"1695745404.1235006","wall_type":"floor","a":-0.0015160661,"b":-0.0001050942,"c":0.9999988079,"d":-0.0015703356,"shortest_distance":0.9977372683,"num_points":499,"plane_center_x":-0.0282644182,"plane_center_y":1.7069450617,"plane_center_z":0.0016198546,"color_id":0},"1":{"ros_timestamp":"1695745404.1235006","wall_type":"left","a":0.9999762177,"b":0.006477653,"c":0.0023458719,"d":1.3238042593,"shortest_distance":1.7492866642,"num_points":1182,"plane_center_x":-1.326150775,"plane_center_y":-0.012976802,"plane_center_z":1.039860487,"color_id":1},"2":{"ros_timestamp":"1695745404.1235006","wall_type":"right","a":0.9999524355,"b":0.00975239,"c":-0.0001162208,"d":-1.3341622353,"shortest_distance":0.9102882532,"num_points":212,"plane_center_x":1.3116022348,"plane_center_y":2.3334941864,"plane_center_z":1.160545826,"color_id":2},"3":{"ros_timestamp":"1695745404.1235006","wall_type":"front","a":0.004965377,"b":-0.9999876618,"c":0.0000241257,"d":2.9277644157,"shortest_distance":2.6661312784,"num_points":371,"plane_center_x":0.0072266106,"plane_center_y":2.9278669357,"plane_center_z":1.2616326809,"color_id":3}}