{"0":{"ros_timestamp":"1695745404.4943979","wall_type":"floor","a":-0.0016491933,"b":-0.0000362254,"c":0.9999986291,"d":-0.0015237608,"shortest_distance":0.9977499291,"num_points":504,"plane_center_x":-0.035849791,"plane_center_y":1.6400849819,"plane_center_z":0.0015240523,"color_id":0},"1":{"ros_timestamp":"1695745404.4943979","wall_type":"left","a":0.9999694824,"b":0.0067552929,"c":0.0039292169,"d":1.3203939199,"shortest_distance":1.7448998007,"num_points":1186,"plane_center_x":-1.3248851299,"plane_center_y":-0.011132299,"plane_center_z":1.0364079475,"color_id":1},"2":{"ros_timestamp":"1695745404.4943979","wall_type":"right","a":0.9999524355,"b":0.00975239,"c":-0.0001162208,"d":-1.3341622353,"shortest_distance":0.9129057149,"num_points":212,"plane_center_x":1.3116022348,"plane_center_y":2.3334941864,"plane_center_z":1.160545826,"color_id":2},"3":{"ros_timestamp":"1695745404.4943979","wall_type":"front","a":0.004965377,"b":-0.9999876618,"c":0.0000241257,"d":2.9277644157,"shortest_distance":2.661917007,"num_points":371,"plane_center_x":0.0072266106,"plane_center_y":2.9278669357,"plane_center_z":1.2616326809,"color_id":3}}