{"0":{"ros_timestamp":"1695745405.7792125","wall_type":"floor","a":-0.001593285,"b":-0.0000322124,"c":0.9999987483,"d":-0.001565572,"shortest_distance":0.9977454028,"num_points":524,"plane_center_x":-0.073687382,"plane_center_y":1.5169379711,"plane_center_z":0.0014970332,"color_id":0},"1":{"ros_timestamp":"1695745405.7792125","wall_type":"left","a":0.9999732375,"b":0.0067230947,"c":0.0028895321,"d":1.322945714,"shortest_distance":1.7382628951,"num_points":1186,"plane_center_x":-1.3259249926,"plane_center_y":-0.0214311313,"plane_center_z":1.0382847786,"color_id":1},"2":{"ros_timestamp":"1695745405.7792125","wall_type":"right","a":0.9999524355,"b":0.00975239,"c":-0.0001162208,"d":-1.3341622353,"shortest_distance":0.9210098537,"num_points":212,"plane_center_x":1.3116022348,"plane_center_y":2.3334941864,"plane_center_z":1.160545826,"color_id":2},"3":{"ros_timestamp":"1695745405.7792125","wall_type":"front","a":0.004965377,"b":-0.9999876618,"c":0.0000241257,"d":2.9277644157,"shortest_distance":2.6494353867,"num_points":371,"plane_center_x":0.0072266106,"plane_center_y":2.9278669357,"plane_center_z":1.2616326809,"color_id":3}}