{"0":{"ros_timestamp":"1695745322.7751439","wall_type":"floor","a":0.000141327,"b":-0.0003665433,"c":1.0,"d":-0.0012213505,"shortest_distance":0.9989470063,"num_points":348,"plane_center_x":0.0673760474,"plane_center_y":2.1772139072,"plane_center_z":0.0020098716,"color_id":0},"1":{"ros_timestamp":"1695745322.7751439","wall_type":"left","a":0.9999830723,"b":0.0058129975,"c":0.0000878959,"d":1.3287500143,"shortest_distance":1.4320821527,"num_points":289,"plane_center_x":-1.3393353224,"plane_center_y":1.8002114296,"plane_center_z":1.1145825386,"color_id":1},"2":{"ros_timestamp":"1695745322.7751439","wall_type":"right","a":0.9999524355,"b":0.00975239,"c":-0.0001162208,"d":-1.3341622353,"shortest_distance":1.2329509472,"num_points":212,"plane_center_x":1.3116022348,"plane_center_y":2.3334941864,"plane_center_z":1.160545826,"color_id":2}}