{"0":{"ros_timestamp":"1695745406.4429164","wall_type":"floor","a":-0.0016041326,"b":-0.0000246579,"c":0.9999986887,"d":-0.0015763325,"shortest_distance":0.9977389594,"num_points":540,"plane_center_x":-0.1009410545,"plane_center_y":1.4009187222,"plane_center_z":0.0014489553,"color_id":0},"1":{"ros_timestamp":"1695745406.4429164","wall_type":"left","a":0.9999705553,"b":0.0073032747,"c":0.0023581532,"d":1.322568655,"shortest_distance":1.7333089741,"num_points":1184,"plane_center_x":-1.3249800205,"plane_center_y":-0.0168601964,"plane_center_z":1.040068388,"color_id":1},"2":{"ros_timestamp":"1695745406.4429164","wall_type":"right","a":0.9999524355,"b":0.00975239,"c":-0.0001162208,"d":-1.3341622353,"shortest_distance":0.9252018598,"num_points":212,"plane_center_x":1.3116022348,"plane_center_y":2.3334941864,"plane_center_z":1.160545826,"color_id":2},"3":{"ros_timestamp":"1695745406.4429164","wall_type":"front","a":0.004965377,"b":-0.9999876618,"c":0.0000241257,"d":2.9277644157,"shortest_distance":2.6432878204,"num_points":371,"plane_center_x":0.0072266106,"plane_center_y":2.9278669357,"plane_center_z":1.2616326809,"color_id":3}}