{"0":{"ros_timestamp":"1695745406.4692686","wall_type":"floor","a":-0.0016038956,"b":-0.0000237552,"c":0.9999987483,"d":-0.0015784688,"shortest_distance":0.9977371786,"num_points":541,"plane_center_x":-0.1029224545,"plane_center_y":1.3942987919,"plane_center_z":0.0014465156,"color_id":0},"1":{"ros_timestamp":"1695745406.4692686","wall_type":"left","a":0.9999759197,"b":0.0064407969,"c":0.0025851326,"d":1.3233392239,"shortest_distance":1.7340615806,"num_points":1184,"plane_center_x":-1.3260630369,"plane_center_y":-0.0165996253,"plane_center_z":1.0417553186,"color_id":1},"2":{"ros_timestamp":"1695745406.4692686","wall_type":"right","a":0.9999524355,"b":0.00975239,"c":-0.0001162208,"d":-1.3341622353,"shortest_distance":0.9252018598,"num_points":212,"plane_center_x":1.3116022348,"plane_center_y":2.3334941864,"plane_center_z":1.160545826,"color_id":2},"3":{"ros_timestamp":"1695745406.4692686","wall_type":"front","a":0.004965377,"b":-0.9999876618,"c":0.0000241257,"d":2.9277644157,"shortest_distance":2.6432878204,"num_points":371,"plane_center_x":0.0072266106,"plane_center_y":2.9278669357,"plane_center_z":1.2616326809,"color_id":3}}