{"0":{"ros_timestamp":"1695745406.4994166","wall_type":"floor","a":-0.001653568,"b":-0.0000065061,"c":0.9999986291,"d":-0.0015886376,"shortest_distance":0.9977116893,"num_points":539,"plane_center_x":-0.0984626636,"plane_center_y":1.3925507069,"plane_center_z":0.001434885,"color_id":0},"1":{"ros_timestamp":"1695745406.4994166","wall_type":"left","a":0.9999773502,"b":0.0061241915,"c":0.0027662669,"d":1.3235613108,"shortest_distance":1.7343747925,"num_points":1186,"plane_center_x":-1.326446414,"plane_center_y":-0.0137023013,"plane_center_z":1.0400036573,"color_id":1},"2":{"ros_timestamp":"1695745406.4994166","wall_type":"right","a":0.9999524355,"b":0.00975239,"c":-0.0001162208,"d":-1.3341622353,"shortest_distance":0.9252018598,"num_points":212,"plane_center_x":1.3116022348,"plane_center_y":2.3334941864,"plane_center_z":1.160545826,"color_id":2},"3":{"ros_timestamp":"1695745406.4994166","wall_type":"front","a":0.004965377,"b":-0.9999876618,"c":0.0000241257,"d":2.9277644157,"shortest_distance":2.6432878204,"num_points":371,"plane_center_x":0.0072266106,"plane_center_y":2.9278669357,"plane_center_z":1.2616326809,"color_id":3}}