{"0":{"ros_timestamp":"1695745406.6783643","wall_type":"floor","a":-0.0016370364,"b":0.0000106183,"c":0.9999986291,"d":-0.0016360016,"shortest_distance":0.9976783508,"num_points":539,"plane_center_x":-0.0977990925,"plane_center_y":1.3915354013,"plane_center_z":0.0014611272,"color_id":0},"1":{"ros_timestamp":"1695745406.6783643","wall_type":"left","a":0.9999708533,"b":0.0070336047,"c":0.0029710769,"d":1.321955204,"shortest_distance":1.7318079138,"num_points":1187,"plane_center_x":-1.3251479864,"plane_center_y":-0.0153391277,"plane_center_z":1.039146781,"color_id":1},"2":{"ros_timestamp":"1695745406.6783643","wall_type":"right","a":0.9999524355,"b":0.00975239,"c":-0.0001162208,"d":-1.3341622353,"shortest_distance":0.9266196958,"num_points":212,"plane_center_x":1.3116022348,"plane_center_y":2.3334941864,"plane_center_z":1.160545826,"color_id":2},"3":{"ros_timestamp":"1695745406.6783643","wall_type":"front","a":0.004965377,"b":-0.9999876618,"c":0.0000241257,"d":2.9277644157,"shortest_distance":2.6412527885,"num_points":371,"plane_center_x":0.0072266106,"plane_center_y":2.9278669357,"plane_center_z":1.2616326809,"color_id":3}}