{"0":{"ros_timestamp":"1695745407.1302938","wall_type":"floor","a":-0.0015818361,"b":-0.0000327979,"c":0.9999986887,"d":-0.0015699374,"shortest_distance":0.9977587881,"num_points":548,"plane_center_x":-0.1123572513,"plane_center_y":1.3545284271,"plane_center_z":0.0014366341,"color_id":0},"1":{"ros_timestamp":"1695745407.1302938","wall_type":"left","a":0.9999752641,"b":0.0068113445,"c":0.001770423,"d":1.3244926929,"shortest_distance":1.7302042453,"num_points":1186,"plane_center_x":-1.3260189295,"plane_center_y":-0.0226044524,"plane_center_z":1.0436455011,"color_id":1},"2":{"ros_timestamp":"1695745407.1302938","wall_type":"right","a":0.9999524355,"b":0.00975239,"c":-0.0001162208,"d":-1.3341622353,"shortest_distance":0.9294859064,"num_points":212,"plane_center_x":1.3116022348,"plane_center_y":2.3334941864,"plane_center_z":1.160545826,"color_id":2},"3":{"ros_timestamp":"1695745407.1302938","wall_type":"front","a":0.004965377,"b":-0.9999876618,"c":0.0000241257,"d":2.9277644157,"shortest_distance":2.6372042655,"num_points":371,"plane_center_x":0.0072266106,"plane_center_y":2.9278669357,"plane_center_z":1.2616326809,"color_id":3}}