{"0":{"ros_timestamp":"1695745407.2218654","wall_type":"floor","a":-0.0016026201,"b":-0.0000262145,"c":0.9999986887,"d":-0.0015727635,"shortest_distance":0.9977518011,"num_points":547,"plane_center_x":-0.1101758927,"plane_center_y":1.354029417,"plane_center_z":0.0014316904,"color_id":0},"1":{"ros_timestamp":"1695745407.2218654","wall_type":"left","a":0.9999769926,"b":0.0065331473,"c":0.0018480951,"d":1.3248659372,"shortest_distance":1.7291196392,"num_points":1187,"plane_center_x":-1.3264409304,"plane_center_y":-0.0216596927,"plane_center_z":1.0427662134,"color_id":1},"2":{"ros_timestamp":"1695745407.2218654","wall_type":"right","a":0.9999524355,"b":0.00975239,"c":-0.0001162208,"d":-1.3341622353,"shortest_distance":0.9309342094,"num_points":212,"plane_center_x":1.3116022348,"plane_center_y":2.3334941864,"plane_center_z":1.160545826,"color_id":2},"3":{"ros_timestamp":"1695745407.2218654","wall_type":"front","a":0.004965377,"b":-0.9999876618,"c":0.0000241257,"d":2.9277644157,"shortest_distance":2.6351908757,"num_points":371,"plane_center_x":0.0072266106,"plane_center_y":2.9278669357,"plane_center_z":1.2616326809,"color_id":3}}