{"0":{"ros_timestamp":"1695745407.8411524","wall_type":"floor","a":-0.001646684,"b":-0.0000071598,"c":0.9999986887,"d":-0.0015886324,"shortest_distance":0.9977311349,"num_points":559,"plane_center_x":-0.1251424253,"plane_center_y":1.2586731911,"plane_center_z":0.001391576,"color_id":0},"1":{"ros_timestamp":"1695745407.8411524","wall_type":"left","a":0.9999701977,"b":0.0070538954,"c":0.0031372537,"d":1.321475029,"shortest_distance":1.7227471546,"num_points":1189,"plane_center_x":-1.3249112368,"plane_center_y":-0.0198343154,"plane_center_z":1.041074276,"color_id":1},"2":{"ros_timestamp":"1695745407.8411524","wall_type":"right","a":0.9999524355,"b":0.00975239,"c":-0.0001162208,"d":-1.3341622353,"shortest_distance":0.9353394737,"num_points":212,"plane_center_x":1.3116022348,"plane_center_y":2.3334941864,"plane_center_z":1.160545826,"color_id":2},"3":{"ros_timestamp":"1695745407.8411524","wall_type":"front","a":0.004965377,"b":-0.9999876618,"c":0.0000241257,"d":2.9277644157,"shortest_distance":2.6291947961,"num_points":371,"plane_center_x":0.0072266106,"plane_center_y":2.9278669357,"plane_center_z":1.2616326809,"color_id":3}}