{"0":{"ros_timestamp":"1695745408.0539105","wall_type":"floor","a":-0.0015846678,"b":-0.0000122863,"c":0.9999987483,"d":-0.0016111757,"shortest_distance":0.9977340758,"num_points":565,"plane_center_x":-0.1353765875,"plane_center_y":1.2357964516,"plane_center_z":0.0014118339,"color_id":0},"1":{"ros_timestamp":"1695745408.0539105","wall_type":"left","a":0.9999716282,"b":0.007068113,"c":0.0025742659,"d":1.3224529028,"shortest_distance":1.7216732751,"num_points":1185,"plane_center_x":-1.3252669573,"plane_center_y":-0.0182620753,"plane_center_z":1.0445648432,"color_id":1},"2":{"ros_timestamp":"1695745408.0539105","wall_type":"right","a":0.9999524355,"b":0.00975239,"c":-0.0001162208,"d":-1.3341622353,"shortest_distance":0.9368278912,"num_points":212,"plane_center_x":1.3116022348,"plane_center_y":2.3334941864,"plane_center_z":1.160545826,"color_id":2},"3":{"ros_timestamp":"1695745408.0539105","wall_type":"front","a":0.004965377,"b":-0.9999876618,"c":0.0000241257,"d":2.9277644157,"shortest_distance":2.6272109661,"num_points":371,"plane_center_x":0.0072266106,"plane_center_y":2.9278669357,"plane_center_z":1.2616326809,"color_id":3}}