{"0":{"ros_timestamp":"1695745408.6214387","wall_type":"floor","a":-0.0015814136,"b":-0.0000168516,"c":0.9999986887,"d":-0.001600935,"shortest_distance":0.9977489735,"num_points":573,"plane_center_x":-0.1437379718,"plane_center_y":1.1875349283,"plane_center_z":0.0013936395,"color_id":0},"1":{"ros_timestamp":"1695745408.6214387","wall_type":"left","a":0.9999757409,"b":0.0066033774,"c":0.002197887,"d":1.3239139318,"shortest_distance":1.7195998379,"num_points":1186,"plane_center_x":-1.3261216879,"plane_center_y":-0.0179237202,"plane_center_z":1.0436905622,"color_id":1},"2":{"ros_timestamp":"1695745408.6214387","wall_type":"right","a":0.9999524355,"b":0.00975239,"c":-0.0001162208,"d":-1.3341622353,"shortest_distance":0.9398344976,"num_points":212,"plane_center_x":1.3116022348,"plane_center_y":2.3334941864,"plane_center_z":1.160545826,"color_id":2},"3":{"ros_timestamp":"1695745408.6214387","wall_type":"front","a":0.004965377,"b":-0.9999876618,"c":0.0000241257,"d":2.9277644157,"shortest_distance":2.6232658989,"num_points":371,"plane_center_x":0.0072266106,"plane_center_y":2.9278669357,"plane_center_z":1.2616326809,"color_id":3}}