{"0":{"ros_timestamp":"1695745408.7171364","wall_type":"floor","a":-0.0015694755,"b":-0.0000091646,"c":0.9999988079,"d":-0.0016230614,"shortest_distance":0.9977362903,"num_points":574,"plane_center_x":-0.1447006464,"plane_center_y":1.180950284,"plane_center_z":0.0014067818,"color_id":0},"1":{"ros_timestamp":"1695745408.7171364","wall_type":"left","a":0.9999699593,"b":0.0075144875,"c":0.0019045989,"d":1.3232482672,"shortest_distance":1.7173952615,"num_points":1186,"plane_center_x":-1.3250894547,"plane_center_y":-0.0181340501,"plane_center_z":1.0436925888,"color_id":1},"2":{"ros_timestamp":"1695745408.7171364","wall_type":"right","a":0.9999524355,"b":0.00975239,"c":-0.0001162208,"d":-1.3341622353,"shortest_distance":0.9413526112,"num_points":212,"plane_center_x":1.3116022348,"plane_center_y":2.3334941864,"plane_center_z":1.160545826,"color_id":2},"3":{"ros_timestamp":"1695745408.7171364","wall_type":"front","a":0.004965377,"b":-0.9999876618,"c":0.0000241257,"d":2.9277644157,"shortest_distance":2.6213047602,"num_points":371,"plane_center_x":0.0072266106,"plane_center_y":2.9278669357,"plane_center_z":1.2616326809,"color_id":3}}