{"0":{"ros_timestamp":"1695745408.7992792","wall_type":"floor","a":-0.0015951945,"b":-0.0000357029,"c":0.9999986887,"d":-0.001552532,"shortest_distance":0.9977885644,"num_points":574,"plane_center_x":-0.1437709779,"plane_center_y":1.1797156334,"plane_center_z":0.0013653103,"color_id":0},"1":{"ros_timestamp":"1695745408.7992792","wall_type":"left","a":0.9999752045,"b":0.006658766,"c":0.0023096807,"d":1.3237042427,"shortest_distance":1.7179943701,"num_points":1187,"plane_center_x":-1.3260145187,"plane_center_y":-0.019704761,"plane_center_z":1.0428228378,"color_id":1},"2":{"ros_timestamp":"1695745408.7992792","wall_type":"right","a":0.9999524355,"b":0.00975239,"c":-0.0001162208,"d":-1.3341622353,"shortest_distance":0.9413526112,"num_points":212,"plane_center_x":1.3116022348,"plane_center_y":2.3334941864,"plane_center_z":1.160545826,"color_id":2},"3":{"ros_timestamp":"1695745408.7992792","wall_type":"front","a":0.004965377,"b":-0.9999876618,"c":0.0000241257,"d":2.9277644157,"shortest_distance":2.6213047602,"num_points":371,"plane_center_x":0.0072266106,"plane_center_y":2.9278669357,"plane_center_z":1.2616326809,"color_id":3}}