{"0":{"ros_timestamp":"1695745409.1275034","wall_type":"floor","a":-0.0015738547,"b":-0.0000220025,"c":0.9999988079,"d":-0.0015919707,"shortest_distance":0.997766506,"num_points":579,"plane_center_x":-0.1493276805,"plane_center_y":1.148879528,"plane_center_z":0.0013822305,"color_id":0},"1":{"ros_timestamp":"1695745409.1275034","wall_type":"left","a":0.9999702573,"b":0.0074483124,"c":0.0019878305,"d":1.3230954409,"shortest_distance":1.7142307686,"num_points":1187,"plane_center_x":-1.32498312,"plane_center_y":-0.0196873043,"plane_center_z":1.0428286791,"color_id":1},"2":{"ros_timestamp":"1695745409.1275034","wall_type":"right","a":0.9999524355,"b":0.00975239,"c":-0.0001162208,"d":-1.3341622353,"shortest_distance":0.9444182697,"num_points":212,"plane_center_x":1.3116022348,"plane_center_y":2.3334941864,"plane_center_z":1.160545826,"color_id":2},"3":{"ros_timestamp":"1695745409.1275034","wall_type":"front","a":0.004965377,"b":-0.9999876618,"c":0.0000241257,"d":2.9277644157,"shortest_distance":2.617405518,"num_points":371,"plane_center_x":0.0072266106,"plane_center_y":2.9278669357,"plane_center_z":1.2616326809,"color_id":3}}