{"0":{"ros_timestamp":"1695745409.2857864","wall_type":"floor","a":-0.0015635716,"b":-0.0000081299,"c":0.9999987483,"d":-0.0016258036,"shortest_distance":0.9977409996,"num_points":582,"plane_center_x":-0.153371498,"plane_center_y":1.1314489841,"plane_center_z":0.0013951967,"color_id":0},"1":{"ros_timestamp":"1695745409.2857864","wall_type":"left","a":0.9999753237,"b":0.0065067625,"c":0.0026339253,"d":1.3236620426,"shortest_distance":1.7151513737,"num_points":1186,"plane_center_x":-1.3264563084,"plane_center_y":-0.0187065825,"plane_center_z":1.0436997414,"color_id":1},"2":{"ros_timestamp":"1695745409.2857864","wall_type":"right","a":0.9999524355,"b":0.00975239,"c":-0.0001162208,"d":-1.3341622353,"shortest_distance":0.9444182697,"num_points":212,"plane_center_x":1.3116022348,"plane_center_y":2.3334941864,"plane_center_z":1.160545826,"color_id":2},"3":{"ros_timestamp":"1695745409.2857864","wall_type":"front","a":0.004965377,"b":-0.9999876618,"c":0.0000241257,"d":2.9277644157,"shortest_distance":2.617405518,"num_points":371,"plane_center_x":0.0072266106,"plane_center_y":2.9278669357,"plane_center_z":1.2616326809,"color_id":3}}