{"0":{"ros_timestamp":"1695745409.367059","wall_type":"floor","a":-0.0016224986,"b":-0.0000113139,"c":0.9999986887,"d":-0.0015874164,"shortest_distance":0.9977580233,"num_points":579,"plane_center_x":-0.146532774,"plane_center_y":1.1340974569,"plane_center_z":0.0013625,"color_id":0},"1":{"ros_timestamp":"1695745409.367059","wall_type":"left","a":0.9999697804,"b":0.0070400722,"c":0.0032911834,"d":1.3214728832,"shortest_distance":1.7122311096,"num_points":1190,"plane_center_x":-1.325065136,"plane_center_y":-0.019242201,"plane_center_z":1.0402232409,"color_id":1},"2":{"ros_timestamp":"1695745409.367059","wall_type":"right","a":0.9999524355,"b":0.00975239,"c":-0.0001162208,"d":-1.3341622353,"shortest_distance":0.9459657379,"num_points":212,"plane_center_x":1.3116022348,"plane_center_y":2.3334941864,"plane_center_z":1.160545826,"color_id":2},"3":{"ros_timestamp":"1695745409.367059","wall_type":"front","a":0.004965377,"b":-0.9999876618,"c":0.0000241257,"d":2.9277644157,"shortest_distance":2.6154675119,"num_points":371,"plane_center_x":0.0072266106,"plane_center_y":2.9278669357,"plane_center_z":1.2616326809,"color_id":3}}