{"0":{"ros_timestamp":"1695745323.1953132","wall_type":"floor","a":0.0002751164,"b":-0.0002770085,"c":0.9999998808,"d":-0.0014726289,"shortest_distance":0.998667976,"num_points":357,"plane_center_x":0.0572526529,"plane_center_y":2.1766762733,"plane_center_z":0.0021945355,"color_id":0},"1":{"ros_timestamp":"1695745323.1953132","wall_type":"left","a":0.9999858141,"b":0.0053174458,"c":0.0000953739,"d":1.3295420408,"shortest_distance":1.4404049283,"num_points":288,"plane_center_x":-1.3393073082,"plane_center_y":1.8128236532,"plane_center_z":1.1182943583,"color_id":1},"2":{"ros_timestamp":"1695745323.1953132","wall_type":"right","a":0.9999524355,"b":0.00975239,"c":-0.0001162208,"d":-1.3341622353,"shortest_distance":1.2256616336,"num_points":212,"plane_center_x":1.3116022348,"plane_center_y":2.3334941864,"plane_center_z":1.160545826,"color_id":2}}