{"0":{"ros_timestamp":"1695745409.961038","wall_type":"floor","a":-0.0015643161,"b":-0.0000192789,"c":0.9999988079,"d":-0.0015989519,"shortest_distance":0.9977713651,"num_points":591,"plane_center_x":-0.16243276,"plane_center_y":1.0776586533,"plane_center_z":0.0013656336,"color_id":0},"1":{"ros_timestamp":"1695745409.961038","wall_type":"left","a":0.9999764562,"b":0.0064469627,"c":0.0023588871,"d":1.3238803148,"shortest_distance":1.7103856109,"num_points":1185,"plane_center_x":-1.3263510466,"plane_center_y":-0.0177532155,"plane_center_z":1.0463681221,"color_id":1},"2":{"ros_timestamp":"1695745409.961038","wall_type":"right","a":0.9999524355,"b":0.00975239,"c":-0.0001162208,"d":-1.3341622353,"shortest_distance":0.9490897588,"num_points":212,"plane_center_x":1.3116022348,"plane_center_y":2.3334941864,"plane_center_z":1.160545826,"color_id":2},"3":{"ros_timestamp":"1695745409.961038","wall_type":"front","a":0.004965377,"b":-0.9999876618,"c":0.0000241257,"d":2.9277644157,"shortest_distance":2.611614972,"num_points":371,"plane_center_x":0.0072266106,"plane_center_y":2.9278669357,"plane_center_z":1.2616326809,"color_id":3}}