{"0":{"ros_timestamp":"1695745410.0115976","wall_type":"floor","a":-0.0015537114,"b":-0.0000222991,"c":0.9999987483,"d":-0.0015975665,"shortest_distance":0.9977782941,"num_points":592,"plane_center_x":-0.1622685343,"plane_center_y":1.0722965002,"plane_center_z":0.0013693611,"color_id":0},"1":{"ros_timestamp":"1695745410.0115976","wall_type":"left","a":0.9999653697,"b":0.0076316162,"c":0.003316547,"d":1.3213758469,"shortest_distance":1.7076308633,"num_points":1186,"plane_center_x":-1.3251888752,"plane_center_y":-0.0190772582,"plane_center_z":1.0455050468,"color_id":1},"2":{"ros_timestamp":"1695745410.0115976","wall_type":"right","a":0.9999524355,"b":0.00975239,"c":-0.0001162208,"d":-1.3341622353,"shortest_distance":0.9506662333,"num_points":212,"plane_center_x":1.3116022348,"plane_center_y":2.3334941864,"plane_center_z":1.160545826,"color_id":2},"3":{"ros_timestamp":"1695745410.0115976","wall_type":"front","a":0.004965377,"b":-0.9999876618,"c":0.0000241257,"d":2.9277644157,"shortest_distance":2.6097005344,"num_points":371,"plane_center_x":0.0072266106,"plane_center_y":2.9278669357,"plane_center_z":1.2616326809,"color_id":3}}