{"0":{"ros_timestamp":"1695745410.1806471","wall_type":"floor","a":-0.0016125444,"b":-0.0000083221,"c":0.9999986887,"d":-0.0015940568,"shortest_distance":0.9977637968,"num_points":592,"plane_center_x":-0.1593927592,"plane_center_y":1.0553767681,"plane_center_z":0.0013458136,"color_id":0},"1":{"ros_timestamp":"1695745410.1806471","wall_type":"left","a":0.9999744296,"b":0.0064912969,"c":0.0029684906,"d":1.3227491379,"shortest_distance":1.7082948207,"num_points":1189,"plane_center_x":-1.3259035349,"plane_center_y":-0.0177107584,"plane_center_z":1.0429022312,"color_id":1},"2":{"ros_timestamp":"1695745410.1806471","wall_type":"right","a":0.9999524355,"b":0.00975239,"c":-0.0001162208,"d":-1.3341622353,"shortest_distance":0.9506662333,"num_points":212,"plane_center_x":1.3116022348,"plane_center_y":2.3334941864,"plane_center_z":1.160545826,"color_id":2},"3":{"ros_timestamp":"1695745410.1806471","wall_type":"front","a":0.004965377,"b":-0.9999876618,"c":0.0000241257,"d":2.9277644157,"shortest_distance":2.6097005344,"num_points":371,"plane_center_x":0.0072266106,"plane_center_y":2.9278669357,"plane_center_z":1.2616326809,"color_id":3}}