{"0":{"ros_timestamp":"1695745410.69218","wall_type":"floor","a":-0.0016579403,"b":0.000062899,"c":0.9999986291,"d":-0.0017521029,"shortest_distance":0.9976195755,"num_points":599,"plane_center_x":-0.1669262946,"plane_center_y":1.0296227932,"plane_center_z":0.0014105887,"color_id":0},"1":{"ros_timestamp":"1695745410.69218","wall_type":"left","a":0.9999749064,"b":0.0065862988,"c":0.0025917329,"d":1.3232592344,"shortest_distance":1.7036537908,"num_points":1189,"plane_center_x":-1.3258539438,"plane_center_y":-0.0228356738,"plane_center_z":1.0429520607,"color_id":1},"2":{"ros_timestamp":"1695745410.69218","wall_type":"right","a":0.9999524355,"b":0.00975239,"c":-0.0001162208,"d":-1.3341622353,"shortest_distance":0.9554530399,"num_points":212,"plane_center_x":1.3116022348,"plane_center_y":2.3334941864,"plane_center_z":1.160545826,"color_id":2},"3":{"ros_timestamp":"1695745410.69218","wall_type":"front","a":0.004965377,"b":-0.9999876618,"c":0.0000241257,"d":2.9277644157,"shortest_distance":2.6040051255,"num_points":371,"plane_center_x":0.0072266106,"plane_center_y":2.9278669357,"plane_center_z":1.2616326809,"color_id":3}}