{"0":{"ros_timestamp":"1695745410.7890687","wall_type":"floor","a":-0.0016600318,"b":0.0000655123,"c":0.9999986291,"d":-0.0017573271,"shortest_distance":0.997614413,"num_points":599,"plane_center_x":-0.1669034213,"plane_center_y":1.0296413898,"plane_center_z":0.0014128099,"color_id":0},"1":{"ros_timestamp":"1695745410.7890687","wall_type":"left","a":0.9999766946,"b":0.0063835005,"c":0.0024209553,"d":1.3239053488,"shortest_distance":1.7040636851,"num_points":1189,"plane_center_x":-1.326236248,"plane_center_y":-0.0230172444,"plane_center_z":1.0429508686,"color_id":1},"2":{"ros_timestamp":"1695745410.7890687","wall_type":"right","a":0.9999524355,"b":0.00975239,"c":-0.0001162208,"d":-1.3341622353,"shortest_distance":0.9554530399,"num_points":212,"plane_center_x":1.3116022348,"plane_center_y":2.3334941864,"plane_center_z":1.160545826,"color_id":2},"3":{"ros_timestamp":"1695745410.7890687","wall_type":"front","a":0.004965377,"b":-0.9999876618,"c":0.0000241257,"d":2.9277644157,"shortest_distance":2.6040051255,"num_points":371,"plane_center_x":0.0072266106,"plane_center_y":2.9278669357,"plane_center_z":1.2616326809,"color_id":3}}