{"0":{"ros_timestamp":"1695745410.8700671","wall_type":"floor","a":-0.0016994757,"b":0.0000856699,"c":0.9999985695,"d":-0.0017781494,"shortest_distance":0.9975882053,"num_points":599,"plane_center_x":-0.165766716,"plane_center_y":1.0164035559,"plane_center_z":0.0014093597,"color_id":0},"1":{"ros_timestamp":"1695745410.8700671","wall_type":"left","a":0.9999700785,"b":0.007102841,"c":0.0030455645,"d":1.3218392134,"shortest_distance":1.7012344206,"num_points":1190,"plane_center_x":-1.3251365423,"plane_center_y":-0.0186680779,"plane_center_z":1.0421019793,"color_id":1},"2":{"ros_timestamp":"1695745410.8700671","wall_type":"right","a":0.9999524355,"b":0.00975239,"c":-0.0001162208,"d":-1.3341622353,"shortest_distance":0.9570676367,"num_points":212,"plane_center_x":1.3116022348,"plane_center_y":2.3334941864,"plane_center_z":1.160545826,"color_id":2},"3":{"ros_timestamp":"1695745410.8700671","wall_type":"front","a":0.004965377,"b":-0.9999876618,"c":0.0000241257,"d":2.9277644157,"shortest_distance":2.6021227819,"num_points":371,"plane_center_x":0.0072266106,"plane_center_y":2.9278669357,"plane_center_z":1.2616326809,"color_id":3}}