{"0":{"ros_timestamp":"1695745323.3950193","wall_type":"floor","a":0.0003594282,"b":0.0002239891,"c":0.9999998808,"d":-0.0026529748,"shortest_distance":0.9972556498,"num_points":359,"plane_center_x":0.0562971681,"plane_center_y":2.1764905453,"plane_center_z":0.0021452301,"color_id":0},"1":{"ros_timestamp":"1695745323.3950193","wall_type":"left","a":0.9999856353,"b":0.0053544943,"c":0.0001145853,"d":1.3295664787,"shortest_distance":1.4428525752,"num_points":304,"plane_center_x":-1.339269042,"plane_center_y":1.7846482992,"plane_center_z":1.112139225,"color_id":1},"2":{"ros_timestamp":"1695745323.3950193","wall_type":"right","a":0.9999524355,"b":0.00975239,"c":-0.0001162208,"d":-1.3341622353,"shortest_distance":1.2232372124,"num_points":212,"plane_center_x":1.3116022348,"plane_center_y":2.3334941864,"plane_center_z":1.160545826,"color_id":2}}