{"0":{"ros_timestamp":"1695745411.7545092","wall_type":"floor","a":-0.0017527119,"b":0.0001661353,"c":0.9999984503,"d":-0.0019540435,"shortest_distance":0.9974314949,"num_points":616,"plane_center_x":-0.1826340854,"plane_center_y":0.9385371208,"plane_center_z":0.0014780167,"color_id":0},"1":{"ros_timestamp":"1695745411.7545092","wall_type":"left","a":0.9999704957,"b":0.0072253882,"c":0.0026457673,"d":1.3222287893,"shortest_distance":1.6946930962,"num_points":1187,"plane_center_x":-1.3250108957,"plane_center_y":-0.0205902793,"plane_center_z":1.0446923971,"color_id":1},"2":{"ros_timestamp":"1695745411.7545092","wall_type":"right","a":0.9999524355,"b":0.00975239,"c":-0.0001162208,"d":-1.3341622353,"shortest_distance":0.9636199194,"num_points":212,"plane_center_x":1.3116022348,"plane_center_y":2.3334941864,"plane_center_z":1.160545826,"color_id":2},"3":{"ros_timestamp":"1695745411.7545092","wall_type":"front","a":0.004965377,"b":-0.9999876618,"c":0.0000241257,"d":2.9277644157,"shortest_distance":2.5946752913,"num_points":371,"plane_center_x":0.0072266106,"plane_center_y":2.9278669357,"plane_center_z":1.2616326809,"color_id":3}}