{"0":{"ros_timestamp":"1695745323.522163","wall_type":"floor","a":0.0003318527,"b":0.0000891669,"c":0.9999998808,"d":-0.0023149489,"shortest_distance":0.997655701,"num_points":361,"plane_center_x":0.0619122796,"plane_center_y":2.1804637909,"plane_center_z":0.0020999783,"color_id":0},"1":{"ros_timestamp":"1695745323.522163","wall_type":"left","a":0.9999824762,"b":0.005922677,"c":0.0000921067,"d":1.328707695,"shortest_distance":1.4416961686,"num_points":304,"plane_center_x":-1.3394519091,"plane_center_y":1.7928340435,"plane_center_z":1.1122210026,"color_id":1},"2":{"ros_timestamp":"1695745323.522163","wall_type":"right","a":0.9999524355,"b":0.00975239,"c":-0.0001162208,"d":-1.3341622353,"shortest_distance":1.2232372124,"num_points":212,"plane_center_x":1.3116022348,"plane_center_y":2.3334941864,"plane_center_z":1.160545826,"color_id":2}}