{"0":{"ros_timestamp":"1695745413.3140795","wall_type":"floor","a":-0.0017715361,"b":0.0001736656,"c":0.9999983907,"d":-0.0019632347,"shortest_distance":0.9974412344,"num_points":642,"plane_center_x":-0.2028091103,"plane_center_y":0.8083145022,"plane_center_z":0.0014635769,"color_id":0},"1":{"ros_timestamp":"1695745413.3140795","wall_type":"left","a":0.999974966,"b":0.0064561707,"c":0.0029163207,"d":1.3231524229,"shortest_distance":1.6837677404,"num_points":1184,"plane_center_x":-1.3264696598,"plane_center_y":-0.015584317,"plane_center_z":1.0490877628,"color_id":1},"2":{"ros_timestamp":"1695745413.3140795","wall_type":"right","a":0.9999524355,"b":0.00975239,"c":-0.0001162208,"d":-1.3341622353,"shortest_distance":0.9754415509,"num_points":212,"plane_center_x":1.3116022348,"plane_center_y":2.3334941864,"plane_center_z":1.160545826,"color_id":2},"3":{"ros_timestamp":"1695745413.3140795","wall_type":"front","a":0.004965377,"b":-0.9999876618,"c":0.0000241257,"d":2.9277644157,"shortest_distance":2.5819645556,"num_points":371,"plane_center_x":0.0072266106,"plane_center_y":2.9278669357,"plane_center_z":1.2616326809,"color_id":3}}