{"0":{"ros_timestamp":"1695745323.5830014","wall_type":"floor","a":0.0003751416,"b":0.0000296203,"c":0.9999998808,"d":-0.0022020247,"shortest_distance":0.9978033393,"num_points":362,"plane_center_x":0.0646429509,"plane_center_y":2.182179451,"plane_center_z":0.0021131379,"color_id":0},"1":{"ros_timestamp":"1695745323.5830014","wall_type":"left","a":0.9999762774,"b":0.0068980111,"c":-0.0000006955,"d":1.3246192932,"shortest_distance":1.4394626353,"num_points":304,"plane_center_x":-1.3370349407,"plane_center_y":1.7953898907,"plane_center_z":1.1122219563,"color_id":1},"2":{"ros_timestamp":"1695745323.5830014","wall_type":"right","a":0.9999524355,"b":0.00975239,"c":-0.0001162208,"d":-1.3341622353,"shortest_distance":1.2208155671,"num_points":212,"plane_center_x":1.3116022348,"plane_center_y":2.3334941864,"plane_center_z":1.160545826,"color_id":2}}