{"0":{"ros_timestamp":"1695745323.6886275","wall_type":"floor","a":0.000402375,"b":-0.000020363,"c":0.9999998808,"d":-0.0021073327,"shortest_distance":0.9979253772,"num_points":362,"plane_center_x":0.0646032244,"plane_center_y":2.1821696758,"plane_center_z":0.002125774,"color_id":0},"1":{"ros_timestamp":"1695745323.6886275","wall_type":"left","a":0.9999727607,"b":0.0073800385,"c":-0.0000329,"d":1.322696805,"shortest_distance":1.4372748559,"num_points":304,"plane_center_x":-1.3359564543,"plane_center_y":1.7967159748,"plane_center_z":1.112224102,"color_id":1},"2":{"ros_timestamp":"1695745323.6886275","wall_type":"right","a":0.9999524355,"b":0.00975239,"c":-0.0001162208,"d":-1.3341622353,"shortest_distance":1.2208155671,"num_points":212,"plane_center_x":1.3116022348,"plane_center_y":2.3334941864,"plane_center_z":1.160545826,"color_id":2}}