{"0":{"ros_timestamp":"1695745414.5536857","wall_type":"floor","a":-0.0016879232,"b":0.0001268143,"c":0.9999985695,"d":-0.0018936591,"shortest_distance":0.9975403647,"num_points":649,"plane_center_x":-0.2015381157,"plane_center_y":0.780246377,"plane_center_z":0.001454534,"color_id":0},"1":{"ros_timestamp":"1695745414.5536857","wall_type":"left","a":0.9999724627,"b":0.007305867,"c":0.0012886854,"d":1.3243852854,"shortest_distance":1.6749319607,"num_points":1187,"plane_center_x":-1.3253487349,"plane_center_y":-0.0253694747,"plane_center_z":1.0465259552,"color_id":1},"2":{"ros_timestamp":"1695745414.5536857","wall_type":"right","a":0.9999524355,"b":0.00975239,"c":-0.0001162208,"d":-1.3341622353,"shortest_distance":0.9841555394,"num_points":212,"plane_center_x":1.3116022348,"plane_center_y":2.3334941864,"plane_center_z":1.160545826,"color_id":2},"3":{"ros_timestamp":"1695745414.5536857","wall_type":"front","a":0.004965377,"b":-0.9999876618,"c":0.0000241257,"d":2.9277644157,"shortest_distance":2.5731439127,"num_points":371,"plane_center_x":0.0072266106,"plane_center_y":2.9278669357,"plane_center_z":1.2616326809,"color_id":3}}