{"0":{"ros_timestamp":"1695745415.2455776","wall_type":"floor","a":-0.0016758547,"b":0.0001271981,"c":0.9999985695,"d":-0.0018889169,"shortest_distance":0.9975591273,"num_points":660,"plane_center_x":-0.2087692022,"plane_center_y":0.723066926,"plane_center_z":0.0014470795,"color_id":0},"1":{"ros_timestamp":"1695745415.2455776","wall_type":"left","a":0.9999734759,"b":0.0071344222,"c":0.0014778844,"d":1.3241455555,"shortest_distance":1.6694732165,"num_points":1184,"plane_center_x":-1.3254846334,"plane_center_y":-0.0172150731,"plane_center_z":1.049141407,"color_id":1},"2":{"ros_timestamp":"1695745415.2455776","wall_type":"right","a":0.9999524355,"b":0.00975239,"c":-0.0001162208,"d":-1.3341622353,"shortest_distance":0.9894893182,"num_points":212,"plane_center_x":1.3116022348,"plane_center_y":2.3334941864,"plane_center_z":1.160545826,"color_id":2},"3":{"ros_timestamp":"1695745415.2455776","wall_type":"front","a":0.004965377,"b":-0.9999876618,"c":0.0000241257,"d":2.9277644157,"shortest_distance":2.5679575677,"num_points":371,"plane_center_x":0.0072266106,"plane_center_y":2.9278669357,"plane_center_z":1.2616326809,"color_id":3}}