{"0":{"ros_timestamp":"1695745416.1845808","wall_type":"floor","a":-0.0018386975,"b":0.0001826194,"c":0.9999983907,"d":-0.0019414362,"shortest_distance":0.9974854278,"num_points":663,"plane_center_x":-0.2004735768,"plane_center_y":0.6861223578,"plane_center_z":0.0014475289,"color_id":0},"1":{"ros_timestamp":"1695745416.1845808","wall_type":"left","a":0.9999712706,"b":0.0069895759,"c":0.0029497691,"d":1.3219231367,"shortest_distance":1.6614185139,"num_points":1190,"plane_center_x":-1.3251383305,"plane_center_y":-0.0179043189,"plane_center_z":1.0439081192,"color_id":1},"2":{"ros_timestamp":"1695745416.1845808","wall_type":"right","a":0.9999524355,"b":0.00975239,"c":-0.0001162208,"d":-1.3341622353,"shortest_distance":0.9967214873,"num_points":212,"plane_center_x":1.3116022348,"plane_center_y":2.3334941864,"plane_center_z":1.160545826,"color_id":2},"3":{"ros_timestamp":"1695745416.1845808","wall_type":"front","a":0.004965377,"b":-0.9999876618,"c":0.0000241257,"d":2.9277644157,"shortest_distance":2.5611685787,"num_points":371,"plane_center_x":0.0072266106,"plane_center_y":2.9278669357,"plane_center_z":1.2616326809,"color_id":3}}