{"0":{"ros_timestamp":"1695745416.292889","wall_type":"floor","a":-0.0017911413,"b":0.0001685055,"c":0.9999983907,"d":-0.0019387234,"shortest_distance":0.9974989141,"num_points":665,"plane_center_x":-0.2036554366,"plane_center_y":0.6896016002,"plane_center_z":0.0014577484,"color_id":0},"1":{"ros_timestamp":"1695745416.292889","wall_type":"left","a":0.9999743104,"b":0.0066344598,"c":0.0027284387,"d":1.3231184483,"shortest_distance":1.6622627453,"num_points":1189,"plane_center_x":-1.3260281086,"plane_center_y":-0.0231034402,"plane_center_z":1.0466157198,"color_id":1},"2":{"ros_timestamp":"1695745416.292889","wall_type":"right","a":0.9999524355,"b":0.00975239,"c":-0.0001162208,"d":-1.3341622353,"shortest_distance":0.9967214873,"num_points":212,"plane_center_x":1.3116022348,"plane_center_y":2.3334941864,"plane_center_z":1.160545826,"color_id":2},"3":{"ros_timestamp":"1695745416.292889","wall_type":"front","a":0.004965377,"b":-0.9999876618,"c":0.0000241257,"d":2.9277644157,"shortest_distance":2.5611685787,"num_points":371,"plane_center_x":0.0072266106,"plane_center_y":2.9278669357,"plane_center_z":1.2616326809,"color_id":3}}