{"0":{"ros_timestamp":"1695745417.2583401","wall_type":"floor","a":-0.0018505341,"b":0.0002266147,"c":0.9999983311,"d":-0.0020489828,"shortest_distance":0.997409195,"num_points":682,"plane_center_x":-0.208842814,"plane_center_y":0.6149070263,"plane_center_z":0.0015231675,"color_id":0},"1":{"ros_timestamp":"1695745417.2583401","wall_type":"left","a":0.9999726415,"b":0.0071743983,"c":0.0018033928,"d":1.3237452507,"shortest_distance":1.6529117279,"num_points":1189,"plane_center_x":-1.3253331184,"plane_center_y":-0.023870647,"plane_center_z":1.0466161966,"color_id":1},"2":{"ros_timestamp":"1695745417.2583401","wall_type":"right","a":0.9999524355,"b":0.00975239,"c":-0.0001162208,"d":-1.3341622353,"shortest_distance":1.0059512239,"num_points":212,"plane_center_x":1.3116022348,"plane_center_y":2.3334941864,"plane_center_z":1.160545826,"color_id":2},"3":{"ros_timestamp":"1695745417.2583401","wall_type":"front","a":0.004965377,"b":-0.9999876618,"c":0.0000241257,"d":2.9277644157,"shortest_distance":2.5528888719,"num_points":371,"plane_center_x":0.0072266106,"plane_center_y":2.9278669357,"plane_center_z":1.2616326809,"color_id":3}}