{"0":{"ros_timestamp":"1695745417.3640084","wall_type":"floor","a":-0.0019051564,"b":0.0002454654,"c":0.9999980927,"d":-0.0020601826,"shortest_distance":0.9973872511,"num_points":680,"plane_center_x":-0.2056390047,"plane_center_y":0.6113638282,"plane_center_z":0.0015183424,"color_id":0},"1":{"ros_timestamp":"1695745417.3640084","wall_type":"left","a":0.999971509,"b":0.0066148513,"c":0.0036337972,"d":1.3219144344,"shortest_distance":1.6527002482,"num_points":1191,"plane_center_x":-1.3260006905,"plane_center_y":-0.0201367084,"plane_center_z":1.0448616743,"color_id":1},"2":{"ros_timestamp":"1695745417.3640084","wall_type":"right","a":0.9999524355,"b":0.00975239,"c":-0.0001162208,"d":-1.3341622353,"shortest_distance":1.0059512239,"num_points":212,"plane_center_x":1.3116022348,"plane_center_y":2.3334941864,"plane_center_z":1.160545826,"color_id":2},"3":{"ros_timestamp":"1695745417.3640084","wall_type":"front","a":0.004965377,"b":-0.9999876618,"c":0.0000241257,"d":2.9277644157,"shortest_distance":2.5528888719,"num_points":371,"plane_center_x":0.0072266106,"plane_center_y":2.9278669357,"plane_center_z":1.2616326809,"color_id":3}}