{"0":{"ros_timestamp":"1695745323.9529886","wall_type":"floor","a":0.0003295335,"b":0.0000310399,"c":1.0,"d":-0.0021709003,"shortest_distance":0.9978292182,"num_points":364,"plane_center_x":0.0578121506,"plane_center_y":2.1789169312,"plane_center_z":0.0020842159,"color_id":0},"1":{"ros_timestamp":"1695745323.9529886","wall_type":"left","a":0.999981463,"b":0.0060829124,"c":0.0000051093,"d":1.3284187317,"shortest_distance":1.4460789564,"num_points":306,"plane_center_x":-1.3393218517,"plane_center_y":1.7874003649,"plane_center_z":1.1116160154,"color_id":1},"2":{"ros_timestamp":"1695745323.9529886","wall_type":"right","a":0.9999524355,"b":0.00975239,"c":-0.0001162208,"d":-1.3341622353,"shortest_distance":1.2183967584,"num_points":212,"plane_center_x":1.3116022348,"plane_center_y":2.3334941864,"plane_center_z":1.160545826,"color_id":2}}