{"0":{"ros_timestamp":"1695745417.4655766","wall_type":"floor","a":-0.0019319025,"b":0.0002424059,"c":0.9999981523,"d":-0.0020450521,"shortest_distance":0.9973965329,"num_points":678,"plane_center_x":-0.2015725374,"plane_center_y":0.6082462072,"plane_center_z":0.0015081939,"color_id":0},"1":{"ros_timestamp":"1695745417.4655766","wall_type":"left","a":0.9999586344,"b":0.0070945672,"c":0.005690767,"d":1.3180938959,"shortest_distance":1.6492379914,"num_points":1194,"plane_center_x":-1.3250263929,"plane_center_y":-0.0180421527,"plane_center_z":1.0422643423,"color_id":1},"2":{"ros_timestamp":"1695745417.4655766","wall_type":"right","a":0.9999524355,"b":0.00975239,"c":-0.0001162208,"d":-1.3341622353,"shortest_distance":1.0078219814,"num_points":212,"plane_center_x":1.3116022348,"plane_center_y":2.3334941864,"plane_center_z":1.160545826,"color_id":2},"3":{"ros_timestamp":"1695745417.4655766","wall_type":"front","a":0.004965377,"b":-0.9999876618,"c":0.0000241257,"d":2.9277644157,"shortest_distance":2.5512608835,"num_points":371,"plane_center_x":0.0072266106,"plane_center_y":2.9278669357,"plane_center_z":1.2616326809,"color_id":3}}