{"0":{"ros_timestamp":"1695745417.664001","wall_type":"floor","a":-0.0019284401,"b":0.0002336769,"c":0.9999980927,"d":-0.0020242461,"shortest_distance":0.9974191942,"num_points":681,"plane_center_x":-0.2000595927,"plane_center_y":0.5934793949,"plane_center_z":0.0014997638,"color_id":0},"1":{"ros_timestamp":"1695745417.664001","wall_type":"left","a":0.9999605417,"b":0.0069800103,"c":0.0054880204,"d":1.3185058832,"shortest_distance":1.6475211922,"num_points":1195,"plane_center_x":-1.3251041174,"plane_center_y":-0.0200238861,"plane_center_z":1.0414069891,"color_id":1},"2":{"ros_timestamp":"1695745417.664001","wall_type":"right","a":0.9999524355,"b":0.00975239,"c":-0.0001162208,"d":-1.3341622353,"shortest_distance":1.0097009002,"num_points":212,"plane_center_x":1.3116022348,"plane_center_y":2.3334941864,"plane_center_z":1.160545826,"color_id":2},"3":{"ros_timestamp":"1695745417.664001","wall_type":"front","a":0.004965377,"b":-0.9999876618,"c":0.0000241257,"d":2.9277644157,"shortest_distance":2.5496423083,"num_points":371,"plane_center_x":0.0072266106,"plane_center_y":2.9278669357,"plane_center_z":1.2616326809,"color_id":3}}