{"0":{"ros_timestamp":"1695745418.089451","wall_type":"floor","a":-0.0017593068,"b":0.0002010639,"c":0.9999983907,"d":-0.0020198131,"shortest_distance":0.997473185,"num_points":699,"plane_center_x":-0.2171393186,"plane_center_y":0.5507535934,"plane_center_z":0.0015270641,"color_id":0},"1":{"ros_timestamp":"1695745418.089451","wall_type":"left","a":0.9999719262,"b":0.0073044179,"c":0.0016429413,"d":1.3238141537,"shortest_distance":1.6453213203,"num_points":1185,"plane_center_x":-1.325353384,"plane_center_y":-0.0200683344,"plane_center_z":1.0501135588,"color_id":1},"2":{"ros_timestamp":"1695745418.089451","wall_type":"right","a":0.9999524355,"b":0.00975239,"c":-0.0001162208,"d":-1.3341622353,"shortest_distance":1.013483034,"num_points":212,"plane_center_x":1.3116022348,"plane_center_y":2.3334941864,"plane_center_z":1.160545826,"color_id":2},"3":{"ros_timestamp":"1695745418.089451","wall_type":"front","a":0.004965377,"b":-0.9999876618,"c":0.0000241257,"d":2.9277644157,"shortest_distance":2.5464335591,"num_points":371,"plane_center_x":0.0072266106,"plane_center_y":2.9278669357,"plane_center_z":1.2616326809,"color_id":3}}