{"0":{"ros_timestamp":"1695745418.1423738","wall_type":"floor","a":-0.001876509,"b":0.0002048599,"c":0.9999981523,"d":-0.0019713633,"shortest_distance":0.9974857124,"num_points":692,"plane_center_x":-0.204759568,"plane_center_y":0.5480443835,"plane_center_z":0.0014748605,"color_id":0},"1":{"ros_timestamp":"1695745418.1423738","wall_type":"left","a":0.9999565482,"b":0.0071784365,"c":0.0059446595,"d":1.3185434341,"shortest_distance":1.644299045,"num_points":1193,"plane_center_x":-1.3258123398,"plane_center_y":-0.0172951799,"plane_center_z":1.0431040525,"color_id":1},"2":{"ros_timestamp":"1695745418.1423738","wall_type":"right","a":0.9999524355,"b":0.00975239,"c":-0.0001162208,"d":-1.3341622353,"shortest_distance":1.013483034,"num_points":212,"plane_center_x":1.3116022348,"plane_center_y":2.3334941864,"plane_center_z":1.160545826,"color_id":2},"3":{"ros_timestamp":"1695745418.1423738","wall_type":"front","a":0.004965377,"b":-0.9999876618,"c":0.0000241257,"d":2.9277644157,"shortest_distance":2.5464335591,"num_points":371,"plane_center_x":0.0072266106,"plane_center_y":2.9278669357,"plane_center_z":1.2616326809,"color_id":3}}