{"0":{"ros_timestamp":"1695745418.4345515","wall_type":"floor","a":-0.0019284463,"b":0.0002551648,"c":0.9999980927,"d":-0.0020675864,"shortest_distance":0.9974003938,"num_points":698,"plane_center_x":-0.2074875087,"plane_center_y":0.5287351608,"plane_center_z":0.0015325461,"color_id":0},"1":{"ros_timestamp":"1695745418.4345515","wall_type":"left","a":0.9999690652,"b":0.0067385687,"c":0.004045839,"d":1.3204133511,"shortest_distance":1.6402819894,"num_points":1192,"plane_center_x":-1.3250905275,"plane_center_y":-0.0182208382,"plane_center_z":1.0439829826,"color_id":1},"2":{"ros_timestamp":"1695745418.4345515","wall_type":"right","a":0.9999524355,"b":0.00975239,"c":-0.0001162208,"d":-1.3341622353,"shortest_distance":1.0172972471,"num_points":212,"plane_center_x":1.3116022348,"plane_center_y":2.3334941864,"plane_center_z":1.160545826,"color_id":2},"3":{"ros_timestamp":"1695745418.4345515","wall_type":"front","a":0.004965377,"b":-0.9999876618,"c":0.0000241257,"d":2.9277644157,"shortest_distance":2.543262945,"num_points":371,"plane_center_x":0.0072266106,"plane_center_y":2.9278669357,"plane_center_z":1.2616326809,"color_id":3}}