{"0":{"ros_timestamp":"1695745419.2361598","wall_type":"floor","a":-0.0017863659,"b":0.0002199959,"c":0.9999983907,"d":-0.0020425119,"shortest_distance":0.9974719322,"num_points":711,"plane_center_x":-0.2154547274,"plane_center_y":0.49513188,"plane_center_z":0.0015487064,"color_id":0},"1":{"ros_timestamp":"1695745419.2361598","wall_type":"left","a":0.9999717474,"b":0.0071458188,"c":0.0023099056,"d":1.3229231834,"shortest_distance":1.633474604,"num_points":1187,"plane_center_x":-1.3253794909,"plane_center_y":-0.0185949579,"plane_center_z":1.0483701229,"color_id":1},"2":{"ros_timestamp":"1695745419.2361598","wall_type":"right","a":0.9999524355,"b":0.00975239,"c":-0.0001162208,"d":-1.3341622353,"shortest_distance":1.0250203822,"num_points":212,"plane_center_x":1.3116022348,"plane_center_y":2.3334941864,"plane_center_z":1.160545826,"color_id":2},"3":{"ros_timestamp":"1695745419.2361598","wall_type":"front","a":0.004965377,"b":-0.9999876618,"c":0.0000241257,"d":2.9277644157,"shortest_distance":2.5370373868,"num_points":371,"plane_center_x":0.0072266106,"plane_center_y":2.9278669357,"plane_center_z":1.2616326809,"color_id":3}}