{"0":{"ros_timestamp":"1695745419.5595062","wall_type":"floor","a":-0.0017434376,"b":0.0001746514,"c":0.9999984503,"d":-0.0019569667,"shortest_distance":0.9975565791,"num_points":716,"plane_center_x":-0.2138709128,"plane_center_y":0.4789727926,"plane_center_z":0.0015004451,"color_id":0},"1":{"ros_timestamp":"1695745419.5595062","wall_type":"left","a":0.9999760985,"b":0.006671573,"c":0.0017818465,"d":1.3247374296,"shortest_distance":1.6326211388,"num_points":1188,"plane_center_x":-1.3263474703,"plane_center_y":-0.0247706566,"plane_center_z":1.0475150347,"color_id":1},"2":{"ros_timestamp":"1695745419.5595062","wall_type":"right","a":0.9999524355,"b":0.00975239,"c":-0.0001162208,"d":-1.3341622353,"shortest_distance":1.0269706157,"num_points":212,"plane_center_x":1.3116022348,"plane_center_y":2.3334941864,"plane_center_z":1.160545826,"color_id":2},"3":{"ros_timestamp":"1695745419.5595062","wall_type":"front","a":0.004965377,"b":-0.9999876618,"c":0.0000241257,"d":2.9277644157,"shortest_distance":2.5355053224,"num_points":371,"plane_center_x":0.0072266106,"plane_center_y":2.9278669357,"plane_center_z":1.2616326809,"color_id":3}}