{"0":{"ros_timestamp":"1695745420.1174664","wall_type":"floor","a":-0.0018034416,"b":0.0001617504,"c":0.9999983311,"d":-0.0020562366,"shortest_distance":0.9974453575,"num_points":719,"plane_center_x":-0.2089399993,"plane_center_y":0.4574820101,"plane_center_z":0.0015202232,"color_id":0},"1":{"ros_timestamp":"1695745420.1174664","wall_type":"left","a":0.9999746084,"b":0.0067002047,"c":0.0024095126,"d":1.3236179352,"shortest_distance":1.6262295993,"num_points":1191,"plane_center_x":-1.3260017633,"plane_center_y":-0.0250023622,"plane_center_z":1.0448904037,"color_id":1},"2":{"ros_timestamp":"1695745420.1174664","wall_type":"right","a":0.9999524355,"b":0.00975239,"c":-0.0001162208,"d":-1.3341622353,"shortest_distance":1.0328672164,"num_points":212,"plane_center_x":1.3116022348,"plane_center_y":2.3334941864,"plane_center_z":1.160545826,"color_id":2},"3":{"ros_timestamp":"1695745420.1174664","wall_type":"front","a":0.004965377,"b":-0.9999876618,"c":0.0000241257,"d":2.9277644157,"shortest_distance":2.5309681238,"num_points":371,"plane_center_x":0.0072266106,"plane_center_y":2.9278669357,"plane_center_z":1.2616326809,"color_id":3}}