{"0":{"ros_timestamp":"1695745420.1537","wall_type":"floor","a":-0.0018244917,"b":0.0002054697,"c":0.9999982715,"d":-0.0019956531,"shortest_distance":0.9975209899,"num_points":724,"plane_center_x":-0.2100834996,"plane_center_y":0.4390114546,"plane_center_z":0.0015221568,"color_id":0},"1":{"ros_timestamp":"1695745420.1537","wall_type":"left","a":0.9999724627,"b":0.0071549779,"c":0.001977013,"d":1.3234062195,"shortest_distance":1.6237812412,"num_points":1190,"plane_center_x":-1.3252655268,"plane_center_y":-0.0226449184,"plane_center_z":1.0457626581,"color_id":1},"2":{"ros_timestamp":"1695745420.1537","wall_type":"right","a":0.9999524355,"b":0.00975239,"c":-0.0001162208,"d":-1.3341622353,"shortest_distance":1.0348478862,"num_points":212,"plane_center_x":1.3116022348,"plane_center_y":2.3334941864,"plane_center_z":1.160545826,"color_id":2},"3":{"ros_timestamp":"1695745420.1537","wall_type":"front","a":0.004965377,"b":-0.9999876618,"c":0.0000241257,"d":2.9277644157,"shortest_distance":2.5294755151,"num_points":371,"plane_center_x":0.0072266106,"plane_center_y":2.9278669357,"plane_center_z":1.2616326809,"color_id":3}}