{"0":{"ros_timestamp":"1695745324.3196201","wall_type":"floor","a":0.0002205997,"b":0.0000113634,"c":0.9999998808,"d":-0.0020487525,"shortest_distance":0.9979488267,"num_points":367,"plane_center_x":0.0505454354,"plane_center_y":2.175308466,"plane_center_z":0.0020128835,"color_id":0},"1":{"ros_timestamp":"1695745324.3196201","wall_type":"left","a":0.9999750257,"b":0.0070686466,"c":-0.0000571089,"d":1.3241168261,"shortest_distance":1.4460642242,"num_points":306,"plane_center_x":-1.336695075,"plane_center_y":1.783711791,"plane_center_z":1.1116372347,"color_id":1},"2":{"ros_timestamp":"1695745324.3196201","wall_type":"right","a":0.9999524355,"b":0.00975239,"c":-0.0001162208,"d":-1.3341622353,"shortest_distance":1.2135678925,"num_points":212,"plane_center_x":1.3116022348,"plane_center_y":2.3334941864,"plane_center_z":1.160545826,"color_id":2}}