{"0":{"ros_timestamp":"1695745421.1049013","wall_type":"floor","a":-0.0018290498,"b":0.0001763325,"c":0.9999983311,"d":-0.0020768603,"shortest_distance":0.9974425442,"num_points":737,"plane_center_x":-0.2106701434,"plane_center_y":0.3901040554,"plane_center_z":0.001539593,"color_id":0},"1":{"ros_timestamp":"1695745421.1049013","wall_type":"left","a":0.9999719858,"b":0.007048564,"c":0.0025195372,"d":1.3226848841,"shortest_distance":1.6155467929,"num_points":1188,"plane_center_x":-1.3253378868,"plane_center_y":-0.0215752609,"plane_center_z":1.047477603,"color_id":1},"2":{"ros_timestamp":"1695745421.1049013","wall_type":"right","a":0.9999524355,"b":0.00975239,"c":-0.0001162208,"d":-1.3341622353,"shortest_distance":1.0428449249,"num_points":212,"plane_center_x":1.3116022348,"plane_center_y":2.3334941864,"plane_center_z":1.160545826,"color_id":2},"3":{"ros_timestamp":"1695745421.1049013","wall_type":"front","a":0.004965377,"b":-0.9999876618,"c":0.0000241257,"d":2.9277644157,"shortest_distance":2.5236050276,"num_points":371,"plane_center_x":0.0072266106,"plane_center_y":2.9278669357,"plane_center_z":1.2616326809,"color_id":3}}