{"0":{"ros_timestamp":"1695745421.305647","wall_type":"floor","a":-0.0018980327,"b":0.0002341479,"c":0.9999981523,"d":-0.0020356649,"shortest_distance":0.9974914095,"num_points":738,"plane_center_x":-0.2119517922,"plane_center_y":0.3869763315,"plane_center_z":0.0015427666,"color_id":0},"1":{"ros_timestamp":"1695745421.305647","wall_type":"left","a":0.9999771714,"b":0.0064009922,"c":0.0021858858,"d":1.3242182732,"shortest_distance":1.6144628399,"num_points":1187,"plane_center_x":-1.3264318705,"plane_center_y":-0.0184250027,"plane_center_z":1.0483562946,"color_id":1},"2":{"ros_timestamp":"1695745421.305647","wall_type":"right","a":0.9999524355,"b":0.00975239,"c":-0.0001162208,"d":-1.3341622353,"shortest_distance":1.0448625246,"num_points":212,"plane_center_x":1.3116022348,"plane_center_y":2.3334941864,"plane_center_z":1.160545826,"color_id":2},"3":{"ros_timestamp":"1695745421.305647","wall_type":"front","a":0.004965377,"b":-0.9999876618,"c":0.0000241257,"d":2.9277644157,"shortest_distance":2.5221625761,"num_points":371,"plane_center_x":0.0072266106,"plane_center_y":2.9278669357,"plane_center_z":1.2616326809,"color_id":3}}