{"0":{"ros_timestamp":"1695745421.7040563","wall_type":"floor","a":-0.0019107796,"b":0.0002326885,"c":0.9999980927,"d":-0.0020090688,"shortest_distance":0.9975222132,"num_points":742,"plane_center_x":-0.2072742134,"plane_center_y":0.3573689759,"plane_center_z":0.0015298607,"color_id":0},"1":{"ros_timestamp":"1695745421.7040563","wall_type":"left","a":0.9999650121,"b":0.0068373894,"c":0.0048223911,"d":1.3201570511,"shortest_distance":1.6091471055,"num_points":1190,"plane_center_x":-1.3259949684,"plane_center_y":-0.0154719967,"plane_center_z":1.0457257032,"color_id":1},"2":{"ros_timestamp":"1695745421.7040563","wall_type":"right","a":0.9999524355,"b":0.00975239,"c":-0.0001162208,"d":-1.3341622353,"shortest_distance":1.0489193794,"num_points":212,"plane_center_x":1.3116022348,"plane_center_y":2.3334941864,"plane_center_z":1.160545826,"color_id":2},"3":{"ros_timestamp":"1695745421.7040563","wall_type":"front","a":0.004965377,"b":-0.9999876618,"c":0.0000241257,"d":2.9277644157,"shortest_distance":2.5193081307,"num_points":371,"plane_center_x":0.0072266106,"plane_center_y":2.9278669357,"plane_center_z":1.2616326809,"color_id":3}}