{"0":{"ros_timestamp":"1695745421.7940412","wall_type":"floor","a":-0.0018703465,"b":0.0002310512,"c":0.9999982119,"d":-0.0020125946,"shortest_distance":0.9975294701,"num_points":750,"plane_center_x":-0.2107009143,"plane_center_y":0.3343335092,"plane_center_z":0.0015412655,"color_id":0},"1":{"ros_timestamp":"1695745421.7940412","wall_type":"left","a":0.9999713302,"b":0.0064995708,"c":0.0038997245,"d":1.3215327263,"shortest_distance":1.6094633819,"num_points":1187,"plane_center_x":-1.3261904716,"plane_center_y":-0.0151496977,"plane_center_z":1.048350215,"color_id":1},"2":{"ros_timestamp":"1695745421.7940412","wall_type":"right","a":0.9999524355,"b":0.00975239,"c":-0.0001162208,"d":-1.3341622353,"shortest_distance":1.0489193794,"num_points":212,"plane_center_x":1.3116022348,"plane_center_y":2.3334941864,"plane_center_z":1.160545826,"color_id":2},"3":{"ros_timestamp":"1695745421.7940412","wall_type":"front","a":0.004965377,"b":-0.9999876618,"c":0.0000241257,"d":2.9277644157,"shortest_distance":2.5193081307,"num_points":371,"plane_center_x":0.0072266106,"plane_center_y":2.9278669357,"plane_center_z":1.2616326809,"color_id":3},"4":{"ros_timestamp":"1695745421.7940412","wall_type":"back","a":0.0052525573,"b":-0.9999861717,"c":-0.000003393,"d":-2.9252202511,"shortest_distance":3.3336227757,"num_points":220,"plane_center_x":-0.3740113676,"plane_center_y":-2.9272294044,"plane_center_z":1.1998205185,"color_id":4}}