{"0":{"ros_timestamp":"1695745421.8838687","wall_type":"floor","a":-0.0019022751,"b":0.0002261031,"c":0.9999980927,"d":-0.0019979381,"shortest_distance":0.9975372774,"num_points":749,"plane_center_x":-0.2073514462,"plane_center_y":0.3377807438,"plane_center_z":0.0015271283,"color_id":0},"1":{"ros_timestamp":"1695745421.8838687","wall_type":"left","a":0.9999601841,"b":0.0075000348,"c":0.0048247101,"d":1.3194049597,"shortest_distance":1.606625361,"num_points":1189,"plane_center_x":-1.3252872229,"plane_center_y":-0.0186458696,"plane_center_z":1.0466059446,"color_id":1},"2":{"ros_timestamp":"1695745421.8838687","wall_type":"right","a":0.9999524355,"b":0.00975239,"c":-0.0001162208,"d":-1.3341622353,"shortest_distance":1.0509585332,"num_points":212,"plane_center_x":1.3116022348,"plane_center_y":2.3334941864,"plane_center_z":1.160545826,"color_id":2},"3":{"ros_timestamp":"1695745421.8838687","wall_type":"front","a":0.004965377,"b":-0.9999876618,"c":0.0000241257,"d":2.9277644157,"shortest_distance":2.5178962082,"num_points":371,"plane_center_x":0.0072266106,"plane_center_y":2.9278669357,"plane_center_z":1.2616326809,"color_id":3},"4":{"ros_timestamp":"1695745421.8838687","wall_type":"back","a":0.0051570218,"b":-0.9999867678,"c":-0.0000069506,"d":-2.9252791405,"shortest_distance":3.3351243333,"num_points":220,"plane_center_x":-0.3717003465,"plane_center_y":-2.9272429943,"plane_center_z":1.1998207569,"color_id":4}}