{"0":{"ros_timestamp":"1695745422.2760074","wall_type":"floor","a":-0.0018862839,"b":0.0002225907,"c":0.9999982119,"d":-0.0019899111,"shortest_distance":0.9975525532,"num_points":753,"plane_center_x":-0.2060447782,"plane_center_y":0.3218548596,"plane_center_z":0.0015296128,"color_id":0},"1":{"ros_timestamp":"1695745422.2760074","wall_type":"left","a":0.9999739528,"b":0.0064379983,"c":0.0032620223,"d":1.3225021362,"shortest_distance":1.6056759645,"num_points":1189,"plane_center_x":-1.3261544704,"plane_center_y":-0.0171434246,"plane_center_z":1.0465949774,"color_id":1},"2":{"ros_timestamp":"1695745422.2760074","wall_type":"right","a":0.9999524355,"b":0.00975239,"c":-0.0001162208,"d":-1.3341622353,"shortest_distance":1.0530047699,"num_points":212,"plane_center_x":1.3116022348,"plane_center_y":2.3334941864,"plane_center_z":1.160545826,"color_id":2},"3":{"ros_timestamp":"1695745422.2760074","wall_type":"front","a":0.004965377,"b":-0.9999876618,"c":0.0000241257,"d":2.9277644157,"shortest_distance":2.516494533,"num_points":371,"plane_center_x":0.0072266106,"plane_center_y":2.9278669357,"plane_center_z":1.2616326809,"color_id":3},"4":{"ros_timestamp":"1695745422.2760074","wall_type":"back","a":0.0053107021,"b":-0.9999859333,"c":-0.0000082034,"d":-2.9251778126,"shortest_distance":3.3363834732,"num_points":220,"plane_center_x":-0.3704732955,"plane_center_y":-2.9271962643,"plane_center_z":1.1998212337,"color_id":4}}