{"0":{"ros_timestamp":"1695745422.2938893","wall_type":"floor","a":-0.0019542282,"b":0.0002623283,"c":0.999998033,"d":-0.0020787506,"shortest_distance":0.9974655352,"num_points":755,"plane_center_x":-0.2071708888,"plane_center_y":0.3238671124,"plane_center_z":0.0015889351,"color_id":0},"1":{"ros_timestamp":"1695745422.2938893","wall_type":"left","a":0.9999721646,"b":0.0070918584,"c":0.0022929779,"d":1.3230433464,"shortest_distance":1.6034605969,"num_points":1188,"plane_center_x":-1.3253772259,"plane_center_y":-0.0209371224,"plane_center_z":1.0474812984,"color_id":1},"2":{"ros_timestamp":"1695745422.2938893","wall_type":"right","a":0.9999524355,"b":0.00975239,"c":-0.0001162208,"d":-1.3341622353,"shortest_distance":1.0550580385,"num_points":212,"plane_center_x":1.3116022348,"plane_center_y":2.3334941864,"plane_center_z":1.160545826,"color_id":2},"3":{"ros_timestamp":"1695745422.2938893","wall_type":"front","a":0.004965377,"b":-0.9999876618,"c":0.0000241257,"d":2.9277644157,"shortest_distance":2.5151031401,"num_points":371,"plane_center_x":0.0072266106,"plane_center_y":2.9278669357,"plane_center_z":1.2616326809,"color_id":3},"4":{"ros_timestamp":"1695745422.2938893","wall_type":"back","a":0.0051994077,"b":-0.9999864697,"c":-0.0000045681,"d":-2.9252488613,"shortest_distance":3.3378740024,"num_points":220,"plane_center_x":-0.3723881841,"plane_center_y":-2.9272301197,"plane_center_z":1.1998305321,"color_id":4}}