{"0":{"ros_timestamp":"1695745324.518614","wall_type":"floor","a":0.0001881828,"b":0.0000089058,"c":1.0,"d":-0.0020130198,"shortest_distance":0.9979821413,"num_points":368,"plane_center_x":0.0523478873,"plane_center_y":2.1771936417,"plane_center_z":0.001983779,"color_id":0},"1":{"ros_timestamp":"1695745324.518614","wall_type":"left","a":0.9999808073,"b":0.0061944346,"c":0.0000403841,"d":1.3277163506,"shortest_distance":1.4525903163,"num_points":308,"plane_center_x":-1.3388170004,"plane_center_y":1.7805863619,"plane_center_z":1.1174846888,"color_id":1},"2":{"ros_timestamp":"1695745324.518614","wall_type":"right","a":0.9999524355,"b":0.00975239,"c":-0.0001162208,"d":-1.3341622353,"shortest_distance":1.211157956,"num_points":212,"plane_center_x":1.3116022348,"plane_center_y":2.3334941864,"plane_center_z":1.160545826,"color_id":2}}