{"0":{"ros_timestamp":"1695745422.5837927","wall_type":"floor","a":-0.001885819,"b":0.0002381777,"c":0.9999981523,"d":-0.0020414079,"shortest_distance":0.9975160786,"num_points":758,"plane_center_x":-0.2075709701,"plane_center_y":0.3136519492,"plane_center_z":0.0015752646,"color_id":0},"1":{"ros_timestamp":"1695745422.5837927","wall_type":"left","a":0.9999747872,"b":0.0065557337,"c":0.0027387131,"d":1.3231391907,"shortest_distance":1.6017160865,"num_points":1187,"plane_center_x":-1.3261224031,"plane_center_y":-0.0208463501,"plane_center_z":1.0483578444,"color_id":1},"2":{"ros_timestamp":"1695745422.5837927","wall_type":"right","a":0.9999524355,"b":0.00975239,"c":-0.0001162208,"d":-1.3341622353,"shortest_distance":1.0571182875,"num_points":212,"plane_center_x":1.3116022348,"plane_center_y":2.3334941864,"plane_center_z":1.160545826,"color_id":2},"3":{"ros_timestamp":"1695745422.5837927","wall_type":"front","a":0.004965377,"b":-0.9999876618,"c":0.0000241257,"d":2.9277644157,"shortest_distance":2.5137220644,"num_points":371,"plane_center_x":0.0072266106,"plane_center_y":2.9278669357,"plane_center_z":1.2616326809,"color_id":3},"4":{"ros_timestamp":"1695745422.5837927","wall_type":"back","a":0.0052871313,"b":-0.9999859929,"c":-0.000004381,"d":-2.9251952171,"shortest_distance":3.3391776295,"num_points":220,"plane_center_x":-0.371733278,"plane_center_y":-2.9272069931,"plane_center_z":1.1998624802,"color_id":4}}