{"0":{"ros_timestamp":"1695745422.7438662","wall_type":"floor","a":-0.0019382939,"b":0.0002477202,"c":0.9999980927,"d":-0.00203251,"shortest_distance":0.9975188758,"num_points":753,"plane_center_x":-0.199314788,"plane_center_y":0.307944715,"plane_center_z":0.0015698983,"color_id":0},"1":{"ros_timestamp":"1695745422.7438662","wall_type":"left","a":0.9999556541,"b":0.0072384346,"c":0.0060252314,"d":1.3177183867,"shortest_distance":1.5977895383,"num_points":1193,"plane_center_x":-1.3251423836,"plane_center_y":-0.0174826868,"plane_center_z":1.0431063175,"color_id":1},"2":{"ros_timestamp":"1695745422.7438662","wall_type":"right","a":0.9999524355,"b":0.00975239,"c":-0.0001162208,"d":-1.3341622353,"shortest_distance":1.0591854656,"num_points":212,"plane_center_x":1.3116022348,"plane_center_y":2.3334941864,"plane_center_z":1.160545826,"color_id":2},"3":{"ros_timestamp":"1695745422.7438662","wall_type":"front","a":0.004965377,"b":-0.9999876618,"c":0.0000241257,"d":2.9277644157,"shortest_distance":2.5123513403,"num_points":371,"plane_center_x":0.0072266106,"plane_center_y":2.9278669357,"plane_center_z":1.2616326809,"color_id":3},"4":{"ros_timestamp":"1695745422.7438662","wall_type":"back","a":0.0053021037,"b":-0.9999859333,"c":-0.0000041472,"d":-2.9251918793,"shortest_distance":3.3405413005,"num_points":220,"plane_center_x":-0.3698382676,"plane_center_y":-2.9271991253,"plane_center_z":1.1998656988,"color_id":4}}