{"0":{"ros_timestamp":"1695745423.0337589","wall_type":"floor","a":-0.0018628954,"b":0.0002354041,"c":0.9999982119,"d":-0.0020410346,"shortest_distance":0.9975300065,"num_points":762,"plane_center_x":-0.2097571939,"plane_center_y":0.3017392755,"plane_center_z":0.0015792511,"color_id":0},"1":{"ros_timestamp":"1695745423.0337589","wall_type":"left","a":0.9999763966,"b":0.0065959888,"c":0.0019053636,"d":1.3243224621,"shortest_distance":1.5979334008,"num_points":1185,"plane_center_x":-1.3262379169,"plane_center_y":-0.0176971983,"plane_center_z":1.0500969887,"color_id":1},"2":{"ros_timestamp":"1695745423.0337589","wall_type":"right","a":0.9999524355,"b":0.00975239,"c":-0.0001162208,"d":-1.3341622353,"shortest_distance":1.061259521,"num_points":212,"plane_center_x":1.3116022348,"plane_center_y":2.3334941864,"plane_center_z":1.160545826,"color_id":2},"3":{"ros_timestamp":"1695745423.0337589","wall_type":"front","a":0.004965377,"b":-0.9999876618,"c":0.0000241257,"d":2.9277644157,"shortest_distance":2.5109910021,"num_points":371,"plane_center_x":0.0072266106,"plane_center_y":2.9278669357,"plane_center_z":1.2616326809,"color_id":3},"4":{"ros_timestamp":"1695745423.0337589","wall_type":"back","a":0.0053657126,"b":-0.9999855757,"c":-0.000010464,"d":-2.9251451492,"shortest_distance":3.3418447296,"num_points":220,"plane_center_x":-0.3672215939,"plane_center_y":-2.9271702766,"plane_center_z":1.1998684406,"color_id":4}}