{"0":{"ros_timestamp":"1695745423.1108925","wall_type":"floor","a":-0.0018631092,"b":0.00023522,"c":0.9999982119,"d":-0.0020405296,"shortest_distance":0.9975303767,"num_points":762,"plane_center_x":-0.2096514106,"plane_center_y":0.3017909527,"plane_center_z":0.0015789417,"color_id":0},"1":{"ros_timestamp":"1695745423.1108925","wall_type":"left","a":0.9999773502,"b":0.0063382159,"c":0.002268489,"d":1.3241188526,"shortest_distance":1.5979853086,"num_points":1185,"plane_center_x":-1.3265490532,"plane_center_y":-0.0176432449,"plane_center_z":1.0501022339,"color_id":1},"2":{"ros_timestamp":"1695745423.1108925","wall_type":"right","a":0.9999524355,"b":0.00975239,"c":-0.0001162208,"d":-1.3341622353,"shortest_distance":1.061259521,"num_points":212,"plane_center_x":1.3116022348,"plane_center_y":2.3334941864,"plane_center_z":1.160545826,"color_id":2},"3":{"ros_timestamp":"1695745423.1108925","wall_type":"front","a":0.004965377,"b":-0.9999876618,"c":0.0000241257,"d":2.9277644157,"shortest_distance":2.5109910021,"num_points":371,"plane_center_x":0.0072266106,"plane_center_y":2.9278669357,"plane_center_z":1.2616326809,"color_id":3},"4":{"ros_timestamp":"1695745423.1108925","wall_type":"back","a":0.0053677675,"b":-0.9999856353,"c":-0.0000098465,"d":-2.9251446724,"shortest_distance":3.3418428715,"num_points":220,"plane_center_x":-0.3673099875,"plane_center_y":-2.9271700382,"plane_center_z":1.1998692751,"color_id":4}}