{"0":{"ros_timestamp":"1695745423.4097455","wall_type":"floor","a":-0.0018655632,"b":0.0002194941,"c":0.9999982119,"d":-0.0020019994,"shortest_distance":0.9975700816,"num_points":764,"plane_center_x":-0.2040624321,"plane_center_y":0.2923814654,"plane_center_z":0.0015571348,"color_id":0},"1":{"ros_timestamp":"1695745423.4097455","wall_type":"left","a":0.9999736547,"b":0.0070261597,"c":0.0018129216,"d":1.323723197,"shortest_distance":1.593244904,"num_points":1188,"plane_center_x":-1.3253684044,"plane_center_y":-0.0233451854,"plane_center_z":1.047491312,"color_id":1},"2":{"ros_timestamp":"1695745423.4097455","wall_type":"right","a":0.9999524355,"b":0.00975239,"c":-0.0001162208,"d":-1.3341622353,"shortest_distance":1.065428056,"num_points":212,"plane_center_x":1.3116022348,"plane_center_y":2.3334941864,"plane_center_z":1.160545826,"color_id":2},"3":{"ros_timestamp":"1695745423.4097455","wall_type":"front","a":0.004965377,"b":-0.9999876618,"c":0.0000241257,"d":2.9277644157,"shortest_distance":2.5083016192,"num_points":371,"plane_center_x":0.0072266106,"plane_center_y":2.9278669357,"plane_center_z":1.2616326809,"color_id":3},"4":{"ros_timestamp":"1695745423.4097455","wall_type":"back","a":0.0053663035,"b":-0.9999855757,"c":-0.0000068557,"d":-2.9251525402,"shortest_distance":3.3445394021,"num_points":220,"plane_center_x":-0.3633657694,"plane_center_y":-2.9271528721,"plane_center_z":1.1998716593,"color_id":4}}