{"0":{"ros_timestamp":"1695745423.70887","wall_type":"floor","a":-0.0019945796,"b":0.000264704,"c":0.9999979138,"d":-0.0020511902,"shortest_distance":0.997514612,"num_points":765,"plane_center_x":-0.1962144077,"plane_center_y":0.2736302018,"plane_center_z":0.0015873972,"color_id":0},"1":{"ros_timestamp":"1695745423.70887","wall_type":"left","a":0.9999706745,"b":0.0069399206,"c":0.003235141,"d":1.3217272758,"shortest_distance":1.5884311927,"num_points":1192,"plane_center_x":-1.3252625465,"plane_center_y":-0.0226122811,"plane_center_z":1.0440149307,"color_id":1},"2":{"ros_timestamp":"1695745423.70887","wall_type":"right","a":0.9999524355,"b":0.00975239,"c":-0.0001162208,"d":-1.3341622353,"shortest_distance":1.0696234759,"num_points":212,"plane_center_x":1.3116022348,"plane_center_y":2.3334941864,"plane_center_z":1.160545826,"color_id":2},"3":{"ros_timestamp":"1695745423.70887","wall_type":"front","a":0.004965377,"b":-0.9999876618,"c":0.0000241257,"d":2.9277644157,"shortest_distance":2.5056541846,"num_points":371,"plane_center_x":0.0072266106,"plane_center_y":2.9278669357,"plane_center_z":1.2616326809,"color_id":3},"4":{"ros_timestamp":"1695745423.70887","wall_type":"back","a":0.0056069135,"b":-0.9999842644,"c":-0.0000013616,"d":-2.9250266552,"shortest_distance":3.3469938718,"num_points":242,"plane_center_x":-0.3233859837,"plane_center_y":-2.9268875122,"plane_center_z":1.1998546124,"color_id":4}}