{"0":{"ros_timestamp":"1695745423.9537797","wall_type":"floor","a":-0.0019116246,"b":0.0002441201,"c":0.9999981523,"d":-0.0020446521,"shortest_distance":0.9975385847,"num_points":769,"plane_center_x":-0.1981776357,"plane_center_y":0.270577997,"plane_center_z":0.0015997601,"color_id":0},"1":{"ros_timestamp":"1695745423.9537797","wall_type":"left","a":0.9999753237,"b":0.0065235733,"c":0.0025889254,"d":1.3238140345,"shortest_distance":1.5875848256,"num_points":1190,"plane_center_x":-1.3264797926,"plane_center_y":-0.025062833,"plane_center_z":1.0457562208,"color_id":1},"2":{"ros_timestamp":"1695745423.9537797","wall_type":"right","a":0.9999524355,"b":0.00975239,"c":-0.0001162208,"d":-1.3341622353,"shortest_distance":1.0717311367,"num_points":212,"plane_center_x":1.3116022348,"plane_center_y":2.3334941864,"plane_center_z":1.160545826,"color_id":2},"3":{"ros_timestamp":"1695745423.9537797","wall_type":"front","a":0.004965377,"b":-0.9999876618,"c":0.0000241257,"d":2.9277644157,"shortest_distance":2.5043462808,"num_points":371,"plane_center_x":0.0072266106,"plane_center_y":2.9278669357,"plane_center_z":1.2616326809,"color_id":3},"4":{"ros_timestamp":"1695745423.9537797","wall_type":"back","a":0.0054236636,"b":-0.9999852777,"c":-0.0000019709,"d":-2.9251251221,"shortest_distance":3.3484499843,"num_points":242,"plane_center_x":-0.3238937855,"plane_center_y":-2.9269273281,"plane_center_z":1.1998740435,"color_id":4}}