{"0":{"ros_timestamp":"1695745424.0397005","wall_type":"floor","a":-0.0019926394,"b":0.0002580138,"c":0.9999979734,"d":-0.0020308224,"shortest_distance":0.9975372181,"num_points":764,"plane_center_x":-0.1910104603,"plane_center_y":0.2639637589,"plane_center_z":0.0015821045,"color_id":0},"1":{"ros_timestamp":"1695745424.0397005","wall_type":"left","a":0.9999697208,"b":0.0061062714,"c":0.0048253089,"d":1.3206980228,"shortest_distance":1.5865263701,"num_points":1195,"plane_center_x":-1.3263599873,"plane_center_y":-0.0195050631,"plane_center_z":1.0414018631,"color_id":1},"2":{"ros_timestamp":"1695745424.0397005","wall_type":"right","a":0.9999524355,"b":0.00975239,"c":-0.0001162208,"d":-1.3341622353,"shortest_distance":1.0717311367,"num_points":212,"plane_center_x":1.3116022348,"plane_center_y":2.3334941864,"plane_center_z":1.160545826,"color_id":2},"3":{"ros_timestamp":"1695745424.0397005","wall_type":"front","a":0.004965377,"b":-0.9999876618,"c":0.0000241257,"d":2.9277644157,"shortest_distance":2.5043462808,"num_points":371,"plane_center_x":0.0072266106,"plane_center_y":2.9278669357,"plane_center_z":1.2616326809,"color_id":3},"4":{"ros_timestamp":"1695745424.0397005","wall_type":"back","a":0.0054045846,"b":-0.9999853373,"c":-0.0000025245,"d":-2.9251348972,"shortest_distance":3.348465415,"num_points":242,"plane_center_x":-0.3233608603,"plane_center_y":-2.9269285202,"plane_center_z":1.1998755932,"color_id":4}}