{"0":{"ros_timestamp":"1695745424.1617537","wall_type":"floor","a":-0.0019416771,"b":0.000242756,"c":0.999998033,"d":-0.0020307931,"shortest_distance":0.9975484826,"num_points":768,"plane_center_x":-0.195583716,"plane_center_y":0.2725025117,"plane_center_z":0.0015848841,"color_id":0},"1":{"ros_timestamp":"1695745424.1617537","wall_type":"left","a":0.9999725819,"b":0.0069954805,"c":0.0024372216,"d":1.3230565786,"shortest_distance":1.5847574737,"num_points":1192,"plane_center_x":-1.3254386187,"plane_center_y":-0.0284300968,"plane_center_z":1.0440285206,"color_id":1},"2":{"ros_timestamp":"1695745424.1617537","wall_type":"right","a":0.9999524355,"b":0.00975239,"c":-0.0001162208,"d":-1.3341622353,"shortest_distance":1.0738453611,"num_points":212,"plane_center_x":1.3116022348,"plane_center_y":2.3334941864,"plane_center_z":1.160545826,"color_id":2},"3":{"ros_timestamp":"1695745424.1617537","wall_type":"front","a":0.004965377,"b":-0.9999876618,"c":0.0000241257,"d":2.9277644157,"shortest_distance":2.5030489631,"num_points":371,"plane_center_x":0.0072266106,"plane_center_y":2.9278669357,"plane_center_z":1.2616326809,"color_id":3},"4":{"ros_timestamp":"1695745424.1617537","wall_type":"back","a":0.0055450452,"b":-0.999984622,"c":0.0000004608,"d":-2.9250638485,"shortest_distance":3.3496531466,"num_points":242,"plane_center_x":-0.3217649758,"plane_center_y":-2.926892519,"plane_center_z":1.1998767853,"color_id":4}}