{"0":{"ros_timestamp":"1695745424.2561767","wall_type":"floor","a":-0.0019219773,"b":0.0002398524,"c":0.9999980927,"d":-0.0020072304,"shortest_distance":0.997575896,"num_points":774,"plane_center_x":-0.1930606812,"plane_center_y":0.2414126396,"plane_center_z":0.0015782719,"color_id":0},"1":{"ros_timestamp":"1695745424.2561767","wall_type":"left","a":0.9999741316,"b":0.0065130969,"c":0.0030508824,"d":1.3228086233,"shortest_distance":1.5849180963,"num_points":1192,"plane_center_x":-1.3260624409,"plane_center_y":-0.0219916794,"plane_center_z":1.044008255,"color_id":1},"2":{"ros_timestamp":"1695745424.2561767","wall_type":"right","a":0.9999524355,"b":0.00975239,"c":-0.0001162208,"d":-1.3341622353,"shortest_distance":1.0738453611,"num_points":212,"plane_center_x":1.3116022348,"plane_center_y":2.3334941864,"plane_center_z":1.160545826,"color_id":2},"3":{"ros_timestamp":"1695745424.2561767","wall_type":"front","a":0.004965377,"b":-0.9999876618,"c":0.0000241257,"d":2.9277644157,"shortest_distance":2.5030489631,"num_points":371,"plane_center_x":0.0072266106,"plane_center_y":2.9278669357,"plane_center_z":1.2616326809,"color_id":3},"4":{"ros_timestamp":"1695745424.2561767","wall_type":"back","a":0.0054670824,"b":-0.9999849796,"c":-0.000001893,"d":-2.9251024723,"shortest_distance":3.3497144975,"num_points":242,"plane_center_x":-0.3209683299,"plane_center_y":-2.9269034863,"plane_center_z":1.199875474,"color_id":4}}