{"0":{"ros_timestamp":"1695745424.313856","wall_type":"floor","a":-0.0019357336,"b":0.0002389756,"c":0.9999980927,"d":-0.0020016301,"shortest_distance":0.9975820053,"num_points":773,"plane_center_x":-0.1915497333,"plane_center_y":0.2441729754,"plane_center_z":0.0015724926,"color_id":0},"1":{"ros_timestamp":"1695745424.313856","wall_type":"left","a":0.9999712706,"b":0.0069454289,"c":0.0030343626,"d":1.3220204115,"shortest_distance":1.5821724584,"num_points":1193,"plane_center_x":-1.3252346516,"plane_center_y":-0.0237707086,"plane_center_z":1.0431469679,"color_id":1},"2":{"ros_timestamp":"1695745424.313856","wall_type":"right","a":0.9999524355,"b":0.00975239,"c":-0.0001162208,"d":-1.3341622353,"shortest_distance":1.0759660964,"num_points":212,"plane_center_x":1.3116022348,"plane_center_y":2.3334941864,"plane_center_z":1.160545826,"color_id":2},"3":{"ros_timestamp":"1695745424.313856","wall_type":"front","a":0.004965377,"b":-0.9999876618,"c":0.0000241257,"d":2.9277644157,"shortest_distance":2.5017622639,"num_points":371,"plane_center_x":0.0072266106,"plane_center_y":2.9278669357,"plane_center_z":1.2616326809,"color_id":3},"4":{"ros_timestamp":"1695745424.313856","wall_type":"back","a":0.0056095207,"b":-0.9999842644,"c":-0.0000054421,"d":-2.9250221252,"shortest_distance":3.3508887116,"num_points":242,"plane_center_x":-0.3192407191,"plane_center_y":-2.9268653393,"plane_center_z":1.1998747587,"color_id":4}}