{"0":{"ros_timestamp":"1695745424.9544952","wall_type":"floor","a":-0.0018164028,"b":0.0001980043,"c":0.9999983311,"d":-0.0019546323,"shortest_distance":0.9976544968,"num_points":786,"plane_center_x":-0.1912140399,"plane_center_y":0.2104284614,"plane_center_z":0.0015656475,"color_id":0},"1":{"ros_timestamp":"1695745424.9544952","wall_type":"left","a":0.9999754429,"b":0.0065047382,"c":0.0025975863,"d":1.3233703375,"shortest_distance":1.5764852964,"num_points":1190,"plane_center_x":-1.3260467052,"plane_center_y":-0.0251760501,"plane_center_z":1.0457383394,"color_id":1},"2":{"ros_timestamp":"1695745424.9544952","wall_type":"right","a":0.9999524355,"b":0.00975239,"c":-0.0001162208,"d":-1.3341622353,"shortest_distance":1.082366836,"num_points":212,"plane_center_x":1.3116022348,"plane_center_y":2.3334941864,"plane_center_z":1.160545826,"color_id":2},"3":{"ros_timestamp":"1695745424.9544952","wall_type":"front","a":0.004965377,"b":-0.9999876618,"c":0.0000241257,"d":2.9277644157,"shortest_distance":2.4979661973,"num_points":371,"plane_center_x":0.0072266106,"plane_center_y":2.9278669357,"plane_center_z":1.2616326809,"color_id":3},"4":{"ros_timestamp":"1695745424.9544952","wall_type":"back","a":0.0055419044,"b":-0.999984622,"c":-0.0000064347,"d":-2.925059557,"shortest_distance":3.3547443056,"num_points":242,"plane_center_x":-0.313090235,"plane_center_y":-2.9268474579,"plane_center_z":1.1998808384,"color_id":4}}