{"0":{"ros_timestamp":"1695745425.0139394","wall_type":"floor","a":-0.0018090031,"b":0.0001882921,"c":0.9999983311,"d":-0.0019320539,"shortest_distance":0.997674737,"num_points":786,"plane_center_x":-0.1891560405,"plane_center_y":0.2088621259,"plane_center_z":0.0015505456,"color_id":0},"1":{"ros_timestamp":"1695745425.0139394","wall_type":"left","a":0.9999735355,"b":0.0070078089,"c":0.0019680904,"d":1.3234996796,"shortest_distance":1.5762014521,"num_points":1191,"plane_center_x":-1.325242877,"plane_center_y":-0.0264008734,"plane_center_z":1.0448629856,"color_id":1},"2":{"ros_timestamp":"1695745425.0139394","wall_type":"right","a":0.9999524355,"b":0.00975239,"c":-0.0001162208,"d":-1.3341622353,"shortest_distance":1.082366836,"num_points":212,"plane_center_x":1.3116022348,"plane_center_y":2.3334941864,"plane_center_z":1.160545826,"color_id":2},"3":{"ros_timestamp":"1695745425.0139394","wall_type":"front","a":0.004965377,"b":-0.9999876618,"c":0.0000241257,"d":2.9277644157,"shortest_distance":2.4979661973,"num_points":371,"plane_center_x":0.0072266106,"plane_center_y":2.9278669357,"plane_center_z":1.2616326809,"color_id":3},"4":{"ros_timestamp":"1695745425.0139394","wall_type":"back","a":0.0056590065,"b":-0.999984026,"c":-0.0000051282,"d":-2.924998045,"shortest_distance":3.3546520212,"num_points":242,"plane_center_x":-0.3145999312,"plane_center_y":-2.9268312454,"plane_center_z":1.1998798847,"color_id":4}}