{"0":{"ros_timestamp":"1695745425.1057725","wall_type":"floor","a":-0.0017467336,"b":0.0001751116,"c":0.9999985099,"d":-0.001916434,"shortest_distance":0.9977042,"num_points":796,"plane_center_x":-0.192482397,"plane_center_y":0.1813539863,"plane_center_z":0.0015484637,"color_id":0},"1":{"ros_timestamp":"1695745425.1057725","wall_type":"left","a":0.9999754429,"b":0.0064692944,"c":0.0027042916,"d":1.3232153654,"shortest_distance":1.5742713202,"num_points":1188,"plane_center_x":-1.3261095285,"plane_center_y":-0.0228067879,"plane_center_z":1.0474669933,"color_id":1},"2":{"ros_timestamp":"1695745425.1057725","wall_type":"right","a":0.9999524355,"b":0.00975239,"c":-0.0001162208,"d":-1.3341622353,"shortest_distance":1.0845130827,"num_points":212,"plane_center_x":1.3116022348,"plane_center_y":2.3334941864,"plane_center_z":1.160545826,"color_id":2},"3":{"ros_timestamp":"1695745425.1057725","wall_type":"front","a":0.004965377,"b":-0.9999876618,"c":0.0000241257,"d":2.9277644157,"shortest_distance":2.4967222909,"num_points":371,"plane_center_x":0.0072266106,"plane_center_y":2.9278669357,"plane_center_z":1.2616326809,"color_id":3},"4":{"ros_timestamp":"1695745425.1057725","wall_type":"back","a":0.0054955841,"b":-0.99998492,"c":-0.0000027374,"d":-2.9250881672,"shortest_distance":3.3560257267,"num_points":242,"plane_center_x":-0.3151132762,"plane_center_y":-2.9268672466,"plane_center_z":1.1998850107,"color_id":4}}