{"0":{"ros_timestamp":"1695745425.1696856","wall_type":"floor","a":-0.0018696978,"b":0.0002196517,"c":0.9999982119,"d":-0.001984885,"shortest_distance":0.9976245768,"num_points":797,"plane_center_x":-0.1913114637,"plane_center_y":0.177384004,"plane_center_z":0.0015882306,"color_id":0},"1":{"ros_timestamp":"1695745425.1696856","wall_type":"left","a":0.9999732971,"b":0.0070880358,"c":0.0018030753,"d":1.3237222433,"shortest_distance":1.5741439258,"num_points":1189,"plane_center_x":-1.325314045,"plane_center_y":-0.0231963135,"plane_center_z":1.0465919971,"color_id":1},"2":{"ros_timestamp":"1695745425.1696856","wall_type":"right","a":0.9999524355,"b":0.00975239,"c":-0.0001162208,"d":-1.3341622353,"shortest_distance":1.0845130827,"num_points":212,"plane_center_x":1.3116022348,"plane_center_y":2.3334941864,"plane_center_z":1.160545826,"color_id":2},"3":{"ros_timestamp":"1695745425.1696856","wall_type":"front","a":0.004965377,"b":-0.9999876618,"c":0.0000241257,"d":2.9277644157,"shortest_distance":2.4967222909,"num_points":371,"plane_center_x":0.0072266106,"plane_center_y":2.9278669357,"plane_center_z":1.2616326809,"color_id":3},"4":{"ros_timestamp":"1695745425.1696856","wall_type":"back","a":0.0058751726,"b":-0.9999827147,"c":0.0000010755,"d":-2.9248964787,"shortest_distance":3.3557362183,"num_points":263,"plane_center_x":-0.2747927308,"plane_center_y":-2.9265601635,"plane_center_z":1.2034956217,"color_id":4}}