{"0":{"ros_timestamp":"1695745425.4265237","wall_type":"floor","a":-0.0018544812,"b":0.0002106634,"c":0.9999982119,"d":-0.0019660704,"shortest_distance":0.9976475442,"num_points":801,"plane_center_x":-0.191211164,"plane_center_y":0.1669246256,"plane_center_z":0.0015763108,"color_id":0},"1":{"ros_timestamp":"1695745425.4265237","wall_type":"left","a":0.9999750853,"b":0.0065766047,"c":0.0025487347,"d":1.3235033751,"shortest_distance":1.5722937604,"num_points":1189,"plane_center_x":-1.3261321783,"plane_center_y":-0.023854753,"plane_center_z":1.0466089249,"color_id":1},"2":{"ros_timestamp":"1695745425.4265237","wall_type":"right","a":0.9999524355,"b":0.00975239,"c":-0.0001162208,"d":-1.3341622353,"shortest_distance":1.0866655735,"num_points":212,"plane_center_x":1.3116022348,"plane_center_y":2.3334941864,"plane_center_z":1.160545826,"color_id":2},"3":{"ros_timestamp":"1695745425.4265237","wall_type":"front","a":0.004965377,"b":-0.9999876618,"c":0.0000241257,"d":2.9277644157,"shortest_distance":2.4954891611,"num_points":371,"plane_center_x":0.0072266106,"plane_center_y":2.9278669357,"plane_center_z":1.2616326809,"color_id":3},"4":{"ros_timestamp":"1695745425.4265237","wall_type":"back","a":0.0056458893,"b":-0.999984026,"c":-0.0000134671,"d":-2.924998045,"shortest_distance":3.3571438267,"num_points":264,"plane_center_x":-0.2725313604,"plane_center_y":-2.9265995026,"plane_center_z":1.1999101639,"color_id":4}}