{"0":{"ros_timestamp":"1695745425.6244955","wall_type":"floor","a":-0.001818776,"b":0.0002050535,"c":0.9999983311,"d":-0.0019606296,"shortest_distance":0.9976635067,"num_points":805,"plane_center_x":-0.192592591,"plane_center_y":0.1553177387,"plane_center_z":0.001578501,"color_id":0},"1":{"ros_timestamp":"1695745425.6244955","wall_type":"left","a":0.9999762177,"b":0.0065750931,"c":0.0020625188,"d":1.3242019415,"shortest_distance":1.5703431587,"num_points":1187,"plane_center_x":-1.3262553215,"plane_center_y":-0.0213567596,"plane_center_z":1.048348546,"color_id":1},"2":{"ros_timestamp":"1695745425.6244955","wall_type":"right","a":0.9999524355,"b":0.00975239,"c":-0.0001162208,"d":-1.3341622353,"shortest_distance":1.0888242546,"num_points":212,"plane_center_x":1.3116022348,"plane_center_y":2.3334941864,"plane_center_z":1.160545826,"color_id":2},"3":{"ros_timestamp":"1695745425.6244955","wall_type":"front","a":0.004965377,"b":-0.9999876618,"c":0.0000241257,"d":2.9277644157,"shortest_distance":2.4942668389,"num_points":371,"plane_center_x":0.0072266106,"plane_center_y":2.9278669357,"plane_center_z":1.2616326809,"color_id":3},"4":{"ros_timestamp":"1695745425.6244955","wall_type":"back","a":0.0056250868,"b":-0.9999842048,"c":-0.0000046529,"d":-2.9250187874,"shortest_distance":3.3583844395,"num_points":264,"plane_center_x":-0.2704242468,"plane_center_y":-2.9265918732,"plane_center_z":1.1999293566,"color_id":4}}