{"0":{"ros_timestamp":"1695745426.2588515","wall_type":"floor","a":-0.001776985,"b":0.0001835328,"c":0.9999983907,"d":-0.0019193845,"shortest_distance":0.997717847,"num_points":814,"plane_center_x":-0.192889303,"plane_center_y":0.1291837096,"plane_center_z":0.001552916,"color_id":0},"1":{"ros_timestamp":"1695745426.2588515","wall_type":"left","a":0.9999765158,"b":0.0064855753,"c":0.0021962586,"d":1.3240183592,"shortest_distance":1.5637300088,"num_points":1185,"plane_center_x":-1.3263375759,"plane_center_y":-0.0160381794,"plane_center_z":1.0500665903,"color_id":1},"2":{"ros_timestamp":"1695745426.2588515","wall_type":"right","a":0.9999524355,"b":0.00975239,"c":-0.0001162208,"d":-1.3341622353,"shortest_distance":1.0953368995,"num_points":212,"plane_center_x":1.3116022348,"plane_center_y":2.3334941864,"plane_center_z":1.160545826,"color_id":2},"3":{"ros_timestamp":"1695745426.2588515","wall_type":"front","a":0.004965377,"b":-0.9999876618,"c":0.0000241257,"d":2.9277644157,"shortest_distance":2.490665021,"num_points":371,"plane_center_x":0.0072266106,"plane_center_y":2.9278669357,"plane_center_z":1.2616326809,"color_id":3},"4":{"ros_timestamp":"1695745426.2588515","wall_type":"back","a":0.0056683831,"b":-0.9999839664,"c":-0.0000104189,"d":-2.9249930382,"shortest_distance":3.3619602954,"num_points":264,"plane_center_x":-0.2634218931,"plane_center_y":-2.92654562,"plane_center_z":1.1998560429,"color_id":4}}