{"0":{"ros_timestamp":"1695745324.8431575","wall_type":"floor","a":0.000280081,"b":0.0002867715,"c":0.9999998808,"d":-0.0027061871,"shortest_distance":0.9971680116,"num_points":368,"plane_center_x":0.0517509282,"plane_center_y":2.1776156425,"plane_center_z":0.0020672148,"color_id":0},"1":{"ros_timestamp":"1695745324.8431575","wall_type":"left","a":0.9999801517,"b":0.0063013965,"c":0.0000071153,"d":1.3279721737,"shortest_distance":1.4551660786,"num_points":325,"plane_center_x":-1.3389388323,"plane_center_y":1.7348901033,"plane_center_z":1.1085749865,"color_id":1},"2":{"ros_timestamp":"1695745324.8431575","wall_type":"right","a":0.9999524355,"b":0.00975239,"c":-0.0001162208,"d":-1.3341622353,"shortest_distance":1.2087510976,"num_points":212,"plane_center_x":1.3116022348,"plane_center_y":2.3334941864,"plane_center_z":1.160545826,"color_id":2}}