{"0":{"ros_timestamp":"1695745426.7152355","wall_type":"floor","a":-0.0018213858,"b":0.0001856339,"c":0.9999983311,"d":-0.0019113334,"shortest_distance":0.9977247546,"num_points":815,"plane_center_x":-0.1863792986,"plane_center_y":0.1233574226,"plane_center_z":0.001548968,"color_id":0},"1":{"ros_timestamp":"1695745426.7152355","wall_type":"left","a":0.9999764562,"b":0.0065537123,"c":0.0020237276,"d":1.3242747784,"shortest_distance":1.5594644558,"num_points":1188,"plane_center_x":-1.3262426853,"plane_center_y":-0.0217012111,"plane_center_z":1.0474574566,"color_id":1},"2":{"ros_timestamp":"1695745426.7152355","wall_type":"right","a":0.9999524355,"b":0.00975239,"c":-0.0001162208,"d":-1.3341622353,"shortest_distance":1.0997086208,"num_points":212,"plane_center_x":1.3116022348,"plane_center_y":2.3334941864,"plane_center_z":1.160545826,"color_id":2},"3":{"ros_timestamp":"1695745426.7152355","wall_type":"front","a":0.004965377,"b":-0.9999876618,"c":0.0000241257,"d":2.9277644157,"shortest_distance":2.4883183995,"num_points":371,"plane_center_x":0.0072266106,"plane_center_y":2.9278669357,"plane_center_z":1.2616326809,"color_id":3},"4":{"ros_timestamp":"1695745426.7152355","wall_type":"back","a":0.0057872897,"b":-0.9999832511,"c":0.0000056635,"d":-2.9249541759,"shortest_distance":3.3642274711,"num_points":281,"plane_center_x":-0.232062459,"plane_center_y":-2.9263393879,"plane_center_z":1.2150378227,"color_id":4}}