{"0":{"ros_timestamp":"1695745426.8220847","wall_type":"floor","a":-0.0017644631,"b":0.000180284,"c":0.9999985099,"d":-0.0019102567,"shortest_distance":0.9977407846,"num_points":819,"plane_center_x":-0.1864473671,"plane_center_y":0.1117598787,"plane_center_z":0.0015611311,"color_id":0},"1":{"ros_timestamp":"1695745426.8220847","wall_type":"left","a":0.9999716878,"b":0.007272487,"c":0.0019671873,"d":1.3235604763,"shortest_distance":1.556811517,"num_points":1187,"plane_center_x":-1.3255119324,"plane_center_y":-0.0205002818,"plane_center_z":1.0483289957,"color_id":1},"2":{"ros_timestamp":"1695745426.8220847","wall_type":"right","a":0.9999524355,"b":0.00975239,"c":-0.0001162208,"d":-1.3341622353,"shortest_distance":1.1019033051,"num_points":212,"plane_center_x":1.3116022348,"plane_center_y":2.3334941864,"plane_center_z":1.160545826,"color_id":2},"3":{"ros_timestamp":"1695745426.8220847","wall_type":"front","a":0.004965377,"b":-0.9999876618,"c":0.0000241257,"d":2.9277644157,"shortest_distance":2.4871615542,"num_points":371,"plane_center_x":0.0072266106,"plane_center_y":2.9278669357,"plane_center_z":1.2616326809,"color_id":3},"4":{"ros_timestamp":"1695745426.8220847","wall_type":"back","a":0.0060158856,"b":-0.9999819398,"c":0.0000110188,"d":-2.9248485565,"shortest_distance":3.3652223056,"num_points":282,"plane_center_x":-0.2294441164,"plane_center_y":-2.9262683392,"plane_center_z":1.2127518654,"color_id":4}}