{"0":{"ros_timestamp":"1695745427.3777785","wall_type":"floor","a":-0.0016496165,"b":0.0001479466,"c":0.9999986887,"d":-0.0018664127,"shortest_distance":0.9978082102,"num_points":826,"plane_center_x":-0.1807562262,"plane_center_y":0.0906474218,"plane_center_z":0.0015548255,"color_id":0},"1":{"ros_timestamp":"1695745427.3777785","wall_type":"left","a":0.9999737144,"b":0.0069396277,"c":0.0020750589,"d":1.3235324621,"shortest_distance":1.5501166627,"num_points":1188,"plane_center_x":-1.3255343437,"plane_center_y":-0.0238031112,"plane_center_z":1.0474550724,"color_id":1},"2":{"ros_timestamp":"1695745427.3777785","wall_type":"right","a":0.9999524355,"b":0.00975239,"c":-0.0001162208,"d":-1.3341622353,"shortest_distance":1.1085219942,"num_points":212,"plane_center_x":1.3116022348,"plane_center_y":2.3334941864,"plane_center_z":1.160545826,"color_id":2},"3":{"ros_timestamp":"1695745427.3777785","wall_type":"front","a":0.004965377,"b":-0.9999876618,"c":0.0000241257,"d":2.9277644157,"shortest_distance":2.4837572265,"num_points":371,"plane_center_x":0.0072266106,"plane_center_y":2.9278669357,"plane_center_z":1.2616326809,"color_id":3},"4":{"ros_timestamp":"1695745427.3777785","wall_type":"back","a":0.0059692534,"b":-0.9999821782,"c":0.0000144827,"d":-2.9248788357,"shortest_distance":3.3686709868,"num_points":282,"plane_center_x":-0.2240043879,"plane_center_y":-2.9262506962,"plane_center_z":1.2127584219,"color_id":4}}