{"0":{"ros_timestamp":"1695745325.0033906","wall_type":"floor","a":0.0002548789,"b":0.0002224327,"c":0.9999998808,"d":-0.002512383,"shortest_distance":0.9973901848,"num_points":373,"plane_center_x":0.0580012873,"plane_center_y":2.182785511,"plane_center_z":0.002012077,"color_id":0},"1":{"ros_timestamp":"1695745325.0033906","wall_type":"left","a":0.9999746084,"b":0.0071212812,"c":-0.000042009,"d":1.3242805004,"shortest_distance":1.4534332716,"num_points":325,"plane_center_x":-1.3366369009,"plane_center_y":1.7369078398,"plane_center_z":1.1085916758,"color_id":1},"2":{"ros_timestamp":"1695745325.0033906","wall_type":"right","a":0.9999524355,"b":0.00975239,"c":-0.0001162208,"d":-1.3341622353,"shortest_distance":1.2063473773,"num_points":212,"plane_center_x":1.3116022348,"plane_center_y":2.3334941864,"plane_center_z":1.160545826,"color_id":2}}