{"0":{"ros_timestamp":"1695745428.075113","wall_type":"floor","a":-0.0016834142,"b":0.0001320597,"c":0.9999985695,"d":-0.0018150003,"shortest_distance":0.9978567265,"num_points":830,"plane_center_x":-0.1714086086,"plane_center_y":0.0744737238,"plane_center_z":0.0015166159,"color_id":0},"1":{"ros_timestamp":"1695745428.075113","wall_type":"left","a":0.9999744892,"b":0.0068451832,"c":0.0020305696,"d":1.3241698742,"shortest_distance":1.5439885258,"num_points":1191,"plane_center_x":-1.3259638548,"plane_center_y":-0.028892206,"plane_center_z":1.0448327065,"color_id":1},"2":{"ros_timestamp":"1695745428.075113","wall_type":"right","a":0.9999524355,"b":0.00975239,"c":-0.0001162208,"d":-1.3341622353,"shortest_distance":1.1151914776,"num_points":212,"plane_center_x":1.3116022348,"plane_center_y":2.3334941864,"plane_center_z":1.160545826,"color_id":2},"3":{"ros_timestamp":"1695745428.075113","wall_type":"front","a":0.004965377,"b":-0.9999876618,"c":0.0000241257,"d":2.9277644157,"shortest_distance":2.480452804,"num_points":371,"plane_center_x":0.0072266106,"plane_center_y":2.9278669357,"plane_center_z":1.2616326809,"color_id":3},"4":{"ros_timestamp":"1695745428.075113","wall_type":"back","a":0.0059231808,"b":-0.9999825358,"c":0.0000118187,"d":-2.9249026775,"shortest_distance":3.372018396,"num_points":298,"plane_center_x":-0.1900593638,"plane_center_y":-2.9260649681,"plane_center_z":1.2282350063,"color_id":4}}