{"0":{"ros_timestamp":"1695745428.6844354","wall_type":"floor","a":-0.0016505072,"b":0.0001162386,"c":0.9999986291,"d":-0.0017815356,"shortest_distance":0.9979017292,"num_points":841,"plane_center_x":-0.172237739,"plane_center_y":0.0468715653,"plane_center_z":0.0014918097,"color_id":0},"1":{"ros_timestamp":"1695745428.6844354","wall_type":"left","a":0.9999760985,"b":0.0064708469,"c":0.0024424049,"d":1.323677659,"shortest_distance":1.5370112274,"num_points":1188,"plane_center_x":-1.3262319565,"plane_center_y":-0.0254777502,"plane_center_z":1.047462225,"color_id":1},"2":{"ros_timestamp":"1695745428.6844354","wall_type":"right","a":0.9999524355,"b":0.00975239,"c":-0.0001162208,"d":-1.3341622353,"shortest_distance":1.1219102546,"num_points":212,"plane_center_x":1.3116022348,"plane_center_y":2.3334941864,"plane_center_z":1.160545826,"color_id":2},"3":{"ros_timestamp":"1695745428.6844354","wall_type":"front","a":0.004965377,"b":-0.9999876618,"c":0.0000241257,"d":2.9277644157,"shortest_distance":2.4772490302,"num_points":371,"plane_center_x":0.0072266106,"plane_center_y":2.9278669357,"plane_center_z":1.2616326809,"color_id":3},"4":{"ros_timestamp":"1695745428.6844354","wall_type":"back","a":0.0058842269,"b":-0.9999827147,"c":0.0000062367,"d":-2.9249148369,"shortest_distance":3.3752547148,"num_points":299,"plane_center_x":-0.1840085983,"plane_center_y":-2.926040411,"plane_center_z":1.2264515162,"color_id":4}}