{"0":{"ros_timestamp":"1695745428.942397","wall_type":"floor","a":-0.0017130882,"b":0.000121727,"c":0.9999985099,"d":-0.0017603209,"shortest_distance":0.9979203052,"num_points":835,"plane_center_x":-0.1634865999,"plane_center_y":0.0422316007,"plane_center_z":0.0014751154,"color_id":0},"1":{"ros_timestamp":"1695745428.942397","wall_type":"left","a":0.9999602437,"b":0.0065520648,"c":0.0060523511,"d":1.3187839985,"shortest_distance":1.5312483492,"num_points":1195,"plane_center_x":-1.3261934519,"plane_center_y":-0.0230850372,"plane_center_z":1.0413686037,"color_id":1},"2":{"ros_timestamp":"1695745428.942397","wall_type":"right","a":0.9999524355,"b":0.00975239,"c":-0.0001162208,"d":-1.3341622353,"shortest_distance":1.1264160785,"num_points":212,"plane_center_x":1.3116022348,"plane_center_y":2.3334941864,"plane_center_z":1.160545826,"color_id":2},"3":{"ros_timestamp":"1695745428.942397","wall_type":"front","a":0.004965377,"b":-0.9999876618,"c":0.0000241257,"d":2.9277644157,"shortest_distance":2.4751694538,"num_points":371,"plane_center_x":0.0072266106,"plane_center_y":2.9278669357,"plane_center_z":1.2616326809,"color_id":3},"4":{"ros_timestamp":"1695745428.942397","wall_type":"back","a":0.0057548741,"b":-0.9999834895,"c":-0.000017025,"d":-2.9249444008,"shortest_distance":3.3774178578,"num_points":299,"plane_center_x":-0.1820013523,"plane_center_y":-2.9260611534,"plane_center_z":1.2265249491,"color_id":4}}