{"0":{"ros_timestamp":"1695745429.104902","wall_type":"floor","a":-0.0015852449,"b":0.0001018336,"c":0.9999986887,"d":-0.0017617577,"shortest_distance":0.9979397691,"num_points":848,"plane_center_x":-0.1697894931,"plane_center_y":0.0254637077,"plane_center_z":0.0014900087,"color_id":0},"1":{"ros_timestamp":"1695745429.104902","wall_type":"left","a":0.9999778271,"b":0.0063333334,"c":0.0020550701,"d":1.3246513605,"shortest_distance":1.5307586767,"num_points":1187,"plane_center_x":-1.3266919851,"plane_center_y":-0.0226051025,"plane_center_z":1.0483064651,"color_id":1},"2":{"ros_timestamp":"1695745429.104902","wall_type":"right","a":0.9999524355,"b":0.00975239,"c":-0.0001162208,"d":-1.3341622353,"shortest_distance":1.1286768135,"num_points":212,"plane_center_x":1.3116022348,"plane_center_y":2.3334941864,"plane_center_z":1.160545826,"color_id":2},"3":{"ros_timestamp":"1695745429.104902","wall_type":"front","a":0.004965377,"b":-0.9999876618,"c":0.0000241257,"d":2.9277644157,"shortest_distance":2.4741466259,"num_points":371,"plane_center_x":0.0072266106,"plane_center_y":2.9278669357,"plane_center_z":1.2616326809,"color_id":3},"4":{"ros_timestamp":"1695745429.104902","wall_type":"back","a":0.0056675617,"b":-0.9999839067,"c":-0.0000254327,"d":-2.9249722958,"shortest_distance":3.3784968062,"num_points":299,"plane_center_x":-0.1829984039,"plane_center_y":-2.9260878563,"plane_center_z":1.2265253067,"color_id":4}}