{"0":{"ros_timestamp":"1695745429.1837003","wall_type":"floor","a":-0.0015925253,"b":0.0000990924,"c":0.9999986887,"d":-0.0017530398,"shortest_distance":0.9979457648,"num_points":848,"plane_center_x":-0.1679490805,"plane_center_y":0.0251783971,"plane_center_z":0.0014830836,"color_id":0},"1":{"ros_timestamp":"1695745429.1837003","wall_type":"left","a":0.9999741316,"b":0.0069075348,"c":0.0019920198,"d":1.3237675428,"shortest_distance":1.5300721584,"num_points":1188,"plane_center_x":-1.3256736994,"plane_center_y":-0.0250606127,"plane_center_z":1.0474208593,"color_id":1},"2":{"ros_timestamp":"1695745429.1837003","wall_type":"right","a":0.9999524355,"b":0.00975239,"c":-0.0001162208,"d":-1.3341622353,"shortest_distance":1.1286768135,"num_points":212,"plane_center_x":1.3116022348,"plane_center_y":2.3334941864,"plane_center_z":1.160545826,"color_id":2},"3":{"ros_timestamp":"1695745429.1837003","wall_type":"front","a":0.004965377,"b":-0.9999876618,"c":0.0000241257,"d":2.9277644157,"shortest_distance":2.4741466259,"num_points":371,"plane_center_x":0.0072266106,"plane_center_y":2.9278669357,"plane_center_z":1.2616326809,"color_id":3},"4":{"ros_timestamp":"1695745429.1837003","wall_type":"back","a":0.0060003917,"b":-0.9999819398,"c":0.0000090742,"d":-2.9248683453,"shortest_distance":3.3782905835,"num_points":299,"plane_center_x":-0.1825277656,"plane_center_y":-2.9260053635,"plane_center_z":1.2265254259,"color_id":4}}