{"0":{"ros_timestamp":"1695745429.3218973","wall_type":"floor","a":-0.0015315858,"b":0.0000935646,"c":0.9999988079,"d":-0.0017515675,"shortest_distance":0.9979606584,"num_points":849,"plane_center_x":-0.1614408791,"plane_center_y":0.0212373454,"plane_center_z":0.0015023216,"color_id":0},"1":{"ros_timestamp":"1695745429.3218973","wall_type":"left","a":0.9999709129,"b":0.0072673489,"c":0.0023236694,"d":1.3231184483,"shortest_distance":1.5276491711,"num_points":1191,"plane_center_x":-1.3253545761,"plane_center_y":-0.0280845035,"plane_center_z":1.0447921753,"color_id":1},"2":{"ros_timestamp":"1695745429.3218973","wall_type":"right","a":0.9999524355,"b":0.00975239,"c":-0.0001162208,"d":-1.3341622353,"shortest_distance":1.1309426885,"num_points":212,"plane_center_x":1.3116022348,"plane_center_y":2.3334941864,"plane_center_z":1.160545826,"color_id":2},"3":{"ros_timestamp":"1695745429.3218973","wall_type":"front","a":0.004965377,"b":-0.9999876618,"c":0.0000241257,"d":2.9277644157,"shortest_distance":2.473135139,"num_points":371,"plane_center_x":0.0072266106,"plane_center_y":2.9278669357,"plane_center_z":1.2616326809,"color_id":3},"4":{"ros_timestamp":"1695745429.3218973","wall_type":"back","a":0.0063310019,"b":-0.9999799132,"c":0.000039284,"d":-2.9247660637,"shortest_distance":3.3791052045,"num_points":315,"plane_center_x":-0.1476414353,"plane_center_y":-2.9257106781,"plane_center_z":1.2404340506,"color_id":4}}