{"0":{"ros_timestamp":"1695745429.5786786","wall_type":"floor","a":-0.0015385738,"b":0.0000790884,"c":0.9999988079,"d":-0.0017150473,"shortest_distance":0.9979927705,"num_points":852,"plane_center_x":-0.1551717371,"plane_center_y":0.010937768,"plane_center_z":0.0014754408,"color_id":0},"1":{"ros_timestamp":"1695745429.5786786","wall_type":"left","a":0.9999708533,"b":0.0071468633,"c":0.0027018443,"d":1.322555542,"shortest_distance":1.525135909,"num_points":1193,"plane_center_x":-1.3252300024,"plane_center_y":-0.0315550528,"plane_center_z":1.0430618525,"color_id":1},"2":{"ros_timestamp":"1695745429.5786786","wall_type":"right","a":0.9999524355,"b":0.00975239,"c":-0.0001162208,"d":-1.3341622353,"shortest_distance":1.1332136469,"num_points":212,"plane_center_x":1.3116022348,"plane_center_y":2.3334941864,"plane_center_z":1.160545826,"color_id":2},"3":{"ros_timestamp":"1695745429.5786786","wall_type":"front","a":0.004965377,"b":-0.9999876618,"c":0.0000241257,"d":2.9277644157,"shortest_distance":2.4721350184,"num_points":371,"plane_center_x":0.0072266106,"plane_center_y":2.9278669357,"plane_center_z":1.2616326809,"color_id":3},"4":{"ros_timestamp":"1695745429.5786786","wall_type":"back","a":0.0062461304,"b":-0.9999805093,"c":0.0000367832,"d":-2.9247996807,"shortest_distance":3.3801612992,"num_points":315,"plane_center_x":-0.1471345872,"plane_center_y":-2.92572999,"plane_center_z":1.2404537201,"color_id":4}}