{"0":{"ros_timestamp":"1695745325.1675568","wall_type":"floor","a":0.0003201599,"b":0.0001994897,"c":0.9999998808,"d":-0.0024912155,"shortest_distance":0.9974318886,"num_points":375,"plane_center_x":0.0606083684,"plane_center_y":2.1848506927,"plane_center_z":0.0020359561,"color_id":0},"1":{"ros_timestamp":"1695745325.1675568","wall_type":"left","a":0.9999786615,"b":0.0065395371,"c":-0.0000079893,"d":1.3250688314,"shortest_distance":1.4569332259,"num_points":325,"plane_center_x":-1.3364180326,"plane_center_y":1.7324616909,"plane_center_z":1.1085954905,"color_id":1},"2":{"ros_timestamp":"1695745325.1675568","wall_type":"right","a":0.9999524355,"b":0.00975239,"c":-0.0001162208,"d":-1.3341622353,"shortest_distance":1.2039468553,"num_points":212,"plane_center_x":1.3116022348,"plane_center_y":2.3334941864,"plane_center_z":1.160545826,"color_id":2}}