{"0":{"ros_timestamp":"1695745429.8352737","wall_type":"floor","a":-0.001498896,"b":0.0000674296,"c":0.9999988675,"d":-0.0016960131,"shortest_distance":0.9980178351,"num_points":856,"plane_center_x":-0.1497680694,"plane_center_y":-0.0014852202,"plane_center_z":0.0014716281,"color_id":0},"1":{"ros_timestamp":"1695745429.8352737","wall_type":"left","a":0.9999726415,"b":0.0068198107,"c":0.0028671739,"d":1.3229777813,"shortest_distance":1.5232956382,"num_points":1194,"plane_center_x":-1.3258211613,"plane_center_y":-0.0330222957,"plane_center_z":1.0422050953,"color_id":1},"2":{"ros_timestamp":"1695745429.8352737","wall_type":"right","a":0.9999524355,"b":0.00975239,"c":-0.0001162208,"d":-1.3341622353,"shortest_distance":1.1354896319,"num_points":212,"plane_center_x":1.3116022348,"plane_center_y":2.3334941864,"plane_center_z":1.160545826,"color_id":2},"3":{"ros_timestamp":"1695745429.8352737","wall_type":"front","a":0.004965377,"b":-0.9999876618,"c":0.0000241257,"d":2.9277644157,"shortest_distance":2.4711462891,"num_points":371,"plane_center_x":0.0072266106,"plane_center_y":2.9278669357,"plane_center_z":1.2616326809,"color_id":3},"4":{"ros_timestamp":"1695745429.8352737","wall_type":"back","a":0.0059209485,"b":-0.9999825358,"c":-0.0000029823,"d":-2.9248905182,"shortest_distance":3.3813475116,"num_points":315,"plane_center_x":-0.1454612017,"plane_center_y":-2.9258065224,"plane_center_z":1.2404766083,"color_id":4}}