{"0":{"ros_timestamp":"1695745429.9245539","wall_type":"floor","a":-0.00151906,"b":0.0000661546,"c":0.9999988675,"d":-0.0016874814,"shortest_distance":0.9980253779,"num_points":856,"plane_center_x":-0.1496420056,"plane_center_y":-0.0018024105,"plane_center_z":0.001460287,"color_id":0},"1":{"ros_timestamp":"1695745429.9245539","wall_type":"left","a":0.9999720454,"b":0.0070681749,"c":0.0024333827,"d":1.3229387999,"shortest_distance":1.5206528546,"num_points":1194,"plane_center_x":-1.3251945972,"plane_center_y":-0.0332764387,"plane_center_z":1.0422167778,"color_id":1},"2":{"ros_timestamp":"1695745429.9245539","wall_type":"right","a":0.9999524355,"b":0.00975239,"c":-0.0001162208,"d":-1.3341622353,"shortest_distance":1.1377705867,"num_points":212,"plane_center_x":1.3116022348,"plane_center_y":2.3334941864,"plane_center_z":1.160545826,"color_id":2},"3":{"ros_timestamp":"1695745429.9245539","wall_type":"front","a":0.004965377,"b":-0.9999876618,"c":0.0000241257,"d":2.9277644157,"shortest_distance":2.4701689759,"num_points":371,"plane_center_x":0.0072266106,"plane_center_y":2.9278669357,"plane_center_z":1.2616326809,"color_id":3},"4":{"ros_timestamp":"1695745429.9245539","wall_type":"back","a":0.0062510045,"b":-0.9999804497,"c":0.000026436,"d":-2.9247863293,"shortest_distance":3.3821293205,"num_points":315,"plane_center_x":-0.1444397569,"plane_center_y":-2.9257135391,"plane_center_z":1.2404811382,"color_id":4}}