{"0":{"ros_timestamp":"1695745429.9837499","wall_type":"floor","a":-0.0014938284,"b":0.0000676455,"c":0.9999988675,"d":-0.0016977401,"shortest_distance":0.9980206863,"num_points":859,"plane_center_x":-0.153428942,"plane_center_y":-0.0078666285,"plane_center_z":0.0014690773,"color_id":0},"1":{"ros_timestamp":"1695745429.9837499","wall_type":"left","a":0.9999750853,"b":0.0066485447,"c":0.0023947076,"d":1.3237076998,"shortest_distance":1.5211911266,"num_points":1191,"plane_center_x":-1.3260487318,"plane_center_y":-0.029186422,"plane_center_z":1.0448355675,"color_id":1},"2":{"ros_timestamp":"1695745429.9837499","wall_type":"right","a":0.9999524355,"b":0.00975239,"c":-0.0001162208,"d":-1.3341622353,"shortest_distance":1.1377705867,"num_points":212,"plane_center_x":1.3116022348,"plane_center_y":2.3334941864,"plane_center_z":1.160545826,"color_id":2},"3":{"ros_timestamp":"1695745429.9837499","wall_type":"front","a":0.004965377,"b":-0.9999876618,"c":0.0000241257,"d":2.9277644157,"shortest_distance":2.4701689759,"num_points":371,"plane_center_x":0.0072266106,"plane_center_y":2.9278669357,"plane_center_z":1.2616326809,"color_id":3},"4":{"ros_timestamp":"1695745429.9837499","wall_type":"back","a":0.005926183,"b":-0.9999824762,"c":-0.0000095742,"d":-2.9248805046,"shortest_distance":3.3823226506,"num_points":315,"plane_center_x":-0.1438674629,"plane_center_y":-2.9257962704,"plane_center_z":1.240491271,"color_id":4}}