{"0":{"ros_timestamp":"1695745430.4242637","wall_type":"floor","a":-0.0014717253,"b":0.0000495863,"c":0.9999988675,"d":-0.0016564378,"shortest_distance":0.9980682809,"num_points":866,"plane_center_x":-0.1465044171,"plane_center_y":-0.0274651684,"plane_center_z":0.0014421871,"color_id":0},"1":{"ros_timestamp":"1695745430.4242637","wall_type":"left","a":0.9999754429,"b":0.0064992812,"c":0.0026178998,"d":1.3237564564,"shortest_distance":1.5145133138,"num_points":1192,"plane_center_x":-1.3263571262,"plane_center_y":-0.0323890671,"plane_center_z":1.043967247,"color_id":1},"2":{"ros_timestamp":"1695745430.4242637","wall_type":"right","a":0.9999524355,"b":0.00975239,"c":-0.0001162208,"d":-1.3341622353,"shortest_distance":1.1446426983,"num_points":212,"plane_center_x":1.3116022348,"plane_center_y":2.3334941864,"plane_center_z":1.160545826,"color_id":2},"3":{"ros_timestamp":"1695745430.4242637","wall_type":"front","a":0.004965377,"b":-0.9999876618,"c":0.0000241257,"d":2.9277644157,"shortest_distance":2.4673057752,"num_points":371,"plane_center_x":0.0072266106,"plane_center_y":2.9278669357,"plane_center_z":1.2616326809,"color_id":3},"4":{"ros_timestamp":"1695745430.4242637","wall_type":"back","a":0.0056930562,"b":-0.9999837875,"c":-0.0000333271,"d":-2.9249441624,"shortest_distance":3.3853237876,"num_points":331,"plane_center_x":-0.1061958969,"plane_center_y":-2.9256379604,"plane_center_z":1.2531110048,"color_id":4}}