{"0":{"ros_timestamp":"1695745430.530631","wall_type":"floor","a":-0.0014928345,"b":0.0000460239,"c":0.9999988675,"d":-0.0016460471,"shortest_distance":0.9980730885,"num_points":865,"plane_center_x":-0.1451258659,"plane_center_y":-0.024387069,"plane_center_z":0.0014305222,"color_id":0},"1":{"ros_timestamp":"1695745430.530631","wall_type":"left","a":0.9999647141,"b":0.0075229038,"c":0.00371492,"d":1.3212792873,"shortest_distance":1.5136035775,"num_points":1193,"plane_center_x":-1.3254188299,"plane_center_y":-0.0331019461,"plane_center_z":1.043117404,"color_id":1},"2":{"ros_timestamp":"1695745430.530631","wall_type":"right","a":0.9999524355,"b":0.00975239,"c":-0.0001162208,"d":-1.3341622353,"shortest_distance":1.1446426983,"num_points":212,"plane_center_x":1.3116022348,"plane_center_y":2.3334941864,"plane_center_z":1.160545826,"color_id":2},"3":{"ros_timestamp":"1695745430.530631","wall_type":"front","a":0.004965377,"b":-0.9999876618,"c":0.0000241257,"d":2.9277644157,"shortest_distance":2.4673057752,"num_points":371,"plane_center_x":0.0072266106,"plane_center_y":2.9278669357,"plane_center_z":1.2616326809,"color_id":3},"4":{"ros_timestamp":"1695745430.530631","wall_type":"back","a":0.0062523084,"b":-0.9999804497,"c":0.000019658,"d":-2.9247868061,"shortest_distance":3.3850083578,"num_points":331,"plane_center_x":-0.1053633243,"plane_center_y":-2.92547822,"plane_center_z":1.2531113625,"color_id":4}}