{"0":{"ros_timestamp":"1695745430.8117754","wall_type":"floor","a":-0.0014617204,"b":0.0000472969,"c":0.9999988675,"d":-0.0016530635,"shortest_distance":0.9980758851,"num_points":867,"plane_center_x":-0.1449174881,"plane_center_y":-0.0302898232,"plane_center_z":0.0014426688,"color_id":0},"1":{"ros_timestamp":"1695745430.8117754","wall_type":"left","a":0.999974668,"b":0.0065928116,"c":0.0026840423,"d":1.3233240843,"shortest_distance":1.5118868554,"num_points":1192,"plane_center_x":-1.3260456324,"plane_center_y":-0.0301435497,"plane_center_z":1.0439629555,"color_id":1},"2":{"ros_timestamp":"1695745430.8117754","wall_type":"right","a":0.9999524355,"b":0.00975239,"c":-0.0001162208,"d":-1.3341622353,"shortest_distance":1.1469429604,"num_points":212,"plane_center_x":1.3116022348,"plane_center_y":2.3334941864,"plane_center_z":1.160545826,"color_id":2},"3":{"ros_timestamp":"1695745430.8117754","wall_type":"front","a":0.004965377,"b":-0.9999876618,"c":0.0000241257,"d":2.9277644157,"shortest_distance":2.4663743676,"num_points":371,"plane_center_x":0.0072266106,"plane_center_y":2.9278669357,"plane_center_z":1.2616326809,"color_id":3},"4":{"ros_timestamp":"1695745430.8117754","wall_type":"back","a":0.0059479135,"b":-0.9999822974,"c":-0.0000158535,"d":-2.9248640537,"shortest_distance":3.3861120286,"num_points":331,"plane_center_x":-0.1046971083,"plane_center_y":-2.9255583286,"plane_center_z":1.2531019449,"color_id":4}}