{"0":{"ros_timestamp":"1695745325.3283722","wall_type":"floor","a":0.0002696989,"b":0.0003407515,"c":0.9999998808,"d":-0.0027794638,"shortest_distance":0.9970692128,"num_points":375,"plane_center_x":0.0600820705,"plane_center_y":2.1852121353,"plane_center_z":0.0020186456,"color_id":0},"1":{"ros_timestamp":"1695745325.3283722","wall_type":"left","a":0.9999798536,"b":0.0063383817,"c":0.0000803788,"d":1.3279365301,"shortest_distance":1.4599858475,"num_points":326,"plane_center_x":-1.3390139341,"plane_center_y":1.7293070555,"plane_center_z":1.1119689941,"color_id":1},"2":{"ros_timestamp":"1695745325.3283722","wall_type":"right","a":0.9999524355,"b":0.00975239,"c":-0.0001162208,"d":-1.3341622353,"shortest_distance":1.2039468553,"num_points":212,"plane_center_x":1.3116022348,"plane_center_y":2.3334941864,"plane_center_z":1.160545826,"color_id":2}}