{"0":{"ros_timestamp":"1695745431.0351815","wall_type":"floor","a":-0.0013900979,"b":0.0000487675,"c":0.9999990463,"d":-0.0016562274,"shortest_distance":0.9980898592,"num_points":874,"plane_center_x":-0.1427880973,"plane_center_y":-0.0623153709,"plane_center_z":0.0014607784,"color_id":0},"1":{"ros_timestamp":"1695745431.0351815","wall_type":"left","a":0.9999710321,"b":0.0062764823,"c":0.0043033557,"d":1.3210042715,"shortest_distance":1.5087312785,"num_points":1191,"plane_center_x":-1.3260861635,"plane_center_y":-0.0194720104,"plane_center_z":1.0447717905,"color_id":1},"2":{"ros_timestamp":"1695745431.0351815","wall_type":"right","a":0.9999524355,"b":0.00975239,"c":-0.0001162208,"d":-1.3341622353,"shortest_distance":1.1492479059,"num_points":212,"plane_center_x":1.3116022348,"plane_center_y":2.3334941864,"plane_center_z":1.160545826,"color_id":2},"3":{"ros_timestamp":"1695745431.0351815","wall_type":"front","a":0.004965377,"b":-0.9999876618,"c":0.0000241257,"d":2.9277644157,"shortest_distance":2.4654544952,"num_points":371,"plane_center_x":0.0072266106,"plane_center_y":2.9278669357,"plane_center_z":1.2616326809,"color_id":3},"4":{"ros_timestamp":"1695745431.0351815","wall_type":"back","a":0.0059501901,"b":-0.9999822974,"c":-0.0000115801,"d":-2.9248688221,"shortest_distance":3.3870342079,"num_points":331,"plane_center_x":-0.1040681005,"plane_center_y":-2.9255542755,"plane_center_z":1.2531024218,"color_id":4}}