{"0":{"ros_timestamp":"1695745431.0949392","wall_type":"floor","a":-0.001474468,"b":0.0000656502,"c":0.9999988675,"d":-0.0016826855,"shortest_distance":0.9980593466,"num_points":875,"plane_center_x":-0.1421186626,"plane_center_y":-0.0644362196,"plane_center_z":0.0014773679,"color_id":0},"1":{"ros_timestamp":"1695745431.0949392","wall_type":"left","a":0.9999711514,"b":0.0065593016,"c":0.0038455059,"d":1.3209488392,"shortest_distance":1.5060364594,"num_points":1191,"plane_center_x":-1.3254095316,"plane_center_y":-0.0203201603,"plane_center_z":1.044781208,"color_id":1},"2":{"ros_timestamp":"1695745431.0949392","wall_type":"right","a":0.9999524355,"b":0.00975239,"c":-0.0001162208,"d":-1.3341622353,"shortest_distance":1.1515574771,"num_points":212,"plane_center_x":1.3116022348,"plane_center_y":2.3334941864,"plane_center_z":1.160545826,"color_id":2},"3":{"ros_timestamp":"1695745431.0949392","wall_type":"front","a":0.004965377,"b":-0.9999876618,"c":0.0000241257,"d":2.9277644157,"shortest_distance":2.4645461812,"num_points":371,"plane_center_x":0.0072266106,"plane_center_y":2.9278669357,"plane_center_z":1.2616326809,"color_id":3},"4":{"ros_timestamp":"1695745431.0949392","wall_type":"back","a":0.0062564905,"b":-0.9999803901,"c":0.0000113117,"d":-2.9247813225,"shortest_distance":3.3877790688,"num_points":331,"plane_center_x":-0.1035318524,"plane_center_y":-2.9254722595,"plane_center_z":1.2531023026,"color_id":4}}