{"0":{"ros_timestamp":"1695745431.478022","wall_type":"floor","a":-0.0013780233,"b":0.0000538079,"c":0.9999989867,"d":-0.0016960488,"shortest_distance":0.9980610605,"num_points":882,"plane_center_x":-0.1449337453,"plane_center_y":-0.0666119158,"plane_center_z":0.0014999124,"color_id":0},"1":{"ros_timestamp":"1695745431.478022","wall_type":"left","a":0.9999756813,"b":0.006509576,"c":0.0025011355,"d":1.3236439228,"shortest_distance":1.505047962,"num_points":1187,"plane_center_x":-1.3263241053,"plane_center_y":-0.0221898165,"plane_center_z":1.0482653379,"color_id":1},"2":{"ros_timestamp":"1695745431.478022","wall_type":"right","a":0.9999524355,"b":0.00975239,"c":-0.0001162208,"d":-1.3341622353,"shortest_distance":1.1538716163,"num_points":212,"plane_center_x":1.3116022348,"plane_center_y":2.3334941864,"plane_center_z":1.160545826,"color_id":2},"3":{"ros_timestamp":"1695745431.478022","wall_type":"front","a":0.004965377,"b":-0.9999876618,"c":0.0000241257,"d":2.9277644157,"shortest_distance":2.4636494483,"num_points":371,"plane_center_x":0.0072266106,"plane_center_y":2.9278669357,"plane_center_z":1.2616326809,"color_id":3},"4":{"ros_timestamp":"1695745431.478022","wall_type":"back","a":0.0061279493,"b":-0.9999811649,"c":-0.0000002352,"d":-2.9248175621,"shortest_distance":3.3887496206,"num_points":347,"plane_center_x":-0.066104345,"plane_center_y":-2.9252779484,"plane_center_z":1.2645499706,"color_id":4}}