{"0":{"ros_timestamp":"1695745325.3762875","wall_type":"floor","a":0.0003204783,"b":0.0004416432,"c":0.9999998212,"d":-0.0030454283,"shortest_distance":0.9967617739,"num_points":375,"plane_center_x":0.0601557307,"plane_center_y":2.1855902672,"plane_center_z":0.002060899,"color_id":0},"1":{"ros_timestamp":"1695745325.3762875","wall_type":"left","a":0.9999751449,"b":0.007047331,"c":0.0000598702,"d":1.3243249655,"shortest_distance":1.4560138653,"num_points":326,"plane_center_x":-1.3366091251,"plane_center_y":1.7289297581,"plane_center_z":1.1119656563,"color_id":1},"2":{"ros_timestamp":"1695745325.3762875","wall_type":"right","a":0.9999524355,"b":0.00975239,"c":-0.0001162208,"d":-1.3341622353,"shortest_distance":1.2039468553,"num_points":212,"plane_center_x":1.3116022348,"plane_center_y":2.3334941864,"plane_center_z":1.160545826,"color_id":2}}