{"0":{"ros_timestamp":"1695745431.8894906","wall_type":"floor","a":-0.0014275834,"b":0.0000453515,"c":0.9999989867,"d":-0.001661847,"shortest_distance":0.9980892739,"num_points":881,"plane_center_x":-0.1396389306,"plane_center_y":-0.0658317879,"plane_center_z":0.0014654879,"color_id":0},"1":{"ros_timestamp":"1695745431.8894906","wall_type":"left","a":0.9999736547,"b":0.0070053302,"c":0.0018765347,"d":1.3237938881,"shortest_distance":1.5001569681,"num_points":1190,"plane_center_x":-1.3254673481,"plane_center_y":-0.0284719989,"plane_center_z":1.045673728,"color_id":1},"2":{"ros_timestamp":"1695745431.8894906","wall_type":"right","a":0.9999524355,"b":0.00975239,"c":-0.0001162208,"d":-1.3341622353,"shortest_distance":1.1585133674,"num_points":212,"plane_center_x":1.3116022348,"plane_center_y":2.3334941864,"plane_center_z":1.160545826,"color_id":2},"3":{"ros_timestamp":"1695745431.8894906","wall_type":"front","a":0.004965377,"b":-0.9999876618,"c":0.0000241257,"d":2.9277644157,"shortest_distance":2.4618908149,"num_points":371,"plane_center_x":0.0072266106,"plane_center_y":2.9278669357,"plane_center_z":1.2616326809,"color_id":3},"4":{"ros_timestamp":"1695745431.8894906","wall_type":"back","a":0.0064197369,"b":-0.9999794364,"c":0.0000185701,"d":-2.9247338772,"shortest_distance":3.3903600556,"num_points":347,"plane_center_x":-0.064155668,"plane_center_y":-2.9251823425,"plane_center_z":1.264549017,"color_id":4}}