{"0":{"ros_timestamp":"1695745431.9437504","wall_type":"floor","a":-0.0014627065,"b":0.0000363698,"c":0.9999989271,"d":-0.0018083657,"shortest_distance":0.9979359464,"num_points":882,"plane_center_x":-0.1407872438,"plane_center_y":-0.0676749945,"plane_center_z":0.0014723147,"color_id":0},"1":{"ros_timestamp":"1695745431.9437504","wall_type":"left","a":0.9999758005,"b":0.0067138388,"c":0.0018361144,"d":1.3245444298,"shortest_distance":1.4984011626,"num_points":1189,"plane_center_x":-1.3261855841,"plane_center_y":-0.0284074787,"plane_center_z":1.0465408564,"color_id":1},"2":{"ros_timestamp":"1695745431.9437504","wall_type":"right","a":0.9999524355,"b":0.00975239,"c":-0.0001162208,"d":-1.3341622353,"shortest_distance":1.1608408631,"num_points":212,"plane_center_x":1.3116022348,"plane_center_y":2.3334941864,"plane_center_z":1.160545826,"color_id":2},"3":{"ros_timestamp":"1695745431.9437504","wall_type":"front","a":0.004965377,"b":-0.9999876618,"c":0.0000241257,"d":2.9277644157,"shortest_distance":2.4610289584,"num_points":371,"plane_center_x":0.0072266106,"plane_center_y":2.9278669357,"plane_center_z":1.2616326809,"color_id":3},"4":{"ros_timestamp":"1695745431.9437504","wall_type":"back","a":0.0061620413,"b":-0.9999809861,"c":0.0000024475,"d":-2.9248063564,"shortest_distance":3.3913583923,"num_points":347,"plane_center_x":-0.0643650293,"plane_center_y":-2.925255537,"plane_center_z":1.2645585537,"color_id":4}}