{"0":{"ros_timestamp":"1695745432.259539","wall_type":"floor","a":-0.0013781309,"b":0.0000430669,"c":0.9999989867,"d":-0.0016728755,"shortest_distance":0.9980922327,"num_points":891,"plane_center_x":-0.133311376,"plane_center_y":-0.095684424,"plane_center_z":0.0014932774,"color_id":0},"1":{"ros_timestamp":"1695745432.259539","wall_type":"left","a":0.9999732375,"b":0.0066487524,"c":0.0030533099,"d":1.3227671385,"shortest_distance":1.4954757194,"num_points":1189,"plane_center_x":-1.3261547089,"plane_center_y":-0.0231466759,"plane_center_z":1.0465017557,"color_id":1},"2":{"ros_timestamp":"1695745432.259539","wall_type":"right","a":0.9999524355,"b":0.00975239,"c":-0.0001162208,"d":-1.3341622353,"shortest_distance":1.1631726948,"num_points":212,"plane_center_x":1.3116022348,"plane_center_y":2.3334941864,"plane_center_z":1.160545826,"color_id":2},"3":{"ros_timestamp":"1695745432.259539","wall_type":"front","a":0.004965377,"b":-0.9999876618,"c":0.0000241257,"d":2.9277644157,"shortest_distance":2.4601787708,"num_points":371,"plane_center_x":0.0072266106,"plane_center_y":2.9278669357,"plane_center_z":1.2616326809,"color_id":3},"4":{"ros_timestamp":"1695745432.259539","wall_type":"back","a":0.0061771483,"b":-0.9999809265,"c":0.0000074492,"d":-2.9248080254,"shortest_distance":3.3922053839,"num_points":347,"plane_center_x":-0.0631388351,"plane_center_y":-2.9252443314,"plane_center_z":1.264557004,"color_id":4}}