{"0":{"ros_timestamp":"1695745432.3354359","wall_type":"floor","a":-0.0014204556,"b":0.0000447293,"c":0.9999989867,"d":-0.0016464477,"shortest_distance":0.9981156979,"num_points":890,"plane_center_x":-0.1296765208,"plane_center_y":-0.1030509919,"plane_center_z":0.0014668588,"color_id":0},"1":{"ros_timestamp":"1695745432.3354359","wall_type":"left","a":0.9999719858,"b":0.0064519988,"c":0.0037990552,"d":1.3210357428,"shortest_distance":1.4920587687,"num_points":1191,"plane_center_x":-1.3254241943,"plane_center_y":-0.0201542228,"plane_center_z":1.0447479486,"color_id":1},"2":{"ros_timestamp":"1695745432.3354359","wall_type":"right","a":0.9999524355,"b":0.00975239,"c":-0.0001162208,"d":-1.3341622353,"shortest_distance":1.1655088041,"num_points":212,"plane_center_x":1.3116022348,"plane_center_y":2.3334941864,"plane_center_z":1.160545826,"color_id":2},"3":{"ros_timestamp":"1695745432.3354359","wall_type":"front","a":0.004965377,"b":-0.9999876618,"c":0.0000241257,"d":2.9277644157,"shortest_distance":2.4593402735,"num_points":371,"plane_center_x":0.0072266106,"plane_center_y":2.9278669357,"plane_center_z":1.2616326809,"color_id":3},"4":{"ros_timestamp":"1695745432.3354359","wall_type":"back","a":0.0064957533,"b":-0.9999789596,"c":0.0000251993,"d":-2.9247181416,"shortest_distance":3.3928856676,"num_points":347,"plane_center_x":-0.0626055226,"plane_center_y":-2.9251544476,"plane_center_z":1.2645555735,"color_id":4}}