{"0":{"ros_timestamp":"1695745325.5932367","wall_type":"floor","a":0.0003128597,"b":0.0004876542,"c":0.9999998212,"d":-0.0031334125,"shortest_distance":0.9966518067,"num_points":377,"plane_center_x":0.061613474,"plane_center_y":2.1881859303,"plane_center_z":0.0020470584,"color_id":0},"1":{"ros_timestamp":"1695745325.5932367","wall_type":"left","a":0.9999782443,"b":0.0066021606,"c":0.00009891,"d":1.3270254135,"shortest_distance":1.4613618649,"num_points":326,"plane_center_x":-1.338581562,"plane_center_y":1.7292909622,"plane_center_z":1.1119772196,"color_id":1},"2":{"ros_timestamp":"1695745325.5932367","wall_type":"right","a":0.9999524355,"b":0.00975239,"c":-0.0001162208,"d":-1.3341622353,"shortest_distance":1.2015495915,"num_points":212,"plane_center_x":1.3116022348,"plane_center_y":2.3334941864,"plane_center_z":1.160545826,"color_id":2}}