{"0":{"ros_timestamp":"1695745433.3449597","wall_type":"floor","a":-0.0012506858,"b":0.0000102699,"c":0.9999992847,"d":-0.0015959409,"shortest_distance":0.9981929142,"num_points":911,"plane_center_x":-0.1160480008,"plane_center_y":-0.1500369608,"plane_center_z":0.0014523432,"color_id":0},"1":{"ros_timestamp":"1695745433.3449597","wall_type":"left","a":0.9999709129,"b":0.0067213657,"c":0.0036196371,"d":1.3214360476,"shortest_distance":1.4806509588,"num_points":1189,"plane_center_x":-1.3256466389,"plane_center_y":-0.0197559055,"plane_center_z":1.0464829206,"color_id":1},"2":{"ros_timestamp":"1695745433.3449597","wall_type":"right","a":0.9999524355,"b":0.00975239,"c":-0.0001162208,"d":-1.3341622353,"shortest_distance":1.1772514673,"num_points":212,"plane_center_x":1.3116022348,"plane_center_y":2.3334941864,"plane_center_z":1.160545826,"color_id":2},"3":{"ros_timestamp":"1695745433.3449597","wall_type":"front","a":0.004965377,"b":-0.9999876618,"c":0.0000241257,"d":2.9277644157,"shortest_distance":2.4553238637,"num_points":371,"plane_center_x":0.0072266106,"plane_center_y":2.9278669357,"plane_center_z":1.2616326809,"color_id":3},"4":{"ros_timestamp":"1695745433.3449597","wall_type":"back","a":0.0065943613,"b":-0.9999782443,"c":0.0000241145,"d":-2.9246883392,"shortest_distance":3.3968762249,"num_points":363,"plane_center_x":-0.0220390856,"plane_center_y":-2.9248666763,"plane_center_z":1.2749298811,"color_id":4}}