{"0":{"ros_timestamp":"1695745433.4869463","wall_type":"floor","a":-0.0012155609,"b":0.0000015423,"c":0.9999992847,"d":-0.0016009766,"shortest_distance":0.9981891454,"num_points":914,"plane_center_x":-0.1175381616,"plane_center_y":-0.1488240957,"plane_center_z":0.0014583324,"color_id":0},"1":{"ros_timestamp":"1695745433.4869463","wall_type":"left","a":0.9999759793,"b":0.0063956738,"c":0.0026457435,"d":1.3233650923,"shortest_distance":1.4814529585,"num_points":1187,"plane_center_x":-1.3262441158,"plane_center_y":-0.0226534046,"plane_center_z":1.0482313633,"color_id":1},"2":{"ros_timestamp":"1695745433.4869463","wall_type":"right","a":0.9999524355,"b":0.00975239,"c":-0.0001162208,"d":-1.3341622353,"shortest_distance":1.1772514673,"num_points":212,"plane_center_x":1.3116022348,"plane_center_y":2.3334941864,"plane_center_z":1.160545826,"color_id":2},"3":{"ros_timestamp":"1695745433.4869463","wall_type":"front","a":0.004965377,"b":-0.9999876618,"c":0.0000241257,"d":2.9277644157,"shortest_distance":2.4553238637,"num_points":371,"plane_center_x":0.0072266106,"plane_center_y":2.9278669357,"plane_center_z":1.2616326809,"color_id":3},"4":{"ros_timestamp":"1695745433.4869463","wall_type":"back","a":0.0065943613,"b":-0.9999782443,"c":0.0000241145,"d":-2.9246883392,"shortest_distance":3.3968762249,"num_points":363,"plane_center_x":-0.0220390856,"plane_center_y":-2.9248666763,"plane_center_z":1.2749298811,"color_id":4}}