{"0":{"ros_timestamp":"1695745325.7300901","wall_type":"floor","a":-0.0015196601,"b":0.0007555073,"c":0.9999985099,"d":-0.0025082631,"shortest_distance":0.9968928183,"num_points":359,"plane_center_x":0.1420395523,"plane_center_y":2.2040698528,"plane_center_z":0.0010589255,"color_id":0},"1":{"ros_timestamp":"1695745325.7300901","wall_type":"left","a":0.9999786019,"b":0.0061563025,"c":0.002194758,"d":1.3227305412,"shortest_distance":1.4617675093,"num_points":346,"plane_center_x":-1.3356494904,"plane_center_y":1.7426576614,"plane_center_z":1.0488259792,"color_id":1},"2":{"ros_timestamp":"1695745325.7300901","wall_type":"right","a":0.9999524355,"b":0.00975239,"c":-0.0001162208,"d":-1.3341622353,"shortest_distance":1.199155646,"num_points":212,"plane_center_x":1.3116022348,"plane_center_y":2.3334941864,"plane_center_z":1.160545826,"color_id":2}}