{"0":{"ros_timestamp":"1695745434.103731","wall_type":"floor","a":-0.0012468623,"b":-0.0000146977,"c":0.9999992251,"d":-0.0015539097,"shortest_distance":0.9982325564,"num_points":918,"plane_center_x":-0.1087080613,"plane_center_y":-0.1591668129,"plane_center_z":0.0014160274,"color_id":0},"1":{"ros_timestamp":"1695745434.103731","wall_type":"left","a":0.9999728203,"b":0.0070430608,"c":0.0022005728,"d":1.3232473135,"shortest_distance":1.4740963628,"num_points":1190,"plane_center_x":-1.3253904581,"plane_center_y":-0.0275150687,"plane_center_z":1.0456392765,"color_id":1},"2":{"ros_timestamp":"1695745434.103731","wall_type":"right","a":0.9999524355,"b":0.00975239,"c":-0.0001162208,"d":-1.3341622353,"shortest_distance":1.1843446432,"num_points":212,"plane_center_x":1.3116022348,"plane_center_y":2.3334941864,"plane_center_z":1.160545826,"color_id":2},"3":{"ros_timestamp":"1695745434.103731","wall_type":"front","a":0.004965377,"b":-0.9999876618,"c":0.0000241257,"d":2.9277644157,"shortest_distance":2.4530555968,"num_points":371,"plane_center_x":0.0072266106,"plane_center_y":2.9278669357,"plane_center_z":1.2616326809,"color_id":3},"4":{"ros_timestamp":"1695745434.103731","wall_type":"back","a":0.0065943613,"b":-0.9999782443,"c":0.0000241145,"d":-2.9246883392,"shortest_distance":3.3991560614,"num_points":363,"plane_center_x":-0.0220390856,"plane_center_y":-2.9248666763,"plane_center_z":1.2749298811,"color_id":4}}