{"0":{"ros_timestamp":"1695745325.777326","wall_type":"floor","a":-0.0015267974,"b":0.00076498,"c":0.9999985695,"d":-0.002525236,"shortest_distance":0.9968703104,"num_points":358,"plane_center_x":0.1459133178,"plane_center_y":2.2043731213,"plane_center_z":0.0010617161,"color_id":0},"1":{"ros_timestamp":"1695745325.777326","wall_type":"left","a":0.9999764562,"b":0.0063946368,"c":0.0024956428,"d":1.3209329844,"shortest_distance":1.4601567362,"num_points":347,"plane_center_x":-1.3345823288,"plane_center_y":1.7437062263,"plane_center_z":1.0458012819,"color_id":1},"2":{"ros_timestamp":"1695745325.777326","wall_type":"right","a":0.9999524355,"b":0.00975239,"c":-0.0001162208,"d":-1.3341622353,"shortest_distance":1.199155646,"num_points":212,"plane_center_x":1.3116022348,"plane_center_y":2.3334941864,"plane_center_z":1.160545826,"color_id":2}}