{"0":{"ros_timestamp":"1695745434.7036874","wall_type":"floor","a":-0.0011768001,"b":-0.0000333097,"c":0.9999992847,"d":-0.0015222133,"shortest_distance":0.9982767985,"num_points":934,"plane_center_x":-0.1012520492,"plane_center_y":-0.195449546,"plane_center_z":0.0013965506,"color_id":0},"1":{"ros_timestamp":"1695745434.7036874","wall_type":"left","a":0.9999739528,"b":0.0068518766,"c":0.0022922973,"d":1.3231669664,"shortest_distance":1.4644988628,"num_points":1188,"plane_center_x":-1.3255203962,"plane_center_y":-0.0255771503,"plane_center_z":1.0473641157,"color_id":1},"2":{"ros_timestamp":"1695745434.7036874","wall_type":"right","a":0.9999524355,"b":0.00975239,"c":-0.0001162208,"d":-1.3341622353,"shortest_distance":1.1938544099,"num_points":212,"plane_center_x":1.3116022348,"plane_center_y":2.3334941864,"plane_center_z":1.160545826,"color_id":2},"3":{"ros_timestamp":"1695745434.7036874","wall_type":"front","a":0.004965377,"b":-0.9999876618,"c":0.0000241257,"d":2.9277644157,"shortest_distance":2.4501974791,"num_points":371,"plane_center_x":0.0072266106,"plane_center_y":2.9278669357,"plane_center_z":1.2616326809,"color_id":3},"4":{"ros_timestamp":"1695745434.7036874","wall_type":"back","a":0.0065943613,"b":-0.9999782443,"c":0.0000241145,"d":-2.9246883392,"shortest_distance":3.4020296892,"num_points":363,"plane_center_x":-0.0220390856,"plane_center_y":-2.9248666763,"plane_center_z":1.2749298811,"color_id":4}}