{"0":{"ros_timestamp":"1695745434.937166","wall_type":"floor","a":-0.0011650996,"b":-0.0000362526,"c":0.9999992847,"d":-0.0015176443,"shortest_distance":0.9982815622,"num_points":936,"plane_center_x":-0.0991903841,"plane_center_y":-0.2004058212,"plane_center_z":0.0013948134,"color_id":0},"1":{"ros_timestamp":"1695745434.937166","wall_type":"left","a":0.9999775887,"b":0.0064081978,"c":0.0019411911,"d":1.324652195,"shortest_distance":1.4654213604,"num_points":1188,"plane_center_x":-1.3264689445,"plane_center_y":-0.0258990098,"plane_center_z":1.047358036,"color_id":1},"2":{"ros_timestamp":"1695745434.937166","wall_type":"right","a":0.9999524355,"b":0.00975239,"c":-0.0001162208,"d":-1.3341622353,"shortest_distance":1.1938544099,"num_points":212,"plane_center_x":1.3116022348,"plane_center_y":2.3334941864,"plane_center_z":1.160545826,"color_id":2},"3":{"ros_timestamp":"1695745434.937166","wall_type":"front","a":0.004965377,"b":-0.9999876618,"c":0.0000241257,"d":2.9277644157,"shortest_distance":2.4501974791,"num_points":371,"plane_center_x":0.0072266106,"plane_center_y":2.9278669357,"plane_center_z":1.2616326809,"color_id":3},"4":{"ros_timestamp":"1695745434.937166","wall_type":"back","a":0.0065943613,"b":-0.9999782443,"c":0.0000241145,"d":-2.9246883392,"shortest_distance":3.4020296892,"num_points":363,"plane_center_x":-0.0220390856,"plane_center_y":-2.9248666763,"plane_center_z":1.2749298811,"color_id":4}}