{"0":{"ros_timestamp":"1695745435.2530017","wall_type":"floor","a":-0.0011253234,"b":-0.0000474073,"c":0.999999404,"d":-0.0015047455,"shortest_distance":0.9982998979,"num_points":942,"plane_center_x":-0.0960139558,"plane_center_y":-0.2090571225,"plane_center_z":0.0013867888,"color_id":0},"1":{"ros_timestamp":"1695745435.2530017","wall_type":"left","a":0.999976337,"b":0.0066929501,"c":0.0016022704,"d":1.3248277903,"shortest_distance":1.4606136632,"num_points":1187,"plane_center_x":-1.3262213469,"plane_center_y":-0.0290302541,"plane_center_z":1.0482506752,"color_id":1},"2":{"ros_timestamp":"1695745435.2530017","wall_type":"right","a":0.9999524355,"b":0.00975239,"c":-0.0001162208,"d":-1.3341622353,"shortest_distance":1.1986305949,"num_points":212,"plane_center_x":1.3116022348,"plane_center_y":2.3334941864,"plane_center_z":1.160545826,"color_id":2},"3":{"ros_timestamp":"1695745435.2530017","wall_type":"front","a":0.004965377,"b":-0.9999876618,"c":0.0000241257,"d":2.9277644157,"shortest_distance":2.4488399881,"num_points":371,"plane_center_x":0.0072266106,"plane_center_y":2.9278669357,"plane_center_z":1.2616326809,"color_id":3},"4":{"ros_timestamp":"1695745435.2530017","wall_type":"back","a":0.0065943613,"b":-0.9999782443,"c":0.0000241145,"d":-2.9246883392,"shortest_distance":3.4033949696,"num_points":363,"plane_center_x":-0.0220390856,"plane_center_y":-2.9248666763,"plane_center_z":1.2749298811,"color_id":4}}