{"0":{"ros_timestamp":"1695745435.2939417","wall_type":"floor","a":-0.0010876708,"b":-0.000046164,"c":0.999999404,"d":-0.001516538,"shortest_distance":0.998296255,"num_points":943,"plane_center_x":-0.095226638,"plane_center_y":-0.2110078335,"plane_center_z":0.0014032226,"color_id":0},"1":{"ros_timestamp":"1695745435.2939417","wall_type":"left","a":0.999973774,"b":0.0070708832,"c":0.0015427623,"d":1.3242526054,"shortest_distance":1.4577649753,"num_points":1187,"plane_center_x":-1.3255717754,"plane_center_y":-0.0295797642,"plane_center_z":1.0482542515,"color_id":1},"2":{"ros_timestamp":"1695745435.2939417","wall_type":"right","a":0.9999524355,"b":0.00975239,"c":-0.0001162208,"d":-1.3341622353,"shortest_distance":1.201023804,"num_points":212,"plane_center_x":1.3116022348,"plane_center_y":2.3334941864,"plane_center_z":1.160545826,"color_id":2},"3":{"ros_timestamp":"1695745435.2939417","wall_type":"front","a":0.004965377,"b":-0.9999876618,"c":0.0000241257,"d":2.9277644157,"shortest_distance":2.4481791947,"num_points":371,"plane_center_x":0.0072266106,"plane_center_y":2.9278669357,"plane_center_z":1.2616326809,"color_id":3},"4":{"ros_timestamp":"1695745435.2939417","wall_type":"back","a":0.0065943613,"b":-0.9999782443,"c":0.0000241145,"d":-2.9246883392,"shortest_distance":3.4040596658,"num_points":363,"plane_center_x":-0.0220390856,"plane_center_y":-2.9248666763,"plane_center_z":1.2749298811,"color_id":4}}