{"0":{"ros_timestamp":"1695745435.7884996","wall_type":"floor","a":-0.0011474733,"b":-0.0000428396,"c":0.999999404,"d":-0.0014862244,"shortest_distance":0.9983258734,"num_points":939,"plane_center_x":-0.0852762312,"plane_center_y":-0.2209829986,"plane_center_z":0.0013789062,"color_id":0},"1":{"ros_timestamp":"1695745435.7884996","wall_type":"left","a":0.9999697208,"b":0.0066779642,"c":0.0039997646,"d":1.3204729557,"shortest_distance":1.451452651,"num_points":1193,"plane_center_x":-1.3250410557,"plane_center_y":-0.0293054227,"plane_center_z":1.0430164337,"color_id":1},"2":{"ros_timestamp":"1695745435.7884996","wall_type":"right","a":0.9999524355,"b":0.00975239,"c":-0.0001162208,"d":-1.3341622353,"shortest_distance":1.2058201564,"num_points":212,"plane_center_x":1.3116022348,"plane_center_y":2.3334941864,"plane_center_z":1.160545826,"color_id":2},"3":{"ros_timestamp":"1695745435.7884996","wall_type":"front","a":0.004965377,"b":-0.9999876618,"c":0.0000241257,"d":2.9277644157,"shortest_distance":2.4468935948,"num_points":371,"plane_center_x":0.0072266106,"plane_center_y":2.9278669357,"plane_center_z":1.2616326809,"color_id":3},"4":{"ros_timestamp":"1695745435.7884996","wall_type":"back","a":0.0065943613,"b":-0.9999782443,"c":0.0000241145,"d":-2.9246883392,"shortest_distance":3.4053530875,"num_points":363,"plane_center_x":-0.0220390856,"plane_center_y":-2.9248666763,"plane_center_z":1.2749298811,"color_id":4}}