{"0":{"ros_timestamp":"1695745436.638898","wall_type":"floor","a":-0.0010767255,"b":-0.0000703071,"c":0.9999994636,"d":-0.0014374695,"shortest_distance":0.9983804635,"num_points":958,"plane_center_x":-0.0650322139,"plane_center_y":-0.267048955,"plane_center_z":0.0013486729,"color_id":0},"1":{"ros_timestamp":"1695745436.638898","wall_type":"left","a":0.9999570847,"b":0.0067320834,"c":0.0063742725,"d":1.3180963993,"shortest_distance":1.4418369855,"num_points":1194,"plane_center_x":-1.325930953,"plane_center_y":-0.0268942006,"plane_center_z":1.0420719385,"color_id":1},"2":{"ros_timestamp":"1695745436.638898","wall_type":"right","a":0.9999524355,"b":0.00975239,"c":-0.0001162208,"d":-1.3341622353,"shortest_distance":1.2154509174,"num_points":212,"plane_center_x":1.3116022348,"plane_center_y":2.3334941864,"plane_center_z":1.160545826,"color_id":2},"3":{"ros_timestamp":"1695745436.638898","wall_type":"front","a":0.004965377,"b":-0.9999876618,"c":0.0000241257,"d":2.9277644157,"shortest_distance":2.444466786,"num_points":371,"plane_center_x":0.0072266106,"plane_center_y":2.9278669357,"plane_center_z":1.2616326809,"color_id":3},"4":{"ros_timestamp":"1695745436.638898","wall_type":"back","a":0.0065943613,"b":-0.9999782443,"c":0.0000241145,"d":-2.9246883392,"shortest_distance":3.4077956008,"num_points":363,"plane_center_x":-0.0220390856,"plane_center_y":-2.9248666763,"plane_center_z":1.2749298811,"color_id":4}}