{"0":{"ros_timestamp":"1695745436.760704","wall_type":"floor","a":-0.0009885771,"b":-0.0000746495,"c":0.9999994636,"d":-0.0014605056,"shortest_distance":0.9983678267,"num_points":963,"plane_center_x":-0.0688396469,"plane_center_y":-0.2604291439,"plane_center_z":0.0013730122,"color_id":0},"1":{"ros_timestamp":"1695745436.760704","wall_type":"left","a":0.999974072,"b":0.0068040993,"c":0.0023849208,"d":1.3231486082,"shortest_distance":1.4405197397,"num_points":1190,"plane_center_x":-1.3255003691,"plane_center_y":-0.0333181135,"plane_center_z":1.0455613136,"color_id":1},"2":{"ros_timestamp":"1695745436.760704","wall_type":"right","a":0.9999524355,"b":0.00975239,"c":-0.0001162208,"d":-1.3341622353,"shortest_distance":1.217866185,"num_points":212,"plane_center_x":1.3116022348,"plane_center_y":2.3334941864,"plane_center_z":1.160545826,"color_id":2},"3":{"ros_timestamp":"1695745436.760704","wall_type":"front","a":0.004965377,"b":-0.9999876618,"c":0.0000241257,"d":2.9277644157,"shortest_distance":2.4438902542,"num_points":371,"plane_center_x":0.0072266106,"plane_center_y":2.9278669357,"plane_center_z":1.2616326809,"color_id":3},"4":{"ros_timestamp":"1695745436.760704","wall_type":"back","a":0.0065943613,"b":-0.9999782443,"c":0.0000241145,"d":-2.9246883392,"shortest_distance":3.4083760709,"num_points":363,"plane_center_x":-0.0220390856,"plane_center_y":-2.9248666763,"plane_center_z":1.2749298811,"color_id":4}}