{"0":{"ros_timestamp":"1695745437.6837263","wall_type":"floor","a":-0.0010706112,"b":-0.0000636152,"c":0.999999404,"d":-0.0014604961,"shortest_distance":0.9983767704,"num_points":979,"plane_center_x":-0.0532957055,"plane_center_y":-0.3017627299,"plane_center_z":0.0013842413,"color_id":0},"1":{"ros_timestamp":"1695745437.6837263","wall_type":"left","a":0.9999745488,"b":0.0064072111,"c":0.0031272355,"d":1.3227434158,"shortest_distance":1.4285368786,"num_points":1191,"plane_center_x":-1.3261332512,"plane_center_y":-0.020991521,"plane_center_z":1.0446491241,"color_id":1},"2":{"ros_timestamp":"1695745437.6837263","wall_type":"right","a":0.9999524355,"b":0.00975239,"c":-0.0001162208,"d":-1.3341622353,"shortest_distance":1.2299849676,"num_points":212,"plane_center_x":1.3116022348,"plane_center_y":2.3334941864,"plane_center_z":1.160545826,"color_id":2},"3":{"ros_timestamp":"1695745437.6837263","wall_type":"front","a":0.004965377,"b":-0.9999876618,"c":0.0000241257,"d":2.9277644157,"shortest_distance":2.4411893343,"num_points":371,"plane_center_x":0.0072266106,"plane_center_y":2.9278669357,"plane_center_z":1.2616326809,"color_id":3},"4":{"ros_timestamp":"1695745437.6837263","wall_type":"back","a":0.0065943613,"b":-0.9999782443,"c":0.0000241145,"d":-2.9246883392,"shortest_distance":3.4110967501,"num_points":363,"plane_center_x":-0.0220390856,"plane_center_y":-2.9248666763,"plane_center_z":1.2749298811,"color_id":4}}