{"0":{"ros_timestamp":"1695745438.8198392","wall_type":"floor","a":-0.0009335048,"b":-0.0000854613,"c":0.9999995828,"d":-0.0014536608,"shortest_distance":0.9983979449,"num_points":995,"plane_center_x":-0.037341252,"plane_center_y":-0.3271008432,"plane_center_z":0.0013908487,"color_id":0},"1":{"ros_timestamp":"1695745438.8198392","wall_type":"left","a":0.9999728799,"b":0.0070416941,"c":0.0021281987,"d":1.3234943151,"shortest_distance":1.4164071497,"num_points":1190,"plane_center_x":-1.3255038261,"plane_center_y":-0.0300677158,"plane_center_z":1.045542717,"color_id":1},"2":{"ros_timestamp":"1695745438.8198392","wall_type":"right","a":0.9999524355,"b":0.00975239,"c":-0.0001162208,"d":-1.3341622353,"shortest_distance":1.2421689302,"num_points":212,"plane_center_x":1.3116022348,"plane_center_y":2.3334941864,"plane_center_z":1.160545826,"color_id":2},"3":{"ros_timestamp":"1695745438.8198392","wall_type":"front","a":0.004965377,"b":-0.9999876618,"c":0.0000241257,"d":2.9277644157,"shortest_distance":2.4387925231,"num_points":371,"plane_center_x":0.0072266106,"plane_center_y":2.9278669357,"plane_center_z":1.2616326809,"color_id":3},"4":{"ros_timestamp":"1695745438.8198392","wall_type":"back","a":0.0065943613,"b":-0.9999782443,"c":0.0000241145,"d":-2.9246883392,"shortest_distance":3.4135134249,"num_points":363,"plane_center_x":-0.0220390856,"plane_center_y":-2.9248666763,"plane_center_z":1.2749298811,"color_id":4}}