{"0":{"ros_timestamp":"1695745438.85394","wall_type":"floor","a":-0.0009218886,"b":-0.0000877788,"c":0.9999995828,"d":-0.0014570957,"shortest_distance":0.9983944008,"num_points":996,"plane_center_x":-0.0387335978,"plane_center_y":-0.3251136839,"plane_center_z":0.0013928502,"color_id":0},"1":{"ros_timestamp":"1695745438.85394","wall_type":"left","a":0.999976635,"b":0.0066337399,"c":0.0016403361,"d":1.324837923,"shortest_distance":1.417063502,"num_points":1189,"plane_center_x":-1.3261716366,"plane_center_y":-0.031695269,"plane_center_z":1.04641819,"color_id":1},"2":{"ros_timestamp":"1695745438.85394","wall_type":"right","a":0.9999524355,"b":0.00975239,"c":-0.0001162208,"d":-1.3341622353,"shortest_distance":1.2421689302,"num_points":212,"plane_center_x":1.3116022348,"plane_center_y":2.3334941864,"plane_center_z":1.160545826,"color_id":2},"3":{"ros_timestamp":"1695745438.85394","wall_type":"front","a":0.004965377,"b":-0.9999876618,"c":0.0000241257,"d":2.9277644157,"shortest_distance":2.4387925231,"num_points":371,"plane_center_x":0.0072266106,"plane_center_y":2.9278669357,"plane_center_z":1.2616326809,"color_id":3},"4":{"ros_timestamp":"1695745438.85394","wall_type":"back","a":0.0065943613,"b":-0.9999782443,"c":0.0000241145,"d":-2.9246883392,"shortest_distance":3.4135134249,"num_points":363,"plane_center_x":-0.0220390856,"plane_center_y":-2.9248666763,"plane_center_z":1.2749298811,"color_id":4}}