{"0":{"ros_timestamp":"1695745439.4356039","wall_type":"floor","a":-0.0008460384,"b":-0.0001116543,"c":0.9999996424,"d":-0.0013960504,"shortest_distance":0.9984565292,"num_points":1010,"plane_center_x":-0.025377987,"plane_center_y":-0.3560614586,"plane_center_z":0.0013348244,"color_id":0},"1":{"ros_timestamp":"1695745439.4356039","wall_type":"left","a":0.9999719858,"b":0.007034516,"c":0.0025466457,"d":1.3229169846,"shortest_distance":1.4089025642,"num_points":1189,"plane_center_x":-1.325528264,"plane_center_y":-0.0316001475,"plane_center_z":1.0464065075,"color_id":1},"2":{"ros_timestamp":"1695745439.4356039","wall_type":"right","a":0.9999524355,"b":0.00975239,"c":-0.0001162208,"d":-1.3341622353,"shortest_distance":1.249507428,"num_points":212,"plane_center_x":1.3116022348,"plane_center_y":2.3334941864,"plane_center_z":1.160545826,"color_id":2},"3":{"ros_timestamp":"1695745439.4356039","wall_type":"front","a":0.004965377,"b":-0.9999876618,"c":0.0000241257,"d":2.9277644157,"shortest_distance":2.4375010396,"num_points":371,"plane_center_x":0.0072266106,"plane_center_y":2.9278669357,"plane_center_z":1.2616326809,"color_id":3},"4":{"ros_timestamp":"1695745439.4356039","wall_type":"back","a":0.0065943613,"b":-0.9999782443,"c":0.0000241145,"d":-2.9246883392,"shortest_distance":3.4148168714,"num_points":363,"plane_center_x":-0.0220390856,"plane_center_y":-2.9248666763,"plane_center_z":1.2749298811,"color_id":4}}