{"0":{"ros_timestamp":"1695745439.5419683","wall_type":"floor","a":-0.0008583799,"b":-0.0001088535,"c":0.9999996424,"d":-0.0013841805,"shortest_distance":0.99847084,"num_points":1005,"plane_center_x":-0.0189855099,"plane_center_y":-0.359803468,"plane_center_z":0.0013287184,"color_id":0},"1":{"ros_timestamp":"1695745439.5419683","wall_type":"left","a":0.9999719858,"b":0.0061123543,"c":0.0043116752,"d":1.321043849,"shortest_distance":1.4058899639,"num_points":1194,"plane_center_x":-1.3259344101,"plane_center_y":-0.0304518249,"plane_center_z":1.0420370102,"color_id":1},"2":{"ros_timestamp":"1695745439.5419683","wall_type":"right","a":0.9999524355,"b":0.00975239,"c":-0.0001162208,"d":-1.3341622353,"shortest_distance":1.2519579141,"num_points":212,"plane_center_x":1.3116022348,"plane_center_y":2.3334941864,"plane_center_z":1.160545826,"color_id":2},"3":{"ros_timestamp":"1695745439.5419683","wall_type":"front","a":0.004965377,"b":-0.9999876618,"c":0.0000241257,"d":2.9277644157,"shortest_distance":2.4370950453,"num_points":371,"plane_center_x":0.0072266106,"plane_center_y":2.9278669357,"plane_center_z":1.2616326809,"color_id":3},"4":{"ros_timestamp":"1695745439.5419683","wall_type":"back","a":0.0065943613,"b":-0.9999782443,"c":0.0000241145,"d":-2.9246883392,"shortest_distance":3.4152268602,"num_points":363,"plane_center_x":-0.0220390856,"plane_center_y":-2.9248666763,"plane_center_z":1.2749298811,"color_id":4}}