{"0":{"ros_timestamp":"1695745439.5437825","wall_type":"floor","a":-0.000837742,"b":-0.0001136363,"c":0.9999996424,"d":-0.0013918902,"shortest_distance":0.9984623986,"num_points":1008,"plane_center_x":-0.0226857178,"plane_center_y":-0.3528011739,"plane_center_z":0.0013327949,"color_id":0},"1":{"ros_timestamp":"1695745439.5437825","wall_type":"left","a":0.9999758601,"b":0.0064386078,"c":0.0026021348,"d":1.323767066,"shortest_distance":1.4070641843,"num_points":1191,"plane_center_x":-1.3263328075,"plane_center_y":-0.0357879438,"plane_center_z":1.0446568727,"color_id":1},"2":{"ros_timestamp":"1695745439.5437825","wall_type":"right","a":0.9999524355,"b":0.00975239,"c":-0.0001162208,"d":-1.3341622353,"shortest_distance":1.2519579141,"num_points":212,"plane_center_x":1.3116022348,"plane_center_y":2.3334941864,"plane_center_z":1.160545826,"color_id":2},"3":{"ros_timestamp":"1695745439.5437825","wall_type":"front","a":0.004965377,"b":-0.9999876618,"c":0.0000241257,"d":2.9277644157,"shortest_distance":2.4370950453,"num_points":371,"plane_center_x":0.0072266106,"plane_center_y":2.9278669357,"plane_center_z":1.2616326809,"color_id":3},"4":{"ros_timestamp":"1695745439.5437825","wall_type":"back","a":0.0065943613,"b":-0.9999782443,"c":0.0000241145,"d":-2.9246883392,"shortest_distance":3.4152268602,"num_points":363,"plane_center_x":-0.0220390856,"plane_center_y":-2.9248666763,"plane_center_z":1.2749298811,"color_id":4}}