{"0":{"ros_timestamp":"1695745439.9340742","wall_type":"floor","a":-0.000885804,"b":-0.0001177764,"c":0.9999995828,"d":-0.001360668,"shortest_distance":0.9984920843,"num_points":1004,"plane_center_x":-0.0097680716,"plane_center_y":-0.3621539772,"plane_center_z":0.0013093628,"color_id":0},"1":{"ros_timestamp":"1695745439.9340742","wall_type":"left","a":0.9999651909,"b":0.0066234875,"c":0.0050657955,"d":1.319499135,"shortest_distance":1.400440343,"num_points":1198,"plane_center_x":-1.3252667189,"plane_center_y":-0.0360120758,"plane_center_z":1.0385864973,"color_id":1},"2":{"ros_timestamp":"1695745439.9340742","wall_type":"right","a":0.9999524355,"b":0.00975239,"c":-0.0001162208,"d":-1.3341622353,"shortest_distance":1.256864999,"num_points":212,"plane_center_x":1.3116022348,"plane_center_y":2.3334941864,"plane_center_z":1.160545826,"color_id":2},"3":{"ros_timestamp":"1695745439.9340742","wall_type":"front","a":0.004965377,"b":-0.9999876618,"c":0.0000241257,"d":2.9277644157,"shortest_distance":2.4363198687,"num_points":371,"plane_center_x":0.0072266106,"plane_center_y":2.9278669357,"plane_center_z":1.2616326809,"color_id":3},"4":{"ros_timestamp":"1695745439.9340742","wall_type":"back","a":0.0065943613,"b":-0.9999782443,"c":0.0000241145,"d":-2.9246883392,"shortest_distance":3.4160100356,"num_points":363,"plane_center_x":-0.0220390856,"plane_center_y":-2.9248666763,"plane_center_z":1.2749298811,"color_id":4}}