{"0":{"ros_timestamp":"1695745440.3137608","wall_type":"floor","a":-0.0009007439,"b":-0.0001033235,"c":0.9999995232,"d":-0.0013845616,"shortest_distance":0.9984785632,"num_points":1015,"plane_center_x":-0.0098434752,"plane_center_y":-0.3723070025,"plane_center_z":0.0013372278,"color_id":0},"1":{"ros_timestamp":"1695745440.3137608","wall_type":"left","a":0.9999705553,"b":0.00690905,"c":0.0033235757,"d":1.3218522072,"shortest_distance":1.3962751834,"num_points":1193,"plane_center_x":-1.3253781796,"plane_center_y":-0.0356835462,"plane_center_z":1.0429040194,"color_id":1},"2":{"ros_timestamp":"1695745440.3137608","wall_type":"right","a":0.9999770522,"b":0.0067833993,"c":-0.0000195215,"d":-1.3273355961,"shortest_distance":1.2563170823,"num_points":234,"plane_center_x":1.3147791624,"plane_center_y":1.8588628769,"plane_center_z":1.1642538309,"color_id":2},"3":{"ros_timestamp":"1695745440.3137608","wall_type":"front","a":0.004965377,"b":-0.9999876618,"c":0.0000241257,"d":2.9277644157,"shortest_distance":2.4355938385,"num_points":371,"plane_center_x":0.0072266106,"plane_center_y":2.9278669357,"plane_center_z":1.2616326809,"color_id":3},"4":{"ros_timestamp":"1695745440.3137608","wall_type":"back","a":0.0065943613,"b":-0.9999782443,"c":0.0000241145,"d":-2.9246883392,"shortest_distance":3.4167440769,"num_points":363,"plane_center_x":-0.0220390856,"plane_center_y":-2.9248666763,"plane_center_z":1.2749298811,"color_id":4}}