{"0":{"ros_timestamp":"1695745440.4541814","wall_type":"floor","a":-0.0010407679,"b":-0.0000695168,"c":0.9999994636,"d":-0.0014388307,"shortest_distance":0.9984338737,"num_points":1018,"plane_center_x":-0.0091710119,"plane_center_y":-0.3778283596,"plane_center_z":0.0014030212,"color_id":0},"1":{"ros_timestamp":"1695745440.4541814","wall_type":"left","a":0.9999749064,"b":0.0064508226,"c":0.0029048051,"d":1.3230633736,"shortest_distance":1.3943808945,"num_points":1192,"plane_center_x":-1.3260445595,"plane_center_y":-0.0330630392,"plane_center_z":1.0437737703,"color_id":1},"2":{"ros_timestamp":"1695745440.4541814","wall_type":"right","a":0.999981463,"b":0.0060849474,"c":0.0000000907,"d":-1.3257228136,"shortest_distance":1.2574899606,"num_points":256,"plane_center_x":1.3168179989,"plane_center_y":1.4674140215,"plane_center_z":1.1673121452,"color_id":2},"3":{"ros_timestamp":"1695745440.4541814","wall_type":"front","a":0.004965377,"b":-0.9999876618,"c":0.0000241257,"d":2.9277644157,"shortest_distance":2.4352492762,"num_points":371,"plane_center_x":0.0072266106,"plane_center_y":2.9278669357,"plane_center_z":1.2616326809,"color_id":3},"4":{"ros_timestamp":"1695745440.4541814","wall_type":"back","a":0.0065943613,"b":-0.9999782443,"c":0.0000241145,"d":-2.9246883392,"shortest_distance":3.4170926491,"num_points":363,"plane_center_x":-0.0220390856,"plane_center_y":-2.9248666763,"plane_center_z":1.2749298811,"color_id":4}}