{"0":{"ros_timestamp":"1695745441.02905","wall_type":"floor","a":-0.0009764278,"b":-0.0000755068,"c":0.9999995232,"d":-0.0014543503,"shortest_distance":0.9984244318,"num_points":1030,"plane_center_x":-0.0020033251,"plane_center_y":-0.3910336494,"plane_center_z":0.0014228692,"color_id":0},"1":{"ros_timestamp":"1695745441.02905","wall_type":"left","a":0.9999779463,"b":0.0061196382,"c":0.0025471088,"d":1.3239048719,"shortest_distance":1.3897737738,"num_points":1190,"plane_center_x":-1.3264126778,"plane_center_y":-0.0314543992,"plane_center_z":1.0454417467,"color_id":1},"2":{"ros_timestamp":"1695745441.02905","wall_type":"right","a":0.9999813437,"b":0.0061109979,"c":-0.0000009702,"d":-1.3257756233,"shortest_distance":1.2624588942,"num_points":278,"plane_center_x":1.3187638521,"plane_center_y":1.1516102552,"plane_center_z":1.1698054075,"color_id":2},"3":{"ros_timestamp":"1695745441.02905","wall_type":"front","a":0.004965377,"b":-0.9999876618,"c":0.0000241257,"d":2.9277644157,"shortest_distance":2.4345971003,"num_points":371,"plane_center_x":0.0072266106,"plane_center_y":2.9278669357,"plane_center_z":1.2616326809,"color_id":3},"4":{"ros_timestamp":"1695745441.02905","wall_type":"back","a":0.0065943613,"b":-0.9999782443,"c":0.0000241145,"d":-2.9246883392,"shortest_distance":3.4177528531,"num_points":363,"plane_center_x":-0.0220390856,"plane_center_y":-2.9248666763,"plane_center_z":1.2749298811,"color_id":4}}