{"0":{"ros_timestamp":"1695745441.1299043","wall_type":"floor","a":-0.0010121687,"b":-0.0000665384,"c":0.9999994636,"d":-0.0014541195,"shortest_distance":0.9984293769,"num_points":1028,"plane_center_x":0.0027739992,"plane_center_y":-0.3995163143,"plane_center_z":0.0014303448,"color_id":0},"1":{"ros_timestamp":"1695745441.1299043","wall_type":"left","a":0.9999716878,"b":0.0063196211,"c":0.0040907119,"d":1.320943594,"shortest_distance":1.3859879317,"num_points":1193,"plane_center_x":-1.3256067038,"plane_center_y":-0.0238778666,"plane_center_z":1.0428234339,"color_id":1},"2":{"ros_timestamp":"1695745441.1299043","wall_type":"right","a":0.9999765754,"b":0.0068419306,"c":-0.00001738,"d":-1.3274755478,"shortest_distance":1.2662809957,"num_points":278,"plane_center_x":1.3196413517,"plane_center_y":1.1525274515,"plane_center_z":1.1698029041,"color_id":2},"3":{"ros_timestamp":"1695745441.1299043","wall_type":"front","a":0.004965377,"b":-0.9999876618,"c":0.0000241257,"d":2.9277644157,"shortest_distance":2.434289503,"num_points":371,"plane_center_x":0.0072266106,"plane_center_y":2.9278669357,"plane_center_z":1.2616326809,"color_id":3},"4":{"ros_timestamp":"1695745441.1299043","wall_type":"back","a":0.0065943613,"b":-0.9999782443,"c":0.0000241145,"d":-2.9246883392,"shortest_distance":3.4180644683,"num_points":363,"plane_center_x":-0.0220390856,"plane_center_y":-2.9248666763,"plane_center_z":1.2749298811,"color_id":4}}