{"0":{"ros_timestamp":"1695745441.4751527","wall_type":"floor","a":-0.0010386202,"b":-0.0000753003,"c":0.9999994636,"d":-0.0014385334,"shortest_distance":0.9984441687,"num_points":1034,"plane_center_x":0.0088956412,"plane_center_y":-0.3982894123,"plane_center_z":0.0014177822,"color_id":0},"1":{"ros_timestamp":"1695745441.4751527","wall_type":"left","a":0.9999727607,"b":0.0070144604,"c":0.0022866181,"d":1.3233819008,"shortest_distance":1.3820287083,"num_points":1193,"plane_center_x":-1.3254855871,"plane_center_y":-0.0335304104,"plane_center_z":1.0428650379,"color_id":1},"2":{"ros_timestamp":"1695745441.4751527","wall_type":"right","a":0.9999756217,"b":0.0069881398,"c":-0.0000201841,"d":-1.327816844,"shortest_distance":1.2714896245,"num_points":278,"plane_center_x":1.3197869062,"plane_center_y":1.1570580006,"plane_center_z":1.1697878838,"color_id":2},"3":{"ros_timestamp":"1695745441.4751527","wall_type":"front","a":0.004965377,"b":-0.9999876618,"c":0.0000241257,"d":2.9277644157,"shortest_distance":2.4337113281,"num_points":371,"plane_center_x":0.0072266106,"plane_center_y":2.9278669357,"plane_center_z":1.2616326809,"color_id":3},"4":{"ros_timestamp":"1695745441.4751527","wall_type":"back","a":0.0065943613,"b":-0.9999782443,"c":0.0000241145,"d":-2.9246883392,"shortest_distance":3.4186506863,"num_points":363,"plane_center_x":-0.0220390856,"plane_center_y":-2.9248666763,"plane_center_z":1.2749298811,"color_id":4}}