{"0":{"ros_timestamp":"1695745441.6713612","wall_type":"floor","a":-0.0011345932,"b":-0.0000536244,"c":0.9999993443,"d":-0.0014524723,"shortest_distance":0.9984385572,"num_points":1036,"plane_center_x":0.0104162907,"plane_center_y":-0.4092928469,"plane_center_z":0.0014423433,"color_id":0},"1":{"ros_timestamp":"1695745441.6713612","wall_type":"left","a":0.9999716878,"b":0.0066012074,"c":0.0036127931,"d":1.3214902878,"shortest_distance":1.3787882498,"num_points":1193,"plane_center_x":-1.3254898787,"plane_center_y":-0.0278947446,"plane_center_z":1.0428510904,"color_id":1},"2":{"ros_timestamp":"1695745441.6713612","wall_type":"right","a":0.9999760985,"b":0.0069163064,"c":-0.0000188675,"d":-1.3276466131,"shortest_distance":1.2738241262,"num_points":300,"plane_center_x":1.3215202093,"plane_center_y":0.8935469389,"plane_center_z":1.1718720198,"color_id":2},"3":{"ros_timestamp":"1695745441.6713612","wall_type":"front","a":0.004965377,"b":-0.9999876618,"c":0.0000241257,"d":2.9277644157,"shortest_distance":2.4334407649,"num_points":371,"plane_center_x":0.0072266106,"plane_center_y":2.9278669357,"plane_center_z":1.2616326809,"color_id":3},"4":{"ros_timestamp":"1695745441.6713612","wall_type":"back","a":0.0065943613,"b":-0.9999782443,"c":0.0000241145,"d":-2.9246883392,"shortest_distance":3.4189252745,"num_points":363,"plane_center_x":-0.0220390856,"plane_center_y":-2.9248666763,"plane_center_z":1.2749298811,"color_id":4}}