{"0":{"ros_timestamp":"1695745442.017876","wall_type":"floor","a":-0.0010663145,"b":-0.0000687437,"c":0.999999404,"d":-0.0014482572,"shortest_distance":0.9984440548,"num_points":1040,"plane_center_x":0.0064372434,"plane_center_y":-0.407692939,"plane_center_z":0.0014270958,"color_id":0},"1":{"ros_timestamp":"1695745442.017876","wall_type":"left","a":0.9999735951,"b":0.0069135125,"c":0.0022545371,"d":1.3234074116,"shortest_distance":1.3745566335,"num_points":1190,"plane_center_x":-1.3255802393,"plane_center_y":-0.0317045413,"plane_center_z":1.0454616547,"color_id":1},"2":{"ros_timestamp":"1695745442.017876","wall_type":"right","a":0.999976933,"b":0.0067937402,"c":-0.0000581005,"d":-1.3273266554,"shortest_distance":1.2785490953,"num_points":300,"plane_center_x":1.3213684559,"plane_center_y":0.891530633,"plane_center_z":1.1718571186,"color_id":2},"3":{"ros_timestamp":"1695745442.017876","wall_type":"front","a":0.004965377,"b":-0.9999876618,"c":0.0000241257,"d":2.9277644157,"shortest_distance":2.4329367212,"num_points":371,"plane_center_x":0.0072266106,"plane_center_y":2.9278669357,"plane_center_z":1.2616326809,"color_id":3},"4":{"ros_timestamp":"1695745442.017876","wall_type":"back","a":0.0065943613,"b":-0.9999782443,"c":0.0000241145,"d":-2.9246883392,"shortest_distance":3.4194373748,"num_points":363,"plane_center_x":-0.0220390856,"plane_center_y":-2.9248666763,"plane_center_z":1.2749298811,"color_id":4}}