{"0":{"ros_timestamp":"1695745442.4078734","wall_type":"floor","a":-0.0011246129,"b":-0.0000572167,"c":0.9999993443,"d":-0.0014635677,"shortest_distance":0.9984372826,"num_points":1046,"plane_center_x":0.0132775484,"plane_center_y":-0.4171649516,"plane_center_z":0.0014546319,"color_id":0},"1":{"ros_timestamp":"1695745442.4078734","wall_type":"left","a":0.9999732971,"b":0.0067888405,"c":0.0027147594,"d":1.3227481842,"shortest_distance":1.3693459153,"num_points":1191,"plane_center_x":-1.3255558014,"plane_center_y":-0.0347834714,"plane_center_z":1.0445934534,"color_id":1},"2":{"ros_timestamp":"1695745442.4078734","wall_type":"right","a":0.999976933,"b":0.0067992709,"c":-0.0000611468,"d":-1.3273389339,"shortest_distance":1.2835116243,"num_points":321,"plane_center_x":1.32284832,"plane_center_y":0.6754712462,"plane_center_z":1.1704813242,"color_id":2},"3":{"ros_timestamp":"1695745442.4078734","wall_type":"front","a":0.004965377,"b":-0.9999876618,"c":0.0000241257,"d":2.9277644157,"shortest_distance":2.4324821621,"num_points":371,"plane_center_x":0.0072266106,"plane_center_y":2.9278669357,"plane_center_z":1.2616326809,"color_id":3},"4":{"ros_timestamp":"1695745442.4078734","wall_type":"back","a":0.0065943613,"b":-0.9999782443,"c":0.0000241145,"d":-2.9246883392,"shortest_distance":3.4198999981,"num_points":363,"plane_center_x":-0.0220390856,"plane_center_y":-2.9248666763,"plane_center_z":1.2749298811,"color_id":4}}