{"0":{"ros_timestamp":"1695745442.6852722","wall_type":"floor","a":-0.0012255947,"b":-0.0000359198,"c":0.9999992251,"d":-0.0014973322,"shortest_distance":0.9984128916,"num_points":1052,"plane_center_x":0.0159716941,"plane_center_y":-0.427233845,"plane_center_z":0.0015015621,"color_id":0},"1":{"ros_timestamp":"1695745442.6852722","wall_type":"left","a":0.9999774694,"b":0.0062469277,"c":0.0024894688,"d":1.3237553835,"shortest_distance":1.3673826177,"num_points":1188,"plane_center_x":-1.3262901306,"plane_center_y":-0.0307787787,"plane_center_z":1.0471479893,"color_id":1},"2":{"ros_timestamp":"1695745442.6852722","wall_type":"right","a":0.9999803901,"b":0.0062719746,"c":-0.0000454394,"d":-1.3261065483,"shortest_distance":1.2850014455,"num_points":342,"plane_center_x":1.3230861425,"plane_center_y":0.4941987097,"plane_center_z":1.1691861153,"color_id":2},"3":{"ros_timestamp":"1695745442.6852722","wall_type":"front","a":0.004965377,"b":-0.9999876618,"c":0.0000241257,"d":2.9277644157,"shortest_distance":2.4322734538,"num_points":371,"plane_center_x":0.0072266106,"plane_center_y":2.9278669357,"plane_center_z":1.2616326809,"color_id":3},"4":{"ros_timestamp":"1695745442.6852722","wall_type":"back","a":0.0065943613,"b":-0.9999782443,"c":0.0000241145,"d":-2.9246883392,"shortest_distance":3.4201127413,"num_points":363,"plane_center_x":-0.0220390856,"plane_center_y":-2.9248666763,"plane_center_z":1.2749298811,"color_id":4}}