{"0":{"ros_timestamp":"1695745443.1639256","wall_type":"floor","a":-0.0012020965,"b":-0.0000259262,"c":0.9999992847,"d":-0.0015058368,"shortest_distance":0.9984191936,"num_points":1054,"plane_center_x":0.0217357706,"plane_center_y":-0.4375383854,"plane_center_z":0.0015206226,"color_id":0},"1":{"ros_timestamp":"1695745443.1639256","wall_type":"left","a":0.9999745488,"b":0.006472683,"c":0.0029948838,"d":1.3229917288,"shortest_distance":1.3598001679,"num_points":1190,"plane_center_x":-1.3261531591,"plane_center_y":-0.0287530757,"plane_center_z":1.0453711748,"color_id":1},"2":{"ros_timestamp":"1695745443.1639256","wall_type":"right","a":0.9999811053,"b":0.0061316299,"c":-0.0000717832,"d":-1.3257162571,"shortest_distance":1.2921435938,"num_points":364,"plane_center_x":1.3237690926,"plane_center_y":0.335347116,"plane_center_z":1.170841217,"color_id":2},"3":{"ros_timestamp":"1695745443.1639256","wall_type":"front","a":0.004965377,"b":-0.9999876618,"c":0.0000241257,"d":2.9277644157,"shortest_distance":2.4317216753,"num_points":371,"plane_center_x":0.0072266106,"plane_center_y":2.9278669357,"plane_center_z":1.2616326809,"color_id":3},"4":{"ros_timestamp":"1695745443.1639256","wall_type":"back","a":0.0065943613,"b":-0.9999782443,"c":0.0000241145,"d":-2.9246883392,"shortest_distance":3.4206766341,"num_points":363,"plane_center_x":-0.0220390856,"plane_center_y":-2.9248666763,"plane_center_z":1.2749298811,"color_id":4}}