{"0":{"ros_timestamp":"1695745443.4037068","wall_type":"floor","a":-0.0012765615,"b":-0.000029526,"c":0.9999991655,"d":-0.0014835334,"shortest_distance":0.9984405029,"num_points":1051,"plane_center_x":0.0283962004,"plane_center_y":-0.4320879579,"plane_center_z":0.0015070264,"color_id":0},"1":{"ros_timestamp":"1695745443.4037068","wall_type":"left","a":0.9999713302,"b":0.0067511396,"c":0.0034176216,"d":1.3217970133,"shortest_distance":1.3566858535,"num_points":1196,"plane_center_x":-1.325338006,"plane_center_y":-0.0411296599,"plane_center_z":1.0402348042,"color_id":1},"2":{"ros_timestamp":"1695745443.4037068","wall_type":"right","a":0.9999765754,"b":0.0068490203,"c":-0.0000521942,"d":-1.3274747133,"shortest_distance":1.2960068849,"num_points":364,"plane_center_x":1.3252514601,"plane_center_y":0.3380712569,"plane_center_z":1.1708503962,"color_id":2},"3":{"ros_timestamp":"1695745443.4037068","wall_type":"front","a":0.004965377,"b":-0.9999876618,"c":0.0000241257,"d":2.9277644157,"shortest_distance":2.4315625466,"num_points":371,"plane_center_x":0.0072266106,"plane_center_y":2.9278669357,"plane_center_z":1.2616326809,"color_id":3},"4":{"ros_timestamp":"1695745443.4037068","wall_type":"back","a":0.0065943613,"b":-0.9999782443,"c":0.0000241145,"d":-2.9246883392,"shortest_distance":3.4208398037,"num_points":363,"plane_center_x":-0.0220390856,"plane_center_y":-2.9248666763,"plane_center_z":1.2749298811,"color_id":4}}