{"0":{"ros_timestamp":"1695745443.4439228","wall_type":"floor","a":-0.0011975474,"b":-0.0000419428,"c":0.9999992847,"d":-0.0014854907,"shortest_distance":0.9984347015,"num_points":1056,"plane_center_x":0.0240441822,"plane_center_y":-0.4322165847,"plane_center_z":0.0014961574,"color_id":0},"1":{"ros_timestamp":"1695745443.4439228","wall_type":"left","a":0.9999750853,"b":0.0065965173,"c":0.002525131,"d":1.3236446381,"shortest_distance":1.3575642685,"num_points":1193,"plane_center_x":-1.3259905577,"plane_center_y":-0.0423815027,"plane_center_z":1.0428130627,"color_id":1},"2":{"ros_timestamp":"1695745443.4439228","wall_type":"right","a":0.9999803305,"b":0.0062749013,"c":-0.0000585116,"d":-1.3260880709,"shortest_distance":1.294911446,"num_points":364,"plane_center_x":1.3240513802,"plane_center_y":0.3396344185,"plane_center_z":1.1708465815,"color_id":2},"3":{"ros_timestamp":"1695745443.4439228","wall_type":"front","a":0.004965377,"b":-0.9999876618,"c":0.0000241257,"d":2.9277644157,"shortest_distance":2.4315625466,"num_points":371,"plane_center_x":0.0072266106,"plane_center_y":2.9278669357,"plane_center_z":1.2616326809,"color_id":3},"4":{"ros_timestamp":"1695745443.4439228","wall_type":"back","a":0.0065943613,"b":-0.9999782443,"c":0.0000241145,"d":-2.9246883392,"shortest_distance":3.4208398037,"num_points":363,"plane_center_x":-0.0220390856,"plane_center_y":-2.9248666763,"plane_center_z":1.2749298811,"color_id":4}}