{"0":{"ros_timestamp":"1695745443.5707912","wall_type":"floor","a":-0.0011948438,"b":-0.0000487814,"c":0.9999992847,"d":-0.0014696406,"shortest_distance":0.9984501953,"num_points":1055,"plane_center_x":0.0240710657,"plane_center_y":-0.4301731884,"plane_center_z":0.0014774185,"color_id":0},"1":{"ros_timestamp":"1695745443.5707912","wall_type":"left","a":0.9999730587,"b":0.0069971778,"c":0.0022333197,"d":1.3234783411,"shortest_distance":1.354823791,"num_points":1194,"plane_center_x":-1.3254050016,"plane_center_y":-0.0449470207,"plane_center_z":1.0419650078,"color_id":1},"2":{"ros_timestamp":"1695745443.5707912","wall_type":"right","a":0.9999767542,"b":0.0068283612,"c":-0.0000530079,"d":-1.3274281025,"shortest_distance":1.2984525131,"num_points":364,"plane_center_x":1.3251897097,"plane_center_y":0.341411978,"plane_center_z":1.1708446741,"color_id":2},"3":{"ros_timestamp":"1695745443.5707912","wall_type":"front","a":0.004965377,"b":-0.9999876618,"c":0.0000241257,"d":2.9277644157,"shortest_distance":2.4314158235,"num_points":371,"plane_center_x":0.0072266106,"plane_center_y":2.9278669357,"plane_center_z":1.2616326809,"color_id":3},"4":{"ros_timestamp":"1695745443.5707912","wall_type":"back","a":0.0065943613,"b":-0.9999782443,"c":0.0000241145,"d":-2.9246883392,"shortest_distance":3.420990569,"num_points":363,"plane_center_x":-0.0220390856,"plane_center_y":-2.9248666763,"plane_center_z":1.2749298811,"color_id":4}}