{"0":{"ros_timestamp":"1695745443.8189933","wall_type":"floor","a":-0.0012043968,"b":-0.0000450158,"c":0.9999992251,"d":-0.0014576669,"shortest_distance":0.9984667673,"num_points":1056,"plane_center_x":0.0250085909,"plane_center_y":-0.4384229481,"plane_center_z":0.0014680523,"color_id":0},"1":{"ros_timestamp":"1695745443.8189933","wall_type":"left","a":0.9999718666,"b":0.006807331,"c":0.0031636253,"d":1.3221839666,"shortest_distance":1.3518834571,"num_points":1194,"plane_center_x":-1.3254721165,"plane_center_y":-0.0388487726,"plane_center_z":1.0419533253,"color_id":1},"2":{"ros_timestamp":"1695745443.8189933","wall_type":"right","a":0.9999766946,"b":0.0068229646,"c":-0.0000493146,"d":-1.3274210691,"shortest_distance":1.3009265438,"num_points":364,"plane_center_x":1.3251601458,"plane_center_y":0.3443521261,"plane_center_z":1.1708375216,"color_id":2},"3":{"ros_timestamp":"1695745443.8189933","wall_type":"front","a":0.004965377,"b":-0.9999876618,"c":0.0000241257,"d":2.9277644157,"shortest_distance":2.4312815097,"num_points":371,"plane_center_x":0.0072266106,"plane_center_y":2.9278669357,"plane_center_z":1.2616326809,"color_id":3},"4":{"ros_timestamp":"1695745443.8189933","wall_type":"back","a":0.0065943613,"b":-0.9999782443,"c":0.0000241145,"d":-2.9246883392,"shortest_distance":3.4211289262,"num_points":363,"plane_center_x":-0.0220390856,"plane_center_y":-2.9248666763,"plane_center_z":1.2749298811,"color_id":4}}