{"0":{"ros_timestamp":"1695745443.9552264","wall_type":"floor","a":-0.0012444636,"b":-0.0000360198,"c":0.9999992251,"d":-0.0014980787,"shortest_distance":0.9984329333,"num_points":1061,"plane_center_x":0.0260699391,"plane_center_y":-0.4377703965,"plane_center_z":0.0015147546,"color_id":0},"1":{"ros_timestamp":"1695745443.9552264","wall_type":"left","a":0.9999747276,"b":0.0067323288,"c":0.0022830307,"d":1.3239787817,"shortest_distance":1.3502779586,"num_points":1192,"plane_center_x":-1.3260797262,"plane_center_y":-0.0432769954,"plane_center_z":1.0437014103,"color_id":1},"2":{"ros_timestamp":"1695745443.9552264","wall_type":"right","a":0.9999809265,"b":0.0061837551,"c":-0.0000905331,"d":-1.3258131742,"shortest_distance":1.3021598117,"num_points":384,"plane_center_x":1.3245643377,"plane_center_y":0.2231246829,"plane_center_z":1.1671235561,"color_id":2},"3":{"ros_timestamp":"1695745443.9552264","wall_type":"front","a":0.004965377,"b":-0.9999876618,"c":0.0000241257,"d":2.9277644157,"shortest_distance":2.4311596086,"num_points":371,"plane_center_x":0.0072266106,"plane_center_y":2.9278669357,"plane_center_z":1.2616326809,"color_id":3},"4":{"ros_timestamp":"1695745443.9552264","wall_type":"back","a":0.0065943613,"b":-0.9999782443,"c":0.0000241145,"d":-2.9246883392,"shortest_distance":3.4212548717,"num_points":363,"plane_center_x":-0.0220390856,"plane_center_y":-2.9248666763,"plane_center_z":1.2749298811,"color_id":4}}