{"0":{"ros_timestamp":"1695745444.4237218","wall_type":"floor","a":-0.001262015,"b":-0.0000164317,"c":0.9999991655,"d":-0.0015472658,"shortest_distance":0.9983993591,"num_points":1068,"plane_center_x":0.0257794056,"plane_center_y":-0.4482858479,"plane_center_z":0.001572435,"color_id":0},"1":{"ros_timestamp":"1695745444.4237218","wall_type":"left","a":0.9999753237,"b":0.0067869499,"c":0.0018016122,"d":1.3242218494,"shortest_distance":1.3450998174,"num_points":1187,"plane_center_x":-1.3258605003,"plane_center_y":-0.0292674657,"plane_center_z":1.0479575396,"color_id":1},"2":{"ros_timestamp":"1695745444.4237218","wall_type":"right","a":0.999976933,"b":0.0067865956,"c":-0.0000468981,"d":-1.3273406029,"shortest_distance":1.3083113279,"num_points":384,"plane_center_x":1.325887084,"plane_center_y":0.2267498225,"plane_center_z":1.1671215296,"color_id":2},"3":{"ros_timestamp":"1695745444.4237218","wall_type":"front","a":0.004965377,"b":-0.9999876618,"c":0.0000241257,"d":2.9277644157,"shortest_distance":2.4309530562,"num_points":371,"plane_center_x":0.0072266106,"plane_center_y":2.9278669357,"plane_center_z":1.2616326809,"color_id":3},"4":{"ros_timestamp":"1695745444.4237218","wall_type":"back","a":0.0065943613,"b":-0.9999782443,"c":0.0000241145,"d":-2.9246883392,"shortest_distance":3.4214695158,"num_points":363,"plane_center_x":-0.0220390856,"plane_center_y":-2.9248666763,"plane_center_z":1.2749298811,"color_id":4}}