{"0":{"ros_timestamp":"1695745444.7967193","wall_type":"floor","a":-0.0012504546,"b":-0.0000211691,"c":0.9999992251,"d":-0.0015310058,"shortest_distance":0.9984196729,"num_points":1076,"plane_center_x":0.0379399918,"plane_center_y":-0.4612298906,"plane_center_z":0.0015686854,"color_id":0},"1":{"ros_timestamp":"1695745444.7967193","wall_type":"left","a":0.9999778271,"b":0.0063981111,"c":0.0018626774,"d":1.3246711493,"shortest_distance":1.3404479865,"num_points":1187,"plane_center_x":-1.3263639212,"plane_center_y":-0.0257166158,"plane_center_z":1.04791224,"color_id":1},"2":{"ros_timestamp":"1695745444.7967193","wall_type":"right","a":0.9999805689,"b":0.0062432047,"c":0.0000201149,"d":-1.3261179924,"shortest_distance":1.312260523,"num_points":404,"plane_center_x":1.3254874945,"plane_center_y":0.1013746336,"plane_center_z":1.1638951302,"color_id":2},"3":{"ros_timestamp":"1695745444.7967193","wall_type":"front","a":0.004965377,"b":-0.9999876618,"c":0.0000241257,"d":2.9277644157,"shortest_distance":2.4307961869,"num_points":371,"plane_center_x":0.0072266106,"plane_center_y":2.9278669357,"plane_center_z":1.2616326809,"color_id":3},"4":{"ros_timestamp":"1695745444.7967193","wall_type":"back","a":0.0065943613,"b":-0.9999782443,"c":0.0000241145,"d":-2.9246883392,"shortest_distance":3.4216344797,"num_points":363,"plane_center_x":-0.0220390856,"plane_center_y":-2.9248666763,"plane_center_z":1.2749298811,"color_id":4}}