{"0":{"ros_timestamp":"1695745445.200402","wall_type":"floor","a":-0.0012515974,"b":-0.0000310729,"c":0.9999992847,"d":-0.0014900767,"shortest_distance":0.9984618846,"num_points":1073,"plane_center_x":0.0427192114,"plane_center_y":-0.4635685682,"plane_center_z":0.0015291405,"color_id":0},"1":{"ros_timestamp":"1695745445.200402","wall_type":"left","a":0.9999773502,"b":0.0060532908,"c":0.0029140434,"d":1.3234424591,"shortest_distance":1.3351290281,"num_points":1194,"plane_center_x":-1.3262941837,"plane_center_y":-0.0318049863,"plane_center_z":1.0418437719,"color_id":1},"2":{"ros_timestamp":"1695745445.200402","wall_type":"right","a":0.9999821186,"b":0.0059899576,"c":-0.0000559959,"d":-1.3253849745,"shortest_distance":1.3166998603,"num_points":404,"plane_center_x":1.324860692,"plane_center_y":0.10237059,"plane_center_z":1.1639096737,"color_id":2},"3":{"ros_timestamp":"1695745445.200402","wall_type":"front","a":0.004965377,"b":-0.9999876618,"c":0.0000241257,"d":2.9277644157,"shortest_distance":2.4306890164,"num_points":371,"plane_center_x":0.0072266106,"plane_center_y":2.9278669357,"plane_center_z":1.2616326809,"color_id":3},"4":{"ros_timestamp":"1695745445.200402","wall_type":"back","a":0.0065943613,"b":-0.9999782443,"c":0.0000241145,"d":-2.9246883392,"shortest_distance":3.421749747,"num_points":363,"plane_center_x":-0.0220390856,"plane_center_y":-2.9248666763,"plane_center_z":1.2749298811,"color_id":4}}