{"0":{"ros_timestamp":"1695745314.664562","wall_type":"floor","a":-0.0003185075,"b":-0.0027928862,"c":0.9999960661,"d":0.0031763592,"shortest_distance":1.0045278177,"num_points":224,"plane_center_x":0.1279704422,"plane_center_y":2.1333043575,"plane_center_z":0.0028224881,"color_id":0},"1":{"ros_timestamp":"1695745314.664562","wall_type":"left","a":0.9999664426,"b":0.00819973,"c":0.0000198816,"d":1.3211865425,"shortest_distance":1.3394981187,"num_points":188,"plane_center_x":-1.3379465342,"plane_center_y":2.0357758999,"plane_center_z":1.1240211725,"color_id":1},"2":{"ros_timestamp":"1695745314.664562","wall_type":"right","a":0.9999765158,"b":0.0068474263,"c":-0.0000403151,"d":-1.3302989006,"shortest_distance":1.3113756232,"num_points":168,"plane_center_x":1.3153284788,"plane_center_y":2.1975605488,"plane_center_z":1.1505084038,"color_id":2}}