{"0":{"ros_timestamp":"1695745445.3739555","wall_type":"floor","a":-0.0012961833,"b":-0.0001079131,"c":0.9999991655,"d":-0.0016670616,"shortest_distance":0.9982496001,"num_points":1071,"plane_center_x":0.0451889075,"plane_center_y":-0.4637886286,"plane_center_z":0.0015490265,"color_id":0},"1":{"ros_timestamp":"1695745445.3739555","wall_type":"left","a":0.9999704361,"b":0.0063479869,"c":0.0043254388,"d":1.320674181,"shortest_distance":1.3314330282,"num_points":1197,"plane_center_x":-1.3255294561,"plane_center_y":-0.0355202965,"plane_center_z":1.0393055677,"color_id":1},"2":{"ros_timestamp":"1695745445.3739555","wall_type":"right","a":0.9999774098,"b":0.0067256019,"c":-0.0000339964,"d":-1.3272354603,"shortest_distance":1.3206482281,"num_points":405,"plane_center_x":1.3266333342,"plane_center_y":0.0998834297,"plane_center_z":1.1662582159,"color_id":2},"3":{"ros_timestamp":"1695745445.3739555","wall_type":"front","a":0.004965377,"b":-0.9999876618,"c":0.0000241257,"d":2.9277644157,"shortest_distance":2.4306540718,"num_points":371,"plane_center_x":0.0072266106,"plane_center_y":2.9278669357,"plane_center_z":1.2616326809,"color_id":3},"4":{"ros_timestamp":"1695745445.3739555","wall_type":"back","a":0.0065943613,"b":-0.9999782443,"c":0.0000241145,"d":-2.9246883392,"shortest_distance":3.4217887407,"num_points":363,"plane_center_x":-0.0220390856,"plane_center_y":-2.9248666763,"plane_center_z":1.2749298811,"color_id":4}}