{"0":{"ros_timestamp":"1695745446.1239436","wall_type":"floor","a":-0.0014182031,"b":-0.0000799848,"c":0.9999990463,"d":-0.0017424765,"shortest_distance":0.9982016112,"num_points":1081,"plane_center_x":0.0368893631,"plane_center_y":-0.468052119,"plane_center_z":0.0016319569,"color_id":0},"1":{"ros_timestamp":"1695745446.1239436","wall_type":"left","a":0.9999761581,"b":0.0064866706,"c":0.0023654827,"d":1.3235281706,"shortest_distance":1.3224528898,"num_points":1188,"plane_center_x":-1.3259503841,"plane_center_y":-0.0339081287,"plane_center_z":1.047064662,"color_id":1},"2":{"ros_timestamp":"1695745446.1239436","wall_type":"right","a":0.9999780655,"b":0.006617236,"c":-0.0000207687,"d":-1.3269833326,"shortest_distance":1.3303799724,"num_points":426,"plane_center_x":1.3269776106,"plane_center_y":0.0089091212,"plane_center_z":1.1655544043,"color_id":2},"3":{"ros_timestamp":"1695745446.1239436","wall_type":"front","a":0.004965377,"b":-0.9999876618,"c":0.0000241257,"d":2.9277644157,"shortest_distance":2.4306385807,"num_points":371,"plane_center_x":0.0072266106,"plane_center_y":2.9278669357,"plane_center_z":1.2616326809,"color_id":3},"4":{"ros_timestamp":"1695745446.1239436","wall_type":"back","a":0.0065943613,"b":-0.9999782443,"c":0.0000241145,"d":-2.9246883392,"shortest_distance":3.4218204293,"num_points":363,"plane_center_x":-0.0220390856,"plane_center_y":-2.9248666763,"plane_center_z":1.2749298811,"color_id":4}}