{"0":{"ros_timestamp":"1695745327.005065","wall_type":"floor","a":0.0002202236,"b":0.0012374561,"c":0.9999991655,"d":-0.0047401413,"shortest_distance":0.9946834434,"num_points":389,"plane_center_x":0.0714177638,"plane_center_y":2.2030870914,"plane_center_z":0.0019981912,"color_id":0},"1":{"ros_timestamp":"1695745327.005065","wall_type":"left","a":0.9999759793,"b":0.0069303541,"c":0.0000050802,"d":1.3237262964,"shortest_distance":1.4744824569,"num_points":342,"plane_center_x":-1.3354092836,"plane_center_y":1.6803306341,"plane_center_z":1.1067752838,"color_id":1},"2":{"ros_timestamp":"1695745327.005065","wall_type":"right","a":0.9999524355,"b":0.00975239,"c":-0.0001162208,"d":-1.3341622353,"shortest_distance":1.184865001,"num_points":212,"plane_center_x":1.3116022348,"plane_center_y":2.3334941864,"plane_center_z":1.160545826,"color_id":2}}