{"0":{"ros_timestamp":"1695745446.543757","wall_type":"floor","a":-0.001534556,"b":0.0000172249,"c":0.9999987483,"d":-0.0015981374,"shortest_distance":0.9984025085,"num_points":1079,"plane_center_x":0.045970697,"plane_center_y":-0.4641009271,"plane_center_z":0.0016766783,"color_id":0},"1":{"ros_timestamp":"1695745446.543757","wall_type":"left","a":0.9999739528,"b":0.0068152393,"c":0.0023479506,"d":1.3234621286,"shortest_distance":1.3175614424,"num_points":1190,"plane_center_x":-1.3257225752,"plane_center_y":-0.0400706679,"plane_center_z":1.0452970266,"color_id":1},"2":{"ros_timestamp":"1695745446.543757","wall_type":"right","a":0.9999774098,"b":0.0067324475,"c":-0.0000084511,"d":-1.32728827,"shortest_distance":1.3355864806,"num_points":446,"plane_center_x":1.3277751207,"plane_center_y":-0.0664050132,"plane_center_z":1.1581338644,"color_id":2},"3":{"ros_timestamp":"1695745446.543757","wall_type":"front","a":0.004965377,"b":-0.9999876618,"c":0.0000241257,"d":2.9277644157,"shortest_distance":2.4307054079,"num_points":371,"plane_center_x":0.0072266106,"plane_center_y":2.9278669357,"plane_center_z":1.2616326809,"color_id":3},"4":{"ros_timestamp":"1695745446.543757","wall_type":"back","a":0.0065943613,"b":-0.9999782443,"c":0.0000241145,"d":-2.9246883392,"shortest_distance":3.4217617003,"num_points":363,"plane_center_x":-0.0220390856,"plane_center_y":-2.9248666763,"plane_center_z":1.2749298811,"color_id":4}}