{"0":{"ros_timestamp":"1695745446.708868","wall_type":"floor","a":-0.0013207984,"b":-0.0000077987,"c":0.9999991059,"d":-0.0015671513,"shortest_distance":0.9984221578,"num_points":1078,"plane_center_x":0.04555659,"plane_center_y":-0.4626599848,"plane_center_z":0.0016237156,"color_id":0},"1":{"ros_timestamp":"1695745446.708868","wall_type":"left","a":0.9999731779,"b":0.0068596941,"c":0.0025572544,"d":1.3231924772,"shortest_distance":1.3150377613,"num_points":1191,"plane_center_x":-1.3256949186,"plane_center_y":-0.0422944278,"plane_center_z":1.0444201231,"color_id":1},"2":{"ros_timestamp":"1695745446.708868","wall_type":"right","a":0.999977231,"b":0.006751141,"c":0.000001374,"d":-1.3273539543,"shortest_distance":1.3381184972,"num_points":446,"plane_center_x":1.3278149366,"plane_center_y":-0.0640310571,"plane_center_z":1.1581417322,"color_id":2},"3":{"ros_timestamp":"1695745446.708868","wall_type":"front","a":0.004965377,"b":-0.9999876618,"c":0.0000241257,"d":2.9277644157,"shortest_distance":2.4307574625,"num_points":371,"plane_center_x":0.0072266106,"plane_center_y":2.9278669357,"plane_center_z":1.2616326809,"color_id":3},"4":{"ros_timestamp":"1695745446.708868","wall_type":"back","a":0.0065943613,"b":-0.9999782443,"c":0.0000241145,"d":-2.9246883392,"shortest_distance":3.4217136943,"num_points":363,"plane_center_x":-0.0220390856,"plane_center_y":-2.9248666763,"plane_center_z":1.2749298811,"color_id":4}}