{"0":{"ros_timestamp":"1695745446.877295","wall_type":"floor","a":-0.0012724487,"b":-0.0000112348,"c":0.9999992251,"d":-0.0015630975,"shortest_distance":0.9984270464,"num_points":1079,"plane_center_x":0.0431307033,"plane_center_y":-0.4639960527,"plane_center_z":0.0016127673,"color_id":0},"1":{"ros_timestamp":"1695745446.877295","wall_type":"left","a":0.999977231,"b":0.0063193575,"c":0.0023818235,"d":1.323902607,"shortest_distance":1.3128187223,"num_points":1190,"plane_center_x":-1.326172471,"plane_center_y":-0.0407534465,"plane_center_z":1.0452725887,"color_id":1},"2":{"ros_timestamp":"1695745446.877295","wall_type":"right","a":0.9999804497,"b":0.0062388168,"c":-0.0000395719,"d":-1.3260197639,"shortest_distance":1.3395651297,"num_points":446,"plane_center_x":1.3264855146,"plane_center_y":-0.063147068,"plane_center_z":1.1581403017,"color_id":2},"3":{"ros_timestamp":"1695745446.877295","wall_type":"front","a":0.004965377,"b":-0.9999876618,"c":0.0000241257,"d":2.9277644157,"shortest_distance":2.430821943,"num_points":371,"plane_center_x":0.0072266106,"plane_center_y":2.9278669357,"plane_center_z":1.2616326809,"color_id":3},"4":{"ros_timestamp":"1695745446.877295","wall_type":"back","a":0.0065943613,"b":-0.9999782443,"c":0.0000241145,"d":-2.9246883392,"shortest_distance":3.4216532621,"num_points":363,"plane_center_x":-0.0220390856,"plane_center_y":-2.9248666763,"plane_center_z":1.2749298811,"color_id":4}}