{"0":{"ros_timestamp":"1695745327.219784","wall_type":"floor","a":0.0001203347,"b":0.0009567615,"c":0.9999995828,"d":-0.0040273238,"shortest_distance":0.9955149128,"num_points":390,"plane_center_x":0.0680473596,"plane_center_y":2.2018764019,"plane_center_z":0.0019124653,"color_id":0},"1":{"ros_timestamp":"1695745327.219784","wall_type":"left","a":0.9999762774,"b":0.0068836939,"c":0.0000018615,"d":1.3244711161,"shortest_distance":1.4776130733,"num_points":343,"plane_center_x":-1.3360694647,"plane_center_y":1.6799995899,"plane_center_z":1.109390378,"color_id":1},"2":{"ros_timestamp":"1695745327.219784","wall_type":"right","a":0.9999524355,"b":0.00975239,"c":-0.0001162208,"d":-1.3341622353,"shortest_distance":1.1824959539,"num_points":212,"plane_center_x":1.3116022348,"plane_center_y":2.3334941864,"plane_center_z":1.160545826,"color_id":2}}