{"0":{"ros_timestamp":"1695745448.44397","wall_type":"floor","a":-0.0015060075,"b":0.0000085386,"c":0.9999989271,"d":-0.0015886851,"shortest_distance":0.9984447338,"num_points":1081,"plane_center_x":0.0490948483,"plane_center_y":-0.4638467431,"plane_center_z":0.0016665846,"color_id":0},"1":{"ros_timestamp":"1695745448.44397","wall_type":"left","a":0.9999748468,"b":0.0065858834,"c":0.0026170332,"d":1.3232275248,"shortest_distance":1.2926478965,"num_points":1193,"plane_center_x":-1.3257479668,"plane_center_y":-0.0439561307,"plane_center_z":1.0426353216,"color_id":1},"2":{"ros_timestamp":"1695745448.44397","wall_type":"right","a":0.9999771714,"b":0.0067609306,"c":0.0000175686,"d":-1.327409029,"shortest_distance":1.3605013662,"num_points":487,"plane_center_x":1.3288011551,"plane_center_y":-0.2044226229,"plane_center_z":1.1513322592,"color_id":2},"3":{"ros_timestamp":"1695745448.44397","wall_type":"front","a":0.004965377,"b":-0.9999876618,"c":0.0000241257,"d":2.9277644157,"shortest_distance":2.4317848547,"num_points":371,"plane_center_x":0.0072266106,"plane_center_y":2.9278669357,"plane_center_z":1.2616326809,"color_id":3},"4":{"ros_timestamp":"1695745448.44397","wall_type":"back","a":0.0065943613,"b":-0.9999782443,"c":0.0000241145,"d":-2.9246883392,"shortest_distance":3.4207227071,"num_points":363,"plane_center_x":-0.0220390856,"plane_center_y":-2.9248666763,"plane_center_z":1.2749298811,"color_id":4}}