{"0":{"ros_timestamp":"1695745448.5637743","wall_type":"floor","a":-0.0014964978,"b":0.0000066059,"c":0.9999988675,"d":-0.0015855025,"shortest_distance":0.9984466256,"num_points":1081,"plane_center_x":0.0485766418,"plane_center_y":-0.4638096988,"plane_center_z":0.0016612632,"color_id":0},"1":{"ros_timestamp":"1695745448.5637743","wall_type":"left","a":0.99997437,"b":0.00670711,"c":0.0024724859,"d":1.3232339621,"shortest_distance":1.2925699654,"num_points":1193,"plane_center_x":-1.3255984783,"plane_center_y":-0.0441799387,"plane_center_z":1.042647481,"color_id":1},"2":{"ros_timestamp":"1695745448.5637743","wall_type":"right","a":0.9999756217,"b":0.006981534,"c":0.0000537459,"d":-1.3280214071,"shortest_distance":1.3609681743,"num_points":487,"plane_center_x":1.3294148445,"plane_center_y":-0.203804642,"plane_center_z":1.151337266,"color_id":2},"3":{"ros_timestamp":"1695745448.5637743","wall_type":"front","a":0.004965377,"b":-0.9999876618,"c":0.0000241257,"d":2.9277644157,"shortest_distance":2.4317848547,"num_points":371,"plane_center_x":0.0072266106,"plane_center_y":2.9278669357,"plane_center_z":1.2616326809,"color_id":3},"4":{"ros_timestamp":"1695745448.5637743","wall_type":"back","a":0.0065943613,"b":-0.9999782443,"c":0.0000241145,"d":-2.9246883392,"shortest_distance":3.4207227071,"num_points":363,"plane_center_x":-0.0220390856,"plane_center_y":-2.9248666763,"plane_center_z":1.2749298811,"color_id":4}}