{"0":{"ros_timestamp":"1695745448.8089328","wall_type":"floor","a":-0.0014072411,"b":-0.0000067063,"c":0.9999990463,"d":-0.0015603296,"shortest_distance":0.9984655624,"num_points":1083,"plane_center_x":0.0462042019,"plane_center_y":-0.4666031897,"plane_center_z":0.0016222222,"color_id":0},"1":{"ros_timestamp":"1695745448.8089328","wall_type":"left","a":0.9999766946,"b":0.0063781859,"c":0.0024246392,"d":1.3239006996,"shortest_distance":1.2905457887,"num_points":1192,"plane_center_x":-1.3261842728,"plane_center_y":-0.0434904695,"plane_center_z":1.0434976816,"color_id":1},"2":{"ros_timestamp":"1695745448.8089328","wall_type":"right","a":0.9999801517,"b":0.006303852,"c":-0.0000345253,"d":-1.3261535168,"shortest_distance":1.362004512,"num_points":487,"plane_center_x":1.3274991512,"plane_center_y":-0.2029825151,"plane_center_z":1.1513514519,"color_id":2},"3":{"ros_timestamp":"1695745448.8089328","wall_type":"front","a":0.004965377,"b":-0.9999876618,"c":0.0000241257,"d":2.9277644157,"shortest_distance":2.4319610571,"num_points":371,"plane_center_x":0.0072266106,"plane_center_y":2.9278669357,"plane_center_z":1.2616326809,"color_id":3},"4":{"ros_timestamp":"1695745448.8089328","wall_type":"back","a":0.0065943613,"b":-0.9999782443,"c":0.0000241145,"d":-2.9246883392,"shortest_distance":3.4205505442,"num_points":363,"plane_center_x":-0.0220390856,"plane_center_y":-2.9248666763,"plane_center_z":1.2749298811,"color_id":4}}