{"0":{"ros_timestamp":"1695745449.21449","wall_type":"floor","a":-0.0014100171,"b":-0.0000135412,"c":0.9999990463,"d":-0.0015379708,"shortest_distance":0.9984951226,"num_points":1087,"plane_center_x":0.0483229049,"plane_center_y":-0.4757426977,"plane_center_z":0.0015996663,"color_id":0},"1":{"ros_timestamp":"1695745449.21449","wall_type":"left","a":0.999976635,"b":0.0062785042,"c":0.0027306753,"d":1.3234716654,"shortest_distance":1.2829394645,"num_points":1193,"plane_center_x":-1.3261270523,"plane_center_y":-0.0426959172,"plane_center_z":1.042599678,"color_id":1},"2":{"ros_timestamp":"1695745449.21449","wall_type":"right","a":0.9999804497,"b":0.0062500946,"c":-0.0000976058,"d":-1.3259037733,"shortest_distance":1.3692783497,"num_points":508,"plane_center_x":1.3276231289,"plane_center_y":-0.2530028224,"plane_center_z":1.1474924088,"color_id":2},"3":{"ros_timestamp":"1695745449.21449","wall_type":"front","a":0.004965377,"b":-0.9999876618,"c":0.0000241257,"d":2.9277644157,"shortest_distance":2.4325640191,"num_points":371,"plane_center_x":0.0072266106,"plane_center_y":2.9278669357,"plane_center_z":1.2616326809,"color_id":3},"4":{"ros_timestamp":"1695745449.21449","wall_type":"back","a":0.0065943613,"b":-0.9999782443,"c":0.0000241145,"d":-2.9246883392,"shortest_distance":3.4199596915,"num_points":363,"plane_center_x":-0.0220390856,"plane_center_y":-2.9248666763,"plane_center_z":1.2749298811,"color_id":4}}