{"0":{"ros_timestamp":"1695745449.7088537","wall_type":"floor","a":-0.0014734672,"b":-0.00000058,"c":0.9999989271,"d":-0.0015406853,"shortest_distance":0.9985089652,"num_points":1090,"plane_center_x":0.0475915931,"plane_center_y":-0.4846106172,"plane_center_z":0.0016105307,"color_id":0},"1":{"ros_timestamp":"1695745449.7088537","wall_type":"left","a":0.9999774098,"b":0.0060705054,"c":0.002908577,"d":1.3232647181,"shortest_distance":1.2778569731,"num_points":1190,"plane_center_x":-1.3263034821,"plane_center_y":-0.034528926,"plane_center_z":1.045173049,"color_id":1},"2":{"ros_timestamp":"1695745449.7088537","wall_type":"right","a":0.9999817014,"b":0.0060503809,"c":-0.0000795455,"d":-1.3254328966,"shortest_distance":1.3738387676,"num_points":508,"plane_center_x":1.3270504475,"plane_center_y":-0.2482275218,"plane_center_z":1.1475040913,"color_id":2},"3":{"ros_timestamp":"1695745449.7088537","wall_type":"front","a":0.004965377,"b":-0.9999876618,"c":0.0000241257,"d":2.9277644157,"shortest_distance":2.433027905,"num_points":371,"plane_center_x":0.0072266106,"plane_center_y":2.9278669357,"plane_center_z":1.2616326809,"color_id":3},"4":{"ros_timestamp":"1695745449.7088537","wall_type":"back","a":0.0065943613,"b":-0.9999782443,"c":0.0000241145,"d":-2.9246883392,"shortest_distance":3.4195038697,"num_points":363,"plane_center_x":-0.0220390856,"plane_center_y":-2.9248666763,"plane_center_z":1.2749298811,"color_id":4}}