{"0":{"ros_timestamp":"1695745327.4040904","wall_type":"floor","a":0.0000987361,"b":0.0007938927,"c":0.9999997616,"d":-0.0036370535,"shortest_distance":0.9959788128,"num_points":390,"plane_center_x":0.0677697808,"plane_center_y":2.2021112442,"plane_center_z":0.0018821227,"color_id":0},"1":{"ros_timestamp":"1695745327.4040904","wall_type":"left","a":0.9999764562,"b":0.0068565407,"c":-0.0000042608,"d":1.3247725964,"shortest_distance":1.4779212852,"num_points":343,"plane_center_x":-1.3363442421,"plane_center_y":1.6837807894,"plane_center_z":1.1094024181,"color_id":1},"2":{"ros_timestamp":"1695745327.4040904","wall_type":"right","a":0.9999524355,"b":0.00975239,"c":-0.0001162208,"d":-1.3341622353,"shortest_distance":1.1824959539,"num_points":212,"plane_center_x":1.3116022348,"plane_center_y":2.3334941864,"plane_center_z":1.160545826,"color_id":2}}