{"0":{"ros_timestamp":"1695745450.0538495","wall_type":"floor","a":-0.0014450747,"b":-0.0000000679,"c":0.9999989867,"d":-0.001548862,"shortest_distance":0.9985067685,"num_points":1091,"plane_center_x":0.0522449613,"plane_center_y":-0.4851363897,"plane_center_z":0.0016243285,"color_id":0},"1":{"ros_timestamp":"1695745450.0538495","wall_type":"left","a":0.9999760389,"b":0.0062188515,"c":0.0030457976,"d":1.3230260611,"shortest_distance":1.2728833298,"num_points":1191,"plane_center_x":-1.3262007236,"plane_center_y":-0.0351876616,"plane_center_z":1.044261694,"color_id":1},"2":{"ros_timestamp":"1695745450.0538495","wall_type":"right","a":0.9999804497,"b":0.0062521193,"c":-0.0000496879,"d":-1.3259974718,"shortest_distance":1.3792194145,"num_points":508,"plane_center_x":1.3276110888,"plane_center_y":-0.2448141277,"plane_center_z":1.1474949121,"color_id":2},"3":{"ros_timestamp":"1695745450.0538495","wall_type":"front","a":0.004965377,"b":-0.9999876618,"c":0.0000241257,"d":2.9277644157,"shortest_distance":2.4335412666,"num_points":371,"plane_center_x":0.0072266106,"plane_center_y":2.9278669357,"plane_center_z":1.2616326809,"color_id":3},"4":{"ros_timestamp":"1695745450.0538495","wall_type":"back","a":0.0065943613,"b":-0.9999782443,"c":0.0000241145,"d":-2.9246883392,"shortest_distance":3.4189985644,"num_points":363,"plane_center_x":-0.0220390856,"plane_center_y":-2.9248666763,"plane_center_z":1.2749298811,"color_id":4}}