{"0":{"ros_timestamp":"1695745450.145634","wall_type":"floor","a":-0.0014090509,"b":-0.0000072069,"c":0.9999989867,"d":-0.0015567188,"shortest_distance":0.9984934096,"num_points":1091,"plane_center_x":0.052050069,"plane_center_y":-0.4770810008,"plane_center_z":0.0016266233,"color_id":0},"1":{"ros_timestamp":"1695745450.145634","wall_type":"left","a":0.9999764562,"b":0.0063676727,"c":0.0025899112,"d":1.3233482838,"shortest_distance":1.2728230796,"num_points":1191,"plane_center_x":-1.3258905411,"plane_center_y":-0.0418131202,"plane_center_z":1.044285059,"color_id":1},"2":{"ros_timestamp":"1695745450.145634","wall_type":"right","a":0.9999772906,"b":0.0067378446,"c":0.0000091016,"d":-1.3273342848,"shortest_distance":1.3802573335,"num_points":508,"plane_center_x":1.3289942741,"plane_center_y":-0.2434531897,"plane_center_z":1.1475045681,"color_id":2},"3":{"ros_timestamp":"1695745450.145634","wall_type":"front","a":0.004965377,"b":-0.9999876618,"c":0.0000241257,"d":2.9277644157,"shortest_distance":2.4335412666,"num_points":371,"plane_center_x":0.0072266106,"plane_center_y":2.9278669357,"plane_center_z":1.2616326809,"color_id":3},"4":{"ros_timestamp":"1695745450.145634","wall_type":"back","a":0.0065943613,"b":-0.9999782443,"c":0.0000241145,"d":-2.9246883392,"shortest_distance":3.4189985644,"num_points":363,"plane_center_x":-0.0220390856,"plane_center_y":-2.9248666763,"plane_center_z":1.2749298811,"color_id":4}}