{"0":{"ros_timestamp":"1695745450.2246587","wall_type":"floor","a":-0.0013973562,"b":-0.0000088513,"c":0.9999990463,"d":-0.0015546356,"shortest_distance":0.9984974919,"num_points":1091,"plane_center_x":0.052047018,"plane_center_y":-0.4770954251,"plane_center_z":0.0016231425,"color_id":0},"1":{"ros_timestamp":"1695745450.2246587","wall_type":"left","a":0.9999770522,"b":0.0064459159,"c":0.0021000605,"d":1.3243119717,"shortest_distance":1.2708646578,"num_points":1191,"plane_center_x":-1.3261452913,"plane_center_y":-0.0414576977,"plane_center_z":1.0442796946,"color_id":1},"2":{"ros_timestamp":"1695745450.2246587","wall_type":"right","a":0.9999803901,"b":0.0062664682,"c":-0.0000492017,"d":-1.3260345459,"shortest_distance":1.381719779,"num_points":508,"plane_center_x":1.3276399374,"plane_center_y":-0.24302347,"plane_center_z":1.1475098133,"color_id":2},"3":{"ros_timestamp":"1695745450.2246587","wall_type":"front","a":0.004965377,"b":-0.9999876618,"c":0.0000241257,"d":2.9277644157,"shortest_distance":2.433816485,"num_points":371,"plane_center_x":0.0072266106,"plane_center_y":2.9278669357,"plane_center_z":1.2616326809,"color_id":3},"4":{"ros_timestamp":"1695745450.2246587","wall_type":"back","a":0.0065943613,"b":-0.9999782443,"c":0.0000241145,"d":-2.9246883392,"shortest_distance":3.418727371,"num_points":363,"plane_center_x":-0.0220390856,"plane_center_y":-2.9248666763,"plane_center_z":1.2749298811,"color_id":4}}