{"0":{"ros_timestamp":"1695745450.3681104","wall_type":"floor","a":-0.0014274016,"b":-0.0000157849,"c":0.9999989867,"d":-0.0015354042,"shortest_distance":0.9985185494,"num_points":1090,"plane_center_x":0.0528381206,"plane_center_y":-0.4751521945,"plane_center_z":0.0016033269,"color_id":0},"1":{"ros_timestamp":"1695745450.3681104","wall_type":"left","a":0.999976933,"b":0.0064480342,"c":0.0021237968,"d":1.324283123,"shortest_distance":1.2683911034,"num_points":1192,"plane_center_x":-1.326125741,"plane_center_y":-0.0436521545,"plane_center_z":1.0434205532,"color_id":1},"2":{"ros_timestamp":"1695745450.3681104","wall_type":"right","a":0.9999803305,"b":0.0062680864,"c":-0.0000496351,"d":-1.3260359764,"shortest_distance":1.384190428,"num_points":508,"plane_center_x":1.3276280165,"plane_center_y":-0.2407361716,"plane_center_z":1.1475132704,"color_id":2},"3":{"ros_timestamp":"1695745450.3681104","wall_type":"front","a":0.004965377,"b":-0.9999876618,"c":0.0000241257,"d":2.9277644157,"shortest_distance":2.4341040526,"num_points":371,"plane_center_x":0.0072266106,"plane_center_y":2.9278669357,"plane_center_z":1.2616326809,"color_id":3},"4":{"ros_timestamp":"1695745450.3681104","wall_type":"back","a":0.0065943613,"b":-0.9999782443,"c":0.0000241145,"d":-2.9246883392,"shortest_distance":3.418443826,"num_points":363,"plane_center_x":-0.0220390856,"plane_center_y":-2.9248666763,"plane_center_z":1.2749298811,"color_id":4}}