{"0":{"ros_timestamp":"1695745450.3982568","wall_type":"floor","a":-0.0014265134,"b":-0.0000163107,"c":0.9999989867,"d":-0.0015343797,"shortest_distance":0.9985192614,"num_points":1090,"plane_center_x":0.0527718216,"plane_center_y":-0.4749370515,"plane_center_z":0.0016019145,"color_id":0},"1":{"ros_timestamp":"1695745450.3982568","wall_type":"left","a":0.9999760985,"b":0.0064266315,"c":0.0025615282,"d":1.3233962059,"shortest_distance":1.2679313307,"num_points":1192,"plane_center_x":-1.3258727789,"plane_center_y":-0.0439356267,"plane_center_z":1.043418169,"color_id":1},"2":{"ros_timestamp":"1695745450.3982568","wall_type":"right","a":0.9999772906,"b":0.0067351293,"c":0.0000134755,"d":-1.3273404837,"shortest_distance":1.3852012136,"num_points":508,"plane_center_x":1.3289643526,"plane_center_y":-0.2389235348,"plane_center_z":1.1475137472,"color_id":2},"3":{"ros_timestamp":"1695745450.3982568","wall_type":"front","a":0.004965377,"b":-0.9999876618,"c":0.0000241257,"d":2.9277644157,"shortest_distance":2.4341040526,"num_points":371,"plane_center_x":0.0072266106,"plane_center_y":2.9278669357,"plane_center_z":1.2616326809,"color_id":3},"4":{"ros_timestamp":"1695745450.3982568","wall_type":"back","a":0.0065943613,"b":-0.9999782443,"c":0.0000241145,"d":-2.9246883392,"shortest_distance":3.418443826,"num_points":363,"plane_center_x":-0.0220390856,"plane_center_y":-2.9248666763,"plane_center_z":1.2749298811,"color_id":4}}