{"0":{"ros_timestamp":"1695745450.8937802","wall_type":"floor","a":-0.0014395682,"b":-0.000013977,"c":0.9999989867,"d":-0.0015325021,"shortest_distance":0.9985301777,"num_points":1090,"plane_center_x":0.0518769585,"plane_center_y":-0.4749878943,"plane_center_z":0.0016005452,"color_id":0},"1":{"ros_timestamp":"1695745450.8937802","wall_type":"left","a":0.9999758005,"b":0.0065829037,"c":0.0022119707,"d":1.3239575624,"shortest_distance":1.2632856088,"num_points":1192,"plane_center_x":-1.3259173632,"plane_center_y":-0.0453757234,"plane_center_z":1.0434291363,"color_id":1},"2":{"ros_timestamp":"1695745450.8937802","wall_type":"right","a":0.9999781251,"b":0.0066169966,"c":0.0000283178,"d":-1.3271148205,"shortest_distance":1.3899538106,"num_points":527,"plane_center_x":1.329079628,"plane_center_y":-0.2974330485,"plane_center_z":1.1443048716,"color_id":2},"3":{"ros_timestamp":"1695745450.8937802","wall_type":"front","a":0.004965377,"b":-0.9999876618,"c":0.0000241257,"d":2.9277644157,"shortest_distance":2.4347162065,"num_points":371,"plane_center_x":0.0072266106,"plane_center_y":2.9278669357,"plane_center_z":1.2616326809,"color_id":3},"4":{"ros_timestamp":"1695745450.8937802","wall_type":"back","a":0.0065943613,"b":-0.9999782443,"c":0.0000241145,"d":-2.9246883392,"shortest_distance":3.4178397101,"num_points":363,"plane_center_x":-0.0220390856,"plane_center_y":-2.9248666763,"plane_center_z":1.2749298811,"color_id":4}}