{"0":{"ros_timestamp":"1695745450.9582255","wall_type":"floor","a":-0.0015158715,"b":-0.0000354474,"c":0.9999988675,"d":-0.0016456778,"shortest_distance":0.9984151005,"num_points":1093,"plane_center_x":0.0503702052,"plane_center_y":-0.4798234403,"plane_center_z":0.0016491237,"color_id":0},"1":{"ros_timestamp":"1695745450.9582255","wall_type":"left","a":0.9999769926,"b":0.0064200866,"c":0.0021570835,"d":1.3241916895,"shortest_distance":1.2609195065,"num_points":1190,"plane_center_x":-1.3261287212,"plane_center_y":-0.0414097458,"plane_center_z":1.0451356173,"color_id":1},"2":{"ros_timestamp":"1695745450.9582255","wall_type":"right","a":0.9999803305,"b":0.006258979,"c":-0.0000622161,"d":-1.3259968758,"shortest_distance":1.3915680662,"num_points":526,"plane_center_x":1.3279556036,"plane_center_y":-0.2973898649,"plane_center_z":1.1463762522,"color_id":2},"3":{"ros_timestamp":"1695745450.9582255","wall_type":"front","a":0.004965377,"b":-0.9999876618,"c":0.0000241257,"d":2.9277644157,"shortest_distance":2.4350407776,"num_points":371,"plane_center_x":0.0072266106,"plane_center_y":2.9278669357,"plane_center_z":1.2616326809,"color_id":3},"4":{"ros_timestamp":"1695745450.9582255","wall_type":"back","a":0.0065943613,"b":-0.9999782443,"c":0.0000241145,"d":-2.9246883392,"shortest_distance":3.4175191543,"num_points":363,"plane_center_x":-0.0220390856,"plane_center_y":-2.9248666763,"plane_center_z":1.2749298811,"color_id":4}}