{"0":{"ros_timestamp":"1695745451.535879","wall_type":"floor","a":-0.0015312883,"b":0.000002776,"c":0.9999988079,"d":-0.0015658856,"shortest_distance":0.9985260441,"num_points":1096,"plane_center_x":0.0533314757,"plane_center_y":-0.4839338362,"plane_center_z":0.0016488968,"color_id":0},"1":{"ros_timestamp":"1695745451.535879","wall_type":"left","a":0.9999762774,"b":0.006674197,"c":0.0017029104,"d":1.3246399164,"shortest_distance":1.2536533901,"num_points":1190,"plane_center_x":-1.325958252,"plane_center_y":-0.0431196019,"plane_center_z":1.0451346636,"color_id":1},"2":{"ros_timestamp":"1695745451.535879","wall_type":"right","a":0.9999778271,"b":0.0066639837,"c":0.0000345113,"d":-1.3272323608,"shortest_distance":1.3998923358,"num_points":527,"plane_center_x":1.3292108774,"plane_center_y":-0.2984136641,"plane_center_z":1.1481633186,"color_id":2},"3":{"ros_timestamp":"1695745451.535879","wall_type":"front","a":0.004965377,"b":-0.9999876618,"c":0.0000241257,"d":2.9277644157,"shortest_distance":2.4360883688,"num_points":371,"plane_center_x":0.0072266106,"plane_center_y":2.9278669357,"plane_center_z":1.2616326809,"color_id":3},"4":{"ros_timestamp":"1695745451.535879","wall_type":"back","a":0.0065943613,"b":-0.9999782443,"c":0.0000241145,"d":-2.9246883392,"shortest_distance":3.4164835923,"num_points":363,"plane_center_x":-0.0220390856,"plane_center_y":-2.9248666763,"plane_center_z":1.2749298811,"color_id":4}}