{"0":{"ros_timestamp":"1695745451.6336546","wall_type":"floor","a":-0.0015430246,"b":0.0000064536,"c":0.9999988079,"d":-0.0015504535,"shortest_distance":0.9985441567,"num_points":1092,"plane_center_x":0.0579366162,"plane_center_y":-0.4929217696,"plane_center_z":0.0016430342,"color_id":0},"1":{"ros_timestamp":"1695745451.6336546","wall_type":"left","a":0.9999704361,"b":0.0060763755,"c":0.0047221547,"d":1.3205542564,"shortest_distance":1.252293558,"num_points":1194,"plane_center_x":-1.3259911537,"plane_center_y":-0.0362225808,"plane_center_z":1.0416331291,"color_id":1},"2":{"ros_timestamp":"1695745451.6336546","wall_type":"right","a":0.9999806881,"b":0.0062079313,"c":-0.0000856818,"d":-1.325827837,"shortest_distance":1.3988323908,"num_points":543,"plane_center_x":1.3279831409,"plane_center_y":-0.3272674382,"plane_center_z":1.1437957287,"color_id":2},"3":{"ros_timestamp":"1695745451.6336546","wall_type":"front","a":0.004965377,"b":-0.9999876618,"c":0.0000241257,"d":2.9277644157,"shortest_distance":2.4360883688,"num_points":371,"plane_center_x":0.0072266106,"plane_center_y":2.9278669357,"plane_center_z":1.2616326809,"color_id":3},"4":{"ros_timestamp":"1695745451.6336546","wall_type":"back","a":0.0065943613,"b":-0.9999782443,"c":0.0000241145,"d":-2.9246883392,"shortest_distance":3.4164835923,"num_points":363,"plane_center_x":-0.0220390856,"plane_center_y":-2.9248666763,"plane_center_z":1.2749298811,"color_id":4}}