{"0":{"ros_timestamp":"1695745451.7375803","wall_type":"floor","a":-0.0015270049,"b":0.0000035717,"c":0.9999988079,"d":-0.0015743359,"shortest_distance":0.9985214144,"num_points":1099,"plane_center_x":0.0534787253,"plane_center_y":-0.4881043136,"plane_center_z":0.0016577435,"color_id":0},"1":{"ros_timestamp":"1695745451.7375803","wall_type":"left","a":0.9999762774,"b":0.0064397375,"c":0.0024602893,"d":1.3236340284,"shortest_distance":1.2508315038,"num_points":1189,"plane_center_x":-1.3260608912,"plane_center_y":-0.0408313535,"plane_center_z":1.045999527,"color_id":1},"2":{"ros_timestamp":"1695745451.7375803","wall_type":"right","a":0.9999784827,"b":0.0065616434,"c":0.000013635,"d":-1.3269279003,"shortest_distance":1.4021172791,"num_points":545,"plane_center_x":1.3291108608,"plane_center_y":-0.3307004869,"plane_center_z":1.1433010101,"color_id":2},"3":{"ros_timestamp":"1695745451.7375803","wall_type":"front","a":0.004965377,"b":-0.9999876618,"c":0.0000241257,"d":2.9277644157,"shortest_distance":2.4364621628,"num_points":371,"plane_center_x":0.0072266106,"plane_center_y":2.9278669357,"plane_center_z":1.2616326809,"color_id":3},"4":{"ros_timestamp":"1695745451.7375803","wall_type":"back","a":0.0065943613,"b":-0.9999782443,"c":0.0000241145,"d":-2.9246883392,"shortest_distance":3.4161138022,"num_points":363,"plane_center_x":-0.0220390856,"plane_center_y":-2.9248666763,"plane_center_z":1.2749298811,"color_id":4}}