{"0":{"ros_timestamp":"1695745452.1587842","wall_type":"floor","a":-0.0015251781,"b":0.0000035308,"c":0.9999988675,"d":-0.001574904,"shortest_distance":0.9985281646,"num_points":1098,"plane_center_x":0.0544580892,"plane_center_y":-0.4902386069,"plane_center_z":0.0016596949,"color_id":0},"1":{"ros_timestamp":"1695745452.1587842","wall_type":"left","a":0.9999758601,"b":0.0063984599,"c":0.0027233355,"d":1.3232451677,"shortest_distance":1.2457749674,"num_points":1190,"plane_center_x":-1.326000452,"plane_center_y":-0.0394855887,"plane_center_z":1.0451068878,"color_id":1},"2":{"ros_timestamp":"1695745452.1587842","wall_type":"right","a":0.9999806285,"b":0.0062260483,"c":-0.0000651534,"d":-1.3259110451,"shortest_distance":1.4062545018,"num_points":546,"plane_center_x":1.3280711174,"plane_center_y":-0.3308265507,"plane_center_z":1.1447160244,"color_id":2},"3":{"ros_timestamp":"1695745452.1587842","wall_type":"front","a":0.004965377,"b":-0.9999876618,"c":0.0000241257,"d":2.9277644157,"shortest_distance":2.4372465905,"num_points":371,"plane_center_x":0.0072266106,"plane_center_y":2.9278669357,"plane_center_z":1.2616326809,"color_id":3},"4":{"ros_timestamp":"1695745452.1587842","wall_type":"back","a":0.0065943613,"b":-0.9999782443,"c":0.0000241145,"d":-2.9246883392,"shortest_distance":3.415337373,"num_points":363,"plane_center_x":-0.0220390856,"plane_center_y":-2.9248666763,"plane_center_z":1.2749298811,"color_id":4}}