{"0":{"ros_timestamp":"1695745452.3458138","wall_type":"floor","a":-0.0015098032,"b":-0.0000008949,"c":0.9999989271,"d":-0.0015669427,"shortest_distance":0.9985363977,"num_points":1100,"plane_center_x":0.0545367487,"plane_center_y":-0.4897458851,"plane_center_z":0.0016488458,"color_id":0},"1":{"ros_timestamp":"1695745452.3458138","wall_type":"left","a":0.9999766946,"b":0.0064858031,"c":0.0021025441,"d":1.3241263628,"shortest_distance":1.2436259477,"num_points":1189,"plane_center_x":-1.3260495663,"plane_center_y":-0.0410836004,"plane_center_z":1.0459856987,"color_id":1},"2":{"ros_timestamp":"1695745452.3458138","wall_type":"right","a":0.9999778867,"b":0.0066480748,"c":0.0000380189,"d":-1.3272001743,"shortest_distance":1.4096857965,"num_points":548,"plane_center_x":1.3293893337,"plane_center_y":-0.3314113617,"plane_center_z":1.1447455883,"color_id":2},"3":{"ros_timestamp":"1695745452.3458138","wall_type":"front","a":0.004965377,"b":-0.9999876618,"c":0.0000241257,"d":2.9277644157,"shortest_distance":2.4376572046,"num_points":371,"plane_center_x":0.0072266106,"plane_center_y":2.9278669357,"plane_center_z":1.2616326809,"color_id":3},"4":{"ros_timestamp":"1695745452.3458138","wall_type":"back","a":0.0065943613,"b":-0.9999782443,"c":0.0000241145,"d":-2.9246883392,"shortest_distance":3.4149307533,"num_points":363,"plane_center_x":-0.0220390856,"plane_center_y":-2.9248666763,"plane_center_z":1.2749298811,"color_id":4}}