{"0":{"ros_timestamp":"1695745453.4568624","wall_type":"floor","a":-0.001430939,"b":-0.0000173006,"c":0.9999989271,"d":-0.0015301644,"shortest_distance":0.9985795049,"num_points":1111,"plane_center_x":0.061428789,"plane_center_y":-0.5032746792,"plane_center_z":0.00160936,"color_id":0},"1":{"ros_timestamp":"1695745453.4568624","wall_type":"left","a":0.9999770522,"b":0.0064640576,"c":0.0020386146,"d":1.3242161274,"shortest_distance":1.2289727377,"num_points":1188,"plane_center_x":-1.3260891438,"plane_center_y":-0.0388183631,"plane_center_z":1.0468661785,"color_id":1},"2":{"ros_timestamp":"1695745453.4568624","wall_type":"right","a":0.9999778867,"b":0.0066422229,"c":0.0000357913,"d":-1.3271744251,"shortest_distance":1.4243339685,"num_points":567,"plane_center_x":1.3294839859,"plane_center_y":-0.349427104,"plane_center_z":1.1416728497,"color_id":2},"3":{"ros_timestamp":"1695745453.4568624","wall_type":"front","a":0.004965377,"b":-0.9999876618,"c":0.0000241257,"d":2.9277644157,"shortest_distance":2.440377827,"num_points":371,"plane_center_x":0.0072266106,"plane_center_y":2.9278669357,"plane_center_z":1.2616326809,"color_id":3},"4":{"ros_timestamp":"1695745453.4568624","wall_type":"back","a":0.0065943613,"b":-0.9999782443,"c":0.0000241145,"d":-2.9246883392,"shortest_distance":3.4122340227,"num_points":363,"plane_center_x":-0.0220390856,"plane_center_y":-2.9248666763,"plane_center_z":1.2749298811,"color_id":4}}