{"0":{"ros_timestamp":"1695745453.6994603","wall_type":"floor","a":-0.0014488279,"b":-0.0000148502,"c":0.9999989271,"d":-0.0015345835,"shortest_distance":0.9985815829,"num_points":1111,"plane_center_x":0.061482057,"plane_center_y":-0.503565073,"plane_center_z":0.0016161841,"color_id":0},"1":{"ros_timestamp":"1695745453.6994603","wall_type":"left","a":0.9999770522,"b":0.0064640576,"c":0.0020386146,"d":1.3242161274,"shortest_distance":1.2265361835,"num_points":1188,"plane_center_x":-1.3260891438,"plane_center_y":-0.0388183631,"plane_center_z":1.0468661785,"color_id":1},"2":{"ros_timestamp":"1695745453.6994603","wall_type":"right","a":0.9999776483,"b":0.0066870609,"c":0.000037808,"d":-1.3273057938,"shortest_distance":1.426878047,"num_points":567,"plane_center_x":1.3296136856,"plane_center_y":-0.3471416533,"plane_center_z":1.1416769028,"color_id":2},"3":{"ros_timestamp":"1695745453.6994603","wall_type":"front","a":0.004965377,"b":-0.9999876618,"c":0.0000241257,"d":2.9277644157,"shortest_distance":2.4408739812,"num_points":371,"plane_center_x":0.0072266106,"plane_center_y":2.9278669357,"plane_center_z":1.2616326809,"color_id":3},"4":{"ros_timestamp":"1695745453.6994603","wall_type":"back","a":0.0065943613,"b":-0.9999782443,"c":0.0000241145,"d":-2.9246883392,"shortest_distance":3.4117418371,"num_points":363,"plane_center_x":-0.0220390856,"plane_center_y":-2.9248666763,"plane_center_z":1.2749298811,"color_id":4}}