{"0":{"ros_timestamp":"1695745453.8984463","wall_type":"floor","a":-0.0014396736,"b":-0.00001668,"c":0.9999989271,"d":-0.0015319447,"shortest_distance":0.9985859113,"num_points":1111,"plane_center_x":0.06180197,"plane_center_y":-0.5034996271,"plane_center_z":0.0016125228,"color_id":0},"1":{"ros_timestamp":"1695745453.8984463","wall_type":"left","a":0.9999770522,"b":0.0064640576,"c":0.0020386146,"d":1.3242161274,"shortest_distance":1.2241021222,"num_points":1188,"plane_center_x":-1.3260891438,"plane_center_y":-0.0388183631,"plane_center_z":1.0468661785,"color_id":1},"2":{"ros_timestamp":"1695745453.8984463","wall_type":"right","a":0.9999778867,"b":0.0066500204,"c":0.0000335792,"d":-1.3271998167,"shortest_distance":1.4292285126,"num_points":567,"plane_center_x":1.3295060396,"plane_center_y":-0.3481383622,"plane_center_z":1.1416984797,"color_id":2},"3":{"ros_timestamp":"1695745453.8984463","wall_type":"front","a":0.004965377,"b":-0.9999876618,"c":0.0000241257,"d":2.9277644157,"shortest_distance":2.4413823083,"num_points":371,"plane_center_x":0.0072266106,"plane_center_y":2.9278669357,"plane_center_z":1.2616326809,"color_id":3},"4":{"ros_timestamp":"1695745453.8984463","wall_type":"back","a":0.0065943613,"b":-0.9999782443,"c":0.0000241145,"d":-2.9246883392,"shortest_distance":3.4112374746,"num_points":363,"plane_center_x":-0.0220390856,"plane_center_y":-2.9248666763,"plane_center_z":1.2749298811,"color_id":4}}