{"0":{"ros_timestamp":"1695745327.8205378","wall_type":"floor","a":0.0001347274,"b":0.0010252991,"c":0.9999995232,"d":-0.0041775079,"shortest_distance":0.9953368274,"num_points":393,"plane_center_x":0.0723803341,"plane_center_y":2.2065169811,"plane_center_z":0.0019054171,"color_id":0},"1":{"ros_timestamp":"1695745327.8205378","wall_type":"left","a":0.9999787211,"b":0.0065216832,"c":0.0000603438,"d":1.3273024559,"shortest_distance":1.4853957379,"num_points":343,"plane_center_x":-1.3383729458,"plane_center_y":1.6828526258,"plane_center_z":1.1094133854,"color_id":1},"2":{"ros_timestamp":"1695745327.8205378","wall_type":"right","a":0.9999524355,"b":0.00975239,"c":-0.0001162208,"d":-1.3341622353,"shortest_distance":1.1777693025,"num_points":212,"plane_center_x":1.3116022348,"plane_center_y":2.3334941864,"plane_center_z":1.160545826,"color_id":2}}