{"0":{"ros_timestamp":"1695745454.2576146","wall_type":"floor","a":-0.0014654066,"b":-0.0000103048,"c":0.9999989271,"d":-0.0015469206,"shortest_distance":0.9985838289,"num_points":1111,"plane_center_x":0.062426839,"plane_center_y":-0.5031784177,"plane_center_z":0.0016332179,"color_id":0},"1":{"ros_timestamp":"1695745454.2576146","wall_type":"left","a":0.9999770522,"b":0.0064640576,"c":0.0020386146,"d":1.3242161274,"shortest_distance":1.2192417219,"num_points":1188,"plane_center_x":-1.3260891438,"plane_center_y":-0.0388183631,"plane_center_z":1.0468661785,"color_id":1},"2":{"ros_timestamp":"1695745454.2576146","wall_type":"right","a":0.9999809861,"b":0.006171986,"c":-0.0000815301,"d":-1.3257248402,"shortest_distance":1.4329612919,"num_points":567,"plane_center_x":1.3279951811,"plane_center_y":-0.3486623764,"plane_center_z":1.141694665,"color_id":2},"3":{"ros_timestamp":"1695745454.2576146","wall_type":"front","a":0.004965377,"b":-0.9999876618,"c":0.0000241257,"d":2.9277644157,"shortest_distance":2.4424354298,"num_points":371,"plane_center_x":0.0072266106,"plane_center_y":2.9278669357,"plane_center_z":1.2616326809,"color_id":3},"4":{"ros_timestamp":"1695745454.2576146","wall_type":"back","a":0.0065943613,"b":-0.9999782443,"c":0.0000241145,"d":-2.9246883392,"shortest_distance":3.4101922696,"num_points":363,"plane_center_x":-0.0220390856,"plane_center_y":-2.9248666763,"plane_center_z":1.2749298811,"color_id":4}}