{"0":{"ros_timestamp":"1695745455.3561459","wall_type":"floor","a":-0.0015194502,"b":-0.0000050556,"c":0.9999988079,"d":-0.0015651097,"shortest_distance":0.9985960955,"num_points":1117,"plane_center_x":0.0651085153,"plane_center_y":-0.5067586899,"plane_center_z":0.0016614789,"color_id":0},"1":{"ros_timestamp":"1695745455.3561459","wall_type":"left","a":0.9999769926,"b":0.0066367742,"c":0.0013683722,"d":1.3251684904,"shortest_distance":1.2050920227,"num_points":1187,"plane_center_x":-1.3261229992,"plane_center_y":-0.0402406752,"plane_center_z":1.0477446318,"color_id":1},"2":{"ros_timestamp":"1695745455.3561459","wall_type":"right","a":0.9999778867,"b":0.006648954,"c":0.0000599129,"d":-1.327221632,"shortest_distance":1.4486008436,"num_points":585,"plane_center_x":1.3297411203,"plane_center_y":-0.3847668171,"plane_center_z":1.140966177,"color_id":2},"3":{"ros_timestamp":"1695745455.3561459","wall_type":"front","a":0.004965377,"b":-0.9999876618,"c":0.0000241257,"d":2.9277644157,"shortest_distance":2.4458855582,"num_points":371,"plane_center_x":0.0072266106,"plane_center_y":2.9278669357,"plane_center_z":1.2616326809,"color_id":3},"4":{"ros_timestamp":"1695745455.3561459","wall_type":"back","a":0.0065943613,"b":-0.9999782443,"c":0.0000241145,"d":-2.9246883392,"shortest_distance":3.4067657825,"num_points":363,"plane_center_x":-0.0220390856,"plane_center_y":-2.9248666763,"plane_center_z":1.2749298811,"color_id":4}}