{"0":{"ros_timestamp":"1695745455.4624496","wall_type":"floor","a":-0.0015105804,"b":-0.0000057218,"c":0.9999988079,"d":-0.0015542182,"shortest_distance":0.9986055742,"num_points":1117,"plane_center_x":0.0676944256,"plane_center_y":-0.5098600388,"plane_center_z":0.0016535607,"color_id":0},"1":{"ros_timestamp":"1695745455.4624496","wall_type":"left","a":0.9999763966,"b":0.0063935341,"c":0.0025016484,"d":1.323558569,"shortest_distance":1.2044983402,"num_points":1188,"plane_center_x":-1.3260891438,"plane_center_y":-0.0388183631,"plane_center_z":1.0468661785,"color_id":1},"2":{"ros_timestamp":"1695745455.4624496","wall_type":"right","a":0.9999778867,"b":0.0066493833,"c":0.0000518287,"d":-1.3272173405,"shortest_distance":1.448604426,"num_points":586,"plane_center_x":1.3297472,"plane_center_y":-0.3849459589,"plane_center_z":1.1422884464,"color_id":2},"3":{"ros_timestamp":"1695745455.4624496","wall_type":"front","a":0.004965377,"b":-0.9999876618,"c":0.0000241257,"d":2.9277644157,"shortest_distance":2.4458855582,"num_points":371,"plane_center_x":0.0072266106,"plane_center_y":2.9278669357,"plane_center_z":1.2616326809,"color_id":3},"4":{"ros_timestamp":"1695745455.4624496","wall_type":"back","a":0.0065943613,"b":-0.9999782443,"c":0.0000241145,"d":-2.9246883392,"shortest_distance":3.4067657825,"num_points":363,"plane_center_x":-0.0220390856,"plane_center_y":-2.9248666763,"plane_center_z":1.2749298811,"color_id":4}}