{"0":{"ros_timestamp":"1695745455.9736614","wall_type":"floor","a":-0.0015328302,"b":-0.0000044836,"c":0.9999988079,"d":-0.0015573283,"shortest_distance":0.9986168523,"num_points":1117,"plane_center_x":0.068190597,"plane_center_y":-0.5103209019,"plane_center_z":0.0016595669,"color_id":0},"1":{"ros_timestamp":"1695745455.9736614","wall_type":"left","a":0.9999766946,"b":0.0065108496,"c":0.0020347224,"d":1.3242223263,"shortest_distance":1.1975341981,"num_points":1188,"plane_center_x":-1.3260891438,"plane_center_y":-0.0388183631,"plane_center_z":1.0468661785,"color_id":1},"2":{"ros_timestamp":"1695745455.9736614","wall_type":"right","a":0.9999777675,"b":0.0066760033,"c":0.0000489752,"d":-1.3272693157,"shortest_distance":1.455864084,"num_points":603,"plane_center_x":1.3299123049,"plane_center_y":-0.3998003006,"plane_center_z":1.1368273497,"color_id":2},"3":{"ros_timestamp":"1695745455.9736614","wall_type":"front","a":0.004965377,"b":-0.9999876618,"c":0.0000241257,"d":2.9277644157,"shortest_distance":2.4477734618,"num_points":371,"plane_center_x":0.0072266106,"plane_center_y":2.9278669357,"plane_center_z":1.2616326809,"color_id":3},"4":{"ros_timestamp":"1695745455.9736614","wall_type":"back","a":0.0065943613,"b":-0.9999782443,"c":0.0000241145,"d":-2.9246883392,"shortest_distance":3.4048896339,"num_points":363,"plane_center_x":-0.0220390856,"plane_center_y":-2.9248666763,"plane_center_z":1.2749298811,"color_id":4}}