{"0":{"ros_timestamp":"1695745456.475925","wall_type":"floor","a":-0.001555279,"b":0.0000018516,"c":0.9999988079,"d":-0.001571215,"shortest_distance":0.9986200836,"num_points":1117,"plane_center_x":0.0679472536,"plane_center_y":-0.510573864,"plane_center_z":0.0016778393,"color_id":0},"1":{"ros_timestamp":"1695745456.475925","wall_type":"left","a":0.9999766946,"b":0.0065108496,"c":0.0020347224,"d":1.3242223263,"shortest_distance":1.1903457448,"num_points":1188,"plane_center_x":-1.3260891438,"plane_center_y":-0.0388183631,"plane_center_z":1.0468661785,"color_id":1},"2":{"ros_timestamp":"1695745456.475925","wall_type":"right","a":0.9999804497,"b":0.0062488569,"c":-0.0000506672,"d":-1.3259296417,"shortest_distance":1.4620172249,"num_points":603,"plane_center_x":1.3284921646,"plane_center_y":-0.396697402,"plane_center_z":1.1368225813,"color_id":2},"3":{"ros_timestamp":"1695745456.475925","wall_type":"front","a":0.004965377,"b":-0.9999876618,"c":0.0000241257,"d":2.9277644157,"shortest_distance":2.4497693668,"num_points":371,"plane_center_x":0.0072266106,"plane_center_y":2.9278669357,"plane_center_z":1.2616326809,"color_id":3},"4":{"ros_timestamp":"1695745456.475925","wall_type":"back","a":0.0065943613,"b":-0.9999782443,"c":0.0000241145,"d":-2.9246883392,"shortest_distance":3.4029054367,"num_points":363,"plane_center_x":-0.0220390856,"plane_center_y":-2.9248666763,"plane_center_z":1.2749298811,"color_id":4}}