{"0":{"ros_timestamp":"1695745457.1905568","wall_type":"floor","a":-0.0015131836,"b":-0.0000419472,"c":0.9999988079,"d":-0.0016443679,"shortest_distance":0.9985311355,"num_points":1121,"plane_center_x":0.0698433295,"plane_center_y":-0.5115213394,"plane_center_z":0.0016741087,"color_id":0},"1":{"ros_timestamp":"1695745457.1905568","wall_type":"left","a":0.9999767542,"b":0.0066355863,"c":0.0015894827,"d":1.3248552084,"shortest_distance":1.183434704,"num_points":1187,"plane_center_x":-1.3261229992,"plane_center_y":-0.0402406752,"plane_center_z":1.0477446318,"color_id":1},"2":{"ros_timestamp":"1695745457.1905568","wall_type":"right","a":0.9999803305,"b":0.0062768785,"c":-0.00006805,"d":-1.3259625435,"shortest_distance":1.4692114318,"num_points":604,"plane_center_x":1.3285429478,"plane_center_y":-0.3946003318,"plane_center_z":1.1386207342,"color_id":2},"3":{"ros_timestamp":"1695745457.1905568","wall_type":"front","a":0.004965377,"b":-0.9999876618,"c":0.0000241257,"d":2.9277644157,"shortest_distance":2.4518728242,"num_points":371,"plane_center_x":0.0072266106,"plane_center_y":2.9278669357,"plane_center_z":1.2616326809,"color_id":3},"4":{"ros_timestamp":"1695745457.1905568","wall_type":"back","a":0.0065943613,"b":-0.9999782443,"c":0.0000241145,"d":-2.9246883392,"shortest_distance":3.4008136371,"num_points":363,"plane_center_x":-0.0220390856,"plane_center_y":-2.9248666763,"plane_center_z":1.2749298811,"color_id":4}}