{"0":{"ros_timestamp":"1695745457.5810273","wall_type":"floor","a":-0.001520373,"b":-0.0000046375,"c":0.9999988079,"d":-0.0015598912,"shortest_distance":0.9986416029,"num_points":1120,"plane_center_x":0.0709111243,"plane_center_y":-0.5134344101,"plane_center_z":0.0016653235,"color_id":0},"1":{"ros_timestamp":"1695745457.5810273","wall_type":"left","a":0.9999763966,"b":0.0063935341,"c":0.0025016484,"d":1.323558569,"shortest_distance":1.1781813631,"num_points":1188,"plane_center_x":-1.3260891438,"plane_center_y":-0.0388183631,"plane_center_z":1.0468661785,"color_id":1},"2":{"ros_timestamp":"1695745457.5810273","wall_type":"right","a":0.9999781251,"b":0.0066147847,"c":0.0000222407,"d":-1.3270601034,"shortest_distance":1.474812145,"num_points":604,"plane_center_x":1.3296548128,"plane_center_y":-0.391690135,"plane_center_z":1.1386355162,"color_id":2},"3":{"ros_timestamp":"1695745457.5810273","wall_type":"front","a":0.004965377,"b":-0.9999876618,"c":0.0000241257,"d":2.9277644157,"shortest_distance":2.4533346476,"num_points":371,"plane_center_x":0.0072266106,"plane_center_y":2.9278669357,"plane_center_z":1.2616326809,"color_id":3},"4":{"ros_timestamp":"1695745457.5810273","wall_type":"back","a":0.0065943613,"b":-0.9999782443,"c":0.0000241145,"d":-2.9246883392,"shortest_distance":3.3993595565,"num_points":363,"plane_center_x":-0.0220390856,"plane_center_y":-2.9248666763,"plane_center_z":1.2749298811,"color_id":4}}