{"0":{"ros_timestamp":"1695745457.97046","wall_type":"floor","a":-0.0015116078,"b":-0.0000092218,"c":0.9999988675,"d":-0.0015568908,"shortest_distance":0.9986482855,"num_points":1122,"plane_center_x":0.0709996298,"plane_center_y":-0.5130226612,"plane_center_z":0.0016594853,"color_id":0},"1":{"ros_timestamp":"1695745457.97046","wall_type":"left","a":0.9999771118,"b":0.0066055367,"c":0.0014775213,"d":1.3250135183,"shortest_distance":1.1739729686,"num_points":1187,"plane_center_x":-1.3261229992,"plane_center_y":-0.0402406752,"plane_center_z":1.0477446318,"color_id":1},"2":{"ros_timestamp":"1695745457.97046","wall_type":"right","a":0.9999805093,"b":0.0062471037,"c":-0.0000371551,"d":-1.3259561062,"shortest_distance":1.4786810098,"num_points":620,"plane_center_x":1.328561306,"plane_center_y":-0.4061203599,"plane_center_z":1.1350493431,"color_id":2},"3":{"ros_timestamp":"1695745457.97046","wall_type":"front","a":0.004965377,"b":-0.9999876618,"c":0.0000241257,"d":2.9277644157,"shortest_distance":2.454843916,"num_points":371,"plane_center_x":0.0072266106,"plane_center_y":2.9278669357,"plane_center_z":1.2616326809,"color_id":3},"4":{"ros_timestamp":"1695745457.97046","wall_type":"back","a":0.0065943613,"b":-0.9999782443,"c":0.0000241145,"d":-2.9246883392,"shortest_distance":3.3978580068,"num_points":363,"plane_center_x":-0.0220390856,"plane_center_y":-2.9248666763,"plane_center_z":1.2749298811,"color_id":4}}