{"0":{"ros_timestamp":"1695745458.8138816","wall_type":"floor","a":-0.0014996695,"b":-0.0000145251,"c":0.9999988675,"d":-0.0015398148,"shortest_distance":0.9986787039,"num_points":1123,"plane_center_x":0.0744836554,"plane_center_y":-0.5164403915,"plane_center_z":0.0016858,"color_id":0},"1":{"ros_timestamp":"1695745458.8138816","wall_type":"left","a":0.9999768138,"b":0.006371682,"c":0.0023941738,"d":1.32371068,"shortest_distance":1.1616963993,"num_points":1188,"plane_center_x":-1.3260891438,"plane_center_y":-0.0388183631,"plane_center_z":1.0468661785,"color_id":1},"2":{"ros_timestamp":"1695745458.8138816","wall_type":"right","a":0.9999781251,"b":0.0066150511,"c":0.0000058203,"d":-1.3270610571,"shortest_distance":1.4913499383,"num_points":622,"plane_center_x":1.3298125267,"plane_center_y":-0.4125523269,"plane_center_z":1.1408427954,"color_id":2},"3":{"ros_timestamp":"1695745458.8138816","wall_type":"front","a":0.004965377,"b":-0.9999876618,"c":0.0000241257,"d":2.9277644157,"shortest_distance":2.4588236569,"num_points":371,"plane_center_x":0.0072266106,"plane_center_y":2.9278669357,"plane_center_z":1.2616326809,"color_id":3},"4":{"ros_timestamp":"1695745458.8138816","wall_type":"back","a":0.0072561139,"b":-0.9999736547,"c":-0.0000215426,"d":-2.9248068333,"shortest_distance":3.3941702504,"num_points":363,"plane_center_x":-0.0222456045,"plane_center_y":-2.92507267,"plane_center_z":1.2749364376,"color_id":4}}