{"0":{"ros_timestamp":"1695745458.9792233","wall_type":"floor","a":-0.0015568197,"b":-0.0000086806,"c":0.9999987483,"d":-0.0015692032,"shortest_distance":0.9986651789,"num_points":1124,"plane_center_x":0.0732700452,"plane_center_y":-0.5144201517,"plane_center_z":0.0016788081,"color_id":0},"1":{"ros_timestamp":"1695745458.9792233","wall_type":"left","a":0.9999770522,"b":0.0066581932,"c":0.0012612413,"d":1.3253207207,"shortest_distance":1.1599634294,"num_points":1187,"plane_center_x":-1.3261229992,"plane_center_y":-0.0402406752,"plane_center_z":1.0477446318,"color_id":1},"2":{"ros_timestamp":"1695745458.9792233","wall_type":"right","a":0.9999804497,"b":0.0062520932,"c":-0.0000914227,"d":-1.3258706331,"shortest_distance":1.4927708876,"num_points":622,"plane_center_x":1.3285876513,"plane_center_y":-0.4137417674,"plane_center_z":1.1408452988,"color_id":2},"3":{"ros_timestamp":"1695745458.9792233","wall_type":"front","a":0.004965377,"b":-0.9999876618,"c":0.0000241257,"d":2.9277644157,"shortest_distance":2.4596548584,"num_points":371,"plane_center_x":0.0072266106,"plane_center_y":2.9278669357,"plane_center_z":1.2616326809,"color_id":3},"4":{"ros_timestamp":"1695745458.9792233","wall_type":"back","a":0.0073321261,"b":-0.9999731183,"c":-0.0000243148,"d":-2.924829483,"shortest_distance":3.3933824295,"num_points":363,"plane_center_x":-0.0250446908,"plane_center_y":-2.9251227379,"plane_center_z":1.2749382257,"color_id":4}}