{"0":{"ros_timestamp":"1695745459.1637447","wall_type":"floor","a":-0.0015776332,"b":-0.0000039416,"c":0.9999987483,"d":-0.0015420994,"shortest_distance":0.9987016835,"num_points":1123,"plane_center_x":0.0782909915,"plane_center_y":-0.5226246119,"plane_center_z":0.001663556,"color_id":0},"1":{"ros_timestamp":"1695745459.1637447","wall_type":"left","a":0.9999762177,"b":0.0063283374,"c":0.0027471476,"d":1.3232097626,"shortest_distance":1.1568446361,"num_points":1190,"plane_center_x":-1.3260201216,"plane_center_y":-0.0356368907,"plane_center_z":1.0451145172,"color_id":1},"2":{"ros_timestamp":"1695745459.1637447","wall_type":"right","a":0.9999802113,"b":0.0062884982,"c":-0.0000702475,"d":-1.3259985447,"shortest_distance":1.4952002691,"num_points":623,"plane_center_x":1.3287085295,"plane_center_y":-0.4140313566,"plane_center_z":1.1393177509,"color_id":2},"3":{"ros_timestamp":"1695745459.1637447","wall_type":"front","a":0.004965377,"b":-0.9999876618,"c":0.0000241257,"d":2.9277644157,"shortest_distance":2.4604977632,"num_points":371,"plane_center_x":0.0072266106,"plane_center_y":2.9278669357,"plane_center_z":1.2616326809,"color_id":3},"4":{"ros_timestamp":"1695745459.1637447","wall_type":"back","a":0.0075876405,"b":-0.999971211,"c":-0.0000459299,"d":-2.9248743057,"shortest_distance":3.3926545768,"num_points":363,"plane_center_x":-0.0262387544,"plane_center_y":-2.925216198,"plane_center_z":1.274939537,"color_id":4}}