{"0":{"ros_timestamp":"1695745459.8181493","wall_type":"floor","a":-0.0016078862,"b":0.0000217862,"c":0.9999987483,"d":-0.0015985214,"shortest_distance":0.9986735802,"num_points":1125,"plane_center_x":0.0802641064,"plane_center_y":-0.5246523619,"plane_center_z":0.0017390094,"color_id":0},"1":{"ros_timestamp":"1695745459.8181493","wall_type":"left","a":0.9999722838,"b":0.0066340878,"c":0.0033907855,"d":1.3223056793,"shortest_distance":1.1497331505,"num_points":1190,"plane_center_x":-1.3260201216,"plane_center_y":-0.0356368907,"plane_center_z":1.0451145172,"color_id":1},"2":{"ros_timestamp":"1695745459.8181493","wall_type":"right","a":0.9999781251,"b":0.0066199293,"c":0.0000111272,"d":-1.327080965,"shortest_distance":1.5030405816,"num_points":640,"plane_center_x":1.3299219608,"plane_center_y":-0.4266720414,"plane_center_z":1.137119174,"color_id":2},"3":{"ros_timestamp":"1695745459.8181493","wall_type":"front","a":0.004965377,"b":-0.9999876618,"c":0.0000241257,"d":2.9277644157,"shortest_distance":2.4630964855,"num_points":371,"plane_center_x":0.0072266106,"plane_center_y":2.9278669357,"plane_center_z":1.2616326809,"color_id":3},"4":{"ros_timestamp":"1695745459.8181493","wall_type":"back","a":0.0082270168,"b":-0.9999661446,"c":-0.0000798106,"d":-2.9250531197,"shortest_distance":3.3903990429,"num_points":363,"plane_center_x":-0.0255395696,"plane_center_y":-2.9254639149,"plane_center_z":1.2749408484,"color_id":4}}