{"0":{"ros_timestamp":"1695745460.5837762","wall_type":"floor","a":-0.0015344855,"b":-0.0000684844,"c":0.9999988675,"d":-0.0017697411,"shortest_distance":0.9984618932,"num_points":1128,"plane_center_x":0.0790333673,"plane_center_y":-0.5219106674,"plane_center_z":0.0017350897,"color_id":0},"1":{"ros_timestamp":"1695745460.5837762","wall_type":"left","a":0.9999770522,"b":0.0064640576,"c":0.0020386146,"d":1.3242161274,"shortest_distance":1.1409484818,"num_points":1188,"plane_center_x":-1.3260891438,"plane_center_y":-0.0388183631,"plane_center_z":1.0468661785,"color_id":1},"2":{"ros_timestamp":"1695745460.5837762","wall_type":"right","a":0.9999780655,"b":0.0066168061,"c":0.0000097743,"d":-1.3270739317,"shortest_distance":1.5123003131,"num_points":641,"plane_center_x":1.3299070597,"plane_center_y":-0.4254330397,"plane_center_z":1.1355234385,"color_id":2},"3":{"ros_timestamp":"1695745460.5837762","wall_type":"front","a":0.004965377,"b":-0.9999876618,"c":0.0000241257,"d":2.9277644157,"shortest_distance":2.4667239833,"num_points":371,"plane_center_x":0.0072266106,"plane_center_y":2.9278669357,"plane_center_z":1.2616326809,"color_id":3},"4":{"ros_timestamp":"1695745460.5837762","wall_type":"back","a":0.0082786083,"b":-0.9999657869,"c":-0.0000766277,"d":-2.925085783,"shortest_distance":3.3868405608,"num_points":363,"plane_center_x":-0.0244995151,"plane_center_y":-2.9254863262,"plane_center_z":1.2749342918,"color_id":4}}