{"0":{"ros_timestamp":"1695745460.73077","wall_type":"floor","a":-0.0015866928,"b":-0.000015706,"c":0.9999987483,"d":-0.0016943129,"shortest_distance":0.9985713571,"num_points":1128,"plane_center_x":0.0789425001,"plane_center_y":-0.521912694,"plane_center_z":0.0017572003,"color_id":0},"1":{"ros_timestamp":"1695745460.73077","wall_type":"left","a":0.9999768734,"b":0.0064066267,"c":0.0022744616,"d":1.3238810301,"shortest_distance":1.1408228787,"num_points":1188,"plane_center_x":-1.3260891438,"plane_center_y":-0.0388183631,"plane_center_z":1.0468661785,"color_id":1},"2":{"ros_timestamp":"1695745460.73077","wall_type":"right","a":0.9999803901,"b":0.0062507913,"c":-0.0000633859,"d":-1.3258823156,"shortest_distance":1.5113507524,"num_points":641,"plane_center_x":1.3286304474,"plane_center_y":-0.4239539504,"plane_center_z":1.1355242729,"color_id":2},"3":{"ros_timestamp":"1695745460.73077","wall_type":"front","a":0.004965377,"b":-0.9999876618,"c":0.0000241257,"d":2.9277644157,"shortest_distance":2.4667239833,"num_points":371,"plane_center_x":0.0072266106,"plane_center_y":2.9278669357,"plane_center_z":1.2616326809,"color_id":3},"4":{"ros_timestamp":"1695745460.73077","wall_type":"back","a":0.0080394465,"b":-0.9999676347,"c":-0.0000677437,"d":-2.9250118732,"shortest_distance":3.3867139401,"num_points":363,"plane_center_x":-0.0242542401,"plane_center_y":-2.9253878593,"plane_center_z":1.2749327421,"color_id":4}}