{"0":{"ros_timestamp":"1695745460.8139436","wall_type":"floor","a":-0.0016024355,"b":-0.0000125242,"c":0.9999987483,"d":-0.0017018763,"shortest_distance":0.9985718917,"num_points":1128,"plane_center_x":0.078908883,"plane_center_y":-0.5219185352,"plane_center_z":0.0017676118,"color_id":0},"1":{"ros_timestamp":"1695745460.8139436","wall_type":"left","a":0.9999769926,"b":0.0064350087,"c":0.0021579724,"d":1.3240468502,"shortest_distance":1.1385808445,"num_points":1188,"plane_center_x":-1.3260891438,"plane_center_y":-0.0388183631,"plane_center_z":1.0468661785,"color_id":1},"2":{"ros_timestamp":"1695745460.8139436","wall_type":"right","a":0.999981463,"b":0.0060849967,"c":-0.0001013909,"d":-1.3253426552,"shortest_distance":1.5132295398,"num_points":641,"plane_center_x":1.328058362,"plane_center_y":-0.4233096242,"plane_center_z":1.1355253458,"color_id":2},"3":{"ros_timestamp":"1695745460.8139436","wall_type":"front","a":0.004965377,"b":-0.9999876618,"c":0.0000241257,"d":2.9277644157,"shortest_distance":2.4676597316,"num_points":371,"plane_center_x":0.0072266106,"plane_center_y":2.9278669357,"plane_center_z":1.2616326809,"color_id":3},"4":{"ros_timestamp":"1695745460.8139436","wall_type":"back","a":0.0079598688,"b":-0.9999682903,"c":-0.0000639451,"d":-2.9249887466,"shortest_distance":3.385743422,"num_points":363,"plane_center_x":-0.0241724998,"plane_center_y":-2.9253554344,"plane_center_z":1.2749321461,"color_id":4}}