{"0":{"ros_timestamp":"1695745461.1107836","wall_type":"floor","a":-0.001611742,"b":0.0000255397,"c":0.9999987483,"d":-0.0016234685,"shortest_distance":0.9986732086,"num_points":1129,"plane_center_x":0.0781130716,"plane_center_y":-0.5240469575,"plane_center_z":0.0017627529,"color_id":0},"1":{"ros_timestamp":"1695745461.1107836","wall_type":"left","a":0.9999770522,"b":0.0064640576,"c":0.0020386146,"d":1.3242161274,"shortest_distance":1.1363444052,"num_points":1188,"plane_center_x":-1.3260891438,"plane_center_y":-0.0388183631,"plane_center_z":1.0468661785,"color_id":1},"2":{"ros_timestamp":"1695745461.1107836","wall_type":"right","a":0.9999802113,"b":0.0062802252,"c":-0.0000836115,"d":-1.325909853,"shortest_distance":1.515988668,"num_points":641,"plane_center_x":1.3286927938,"plane_center_y":-0.4238201678,"plane_center_z":1.1355267763,"color_id":2},"3":{"ros_timestamp":"1695745461.1107836","wall_type":"front","a":0.004965377,"b":-0.9999876618,"c":0.0000241257,"d":2.9277644157,"shortest_distance":2.4686069831,"num_points":371,"plane_center_x":0.0072266106,"plane_center_y":2.9278669357,"plane_center_z":1.2616326809,"color_id":3},"4":{"ros_timestamp":"1695745461.1107836","wall_type":"back","a":0.0083182529,"b":-0.9999653697,"c":-0.0000790589,"d":-2.9251172543,"shortest_distance":3.3850144724,"num_points":363,"plane_center_x":-0.0279600285,"plane_center_y":-2.9255518913,"plane_center_z":1.274933219,"color_id":4}}