{"0":{"ros_timestamp":"1695745461.3896413","wall_type":"floor","a":-0.0016011364,"b":0.000022446,"c":0.9999987483,"d":-0.0016176321,"shortest_distance":0.9986828763,"num_points":1129,"plane_center_x":0.0785088763,"plane_center_y":-0.5239483714,"plane_center_z":0.0017550982,"color_id":0},"1":{"ros_timestamp":"1695745461.3896413","wall_type":"left","a":0.9999770522,"b":0.0064640576,"c":0.0020386146,"d":1.3242161274,"shortest_distance":1.1317593195,"num_points":1188,"plane_center_x":-1.3260891438,"plane_center_y":-0.0388183631,"plane_center_z":1.0468661785,"color_id":1},"2":{"ros_timestamp":"1695745461.3896413","wall_type":"right","a":0.9999774098,"b":0.0067263991,"c":0.0000869639,"d":-1.3275448084,"shortest_distance":1.5218335086,"num_points":641,"plane_center_x":1.3303300142,"plane_center_y":-0.4242793322,"plane_center_z":1.1355701685,"color_id":2},"3":{"ros_timestamp":"1695745461.3896413","wall_type":"front","a":0.004965377,"b":-0.9999876618,"c":0.0000241257,"d":2.9277644157,"shortest_distance":2.4705359007,"num_points":371,"plane_center_x":0.0072266106,"plane_center_y":2.9278669357,"plane_center_z":1.2616326809,"color_id":3},"4":{"ros_timestamp":"1695745461.3896413","wall_type":"back","a":0.0087642018,"b":-0.9999616146,"c":-0.0001035364,"d":-2.9252586365,"shortest_distance":3.3833529373,"num_points":363,"plane_center_x":-0.0264237914,"plane_center_y":-2.92573452,"plane_center_z":1.27493155,"color_id":4}}