{"0":{"ros_timestamp":"1695745461.853832","wall_type":"floor","a":-0.0015601614,"b":0.0000214697,"c":0.9999987483,"d":-0.0015929382,"shortest_distance":0.9987061592,"num_points":1128,"plane_center_x":0.0819325298,"plane_center_y":-0.5294485092,"plane_center_z":0.0017321355,"color_id":0},"1":{"ros_timestamp":"1695745461.853832","wall_type":"left","a":0.9999754429,"b":0.0063334331,"c":0.0030090986,"d":1.3228392601,"shortest_distance":1.1267282561,"num_points":1190,"plane_center_x":-1.3260201216,"plane_center_y":-0.0356368907,"plane_center_z":1.0451145172,"color_id":1},"2":{"ros_timestamp":"1695745461.853832","wall_type":"right","a":0.9999780655,"b":0.0066274246,"c":0.0000076621,"d":-1.3270654678,"shortest_distance":1.5260447381,"num_points":655,"plane_center_x":1.3299365044,"plane_center_y":-0.4301038086,"plane_center_z":1.1326862574,"color_id":2},"3":{"ros_timestamp":"1695745461.853832","wall_type":"front","a":0.004965377,"b":-0.9999876618,"c":0.0000241257,"d":2.9277644157,"shortest_distance":2.4725105432,"num_points":371,"plane_center_x":0.0072266106,"plane_center_y":2.9278669357,"plane_center_z":1.2616326809,"color_id":3},"4":{"ros_timestamp":"1695745461.853832","wall_type":"back","a":0.0087478943,"b":-0.9999617338,"c":-0.0000980751,"d":-2.9253051281,"shortest_distance":3.3814335144,"num_points":363,"plane_center_x":-0.0267061405,"plane_center_y":-2.9257757664,"plane_center_z":1.2749211788,"color_id":4}}