{"0":{"ros_timestamp":"1695745461.9848237","wall_type":"floor","a":-0.0000800501,"b":-0.0001022726,"c":1.0,"d":-0.0025174951,"shortest_distance":0.9974278974,"num_points":1182,"plane_center_x":0.0182181187,"plane_center_y":-0.5075392723,"plane_center_z":0.0022079777,"color_id":0},"1":{"ros_timestamp":"1695745461.9848237","wall_type":"left","a":0.9999773502,"b":0.006707374,"c":0.0003475197,"d":1.3266150951,"shortest_distance":1.1257365735,"num_points":1136,"plane_center_x":-1.3267914057,"plane_center_y":-0.0348937437,"plane_center_z":1.0942289829,"color_id":1},"2":{"ros_timestamp":"1695745461.9848237","wall_type":"right","a":0.9999811649,"b":0.0061448882,"c":-0.000094053,"d":-1.3254910707,"shortest_distance":1.5270669198,"num_points":655,"plane_center_x":1.3282638788,"plane_center_y":-0.4298285842,"plane_center_z":1.1326688528,"color_id":2},"3":{"ros_timestamp":"1695745461.9848237","wall_type":"front","a":0.004965377,"b":-0.9999876618,"c":0.0000241257,"d":2.9277644157,"shortest_distance":2.4735149498,"num_points":371,"plane_center_x":0.0072266106,"plane_center_y":2.9278669357,"plane_center_z":1.2616326809,"color_id":3},"4":{"ros_timestamp":"1695745461.9848237","wall_type":"back","a":0.008444014,"b":-0.9999643564,"c":-0.000079145,"d":-2.9251961708,"shortest_distance":3.3802489147,"num_points":363,"plane_center_x":-0.0269387271,"plane_center_y":-2.9256286621,"plane_center_z":1.2749177217,"color_id":4}}