{"0":{"ros_timestamp":"1695745328.59297","wall_type":"floor","a":0.0003936812,"b":0.0004905818,"c":0.9999998212,"d":-0.003343846,"shortest_distance":0.9964693614,"num_points":403,"plane_center_x":0.0686748475,"plane_center_y":2.2065207958,"plane_center_z":0.0022343313,"color_id":0},"1":{"ros_timestamp":"1695745328.59297","wall_type":"left","a":0.99997437,"b":0.0071584349,"c":-0.0000066914,"d":1.3243112564,"shortest_distance":1.4914347928,"num_points":344,"plane_center_x":-1.3363749981,"plane_center_y":1.6815048456,"plane_center_z":1.1118665934,"color_id":1},"2":{"ros_timestamp":"1695745328.59297","wall_type":"right","a":0.9999524355,"b":0.00975239,"c":-0.0001162208,"d":-1.3341622353,"shortest_distance":1.1683634232,"num_points":212,"plane_center_x":1.3116022348,"plane_center_y":2.3334941864,"plane_center_z":1.160545826,"color_id":2}}