{"0":{"ros_timestamp":"1695745462.5391083","wall_type":"floor","a":-0.0015276165,"b":0.0000092205,"c":0.9999988675,"d":-0.001568606,"shortest_distance":0.9987287492,"num_points":1129,"plane_center_x":0.0851544887,"plane_center_y":-0.5340297818,"plane_center_z":0.0017036154,"color_id":0},"1":{"ros_timestamp":"1695745462.5391083","wall_type":"left","a":0.9999728203,"b":0.0061192787,"c":0.0041118851,"d":1.3212726116,"shortest_distance":1.1193577459,"num_points":1191,"plane_center_x":-1.3259865046,"plane_center_y":-0.0337407328,"plane_center_z":1.0442370176,"color_id":1},"2":{"ros_timestamp":"1695745462.5391083","wall_type":"right","a":0.9999802113,"b":0.0062941094,"c":-0.0000656915,"d":-1.3259372711,"shortest_distance":1.5319522405,"num_points":657,"plane_center_x":1.3287502527,"plane_center_y":-0.4309120178,"plane_center_z":1.1322814226,"color_id":2},"3":{"ros_timestamp":"1695745462.5391083","wall_type":"front","a":0.004965377,"b":-0.9999876618,"c":0.0000241257,"d":2.9277644157,"shortest_distance":2.4755578079,"num_points":371,"plane_center_x":0.0072266106,"plane_center_y":2.9278669357,"plane_center_z":1.2616326809,"color_id":3},"4":{"ros_timestamp":"1695745462.5391083","wall_type":"back","a":0.0086860238,"b":-0.9999622703,"c":-0.0000915849,"d":-2.9252889156,"shortest_distance":3.3783766508,"num_points":363,"plane_center_x":-0.0255130865,"plane_center_y":-2.9257376194,"plane_center_z":1.2749087811,"color_id":4}}