{"0":{"ros_timestamp":"1695745328.6576838","wall_type":"floor","a":0.0003546149,"b":0.0002535052,"c":0.9999999404,"d":-0.0027647184,"shortest_distance":0.9971526528,"num_points":405,"plane_center_x":0.0666899979,"plane_center_y":2.2060611248,"plane_center_z":0.0021818213,"color_id":0},"1":{"ros_timestamp":"1695745328.6576838","wall_type":"left","a":0.999979198,"b":0.0064484081,"c":0.0000443177,"d":1.3277291059,"shortest_distance":1.4952360767,"num_points":344,"plane_center_x":-1.33867383,"plane_center_y":1.6853132248,"plane_center_z":1.1118994951,"color_id":1},"2":{"ros_timestamp":"1695745328.6576838","wall_type":"right","a":0.9999524355,"b":0.00975239,"c":-0.0001162208,"d":-1.3341622353,"shortest_distance":1.1683634232,"num_points":212,"plane_center_x":1.3116022348,"plane_center_y":2.3334941864,"plane_center_z":1.160545826,"color_id":2}}