{"0":{"ros_timestamp":"1695745463.0538242","wall_type":"floor","a":-0.0015226575,"b":-0.0000036046,"c":0.9999988675,"d":-0.0015665118,"shortest_distance":0.9987343096,"num_points":1133,"plane_center_x":0.0827975124,"plane_center_y":-0.5281279683,"plane_center_z":0.0016906821,"color_id":0},"1":{"ros_timestamp":"1695745463.0538242","wall_type":"left","a":0.9999770522,"b":0.0064640576,"c":0.0020386146,"d":1.3242161274,"shortest_distance":1.113618026,"num_points":1188,"plane_center_x":-1.3260891438,"plane_center_y":-0.0388183631,"plane_center_z":1.0468661785,"color_id":1},"2":{"ros_timestamp":"1695745463.0538242","wall_type":"right","a":0.9999780059,"b":0.0066384193,"c":0.0000228989,"d":-1.3271197081,"shortest_distance":1.5396554764,"num_points":659,"plane_center_x":1.3299934864,"plane_center_y":-0.4324109852,"plane_center_z":1.1349407434,"color_id":2},"3":{"ros_timestamp":"1695745463.0538242","wall_type":"front","a":0.004965377,"b":-0.9999876618,"c":0.0000241257,"d":2.9277644157,"shortest_distance":2.4787068227,"num_points":371,"plane_center_x":0.0072266106,"plane_center_y":2.9278669357,"plane_center_z":1.2616326809,"color_id":3},"4":{"ros_timestamp":"1695745463.0538242","wall_type":"back","a":0.0089977281,"b":-0.9999595284,"c":-0.0000901376,"d":-2.9255018234,"shortest_distance":3.3755301781,"num_points":363,"plane_center_x":-0.0286589097,"plane_center_y":-2.9259932041,"plane_center_z":1.2749027014,"color_id":4}}