{"0":{"ros_timestamp":"1695745463.614537","wall_type":"floor","a":-0.000584109,"b":0.0000157748,"c":0.9999997616,"d":-0.0021165696,"shortest_distance":0.9979954893,"num_points":1185,"plane_center_x":0.0217932202,"plane_center_y":-0.5107190609,"plane_center_z":0.0021784506,"color_id":0},"1":{"ros_timestamp":"1695745463.614537","wall_type":"left","a":0.9999773502,"b":0.006707374,"c":0.0003475197,"d":1.3266150951,"shortest_distance":1.1077173889,"num_points":1136,"plane_center_x":-1.3267914057,"plane_center_y":-0.0348937437,"plane_center_z":1.0942289829,"color_id":1},"2":{"ros_timestamp":"1695745463.614537","wall_type":"right","a":0.9999780059,"b":0.0066393288,"c":-0.0000043839,"d":-1.327082634,"shortest_distance":1.5463626759,"num_points":661,"plane_center_x":1.330004096,"plane_center_y":-0.4348706007,"plane_center_z":1.1348446608,"color_id":2},"3":{"ros_timestamp":"1695745463.614537","wall_type":"front","a":0.004965377,"b":-0.9999876618,"c":0.0000241257,"d":2.9277644157,"shortest_distance":2.4819568789,"num_points":371,"plane_center_x":0.0072266106,"plane_center_y":2.9278669357,"plane_center_z":1.2616326809,"color_id":3},"4":{"ros_timestamp":"1695745463.614537","wall_type":"back","a":0.0089394031,"b":-0.9999600053,"c":-0.0000816808,"d":-2.9254939556,"shortest_distance":3.3722782983,"num_points":363,"plane_center_x":-0.025446495,"plane_center_y":-2.9259426594,"plane_center_z":1.2748897076,"color_id":4}}