{"0":{"ros_timestamp":"1695745328.7648034","wall_type":"floor","a":0.000367687,"b":0.0002158212,"c":1.0,"d":-0.0026961481,"shortest_distance":0.9972420983,"num_points":408,"plane_center_x":0.0684555471,"plane_center_y":2.2084832191,"plane_center_z":0.0021943406,"color_id":0},"1":{"ros_timestamp":"1695745328.7648034","wall_type":"left","a":0.9999727011,"b":0.0073906216,"c":-0.0000028515,"d":1.3240067959,"shortest_distance":1.4933646876,"num_points":360,"plane_center_x":-1.3361897469,"plane_center_y":1.6439168453,"plane_center_z":1.1069366932,"color_id":1},"2":{"ros_timestamp":"1695745328.7648034","wall_type":"right","a":0.9999524355,"b":0.00975239,"c":-0.0001162208,"d":-1.3341622353,"shortest_distance":1.1660221763,"num_points":212,"plane_center_x":1.3116022348,"plane_center_y":2.3334941864,"plane_center_z":1.160545826,"color_id":2}}