{"0":{"ros_timestamp":"1695745463.7199554","wall_type":"floor","a":-0.0005821139,"b":0.0000163775,"c":0.9999997616,"d":-0.0021180194,"shortest_distance":0.9979951398,"num_points":1185,"plane_center_x":0.0218080711,"plane_center_y":-0.5107146502,"plane_center_z":0.0021801703,"color_id":0},"1":{"ros_timestamp":"1695745463.7199554","wall_type":"left","a":0.9999773502,"b":0.006707374,"c":0.0003475197,"d":1.3266150951,"shortest_distance":1.1054890674,"num_points":1136,"plane_center_x":-1.3267914057,"plane_center_y":-0.0348937437,"plane_center_z":1.0942289829,"color_id":1},"2":{"ros_timestamp":"1695745463.7199554","wall_type":"right","a":0.999980092,"b":0.0063207923,"c":-0.0001109211,"d":-1.3259413242,"shortest_distance":1.5476978804,"num_points":661,"plane_center_x":1.3288426399,"plane_center_y":-0.4349160194,"plane_center_z":1.1348452568,"color_id":2},"3":{"ros_timestamp":"1695745463.7199554","wall_type":"front","a":0.004965377,"b":-0.9999876618,"c":0.0000241257,"d":2.9277644157,"shortest_distance":2.4830625589,"num_points":371,"plane_center_x":0.0072266106,"plane_center_y":2.9278669357,"plane_center_z":1.2616326809,"color_id":3},"4":{"ros_timestamp":"1695745463.7199554","wall_type":"back","a":0.0088706817,"b":-0.9999606609,"c":-0.0000850711,"d":-2.9254379272,"shortest_distance":3.3711135548,"num_points":363,"plane_center_x":-0.0256728809,"plane_center_y":-2.9258892536,"plane_center_z":1.2748864889,"color_id":4}}