{"0":{"ros_timestamp":"1695745464.2622948","wall_type":"floor","a":-0.0004253359,"b":-0.0000233722,"c":0.9999998808,"d":-0.0021275228,"shortest_distance":0.9979348272,"num_points":1187,"plane_center_x":0.0236518718,"plane_center_y":-0.5123296976,"plane_center_z":0.002166505,"color_id":0},"1":{"ros_timestamp":"1695745464.2622948","wall_type":"left","a":0.9999773502,"b":0.006707374,"c":0.0003475197,"d":1.3266150951,"shortest_distance":1.1010490904,"num_points":1136,"plane_center_x":-1.3267914057,"plane_center_y":-0.0348937437,"plane_center_z":1.0942289829,"color_id":1},"2":{"ros_timestamp":"1695745464.2622948","wall_type":"right","a":0.9999783635,"b":0.0065749814,"c":-0.0000170288,"d":-1.3268687725,"shortest_distance":1.552858117,"num_points":674,"plane_center_x":1.3297791481,"plane_center_y":-0.4353320301,"plane_center_z":1.1336690187,"color_id":2},"3":{"ros_timestamp":"1695745464.2622948","wall_type":"front","a":0.004965377,"b":-0.9999876618,"c":0.0000241257,"d":2.9277644157,"shortest_distance":2.4853072454,"num_points":371,"plane_center_x":0.0072266106,"plane_center_y":2.9278669357,"plane_center_z":1.2616326809,"color_id":3},"4":{"ros_timestamp":"1695745464.2622948","wall_type":"back","a":0.0090561658,"b":-0.9999589324,"c":-0.0000734235,"d":-2.9256374836,"shortest_distance":3.3691160348,"num_points":363,"plane_center_x":-0.0293618962,"plane_center_y":-2.9261171818,"plane_center_z":1.2748787403,"color_id":4}}