{"0":{"ros_timestamp":"1695745464.4639733","wall_type":"floor","a":-0.0014952268,"b":-0.0000084302,"c":0.9999988675,"d":-0.0015571673,"shortest_distance":0.9987589309,"num_points":1135,"plane_center_x":0.0847303793,"plane_center_y":-0.5303079486,"plane_center_z":0.0017206942,"color_id":0},"1":{"ros_timestamp":"1695745464.4639733","wall_type":"left","a":0.9999764562,"b":0.0064284462,"c":0.0023820475,"d":1.3237284422,"shortest_distance":1.0978627375,"num_points":1188,"plane_center_x":-1.3260891438,"plane_center_y":-0.0388183631,"plane_center_z":1.0468661785,"color_id":1},"2":{"ros_timestamp":"1695745464.4639733","wall_type":"right","a":0.9999781251,"b":0.0066212756,"c":-0.0000087747,"d":-1.3270107508,"shortest_distance":1.5551826977,"num_points":675,"plane_center_x":1.3299307823,"plane_center_y":-0.4350959063,"plane_center_z":1.1345070601,"color_id":2},"3":{"ros_timestamp":"1695745464.4639733","wall_type":"front","a":0.004965377,"b":-0.9999876618,"c":0.0000241257,"d":2.9277644157,"shortest_distance":2.4864461957,"num_points":371,"plane_center_x":0.0072266106,"plane_center_y":2.9278669357,"plane_center_z":1.2616326809,"color_id":3},"4":{"ros_timestamp":"1695745464.4639733","wall_type":"back","a":0.0090659736,"b":-0.9999589324,"c":-0.0000673346,"d":-2.9256639481,"shortest_distance":3.3680084772,"num_points":363,"plane_center_x":-0.0277827363,"plane_center_y":-2.9261219501,"plane_center_z":1.2748764753,"color_id":4}}