{"0":{"ros_timestamp":"1695745464.8353217","wall_type":"floor","a":-0.0006405276,"b":0.0000162963,"c":0.9999997616,"d":-0.0021282092,"shortest_distance":0.9980049538,"num_points":1187,"plane_center_x":0.0239993073,"plane_center_y":-0.5127067566,"plane_center_z":0.0021930169,"color_id":0},"1":{"ros_timestamp":"1695745464.8353217","wall_type":"left","a":0.9999773502,"b":0.006707374,"c":0.0003475197,"d":1.3266150951,"shortest_distance":1.0944316216,"num_points":1136,"plane_center_x":-1.3267914057,"plane_center_y":-0.0348937437,"plane_center_z":1.0942289829,"color_id":1},"2":{"ros_timestamp":"1695745464.8353217","wall_type":"right","a":0.9999780655,"b":0.0066242097,"c":0.000000891,"d":-1.3270353079,"shortest_distance":1.5596020796,"num_points":678,"plane_center_x":1.329944849,"plane_center_y":-0.4349687397,"plane_center_z":1.1328811646,"color_id":2},"3":{"ros_timestamp":"1695745464.8353217","wall_type":"front","a":0.004965377,"b":-0.9999876618,"c":0.0000241257,"d":2.9277644157,"shortest_distance":2.4887571683,"num_points":371,"plane_center_x":0.0072266106,"plane_center_y":2.9278669357,"plane_center_z":1.2616326809,"color_id":3},"4":{"ros_timestamp":"1695745464.8353217","wall_type":"back","a":0.0090622576,"b":-0.999958992,"c":-0.0000664011,"d":-2.9256801605,"shortest_distance":3.365729918,"num_points":363,"plane_center_x":-0.024365766,"plane_center_y":-2.9261054993,"plane_center_z":1.2748712301,"color_id":4}}