{"0":{"ros_timestamp":"1695745464.8739314","wall_type":"floor","a":-0.0015353918,"b":-0.0000027036,"c":0.9999988675,"d":-0.0015704164,"shortest_distance":0.9987675308,"num_points":1135,"plane_center_x":0.085212633,"plane_center_y":-0.5304979086,"plane_center_z":0.0017409029,"color_id":0},"1":{"ros_timestamp":"1695745464.8739314","wall_type":"left","a":0.9999770522,"b":0.0064640576,"c":0.0020386146,"d":1.3242161274,"shortest_distance":1.0914231276,"num_points":1188,"plane_center_x":-1.3260891438,"plane_center_y":-0.0388183631,"plane_center_z":1.0468661785,"color_id":1},"2":{"ros_timestamp":"1695745464.8739314","wall_type":"right","a":0.9999804497,"b":0.0062503102,"c":-0.0000767848,"d":-1.3258239031,"shortest_distance":1.5608263952,"num_points":678,"plane_center_x":1.3286556005,"plane_center_y":-0.4349687397,"plane_center_z":1.1328771114,"color_id":2},"3":{"ros_timestamp":"1695745464.8739314","wall_type":"front","a":0.004965377,"b":-0.9999876618,"c":0.0000241257,"d":2.9277644157,"shortest_distance":2.4899291327,"num_points":371,"plane_center_x":0.0072266106,"plane_center_y":2.9278669357,"plane_center_z":1.2616326809,"color_id":3},"4":{"ros_timestamp":"1695745464.8739314","wall_type":"back","a":0.0090031298,"b":-0.9999594688,"c":-0.0000688609,"d":-2.9256243706,"shortest_distance":3.3644999627,"num_points":363,"plane_center_x":-0.0237332489,"plane_center_y":-2.9260442257,"plane_center_z":1.2748705149,"color_id":4}}