{"0":{"ros_timestamp":"1695745465.1318228","wall_type":"floor","a":-0.0015531506,"b":0.0000003978,"c":0.9999988675,"d":-0.0015841135,"shortest_distance":0.9987627673,"num_points":1134,"plane_center_x":0.0864985734,"plane_center_y":-0.5327634215,"plane_center_z":0.0017186727,"color_id":0},"1":{"ros_timestamp":"1695745465.1318228","wall_type":"left","a":0.999976635,"b":0.0063064778,"c":0.0026408574,"d":1.3233604431,"shortest_distance":1.0889130521,"num_points":1189,"plane_center_x":-1.3260546923,"plane_center_y":-0.0372135378,"plane_center_z":1.0459856987,"color_id":1},"2":{"ros_timestamp":"1695745465.1318228","wall_type":"right","a":0.9999782443,"b":0.0065959757,"c":-0.000006549,"d":-1.3269767761,"shortest_distance":1.5639458149,"num_points":678,"plane_center_x":1.329885602,"plane_center_y":-0.4354918301,"plane_center_z":1.1329109669,"color_id":2},"3":{"ros_timestamp":"1695745465.1318228","wall_type":"front","a":0.004965377,"b":-0.9999876618,"c":0.0000241257,"d":2.9277644157,"shortest_distance":2.4911120436,"num_points":371,"plane_center_x":0.0072266106,"plane_center_y":2.9278669357,"plane_center_z":1.2616326809,"color_id":3},"4":{"ros_timestamp":"1695745465.1318228","wall_type":"back","a":0.009067934,"b":-0.9999588728,"c":-0.0000509907,"d":-2.9257602692,"shortest_distance":3.3634592404,"num_points":363,"plane_center_x":-0.0282079056,"plane_center_y":-2.926201582,"plane_center_z":1.274851203,"color_id":4}}