{"0":{"ros_timestamp":"1695745465.720854","wall_type":"floor","a":-0.0015818179,"b":0.0000070643,"c":0.9999987483,"d":-0.0015753828,"shortest_distance":0.9987914959,"num_points":1133,"plane_center_x":0.0874000341,"plane_center_y":-0.5349428058,"plane_center_z":0.0017174147,"color_id":0},"1":{"ros_timestamp":"1695745465.720854","wall_type":"left","a":0.9999739528,"b":0.0064177336,"c":0.0032955999,"d":1.322435379,"shortest_distance":1.0821634711,"num_points":1190,"plane_center_x":-1.3260201216,"plane_center_y":-0.0356368907,"plane_center_z":1.0451145172,"color_id":1},"2":{"ros_timestamp":"1695745465.720854","wall_type":"right","a":0.9999804497,"b":0.0062526413,"c":-0.0000873999,"d":-1.3258100748,"shortest_distance":1.5695378164,"num_points":678,"plane_center_x":1.3286639452,"plane_center_y":-0.4364315569,"plane_center_z":1.1329134703,"color_id":2},"3":{"ros_timestamp":"1695745465.720854","wall_type":"front","a":0.004965377,"b":-0.9999876618,"c":0.0000241257,"d":2.9277644157,"shortest_distance":2.494726158,"num_points":371,"plane_center_x":0.0072266106,"plane_center_y":2.9278669357,"plane_center_z":1.2616326809,"color_id":3},"4":{"ros_timestamp":"1695745465.720854","wall_type":"back","a":0.0090769641,"b":-0.9999588132,"c":-0.0000443802,"d":-2.9258077145,"shortest_distance":3.3599148785,"num_points":363,"plane_center_x":-0.0282124579,"plane_center_y":-2.926240921,"plane_center_z":1.2748463154,"color_id":4}}