{"0":{"ros_timestamp":"1695745465.955065","wall_type":"floor","a":-0.0005040732,"b":-0.0000100775,"c":0.9999998808,"d":-0.0021702095,"shortest_distance":0.9979259924,"num_points":1187,"plane_center_x":0.0239400603,"plane_center_y":-0.5130241513,"plane_center_z":0.0021771074,"color_id":0},"1":{"ros_timestamp":"1695745465.955065","wall_type":"left","a":0.9999773502,"b":0.006707374,"c":0.0003475197,"d":1.3266150951,"shortest_distance":1.0813551165,"num_points":1136,"plane_center_x":-1.3267914057,"plane_center_y":-0.0348937437,"plane_center_z":1.0942289829,"color_id":1},"2":{"ros_timestamp":"1695745465.955065","wall_type":"right","a":0.9999803305,"b":0.0062704007,"c":-0.0000764787,"d":-1.3258810043,"shortest_distance":1.5717539896,"num_points":678,"plane_center_x":1.3287272453,"plane_center_y":-0.4359382093,"plane_center_z":1.1329417229,"color_id":2},"3":{"ros_timestamp":"1695745465.955065","wall_type":"front","a":0.004965377,"b":-0.9999876618,"c":0.0000241257,"d":2.9277644157,"shortest_distance":2.4959525563,"num_points":371,"plane_center_x":0.0072266106,"plane_center_y":2.9278669357,"plane_center_z":1.2616326809,"color_id":3},"4":{"ros_timestamp":"1695745465.955065","wall_type":"back","a":0.0090739727,"b":-0.9999588132,"c":-0.0000427362,"d":-2.925817728,"shortest_distance":3.3587050987,"num_points":363,"plane_center_x":-0.0264899284,"plane_center_y":-2.9262332916,"plane_center_z":1.2748456001,"color_id":4}}