{"0":{"ros_timestamp":"1695745466.4755645","wall_type":"floor","a":-0.0005596354,"b":0.0000051717,"c":0.9999998808,"d":-0.002207556,"shortest_distance":0.9979125696,"num_points":1187,"plane_center_x":0.0243297368,"plane_center_y":-0.5131807923,"plane_center_z":0.002223826,"color_id":0},"1":{"ros_timestamp":"1695745466.4755645","wall_type":"left","a":0.9999773502,"b":0.006707374,"c":0.0003475197,"d":1.3266150951,"shortest_distance":1.0748990225,"num_points":1136,"plane_center_x":-1.3267914057,"plane_center_y":-0.0348937437,"plane_center_z":1.0942289829,"color_id":1},"2":{"ros_timestamp":"1695745466.4755645","wall_type":"right","a":0.9999815822,"b":0.0060792328,"c":-0.0001050704,"d":-1.3252791166,"shortest_distance":1.5777169547,"num_points":692,"plane_center_x":1.3280787468,"plane_center_y":-0.4369759858,"plane_center_z":1.1302382946,"color_id":2},"3":{"ros_timestamp":"1695745466.4755645","wall_type":"front","a":0.004965377,"b":-0.9999876618,"c":0.0000241257,"d":2.9277644157,"shortest_distance":2.4996964025,"num_points":371,"plane_center_x":0.0072266106,"plane_center_y":2.9278669357,"plane_center_z":1.2616326809,"color_id":3},"4":{"ros_timestamp":"1695745466.4755645","wall_type":"back","a":0.0090792114,"b":-0.9999588132,"c":-0.0000154145,"d":-2.9259693623,"shortest_distance":3.3551132753,"num_points":363,"plane_center_x":-0.0313455798,"plane_center_y":-2.9263942242,"plane_center_z":1.274821043,"color_id":4}}