{"0":{"ros_timestamp":"1695745467.2620962","wall_type":"floor","a":-0.0015842321,"b":0.0000182245,"c":0.9999987483,"d":-0.0015988169,"shortest_distance":0.9987970111,"num_points":1134,"plane_center_x":0.0893404558,"plane_center_y":-0.5359935164,"plane_center_z":0.0017501233,"color_id":0},"1":{"ros_timestamp":"1695745467.2620962","wall_type":"left","a":0.9999738932,"b":0.0062792869,"c":0.0035474119,"d":1.3220756054,"shortest_distance":1.0669798105,"num_points":1190,"plane_center_x":-1.3260201216,"plane_center_y":-0.0356368907,"plane_center_z":1.0451145172,"color_id":1},"2":{"ros_timestamp":"1695745467.2620962","wall_type":"right","a":0.9999806881,"b":0.0062119327,"c":-0.000050066,"d":-1.3257784843,"shortest_distance":1.5845020647,"num_points":693,"plane_center_x":1.3285915852,"plane_center_y":-0.4396071136,"plane_center_z":1.1316690445,"color_id":2},"3":{"ros_timestamp":"1695745467.2620962","wall_type":"front","a":0.004965377,"b":-0.9999876618,"c":0.0000241257,"d":2.9277644157,"shortest_distance":2.5035365676,"num_points":371,"plane_center_x":0.0072266106,"plane_center_y":2.9278669357,"plane_center_z":1.2616326809,"color_id":3},"4":{"ros_timestamp":"1695745467.2620962","wall_type":"back","a":0.0090673547,"b":-0.9999588728,"c":-0.0000044838,"d":-2.9260380268,"shortest_distance":3.3513542641,"num_points":363,"plane_center_x":-0.0259668157,"plane_center_y":-2.9263997078,"plane_center_z":1.2748135328,"color_id":4}}