{"0":{"ros_timestamp":"1695745467.6024232","wall_type":"floor","a":-0.0005098814,"b":0.000000069,"c":0.9999998808,"d":-0.00219049,"shortest_distance":0.9979201995,"num_points":1189,"plane_center_x":0.0269916747,"plane_center_y":-0.514692843,"plane_center_z":0.0022042883,"color_id":0},"1":{"ros_timestamp":"1695745467.6024232","wall_type":"left","a":0.9999773502,"b":0.006707374,"c":0.0003475197,"d":1.3266150951,"shortest_distance":1.0642656069,"num_points":1136,"plane_center_x":-1.3267914057,"plane_center_y":-0.0348937437,"plane_center_z":1.0942289829,"color_id":1},"2":{"ros_timestamp":"1695745467.6024232","wall_type":"right","a":0.9999806881,"b":0.0062074997,"c":-0.0000612865,"d":-1.3257420063,"shortest_distance":1.5887114566,"num_points":693,"plane_center_x":1.3285602331,"plane_center_y":-0.43869856,"plane_center_z":1.1316605806,"color_id":2},"3":{"ros_timestamp":"1695745467.6024232","wall_type":"front","a":0.004965377,"b":-0.9999876618,"c":0.0000241257,"d":2.9277644157,"shortest_distance":2.5061497624,"num_points":371,"plane_center_x":0.0072266106,"plane_center_y":2.9278669357,"plane_center_z":1.2616326809,"color_id":3},"4":{"ros_timestamp":"1695745467.6024232","wall_type":"back","a":0.009057451,"b":-0.999958992,"c":0.0000020385,"d":-2.9260568619,"shortest_distance":3.3487680757,"num_points":363,"plane_center_x":-0.024210915,"plane_center_y":-2.9263935089,"plane_center_z":1.274813056,"color_id":4}}