{"0":{"ros_timestamp":"1695745467.6339157","wall_type":"floor","a":-0.0015688844,"b":0.000011534,"c":0.9999987483,"d":-0.0016098096,"shortest_distance":0.9987890638,"num_points":1137,"plane_center_x":0.0882972777,"plane_center_y":-0.5324870348,"plane_center_z":0.0017544817,"color_id":0},"1":{"ros_timestamp":"1695745467.6339157","wall_type":"left","a":0.999976337,"b":0.0063631372,"c":0.0026235506,"d":1.3233855963,"shortest_distance":1.0610608031,"num_points":1188,"plane_center_x":-1.3260891438,"plane_center_y":-0.0388183631,"plane_center_z":1.0468661785,"color_id":1},"2":{"ros_timestamp":"1695745467.6339157","wall_type":"right","a":0.9999807477,"b":0.0062088454,"c":-0.0000637498,"d":-1.3257492781,"shortest_distance":1.5908270687,"num_points":695,"plane_center_x":1.3285737038,"plane_center_y":-0.4391619563,"plane_center_z":1.1312842369,"color_id":2},"3":{"ros_timestamp":"1695745467.6339157","wall_type":"front","a":0.004965377,"b":-0.9999876618,"c":0.0000241257,"d":2.9277644157,"shortest_distance":2.5074721876,"num_points":371,"plane_center_x":0.0072266106,"plane_center_y":2.9278669357,"plane_center_z":1.2616326809,"color_id":3},"4":{"ros_timestamp":"1695745467.6339157","wall_type":"back","a":0.0090482617,"b":-0.9999590516,"c":0.0000033034,"d":-2.9260671139,"shortest_distance":3.3474609069,"num_points":363,"plane_center_x":-0.0224427003,"plane_center_y":-2.9263858795,"plane_center_z":1.2748129368,"color_id":4}}