{"0":{"ros_timestamp":"1695745467.7478316","wall_type":"floor","a":-0.000322691,"b":-0.0000178038,"c":0.9999998808,"d":-0.0023054734,"shortest_distance":0.9977487789,"num_points":1189,"plane_center_x":0.0271291062,"plane_center_y":-0.5147061944,"plane_center_z":0.0022099712,"color_id":0},"1":{"ros_timestamp":"1695745467.7478316","wall_type":"left","a":0.9999773502,"b":0.006707374,"c":0.0003475197,"d":1.3266150951,"shortest_distance":1.0621584142,"num_points":1136,"plane_center_x":-1.3267914057,"plane_center_y":-0.0348937437,"plane_center_z":1.0942289829,"color_id":1},"2":{"ros_timestamp":"1695745467.7478316","wall_type":"right","a":0.9999786019,"b":0.0065487134,"c":0.0000256964,"d":-1.3269127607,"shortest_distance":1.5917580982,"num_points":695,"plane_center_x":1.3297894001,"plane_center_y":-0.4393541515,"plane_center_z":1.131296277,"color_id":2},"3":{"ros_timestamp":"1695745467.7478316","wall_type":"front","a":0.004965377,"b":-0.9999876618,"c":0.0000241257,"d":2.9277644157,"shortest_distance":2.5074721876,"num_points":371,"plane_center_x":0.0072266106,"plane_center_y":2.9278669357,"plane_center_z":1.2616326809,"color_id":3},"4":{"ros_timestamp":"1695745467.7478316","wall_type":"back","a":0.009028893,"b":-0.99995929,"c":0.0000198818,"d":-2.9261751175,"shortest_distance":3.3475470363,"num_points":363,"plane_center_x":-0.0270087458,"plane_center_y":-2.9265129566,"plane_center_z":1.2747983932,"color_id":4}}