{"0":{"ros_timestamp":"1695745468.2474153","wall_type":"floor","a":-0.0016068988,"b":0.0000282439,"c":0.9999987483,"d":-0.0016217094,"shortest_distance":0.9988042139,"num_points":1135,"plane_center_x":0.0909209326,"plane_center_y":-0.5370236635,"plane_center_z":0.00178298,"color_id":0},"1":{"ros_timestamp":"1695745468.2474153","wall_type":"left","a":0.9999760389,"b":0.0063020694,"c":0.0028734356,"d":1.3230304718,"shortest_distance":1.0546500554,"num_points":1190,"plane_center_x":-1.3260201216,"plane_center_y":-0.0356368907,"plane_center_z":1.0451145172,"color_id":1},"2":{"ros_timestamp":"1695745468.2474153","wall_type":"right","a":0.9999805689,"b":0.0062290076,"c":-0.0000663463,"d":-1.3257782459,"shortest_distance":1.5971299467,"num_points":695,"plane_center_x":1.3286128044,"plane_center_y":-0.4388421476,"plane_center_z":1.1312935352,"color_id":2},"3":{"ros_timestamp":"1695745468.2474153","wall_type":"front","a":0.004965377,"b":-0.9999876618,"c":0.0000241257,"d":2.9277644157,"shortest_distance":2.511502377,"num_points":371,"plane_center_x":0.0072266106,"plane_center_y":2.9278669357,"plane_center_z":1.2616326809,"color_id":3},"4":{"ros_timestamp":"1695745468.2474153","wall_type":"back","a":0.0090089841,"b":-0.9999594688,"c":0.0000383993,"d":-2.9262707233,"shortest_distance":3.3436140889,"num_points":363,"plane_center_x":-0.0284408871,"plane_center_y":-2.9265966415,"plane_center_z":1.2747855186,"color_id":4}}