{"0":{"ros_timestamp":"1695745468.8152003","wall_type":"floor","a":-0.0005015121,"b":0.0000059453,"c":0.9999998808,"d":-0.0022037486,"shortest_distance":0.9979144311,"num_points":1189,"plane_center_x":0.0273409262,"plane_center_y":-0.5151078105,"plane_center_z":0.0022205231,"color_id":0},"1":{"ros_timestamp":"1695745468.8152003","wall_type":"left","a":0.9999773502,"b":0.006707374,"c":0.0003475197,"d":1.3266150951,"shortest_distance":1.0496561118,"num_points":1136,"plane_center_x":-1.3267914057,"plane_center_y":-0.0348937437,"plane_center_z":1.0942289829,"color_id":1},"2":{"ros_timestamp":"1695745468.8152003","wall_type":"right","a":0.9999802709,"b":0.0062753037,"c":-0.0000924323,"d":-1.325855732,"shortest_distance":1.6034331144,"num_points":696,"plane_center_x":1.3287526369,"plane_center_y":-0.4407686293,"plane_center_z":1.1325446367,"color_id":2},"3":{"ros_timestamp":"1695745468.8152003","wall_type":"front","a":0.004965377,"b":-0.9999876618,"c":0.0000241257,"d":2.9277644157,"shortest_distance":2.5156262291,"num_points":371,"plane_center_x":0.0072266106,"plane_center_y":2.9278669357,"plane_center_z":1.2616326809,"color_id":3},"4":{"ros_timestamp":"1695745468.8152003","wall_type":"back","a":0.0089700548,"b":-0.9999597669,"c":0.0000534804,"d":-2.9263167381,"shortest_distance":3.3395357208,"num_points":363,"plane_center_x":-0.0234581605,"plane_center_y":-2.9265768528,"plane_center_z":1.2747827768,"color_id":4}}