{"0":{"ros_timestamp":"1695745468.9238794","wall_type":"floor","a":-0.0015708224,"b":0.0000216744,"c":0.9999988675,"d":-0.0016055307,"shortest_distance":0.9988174817,"num_points":1135,"plane_center_x":0.090916425,"plane_center_y":-0.5371280909,"plane_center_z":0.0017599881,"color_id":0},"1":{"ros_timestamp":"1695745468.9238794","wall_type":"left","a":0.9999751449,"b":0.006431323,"c":0.0028995574,"d":1.3229967356,"shortest_distance":1.0484768187,"num_points":1190,"plane_center_x":-1.3260201216,"plane_center_y":-0.0356368907,"plane_center_z":1.0451145172,"color_id":1},"2":{"ros_timestamp":"1695745468.9238794","wall_type":"right","a":0.9999774098,"b":0.0067161215,"c":0.000047223,"d":-1.3274260759,"shortest_distance":1.6046819286,"num_points":696,"plane_center_x":1.3303627968,"plane_center_y":-0.4407663345,"plane_center_z":1.1325632334,"color_id":2},"3":{"ros_timestamp":"1695745468.9238794","wall_type":"front","a":0.004965377,"b":-0.9999876618,"c":0.0000241257,"d":2.9277644157,"shortest_distance":2.5156262291,"num_points":371,"plane_center_x":0.0072266106,"plane_center_y":2.9278669357,"plane_center_z":1.2616326809,"color_id":3},"4":{"ros_timestamp":"1695745468.9238794","wall_type":"back","a":0.0089633316,"b":-0.9999598265,"c":0.0000500857,"d":-2.9263093472,"shortest_distance":3.3395298688,"num_points":363,"plane_center_x":-0.021815801,"plane_center_y":-2.9265584946,"plane_center_z":1.2747687101,"color_id":4}}