{"0":{"ros_timestamp":"1695745469.2238557","wall_type":"floor","a":-0.0015446126,"b":0.0000179551,"c":0.9999987483,"d":-0.0016187404,"shortest_distance":0.998801717,"num_points":1137,"plane_center_x":0.0885237232,"plane_center_y":-0.5328792334,"plane_center_z":0.0017650455,"color_id":0},"1":{"ros_timestamp":"1695745469.2238557","wall_type":"left","a":0.9999770522,"b":0.0064640576,"c":0.0020386146,"d":1.3242161274,"shortest_distance":1.044736371,"num_points":1188,"plane_center_x":-1.3260891438,"plane_center_y":-0.0388183631,"plane_center_z":1.0468661785,"color_id":1},"2":{"ros_timestamp":"1695745469.2238557","wall_type":"right","a":0.9999767542,"b":0.006820784,"c":0.000049354,"d":-1.3277161121,"shortest_distance":1.6090394158,"num_points":710,"plane_center_x":1.3306878805,"plane_center_y":-0.4393457174,"plane_center_z":1.1299592257,"color_id":2},"3":{"ros_timestamp":"1695745469.2238557","wall_type":"front","a":0.004965377,"b":-0.9999876618,"c":0.0000241257,"d":2.9277644157,"shortest_distance":2.5184270413,"num_points":371,"plane_center_x":0.0072266106,"plane_center_y":2.9278669357,"plane_center_z":1.2616326809,"color_id":3},"4":{"ros_timestamp":"1695745469.2238557","wall_type":"back","a":0.0089019798,"b":-0.9999604225,"c":0.0000836617,"d":-2.9264669418,"shortest_distance":3.3368521628,"num_points":363,"plane_center_x":-0.0296818521,"plane_center_y":-2.9267404079,"plane_center_z":1.274745822,"color_id":4}}