{"0":{"ros_timestamp":"1695745469.2765348","wall_type":"floor","a":-0.0004792579,"b":0.0000036419,"c":0.9999998808,"d":-0.0021936635,"shortest_distance":0.9979192998,"num_points":1189,"plane_center_x":0.0275137424,"plane_center_y":-0.5150673389,"plane_center_z":0.0022087258,"color_id":0},"1":{"ros_timestamp":"1695745469.2765348","wall_type":"left","a":0.9999773502,"b":0.006707374,"c":0.0003475197,"d":1.3266150951,"shortest_distance":1.0455435856,"num_points":1136,"plane_center_x":-1.3267914057,"plane_center_y":-0.0348937437,"plane_center_z":1.0942289829,"color_id":1},"2":{"ros_timestamp":"1695745469.2765348","wall_type":"right","a":0.9999780655,"b":0.0066287974,"c":0.0000056692,"d":-1.3270714283,"shortest_distance":1.6085170798,"num_points":712,"plane_center_x":1.3300026655,"plane_center_y":-0.438762635,"plane_center_z":1.1295884848,"color_id":2},"3":{"ros_timestamp":"1695745469.2765348","wall_type":"front","a":0.004965377,"b":-0.9999876618,"c":0.0000241257,"d":2.9277644157,"shortest_distance":2.5184270413,"num_points":371,"plane_center_x":0.0072266106,"plane_center_y":2.9278669357,"plane_center_z":1.2616326809,"color_id":3},"4":{"ros_timestamp":"1695745469.2765348","wall_type":"back","a":0.0088829584,"b":-0.9999605417,"c":0.0000893435,"d":-2.9265055656,"shortest_distance":3.3368799135,"num_points":363,"plane_center_x":-0.0303164087,"plane_center_y":-2.9267764091,"plane_center_z":1.2747403383,"color_id":4}}