{"0":{"ros_timestamp":"1695745469.4207523","wall_type":"floor","a":-0.0004842106,"b":0.000004202,"c":0.9999998808,"d":-0.0021957634,"shortest_distance":0.9979198133,"num_points":1190,"plane_center_x":0.0284850206,"plane_center_y":-0.5158131719,"plane_center_z":0.0022117237,"color_id":0},"1":{"ros_timestamp":"1695745469.4207523","wall_type":"left","a":0.9999773502,"b":0.006707374,"c":0.0003475197,"d":1.3266150951,"shortest_distance":1.04349785,"num_points":1136,"plane_center_x":-1.3267914057,"plane_center_y":-0.0348937437,"plane_center_z":1.0942289829,"color_id":1},"2":{"ros_timestamp":"1695745469.4207523","wall_type":"right","a":0.9999801517,"b":0.0062962947,"c":-0.0000730977,"d":-1.3259276152,"shortest_distance":1.6096335222,"num_points":712,"plane_center_x":1.3288018703,"plane_center_y":-0.4391987026,"plane_center_z":1.1295759678,"color_id":2},"3":{"ros_timestamp":"1695745469.4207523","wall_type":"front","a":0.004965377,"b":-0.9999876618,"c":0.0000241257,"d":2.9277644157,"shortest_distance":2.519842816,"num_points":371,"plane_center_x":0.0072266106,"plane_center_y":2.9278669357,"plane_center_z":1.2616326809,"color_id":3},"4":{"ros_timestamp":"1695745469.4207523","wall_type":"back","a":0.0088689281,"b":-0.9999606609,"c":0.0000928942,"d":-2.9265313148,"shortest_distance":3.3354904028,"num_points":363,"plane_center_x":-0.030049067,"plane_center_y":-2.926794529,"plane_center_z":1.274739027,"color_id":4}}