{"0":{"ros_timestamp":"1695745469.5790267","wall_type":"floor","a":-0.0015147673,"b":0.000001954,"c":0.9999988675,"d":-0.0015760107,"shortest_distance":0.9988325655,"num_points":1137,"plane_center_x":0.0895212665,"plane_center_y":-0.5325767994,"plane_center_z":0.0017126573,"color_id":0},"1":{"ros_timestamp":"1695745469.5790267","wall_type":"left","a":0.999976337,"b":0.0063631372,"c":0.0026235506,"d":1.3233855963,"shortest_distance":1.0424045502,"num_points":1188,"plane_center_x":-1.3260891438,"plane_center_y":-0.0388183631,"plane_center_z":1.0468661785,"color_id":1},"2":{"ros_timestamp":"1695745469.5790267","wall_type":"right","a":0.9999782443,"b":0.0065912241,"c":0.0000056405,"d":-1.3269590139,"shortest_distance":1.6104657566,"num_points":712,"plane_center_x":1.3298921585,"plane_center_y":-0.4415634573,"plane_center_z":1.1295816898,"color_id":2},"3":{"ros_timestamp":"1695745469.5790267","wall_type":"front","a":0.004965377,"b":-0.9999876618,"c":0.0000241257,"d":2.9277644157,"shortest_distance":2.519842816,"num_points":371,"plane_center_x":0.0072266106,"plane_center_y":2.9278669357,"plane_center_z":1.2616326809,"color_id":3},"4":{"ros_timestamp":"1695745469.5790267","wall_type":"back","a":0.0088630496,"b":-0.9999607205,"c":0.0000923933,"d":-2.9265298843,"shortest_distance":3.3354877902,"num_points":363,"plane_center_x":-0.0285846349,"plane_center_y":-2.9267804623,"plane_center_z":1.274738431,"color_id":4}}