{"0":{"ros_timestamp":"1695745469.6629784","wall_type":"floor","a":-0.0015386256,"b":0.0000072849,"c":0.9999987483,"d":-0.0015867652,"shortest_distance":0.9988338814,"num_points":1137,"plane_center_x":0.0895892605,"plane_center_y":-0.5327185988,"plane_center_z":0.0017284926,"color_id":0},"1":{"ros_timestamp":"1695745469.6629784","wall_type":"left","a":0.999976337,"b":0.0063631372,"c":0.0026235506,"d":1.3233855963,"shortest_distance":1.0403663979,"num_points":1188,"plane_center_x":-1.3260891438,"plane_center_y":-0.0388183631,"plane_center_z":1.0468661785,"color_id":1},"2":{"ros_timestamp":"1695745469.6629784","wall_type":"right","a":0.9999806881,"b":0.006228094,"c":-0.0000866947,"d":-1.3257497549,"shortest_distance":1.6115349271,"num_points":712,"plane_center_x":1.3286284208,"plane_center_y":-0.4423731267,"plane_center_z":1.1295841932,"color_id":2},"3":{"ros_timestamp":"1695745469.6629784","wall_type":"front","a":0.004965377,"b":-0.9999876618,"c":0.0000241257,"d":2.9277644157,"shortest_distance":2.5212687893,"num_points":371,"plane_center_x":0.0072266106,"plane_center_y":2.9278669357,"plane_center_z":1.2616326809,"color_id":3},"4":{"ros_timestamp":"1695745469.6629784","wall_type":"back","a":0.0088456096,"b":-0.9999608994,"c":0.0001044692,"d":-2.9265663624,"shortest_distance":3.3340891272,"num_points":363,"plane_center_x":-0.0278498568,"plane_center_y":-2.9267940521,"plane_center_z":1.2747392654,"color_id":4}}