{"0":{"ros_timestamp":"1695745470.0601285","wall_type":"floor","a":-0.0015415017,"b":0.0000068931,"c":0.9999987483,"d":-0.0015908858,"shortest_distance":0.9988366288,"num_points":1137,"plane_center_x":0.0896369144,"plane_center_y":-0.5325270891,"plane_center_z":0.0017327341,"color_id":0},"1":{"ros_timestamp":"1695745470.0601285","wall_type":"left","a":0.999976337,"b":0.0063631372,"c":0.0026235506,"d":1.3233855963,"shortest_distance":1.0363115672,"num_points":1188,"plane_center_x":-1.3260891438,"plane_center_y":-0.0388183631,"plane_center_z":1.0468661785,"color_id":1},"2":{"ros_timestamp":"1695745470.0601285","wall_type":"right","a":0.9999806881,"b":0.0062122978,"c":-0.0000868381,"d":-1.3257145882,"shortest_distance":1.6155608716,"num_points":712,"plane_center_x":1.3285589218,"plane_center_y":-0.4379299879,"plane_center_z":1.1295816898,"color_id":2},"3":{"ros_timestamp":"1695745470.0601285","wall_type":"front","a":0.004965377,"b":-0.9999876618,"c":0.0000241257,"d":2.9277644157,"shortest_distance":2.5241511889,"num_points":371,"plane_center_x":0.0072266106,"plane_center_y":2.9278669357,"plane_center_z":1.2616326809,"color_id":3},"4":{"ros_timestamp":"1695745470.0601285","wall_type":"back","a":0.0088235261,"b":-0.9999610186,"c":0.0001076779,"d":-2.9265794754,"shortest_distance":3.3312262175,"num_points":363,"plane_center_x":-0.0256035123,"plane_center_y":-2.9267823696,"plane_center_z":1.2747397423,"color_id":4}}