{"0":{"ros_timestamp":"1695745470.446995","wall_type":"floor","a":-0.0006442611,"b":0.0000372948,"c":0.9999997616,"d":-0.0021633182,"shortest_distance":0.9980176448,"num_points":1190,"plane_center_x":0.0296307895,"plane_center_y":-0.5154702663,"plane_center_z":0.0022426182,"color_id":0},"1":{"ros_timestamp":"1695745470.446995","wall_type":"left","a":0.9999773502,"b":0.006707374,"c":0.0003475197,"d":1.3266150951,"shortest_distance":1.033376488,"num_points":1136,"plane_center_x":-1.3267914057,"plane_center_y":-0.0348937437,"plane_center_z":1.0942289829,"color_id":1},"2":{"ros_timestamp":"1695745470.446995","wall_type":"right","a":0.9999784827,"b":0.0065615107,"c":-0.000004407,"d":-1.3268815279,"shortest_distance":1.6205307066,"num_points":714,"plane_center_x":1.329821825,"plane_center_y":-0.4429920912,"plane_center_z":1.1292358637,"color_id":2},"3":{"ros_timestamp":"1695745470.446995","wall_type":"front","a":0.004965377,"b":-0.9999876618,"c":0.0000241257,"d":2.9277644157,"shortest_distance":2.5270739519,"num_points":371,"plane_center_x":0.0072266106,"plane_center_y":2.9278669357,"plane_center_z":1.2616326809,"color_id":3},"4":{"ros_timestamp":"1695745470.446995","wall_type":"back","a":0.0087345354,"b":-0.999961853,"c":0.0001377675,"d":-2.9266893864,"shortest_distance":3.3283725939,"num_points":363,"plane_center_x":-0.028507283,"plane_center_y":-2.9268743992,"plane_center_z":1.274713397,"color_id":4}}