{"0":{"ros_timestamp":"1695745470.943913","wall_type":"floor","a":-0.0005761332,"b":0.0000243483,"c":0.9999997616,"d":-0.0021290432,"shortest_distance":0.9980299301,"num_points":1190,"plane_center_x":0.0303772744,"plane_center_y":-0.5151350498,"plane_center_z":0.00224056,"color_id":0},"1":{"ros_timestamp":"1695745470.943913","wall_type":"left","a":0.9999773502,"b":0.006707374,"c":0.0003475197,"d":1.3266150951,"shortest_distance":1.0273913419,"num_points":1136,"plane_center_x":-1.3267914057,"plane_center_y":-0.0348937437,"plane_center_z":1.0942289829,"color_id":1},"2":{"ros_timestamp":"1695745470.943913","wall_type":"right","a":0.9999807477,"b":0.0062050694,"c":-0.0000544457,"d":-1.3257319927,"shortest_distance":1.6255571139,"num_points":713,"plane_center_x":1.3285493851,"plane_center_y":-0.4399982393,"plane_center_z":1.1307550669,"color_id":2},"3":{"ros_timestamp":"1695745470.943913","wall_type":"front","a":0.004965377,"b":-0.9999876618,"c":0.0000241257,"d":2.9277644157,"shortest_distance":2.5315331374,"num_points":371,"plane_center_x":0.0072266106,"plane_center_y":2.9278669357,"plane_center_z":1.2616326809,"color_id":3},"4":{"ros_timestamp":"1695745470.943913","wall_type":"back","a":0.0085964389,"b":-0.9999629855,"c":0.0001889894,"d":-2.9268836975,"shortest_distance":3.3240379572,"num_points":363,"plane_center_x":-0.0288973171,"plane_center_y":-2.9269993305,"plane_center_z":1.2747036219,"color_id":4}}