{"0":{"ros_timestamp":"1695745471.0519","wall_type":"floor","a":-0.0005842634,"b":0.0000250805,"c":0.9999997616,"d":-0.0021313806,"shortest_distance":0.9980303342,"num_points":1190,"plane_center_x":0.0305894651,"plane_center_y":-0.5151417851,"plane_center_z":0.0022437752,"color_id":0},"1":{"ros_timestamp":"1695745471.0519","wall_type":"left","a":0.9999773502,"b":0.006707374,"c":0.0003475197,"d":1.3266150951,"shortest_distance":1.0273913419,"num_points":1136,"plane_center_x":-1.3267914057,"plane_center_y":-0.0348937437,"plane_center_z":1.0942289829,"color_id":1},"2":{"ros_timestamp":"1695745471.0519","wall_type":"right","a":0.9999781251,"b":0.0066198441,"c":-0.0000152673,"d":-1.3269616365,"shortest_distance":1.6265829931,"num_points":713,"plane_center_x":1.3299046755,"plane_center_y":-0.4375792742,"plane_center_z":1.1307451725,"color_id":2},"3":{"ros_timestamp":"1695745471.0519","wall_type":"front","a":0.004965377,"b":-0.9999876618,"c":0.0000241257,"d":2.9277644157,"shortest_distance":2.5315331374,"num_points":371,"plane_center_x":0.0072266106,"plane_center_y":2.9278669357,"plane_center_z":1.2616326809,"color_id":3},"4":{"ros_timestamp":"1695745471.0519","wall_type":"back","a":0.0086212065,"b":-0.9999628067,"c":0.0001806155,"d":-2.9268393517,"shortest_distance":3.3240092906,"num_points":363,"plane_center_x":-0.027721161,"plane_center_y":-2.9269571304,"plane_center_z":1.2747040987,"color_id":4}}