{"0":{"ros_timestamp":"1695745471.1550307","wall_type":"floor","a":-0.0016335098,"b":0.0000396301,"c":0.9999987483,"d":-0.0016361562,"shortest_distance":0.998847248,"num_points":1136,"plane_center_x":0.0956983864,"plane_center_y":-0.5409145355,"plane_center_z":0.0018569513,"color_id":0},"1":{"ros_timestamp":"1695745471.1550307","wall_type":"left","a":0.9999739528,"b":0.0060118083,"c":0.0040008388,"d":1.3214271069,"shortest_distance":1.025582903,"num_points":1191,"plane_center_x":-1.3259865046,"plane_center_y":-0.0337407328,"plane_center_z":1.0442370176,"color_id":1},"2":{"ros_timestamp":"1695745471.1550307","wall_type":"right","a":0.9999812245,"b":0.0061211255,"c":-0.0000932041,"d":-1.325373888,"shortest_distance":1.6252711096,"num_points":713,"plane_center_x":1.328171134,"plane_center_y":-0.4356969893,"plane_center_z":1.1307123899,"color_id":2},"3":{"ros_timestamp":"1695745471.1550307","wall_type":"front","a":0.004965377,"b":-0.9999876618,"c":0.0000241257,"d":2.9277644157,"shortest_distance":2.5315331374,"num_points":371,"plane_center_x":0.0072266106,"plane_center_y":2.9278669357,"plane_center_z":1.2616326809,"color_id":3},"4":{"ros_timestamp":"1695745471.1550307","wall_type":"back","a":0.0085545601,"b":-0.9999634027,"c":0.000204676,"d":-2.9269311428,"shortest_distance":3.3240570208,"num_points":363,"plane_center_x":-0.0269360244,"plane_center_y":-2.9270076752,"plane_center_z":1.2747023106,"color_id":4}}