{"0":{"ros_timestamp":"1695745471.3915246","wall_type":"floor","a":-0.0016028314,"b":0.0000233147,"c":0.9999987483,"d":-0.0015978098,"shortest_distance":0.9988761641,"num_points":1138,"plane_center_x":0.0947230607,"plane_center_y":-0.5406320691,"plane_center_z":0.0018478942,"color_id":0},"1":{"ros_timestamp":"1695745471.3915246","wall_type":"left","a":0.9999760389,"b":0.0063020694,"c":0.0028734356,"d":1.3230304718,"shortest_distance":1.0222213516,"num_points":1190,"plane_center_x":-1.3260201216,"plane_center_y":-0.0356368907,"plane_center_z":1.0451145172,"color_id":1},"2":{"ros_timestamp":"1695745471.3915246","wall_type":"right","a":0.9999807477,"b":0.006214614,"c":-0.0000778103,"d":-1.3256844282,"shortest_distance":1.6294802947,"num_points":713,"plane_center_x":1.3285222054,"plane_center_y":-0.4383576512,"plane_center_z":1.1307371855,"color_id":2},"3":{"ros_timestamp":"1695745471.3915246","wall_type":"front","a":0.004965377,"b":-0.9999876618,"c":0.0000241257,"d":2.9277644157,"shortest_distance":2.5345555215,"num_points":371,"plane_center_x":0.0072266106,"plane_center_y":2.9278669357,"plane_center_z":1.2616326809,"color_id":3},"4":{"ros_timestamp":"1695745471.3915246","wall_type":"back","a":0.0085461102,"b":-0.9999634624,"c":0.000203961,"d":-2.9269280434,"shortest_distance":3.3210439192,"num_points":363,"plane_center_x":-0.0253987331,"plane_center_y":-2.926992178,"plane_center_z":1.2747037411,"color_id":4}}