{"0":{"ros_timestamp":"1695745471.5140631","wall_type":"floor","a":-0.0005412924,"b":0.0000073433,"c":0.9999998808,"d":-0.0021987685,"shortest_distance":0.9979450883,"num_points":1191,"plane_center_x":0.0308447462,"plane_center_y":-0.5171201229,"plane_center_z":0.0022612156,"color_id":0},"1":{"ros_timestamp":"1695745471.5140631","wall_type":"left","a":0.9999773502,"b":0.006707374,"c":0.0003475197,"d":1.3266150951,"shortest_distance":1.0234386077,"num_points":1136,"plane_center_x":-1.3267914057,"plane_center_y":-0.0348937437,"plane_center_z":1.0942289829,"color_id":1},"2":{"ros_timestamp":"1695745471.5140631","wall_type":"right","a":0.9999772906,"b":0.0067351176,"c":0.0000154813,"d":-1.3273881674,"shortest_distance":1.6308859418,"num_points":713,"plane_center_x":1.3303734064,"plane_center_y":-0.4413663149,"plane_center_z":1.1307474375,"color_id":2},"3":{"ros_timestamp":"1695745471.5140631","wall_type":"front","a":0.004965377,"b":-0.9999876618,"c":0.0000241257,"d":2.9277644157,"shortest_distance":2.5345555215,"num_points":371,"plane_center_x":0.0072266106,"plane_center_y":2.9278669357,"plane_center_z":1.2616326809,"color_id":3},"4":{"ros_timestamp":"1695745471.5140631","wall_type":"back","a":0.0086000813,"b":-0.9999630451,"c":0.0001828433,"d":-2.9268386364,"shortest_distance":3.3209918521,"num_points":363,"plane_center_x":-0.023678761,"plane_center_y":-2.9269175529,"plane_center_z":1.27470541,"color_id":4}}