{"0":{"ros_timestamp":"1695745471.7137825","wall_type":"floor","a":-0.0005067093,"b":0.0000020845,"c":0.9999998808,"d":-0.0021850185,"shortest_distance":0.9979471959,"num_points":1190,"plane_center_x":0.0297584701,"plane_center_y":-0.5164557695,"plane_center_z":0.0022011742,"color_id":0},"1":{"ros_timestamp":"1695745471.7137825","wall_type":"left","a":0.9999773502,"b":0.006707374,"c":0.0003475197,"d":1.3266150951,"shortest_distance":1.0214735981,"num_points":1136,"plane_center_x":-1.3267914057,"plane_center_y":-0.0348937437,"plane_center_z":1.0942289829,"color_id":1},"2":{"ros_timestamp":"1695745471.7137825","wall_type":"right","a":0.9999781251,"b":0.0066169286,"c":-0.0000045255,"d":-1.3270039558,"shortest_distance":1.632533087,"num_points":716,"plane_center_x":1.3299539089,"plane_center_y":-0.4406519234,"plane_center_z":1.1288737059,"color_id":2},"3":{"ros_timestamp":"1695745471.7137825","wall_type":"front","a":0.004965377,"b":-0.9999876618,"c":0.0000241257,"d":2.9277644157,"shortest_distance":2.5360814787,"num_points":371,"plane_center_x":0.0072266106,"plane_center_y":2.9278669357,"plane_center_z":1.2616326809,"color_id":3},"4":{"ros_timestamp":"1695745471.7137825","wall_type":"back","a":0.0085822819,"b":-0.9999631643,"c":0.0001873105,"d":-2.9268686771,"shortest_distance":3.3194932829,"num_points":363,"plane_center_x":-0.0243661441,"plane_center_y":-2.9269468784,"plane_center_z":1.2746965885,"color_id":4}}