{"0":{"ros_timestamp":"1695745471.8677127","wall_type":"floor","a":-0.0005481054,"b":0.0000174673,"c":0.9999998808,"d":-0.0022165761,"shortest_distance":0.9979354133,"num_points":1190,"plane_center_x":0.0297803767,"plane_center_y":-0.5162264705,"plane_center_z":0.0022419163,"color_id":0},"1":{"ros_timestamp":"1695745471.8677127","wall_type":"left","a":0.9999773502,"b":0.006707374,"c":0.0003475197,"d":1.3266150951,"shortest_distance":1.0195162257,"num_points":1136,"plane_center_x":-1.3267914057,"plane_center_y":-0.0348937437,"plane_center_z":1.0942289829,"color_id":1},"2":{"ros_timestamp":"1695745471.8677127","wall_type":"right","a":0.9999783039,"b":0.0065923487,"c":-0.0000106577,"d":-1.3269212246,"shortest_distance":1.6344233028,"num_points":717,"plane_center_x":1.3298498392,"plane_center_y":-0.4380344152,"plane_center_z":1.1298140287,"color_id":2},"3":{"ros_timestamp":"1695745471.8677127","wall_type":"front","a":0.004965377,"b":-0.9999876618,"c":0.0000241257,"d":2.9277644157,"shortest_distance":2.5376172285,"num_points":371,"plane_center_x":0.0072266106,"plane_center_y":2.9278669357,"plane_center_z":1.2616326809,"color_id":3},"4":{"ros_timestamp":"1695745471.8677127","wall_type":"back","a":0.0084788995,"b":-0.9999639988,"c":0.0002188193,"d":-2.9269833565,"shortest_distance":3.3180161904,"num_points":367,"plane_center_x":-0.0240616221,"plane_center_y":-2.9270162582,"plane_center_z":1.2639783621,"color_id":4}}