{"0":{"ros_timestamp":"1695745329.588287","wall_type":"floor","a":0.0005253804,"b":-0.0005195189,"c":0.999999702,"d":-0.001217855,"shortest_distance":0.9990925413,"num_points":417,"plane_center_x":0.0717549101,"plane_center_y":2.2142651081,"plane_center_z":0.0023305097,"color_id":0},"1":{"ros_timestamp":"1695745329.588287","wall_type":"left","a":0.9999745488,"b":0.0071367477,"c":-0.0000416017,"d":1.3233140707,"shortest_distance":1.4997433791,"num_points":362,"plane_center_x":-1.3350166082,"plane_center_y":1.641438365,"plane_center_z":1.1064745188,"color_id":1},"2":{"ros_timestamp":"1695745329.588287","wall_type":"right","a":0.9999524355,"b":0.00975239,"c":-0.0001162208,"d":-1.3341622353,"shortest_distance":1.1590239077,"num_points":212,"plane_center_x":1.3116022348,"plane_center_y":2.3334941864,"plane_center_z":1.160545826,"color_id":2}}