{"0":{"ros_timestamp":"1695745473.4201028","wall_type":"floor","a":-0.0016123004,"b":0.0000365631,"c":0.9999986291,"d":-0.0016114879,"shortest_distance":0.9989009299,"num_points":1137,"plane_center_x":0.0953097865,"plane_center_y":-0.5395012498,"plane_center_z":0.0018259129,"color_id":0},"1":{"ros_timestamp":"1695745473.4201028","wall_type":"left","a":0.9999735355,"b":0.0065320828,"c":0.0032028388,"d":1.3225693703,"shortest_distance":1.0028827921,"num_points":1190,"plane_center_x":-1.3260201216,"plane_center_y":-0.0356368907,"plane_center_z":1.0451145172,"color_id":1},"2":{"ros_timestamp":"1695745473.4201028","wall_type":"right","a":0.9999802113,"b":0.0062857298,"c":-0.0000690592,"d":-1.3258447647,"shortest_distance":1.6488979951,"num_points":731,"plane_center_x":1.3287016153,"plane_center_y":-0.4379145503,"plane_center_z":1.1275171041,"color_id":2},"3":{"ros_timestamp":"1695745473.4201028","wall_type":"front","a":0.004965377,"b":-0.9999876618,"c":0.0000241257,"d":2.9277644157,"shortest_distance":2.5502511048,"num_points":371,"plane_center_x":0.0072266106,"plane_center_y":2.9278669357,"plane_center_z":1.2616326809,"color_id":3},"4":{"ros_timestamp":"1695745473.4201028","wall_type":"back","a":0.0079808617,"b":-0.9999681115,"c":0.000305396,"d":-2.9273891449,"shortest_distance":3.3055949489,"num_points":372,"plane_center_x":-0.0164375715,"plane_center_y":-2.9272315502,"plane_center_z":1.2515201569,"color_id":4}}