{"0":{"ros_timestamp":"1695745473.6477687","wall_type":"floor","a":-0.0015803702,"b":0.0000459137,"c":0.9999987483,"d":-0.0016517552,"shortest_distance":0.998856729,"num_points":1142,"plane_center_x":0.092250593,"plane_center_y":-0.5376435518,"plane_center_z":0.0018640356,"color_id":0},"1":{"ros_timestamp":"1695745473.6477687","wall_type":"left","a":0.9999770522,"b":0.0066581932,"c":0.0012612413,"d":1.3253207207,"shortest_distance":1.0018524644,"num_points":1187,"plane_center_x":-1.3261229992,"plane_center_y":-0.0402406752,"plane_center_z":1.0477446318,"color_id":1},"2":{"ros_timestamp":"1695745473.6477687","wall_type":"right","a":0.9999801517,"b":0.0063013453,"c":-0.0000914652,"d":-1.3258322477,"shortest_distance":1.6507877285,"num_points":731,"plane_center_x":1.3287147284,"plane_center_y":-0.4368942082,"plane_center_z":1.1275235415,"color_id":2},"3":{"ros_timestamp":"1695745473.6477687","wall_type":"front","a":0.004965377,"b":-0.9999876618,"c":0.0000241257,"d":2.9277644157,"shortest_distance":2.5518732318,"num_points":371,"plane_center_x":0.0072266106,"plane_center_y":2.9278669357,"plane_center_z":1.2616326809,"color_id":3},"4":{"ros_timestamp":"1695745473.6477687","wall_type":"back","a":0.0079004243,"b":-0.9999687672,"c":0.0002821768,"d":-2.9274113178,"shortest_distance":3.3039977918,"num_points":372,"plane_center_x":-0.0169951078,"plane_center_y":-2.9272837639,"plane_center_z":1.2514712811,"color_id":4}}