{"0":{"ros_timestamp":"1695745474.3957725","wall_type":"floor","a":-0.0016819327,"b":0.0000652359,"c":0.9999986291,"d":-0.0016862309,"shortest_distance":0.9988746011,"num_points":1141,"plane_center_x":0.0938302726,"plane_center_y":-0.5401567221,"plane_center_z":0.0019201462,"color_id":0},"1":{"ros_timestamp":"1695745474.3957725","wall_type":"left","a":0.9999767542,"b":0.006604623,"c":0.0016965545,"d":1.3247028589,"shortest_distance":0.9941864575,"num_points":1188,"plane_center_x":-1.3260891438,"plane_center_y":-0.0388183631,"plane_center_z":1.0468661785,"color_id":1},"2":{"ros_timestamp":"1695745474.3957725","wall_type":"right","a":0.9999798536,"b":0.0063585783,"c":-0.0000882574,"d":-1.3260567188,"shortest_distance":1.6584492642,"num_points":731,"plane_center_x":1.3289620876,"plane_center_y":-0.4370418489,"plane_center_z":1.127520442,"color_id":2},"3":{"ros_timestamp":"1695745474.3957725","wall_type":"front","a":0.004965377,"b":-0.9999876618,"c":0.0000241257,"d":2.9277644157,"shortest_distance":2.5584553094,"num_points":371,"plane_center_x":0.0072266106,"plane_center_y":2.9278669357,"plane_center_z":1.2616326809,"color_id":3},"4":{"ros_timestamp":"1695745474.3957725","wall_type":"back","a":0.0079232575,"b":-0.9999685884,"c":0.0002630019,"d":-2.9273574352,"shortest_distance":3.2974104957,"num_points":372,"plane_center_x":-0.013328651,"plane_center_y":-2.9272258282,"plane_center_z":1.251454711,"color_id":4}}