{"0":{"ros_timestamp":"1695745474.9892812","wall_type":"floor","a":-0.0006768292,"b":0.0000564334,"c":0.9999997616,"d":-0.0022954496,"shortest_distance":0.9979303964,"num_points":1193,"plane_center_x":0.0325891264,"plane_center_y":-0.5219326019,"plane_center_z":0.0023469618,"color_id":0},"1":{"ros_timestamp":"1695745474.9892812","wall_type":"left","a":0.9999773502,"b":0.006707374,"c":0.0003475197,"d":1.3266150951,"shortest_distance":0.9892762603,"num_points":1136,"plane_center_x":-1.3267914057,"plane_center_y":-0.0348937437,"plane_center_z":1.0942289829,"color_id":1},"2":{"ros_timestamp":"1695745474.9892812","wall_type":"right","a":0.9999805093,"b":0.0062447088,"c":-0.0000770996,"d":-1.3257479668,"shortest_distance":1.6636803304,"num_points":731,"plane_center_x":1.3285847902,"plane_center_y":-0.4362145066,"plane_center_z":1.1275126934,"color_id":2},"3":{"ros_timestamp":"1695745474.9892812","wall_type":"front","a":0.004965377,"b":-0.9999876618,"c":0.0000241257,"d":2.9277644157,"shortest_distance":2.5634889605,"num_points":371,"plane_center_x":0.0072266106,"plane_center_y":2.9278669357,"plane_center_z":1.2616326809,"color_id":3},"4":{"ros_timestamp":"1695745474.9892812","wall_type":"back","a":0.0077957087,"b":-0.9999696016,"c":0.0002575761,"d":-2.9274070263,"shortest_distance":3.292405113,"num_points":377,"plane_center_x":-0.0074897306,"plane_center_y":-2.9272346497,"plane_center_z":1.2408012152,"color_id":4}}