{"0":{"ros_timestamp":"1695745475.2001932","wall_type":"floor","a":-0.0006810312,"b":0.0000567359,"c":0.9999997616,"d":-0.0022969318,"shortest_distance":0.9979315853,"num_points":1193,"plane_center_x":0.0327257887,"plane_center_y":-0.5217916965,"plane_center_z":0.0023488239,"color_id":0},"1":{"ros_timestamp":"1695745475.2001932","wall_type":"left","a":0.9999773502,"b":0.006707374,"c":0.0003475197,"d":1.3266150951,"shortest_distance":0.987456047,"num_points":1136,"plane_center_x":-1.3267914057,"plane_center_y":-0.0348937437,"plane_center_z":1.0942289829,"color_id":1},"2":{"ros_timestamp":"1695745475.2001932","wall_type":"right","a":0.9999805689,"b":0.0062319902,"c":-0.0000826959,"d":-1.325719595,"shortest_distance":1.6654816275,"num_points":731,"plane_center_x":1.3285580873,"plane_center_y":-0.4363626242,"plane_center_z":1.1275122166,"color_id":2},"3":{"ros_timestamp":"1695745475.2001932","wall_type":"front","a":0.004965377,"b":-0.9999876618,"c":0.0000241257,"d":2.9277644157,"shortest_distance":2.5651851153,"num_points":371,"plane_center_x":0.0072266106,"plane_center_y":2.9278669357,"plane_center_z":1.2616326809,"color_id":3},"4":{"ros_timestamp":"1695745475.2001932","wall_type":"back","a":0.0077902637,"b":-0.9999696016,"c":0.0002574823,"d":-2.9274060726,"shortest_distance":3.2907115266,"num_points":377,"plane_center_x":-0.0067550344,"plane_center_y":-2.9272282124,"plane_center_z":1.2408006191,"color_id":4}}