{"0":{"ros_timestamp":"1695745475.3512301","wall_type":"floor","a":-0.0017164593,"b":0.0000670586,"c":0.9999985099,"d":-0.0016939457,"shortest_distance":0.9988940795,"num_points":1141,"plane_center_x":0.0939517245,"plane_center_y":-0.5399303436,"plane_center_z":0.0018914198,"color_id":0},"1":{"ros_timestamp":"1695745475.3512301","wall_type":"left","a":0.999976635,"b":0.0064859022,"c":0.002148357,"d":1.3240609169,"shortest_distance":0.98481156,"num_points":1188,"plane_center_x":-1.3260891438,"plane_center_y":-0.0388183631,"plane_center_z":1.0468661785,"color_id":1},"2":{"ros_timestamp":"1695745475.3512301","wall_type":"right","a":0.9999805689,"b":0.0062228334,"c":-0.0000736965,"d":-1.3257256746,"shortest_distance":1.6672930097,"num_points":745,"plane_center_x":1.3285319805,"plane_center_y":-0.4334733486,"plane_center_z":1.1251152754,"color_id":2},"3":{"ros_timestamp":"1695745475.3512301","wall_type":"front","a":0.004965377,"b":-0.9999876618,"c":0.0000241257,"d":2.9277644157,"shortest_distance":2.5668903352,"num_points":371,"plane_center_x":0.0072266106,"plane_center_y":2.9278669357,"plane_center_z":1.2616326809,"color_id":3},"4":{"ros_timestamp":"1695745475.3512301","wall_type":"back","a":0.0077818055,"b":-0.9999697208,"c":0.0002606994,"d":-2.9274122715,"shortest_distance":3.2890113623,"num_points":377,"plane_center_x":-0.0060121804,"plane_center_y":-2.9272241592,"plane_center_z":1.2407984734,"color_id":4}}