{"0":{"ros_timestamp":"1695745476.1826637","wall_type":"floor","a":-0.0007026828,"b":0.0000687115,"c":0.9999997616,"d":-0.0023169294,"shortest_distance":0.9979289669,"num_points":1194,"plane_center_x":0.0335353725,"plane_center_y":-0.524033308,"plane_center_z":0.0023765017,"color_id":0},"1":{"ros_timestamp":"1695745476.1826637","wall_type":"left","a":0.9999773502,"b":0.006707374,"c":0.0003475197,"d":1.3266150951,"shortest_distance":0.9784831977,"num_points":1136,"plane_center_x":-1.3267914057,"plane_center_y":-0.0348937437,"plane_center_z":1.0942289829,"color_id":1},"2":{"ros_timestamp":"1695745476.1826637","wall_type":"right","a":0.9999762774,"b":0.0068829092,"c":-0.0000489542,"d":-1.327521801,"shortest_distance":1.6759881035,"num_points":745,"plane_center_x":1.3305790424,"plane_center_y":-0.431588769,"plane_center_z":1.1250983477,"color_id":2},"3":{"ros_timestamp":"1695745476.1826637","wall_type":"front","a":0.004965377,"b":-0.9999876618,"c":0.0000241257,"d":2.9277644157,"shortest_distance":2.5738010094,"num_points":371,"plane_center_x":0.0072266106,"plane_center_y":2.9278669357,"plane_center_z":1.2616326809,"color_id":3},"4":{"ros_timestamp":"1695745476.1826637","wall_type":"back","a":0.0076546813,"b":-0.9999706745,"c":0.0002531606,"d":-2.9274611473,"shortest_distance":3.2821330966,"num_points":378,"plane_center_x":-0.0036097758,"plane_center_y":-2.9272613525,"plane_center_z":1.2378405333,"color_id":4}}