{"0":{"ros_timestamp":"1695745476.3846","wall_type":"floor","a":-0.0007213041,"b":0.0000702633,"c":0.9999998212,"d":-0.0023220351,"shortest_distance":0.9979320715,"num_points":1194,"plane_center_x":0.033779677,"plane_center_y":-0.5239751935,"plane_center_z":0.0023832174,"color_id":0},"1":{"ros_timestamp":"1695745476.3846","wall_type":"left","a":0.9999773502,"b":0.006707374,"c":0.0003475197,"d":1.3266150951,"shortest_distance":0.9767145854,"num_points":1136,"plane_center_x":-1.3267914057,"plane_center_y":-0.0348937437,"plane_center_z":1.0942289829,"color_id":1},"2":{"ros_timestamp":"1695745476.3846","wall_type":"right","a":0.9999800324,"b":0.0063235816,"c":-0.000106012,"d":-1.3258969784,"shortest_distance":1.676386509,"num_points":745,"plane_center_x":1.3287653923,"plane_center_y":-0.4305408597,"plane_center_z":1.1250727177,"color_id":2},"3":{"ros_timestamp":"1695745476.3846","wall_type":"front","a":0.004965377,"b":-0.9999876618,"c":0.0000241257,"d":2.9277644157,"shortest_distance":2.5755509107,"num_points":371,"plane_center_x":0.0072266106,"plane_center_y":2.9278669357,"plane_center_z":1.2616326809,"color_id":3},"4":{"ros_timestamp":"1695745476.3846","wall_type":"back","a":0.0074596335,"b":-0.9999721646,"c":0.0002749743,"d":-2.9275782108,"shortest_distance":3.2804148757,"num_points":378,"plane_center_x":-0.0028469802,"plane_center_y":-2.9273405075,"plane_center_z":1.23785007,"color_id":4}}