{"0":{"ros_timestamp":"1695745477.3153636","wall_type":"floor","a":-0.0006677784,"b":0.000067279,"c":0.9999997616,"d":-0.0023040094,"shortest_distance":0.9979353916,"num_points":1196,"plane_center_x":0.0346611999,"plane_center_y":-0.5281260014,"plane_center_z":0.0023626876,"color_id":0},"1":{"ros_timestamp":"1695745477.3153636","wall_type":"left","a":0.9999773502,"b":0.006707374,"c":0.0003475197,"d":1.3266150951,"shortest_distance":0.9680037432,"num_points":1136,"plane_center_x":-1.3267914057,"plane_center_y":-0.0348937437,"plane_center_z":1.0942289829,"color_id":1},"2":{"ros_timestamp":"1695745477.3153636","wall_type":"right","a":0.9999809265,"b":0.0061845141,"c":-0.0000910614,"d":-1.3256254196,"shortest_distance":1.6848552248,"num_points":749,"plane_center_x":1.3284260035,"plane_center_y":-0.4321814775,"plane_center_z":1.1244208813,"color_id":2},"3":{"ros_timestamp":"1695745477.3153636","wall_type":"front","a":0.004965377,"b":-0.9999876618,"c":0.0000241257,"d":2.9277644157,"shortest_distance":2.5844316232,"num_points":371,"plane_center_x":0.0072266106,"plane_center_y":2.9278669357,"plane_center_z":1.2616326809,"color_id":3},"4":{"ros_timestamp":"1695745477.3153636","wall_type":"back","a":0.0068525001,"b":-0.9999764562,"c":0.0002134288,"d":-2.9277405739,"shortest_distance":3.2715621445,"num_points":383,"plane_center_x":0.0044932216,"plane_center_y":-2.9275166988,"plane_center_z":1.2274929285,"color_id":4}}