{"0":{"ros_timestamp":"1695745477.495825","wall_type":"floor","a":-0.0006771035,"b":0.0000684829,"c":0.9999997616,"d":-0.0023079801,"shortest_distance":0.9979351946,"num_points":1196,"plane_center_x":0.0346299671,"plane_center_y":-0.5281027555,"plane_center_z":0.0023675947,"color_id":0},"1":{"ros_timestamp":"1695745477.495825","wall_type":"left","a":0.9999773502,"b":0.006707374,"c":0.0003475197,"d":1.3266150951,"shortest_distance":0.9680037432,"num_points":1136,"plane_center_x":-1.3267914057,"plane_center_y":-0.0348937437,"plane_center_z":1.0942289829,"color_id":1},"2":{"ros_timestamp":"1695745477.495825","wall_type":"right","a":0.9999819398,"b":0.0060140458,"c":-0.0001162393,"d":-1.3251241446,"shortest_distance":1.6844377598,"num_points":749,"plane_center_x":1.3278781176,"plane_center_y":-0.4322101176,"plane_center_z":1.1244180202,"color_id":2},"3":{"ros_timestamp":"1695745477.495825","wall_type":"front","a":0.004965377,"b":-0.9999876618,"c":0.0000241257,"d":2.9277644157,"shortest_distance":2.5844316232,"num_points":371,"plane_center_x":0.0072266106,"plane_center_y":2.9278669357,"plane_center_z":1.2616326809,"color_id":3},"4":{"ros_timestamp":"1695745477.495825","wall_type":"back","a":0.0067113703,"b":-0.9999774098,"c":0.0002162239,"d":-2.9278044701,"shortest_distance":3.2715725965,"num_points":383,"plane_center_x":0.0045412146,"plane_center_y":-2.9275746346,"plane_center_z":1.227494359,"color_id":4}}