{"0":{"ros_timestamp":"1695745477.5937006","wall_type":"floor","a":-0.0006806947,"b":0.0000686907,"c":0.9999997616,"d":-0.0023083431,"shortest_distance":0.9979372326,"num_points":1196,"plane_center_x":0.034775991,"plane_center_y":-0.5281019211,"plane_center_z":0.0023682911,"color_id":0},"1":{"ros_timestamp":"1695745477.5937006","wall_type":"left","a":0.9999773502,"b":0.006707374,"c":0.0003475197,"d":1.3266150951,"shortest_distance":0.9662883235,"num_points":1136,"plane_center_x":-1.3267914057,"plane_center_y":-0.0348937437,"plane_center_z":1.0942289829,"color_id":1},"2":{"ros_timestamp":"1695745477.5937006","wall_type":"right","a":0.9999787211,"b":0.0065265829,"c":-0.0000553246,"d":-1.3266108036,"shortest_distance":1.6874023883,"num_points":749,"plane_center_x":1.3295224905,"plane_center_y":-0.4322552085,"plane_center_z":1.1244214773,"color_id":2},"3":{"ros_timestamp":"1695745477.5937006","wall_type":"front","a":0.004965377,"b":-0.9999876618,"c":0.0000241257,"d":2.9277644157,"shortest_distance":2.5862336961,"num_points":371,"plane_center_x":0.0072266106,"plane_center_y":2.9278669357,"plane_center_z":1.2616326809,"color_id":3},"4":{"ros_timestamp":"1695745477.5937006","wall_type":"back","a":0.0070288251,"b":-0.9999752641,"c":0.0002073518,"d":-2.9276564121,"shortest_distance":3.2697487157,"num_points":383,"plane_center_x":0.0053668995,"plane_center_y":-2.9274365902,"plane_center_z":1.2274951935,"color_id":4}}