{"0":{"ros_timestamp":"1695745478.3526244","wall_type":"floor","a":-0.0007415994,"b":0.0000772019,"c":0.999999702,"d":-0.0023404406,"shortest_distance":0.9979345083,"num_points":1196,"plane_center_x":0.0349153392,"plane_center_y":-0.5283996463,"plane_center_z":0.0024071278,"color_id":0},"1":{"ros_timestamp":"1695745478.3526244","wall_type":"left","a":0.9999773502,"b":0.006707374,"c":0.0003475197,"d":1.3266150951,"shortest_distance":0.9595172386,"num_points":1136,"plane_center_x":-1.3267914057,"plane_center_y":-0.0348937437,"plane_center_z":1.0942289829,"color_id":1},"2":{"ros_timestamp":"1695745478.3526244","wall_type":"right","a":0.9999808073,"b":0.0061967024,"c":-0.0001099173,"d":-1.3256210089,"shortest_distance":1.6933474005,"num_points":763,"plane_center_x":1.3284071684,"plane_center_y":-0.4255901873,"plane_center_z":1.1221015453,"color_id":2},"3":{"ros_timestamp":"1695745478.3526244","wall_type":"front","a":0.004965377,"b":-0.9999876618,"c":0.0000241257,"d":2.9277644157,"shortest_distance":2.5935269227,"num_points":371,"plane_center_x":0.0072266106,"plane_center_y":2.9278669357,"plane_center_z":1.2616326809,"color_id":3},"4":{"ros_timestamp":"1695745478.3526244","wall_type":"back","a":0.006856998,"b":-0.9999763966,"c":0.0002032733,"d":-2.9277150631,"shortest_distance":3.2624692351,"num_points":383,"plane_center_x":0.0079630939,"plane_center_y":-2.9274799824,"plane_center_z":1.2275474072,"color_id":4}}