{"0":{"ros_timestamp":"1695745478.5078561","wall_type":"floor","a":-0.0008034558,"b":0.0000809116,"c":0.999999702,"d":-0.0023698255,"shortest_distance":0.997929176,"num_points":1196,"plane_center_x":0.0349092595,"plane_center_y":-0.5284938812,"plane_center_z":0.0023919377,"color_id":0},"1":{"ros_timestamp":"1695745478.5078561","wall_type":"left","a":0.9999773502,"b":0.006707374,"c":0.0003475197,"d":1.3266150951,"shortest_distance":0.9595172386,"num_points":1136,"plane_center_x":-1.3267914057,"plane_center_y":-0.0348937437,"plane_center_z":1.0942289829,"color_id":1},"2":{"ros_timestamp":"1695745478.5078561","wall_type":"right","a":0.9999778867,"b":0.0066510881,"c":-0.0000885087,"d":-1.326810956,"shortest_distance":1.6943638147,"num_points":763,"plane_center_x":1.3297719955,"plane_center_y":-0.4258449674,"plane_center_z":1.1221060753,"color_id":2},"3":{"ros_timestamp":"1695745478.5078561","wall_type":"front","a":0.004965377,"b":-0.9999876618,"c":0.0000241257,"d":2.9277644157,"shortest_distance":2.5935269227,"num_points":371,"plane_center_x":0.0072266106,"plane_center_y":2.9278669357,"plane_center_z":1.2616326809,"color_id":3},"4":{"ros_timestamp":"1695745478.5078561","wall_type":"back","a":0.0068795984,"b":-0.9999763966,"c":0.0001675046,"d":-2.9276516438,"shortest_distance":3.2624494538,"num_points":386,"plane_center_x":0.0118392576,"plane_center_y":-2.9274346828,"plane_center_z":1.2222758532,"color_id":4}}