{"0":{"ros_timestamp":"1695745478.5738533","wall_type":"floor","a":-0.0007919905,"b":0.0000791263,"c":0.999999702,"d":-0.0023648134,"shortest_distance":0.9979293654,"num_points":1196,"plane_center_x":0.0349148847,"plane_center_y":-0.5285365582,"plane_center_z":0.0023854754,"color_id":0},"1":{"ros_timestamp":"1695745478.5738533","wall_type":"left","a":0.9999773502,"b":0.006707374,"c":0.0003475197,"d":1.3266150951,"shortest_distance":0.9595172386,"num_points":1136,"plane_center_x":-1.3267914057,"plane_center_y":-0.0348937437,"plane_center_z":1.0942289829,"color_id":1},"2":{"ros_timestamp":"1695745478.5738533","wall_type":"right","a":0.9999765158,"b":0.0068528494,"c":-0.0000769501,"d":-1.3273323774,"shortest_distance":1.6948061157,"num_points":763,"plane_center_x":1.3303685188,"plane_center_y":-0.4258880317,"plane_center_z":1.1221071482,"color_id":2},"3":{"ros_timestamp":"1695745478.5738533","wall_type":"front","a":0.004965377,"b":-0.9999876618,"c":0.0000241257,"d":2.9277644157,"shortest_distance":2.5935269227,"num_points":371,"plane_center_x":0.0072266106,"plane_center_y":2.9278669357,"plane_center_z":1.2616326809,"color_id":3},"4":{"ros_timestamp":"1695745478.5738533","wall_type":"back","a":0.0068864296,"b":-0.9999762774,"c":0.000156161,"d":-2.9276313782,"shortest_distance":3.2624432588,"num_points":386,"plane_center_x":0.0110621843,"plane_center_y":-2.9274337292,"plane_center_z":1.222266078,"color_id":4}}