{"0":{"ros_timestamp":"1695745478.9635646","wall_type":"floor","a":-0.0006875271,"b":0.0000668518,"c":0.9999997616,"d":-0.0023138383,"shortest_distance":0.9979397442,"num_points":1196,"plane_center_x":0.0349361114,"plane_center_y":-0.5287413001,"plane_center_z":0.0023732055,"color_id":0},"1":{"ros_timestamp":"1695745478.9635646","wall_type":"left","a":0.9999773502,"b":0.006707374,"c":0.0003475197,"d":1.3266150951,"shortest_distance":0.9561866442,"num_points":1136,"plane_center_x":-1.3267914057,"plane_center_y":-0.0348937437,"plane_center_z":1.0942289829,"color_id":1},"2":{"ros_timestamp":"1695745478.9635646","wall_type":"right","a":0.9999818206,"b":0.0060328078,"c":-0.000128314,"d":-1.3251429796,"shortest_distance":1.696270707,"num_points":764,"plane_center_x":1.3278851509,"plane_center_y":-0.4266436398,"plane_center_z":1.1231286526,"color_id":2},"3":{"ros_timestamp":"1695745478.9635646","wall_type":"front","a":0.004965377,"b":-0.9999876618,"c":0.0000241257,"d":2.9277644157,"shortest_distance":2.5972238579,"num_points":371,"plane_center_x":0.0072266106,"plane_center_y":2.9278669357,"plane_center_z":1.2616326809,"color_id":3},"4":{"ros_timestamp":"1695745478.9635646","wall_type":"back","a":0.006259202,"b":-0.9999804497,"c":0.0001396762,"d":-2.9278388023,"shortest_distance":3.2587438936,"num_points":387,"plane_center_x":0.0131154703,"plane_center_y":-2.9276435375,"plane_center_z":1.2201544046,"color_id":4}}