{"0":{"ros_timestamp":"1695745479.0437522","wall_type":"floor","a":-0.0006705197,"b":0.0000663565,"c":0.9999997616,"d":-0.0023055612,"shortest_distance":0.9979425014,"num_points":1196,"plane_center_x":0.0350713134,"plane_center_y":-0.5287553668,"plane_center_z":0.002364164,"color_id":0},"1":{"ros_timestamp":"1695745479.0437522","wall_type":"left","a":0.9999773502,"b":0.006707374,"c":0.0003475197,"d":1.3266150951,"shortest_distance":0.9545352303,"num_points":1136,"plane_center_x":-1.3267914057,"plane_center_y":-0.0348937437,"plane_center_z":1.0942289829,"color_id":1},"2":{"ros_timestamp":"1695745479.0437522","wall_type":"right","a":0.9999811649,"b":0.0061354479,"c":-0.0000920815,"d":-1.3255101442,"shortest_distance":1.6982180666,"num_points":764,"plane_center_x":1.3282593489,"plane_center_y":-0.4271341264,"plane_center_z":1.1231385469,"color_id":2},"3":{"ros_timestamp":"1695745479.0437522","wall_type":"front","a":0.004965377,"b":-0.9999876618,"c":0.0000241257,"d":2.9277644157,"shortest_distance":2.5990847449,"num_points":371,"plane_center_x":0.0072266106,"plane_center_y":2.9278669357,"plane_center_z":1.2616326809,"color_id":3},"4":{"ros_timestamp":"1695745479.0437522","wall_type":"back","a":0.0063041868,"b":-0.9999801517,"c":0.0001489994,"d":-2.9278326035,"shortest_distance":3.25688642,"num_points":387,"plane_center_x":0.0136388754,"plane_center_y":-2.9276230335,"plane_center_z":1.2201420069,"color_id":4}}