{"0":{"ros_timestamp":"1695745479.1547337","wall_type":"floor","a":-0.0006694708,"b":0.0000662549,"c":0.9999997616,"d":-0.0023040315,"shortest_distance":0.9979436057,"num_points":1196,"plane_center_x":0.0351212658,"plane_center_y":-0.5286883116,"plane_center_z":0.0023625728,"color_id":0},"1":{"ros_timestamp":"1695745479.1547337","wall_type":"left","a":0.9999773502,"b":0.006707374,"c":0.0003475197,"d":1.3266150951,"shortest_distance":0.9545352303,"num_points":1136,"plane_center_x":-1.3267914057,"plane_center_y":-0.0348937437,"plane_center_z":1.0942289829,"color_id":1},"2":{"ros_timestamp":"1695745479.1547337","wall_type":"right","a":0.9999779463,"b":0.0066431947,"c":-0.000088093,"d":-1.3267794847,"shortest_distance":1.6993162142,"num_points":764,"plane_center_x":1.3297461271,"plane_center_y":-0.4272515774,"plane_center_z":1.1231404543,"color_id":2},"3":{"ros_timestamp":"1695745479.1547337","wall_type":"front","a":0.004965377,"b":-0.9999876618,"c":0.0000241257,"d":2.9277644157,"shortest_distance":2.5990847449,"num_points":371,"plane_center_x":0.0072266106,"plane_center_y":2.9278669357,"plane_center_z":1.2616326809,"color_id":3},"4":{"ros_timestamp":"1695745479.1547337","wall_type":"back","a":0.0065497165,"b":-0.9999785423,"c":0.0001765182,"d":-2.927778244,"shortest_distance":3.2568960861,"num_points":387,"plane_center_x":0.0141648445,"plane_center_y":-2.9275329113,"plane_center_z":1.2201468945,"color_id":4}}