{"0":{"ros_timestamp":"1695745330.2830925","wall_type":"floor","a":0.0004120596,"b":-0.0009953908,"c":0.999999404,"d":-0.0000640559,"shortest_distance":1.0004463579,"num_points":419,"plane_center_x":0.0725146681,"plane_center_y":2.216006279,"plane_center_z":0.0022399693,"color_id":0},"1":{"ros_timestamp":"1695745330.2830925","wall_type":"left","a":0.9999797344,"b":0.0063694119,"c":0.0001034816,"d":1.3270938396,"shortest_distance":1.5109745527,"num_points":363,"plane_center_x":-1.3376737833,"plane_center_y":1.6387746334,"plane_center_z":1.109254837,"color_id":1},"2":{"ros_timestamp":"1695745330.2830925","wall_type":"right","a":0.9999524355,"b":0.00975239,"c":-0.0001162208,"d":-1.3341622353,"shortest_distance":1.1520650705,"num_points":212,"plane_center_x":1.3116022348,"plane_center_y":2.3334941864,"plane_center_z":1.160545826,"color_id":2}}