{"0":{"ros_timestamp":"1695745479.3618362","wall_type":"floor","a":-0.0007072324,"b":0.00007373,"c":0.9999997616,"d":-0.0023258575,"shortest_distance":0.9979393571,"num_points":1196,"plane_center_x":0.03539408,"plane_center_y":-0.5287786126,"plane_center_z":0.0023898766,"color_id":0},"1":{"ros_timestamp":"1695745479.3618362","wall_type":"left","a":0.9999773502,"b":0.006707374,"c":0.0003475197,"d":1.3266150951,"shortest_distance":0.9528931271,"num_points":1136,"plane_center_x":-1.3267914057,"plane_center_y":-0.0348937437,"plane_center_z":1.0942289829,"color_id":1},"2":{"ros_timestamp":"1695745479.3618362","wall_type":"right","a":0.9999808669,"b":0.0061834673,"c":-0.0000925131,"d":-1.3256053925,"shortest_distance":1.6999390689,"num_points":765,"plane_center_x":1.3283759356,"plane_center_y":-0.4271604419,"plane_center_z":1.1217780113,"color_id":2},"3":{"ros_timestamp":"1695745479.3618362","wall_type":"front","a":0.004965377,"b":-0.9999876618,"c":0.0000241257,"d":2.9277644157,"shortest_distance":2.6009538494,"num_points":371,"plane_center_x":0.0072266106,"plane_center_y":2.9278669357,"plane_center_z":1.2616326809,"color_id":3},"4":{"ros_timestamp":"1695745479.3618362","wall_type":"back","a":0.006306686,"b":-0.9999801517,"c":0.0001447782,"d":-2.927823782,"shortest_distance":3.2550158019,"num_points":387,"plane_center_x":0.0151495086,"plane_center_y":-2.9276096821,"plane_center_z":1.2202198505,"color_id":4}}