{"0":{"ros_timestamp":"1695745479.8194497","wall_type":"floor","a":-0.0018127338,"b":0.0000959596,"c":0.9999983907,"d":-0.0017506988,"shortest_distance":0.9989445127,"num_points":1144,"plane_center_x":0.0968125388,"plane_center_y":-0.547195673,"plane_center_z":0.0019787061,"color_id":0},"1":{"ros_timestamp":"1695745479.8194497","wall_type":"left","a":0.9999770522,"b":0.0064640576,"c":0.0020386146,"d":1.3242161274,"shortest_distance":0.9472374902,"num_points":1188,"plane_center_x":-1.3260891438,"plane_center_y":-0.0388183631,"plane_center_z":1.0468661785,"color_id":1},"2":{"ros_timestamp":"1695745479.8194497","wall_type":"right","a":0.9999808073,"b":0.0061945803,"c":-0.0001025997,"d":-1.3256167173,"shortest_distance":1.7048239687,"num_points":766,"plane_center_x":1.3283942938,"plane_center_y":-0.4256893098,"plane_center_z":1.1225237846,"color_id":2},"3":{"ros_timestamp":"1695745479.8194497","wall_type":"front","a":0.004965377,"b":-0.9999876618,"c":0.0000241257,"d":2.9277644157,"shortest_distance":2.6066100002,"num_points":371,"plane_center_x":0.0072266106,"plane_center_y":2.9278669357,"plane_center_z":1.2616326809,"color_id":3},"4":{"ros_timestamp":"1695745479.8194497","wall_type":"back","a":0.0063519403,"b":-0.9999798536,"c":0.0001527493,"d":-2.9278168678,"shortest_distance":3.249368475,"num_points":387,"plane_center_x":0.0160694905,"plane_center_y":-2.9275872707,"plane_center_z":1.2202380896,"color_id":4}}