{"0":{"ros_timestamp":"1695745479.9707966","wall_type":"floor","a":-0.0008313481,"b":0.0001029585,"c":0.999999702,"d":-0.0022918379,"shortest_distance":0.9980329088,"num_points":1196,"plane_center_x":0.0356790088,"plane_center_y":-0.5288273692,"plane_center_z":0.0024169355,"color_id":0},"1":{"ros_timestamp":"1695745479.9707966","wall_type":"left","a":0.9999773502,"b":0.006707374,"c":0.0003475197,"d":1.3266150951,"shortest_distance":0.9480230908,"num_points":1136,"plane_center_x":-1.3267914057,"plane_center_y":-0.0348937437,"plane_center_z":1.0942289829,"color_id":1},"2":{"ros_timestamp":"1695745479.9707966","wall_type":"right","a":0.9999777675,"b":0.0066613164,"c":-0.0000857814,"d":-1.3268231153,"shortest_distance":1.7058634364,"num_points":767,"plane_center_x":1.3297817707,"plane_center_y":-0.4252675176,"plane_center_z":1.121447444,"color_id":2},"3":{"ros_timestamp":"1695745479.9707966","wall_type":"front","a":0.004965377,"b":-0.9999876618,"c":0.0000241257,"d":2.9277644157,"shortest_distance":2.6066100002,"num_points":371,"plane_center_x":0.0072266106,"plane_center_y":2.9278669357,"plane_center_z":1.2616326809,"color_id":3},"4":{"ros_timestamp":"1695745479.9707966","wall_type":"back","a":0.0065261717,"b":-0.9999787211,"c":0.0001691237,"d":-2.9277768135,"shortest_distance":3.2493781087,"num_points":387,"plane_center_x":0.0164760258,"plane_center_y":-2.9275250435,"plane_center_z":1.2202416658,"color_id":4}}