{"0":{"ros_timestamp":"1695745480.269081","wall_type":"floor","a":-0.0008230292,"b":0.0001121982,"c":0.999999702,"d":-0.002298058,"shortest_distance":0.9980286573,"num_points":1196,"plane_center_x":0.0356890447,"plane_center_y":-0.5287991762,"plane_center_z":0.0024671974,"color_id":0},"1":{"ros_timestamp":"1695745480.269081","wall_type":"left","a":0.9999773502,"b":0.006707374,"c":0.0003475197,"d":1.3266150951,"shortest_distance":0.9448236996,"num_points":1136,"plane_center_x":-1.3267914057,"plane_center_y":-0.0348937437,"plane_center_z":1.0942289829,"color_id":1},"2":{"ros_timestamp":"1695745480.269081","wall_type":"right","a":0.9999807477,"b":0.0061916853,"c":-0.0000944549,"d":-1.3256342411,"shortest_distance":1.7080318116,"num_points":767,"plane_center_x":1.3283935785,"plane_center_y":-0.4244045317,"plane_center_z":1.1214232445,"color_id":2},"3":{"ros_timestamp":"1695745480.269081","wall_type":"front","a":0.004965377,"b":-0.9999876618,"c":0.0000241257,"d":2.9277644157,"shortest_distance":2.6104209931,"num_points":371,"plane_center_x":0.0072266106,"plane_center_y":2.9278669357,"plane_center_z":1.2616326809,"color_id":3},"4":{"ros_timestamp":"1695745480.269081","wall_type":"back","a":0.005843604,"b":-0.9999829531,"c":0.0000562894,"d":-2.9278585911,"shortest_distance":3.2455057699,"num_points":389,"plane_center_x":0.0201082472,"plane_center_y":-2.9277224541,"plane_center_z":1.2171549797,"color_id":4}}