{"0":{"ros_timestamp":"1695745480.5109048","wall_type":"floor","a":-0.0005990128,"b":0.0000035178,"c":0.9999998212,"d":-0.0025783828,"shortest_distance":0.9976290671,"num_points":1196,"plane_center_x":0.0357825719,"plane_center_y":-0.5288214684,"plane_center_z":0.0024522005,"color_id":0},"1":{"ros_timestamp":"1695745480.5109048","wall_type":"left","a":0.9999773502,"b":0.006707374,"c":0.0003475197,"d":1.3266150951,"shortest_distance":0.9432383143,"num_points":1136,"plane_center_x":-1.3267914057,"plane_center_y":-0.0348937437,"plane_center_z":1.0942289829,"color_id":1},"2":{"ros_timestamp":"1695745480.5109048","wall_type":"right","a":0.9999805093,"b":0.0062366612,"c":-0.0001264034,"d":-1.3256540298,"shortest_distance":1.7096536759,"num_points":767,"plane_center_x":1.3284819126,"plane_center_y":-0.4265629649,"plane_center_z":1.1214085817,"color_id":2},"3":{"ros_timestamp":"1695745480.5109048","wall_type":"front","a":0.004965377,"b":-0.9999876618,"c":0.0000241257,"d":2.9277644157,"shortest_distance":2.6123384147,"num_points":371,"plane_center_x":0.0072266106,"plane_center_y":2.9278669357,"plane_center_z":1.2616326809,"color_id":3},"4":{"ros_timestamp":"1695745480.5109048","wall_type":"back","a":0.00569695,"b":-0.9999837875,"c":0.0000315555,"d":-2.9278755188,"shortest_distance":3.2435751185,"num_points":389,"plane_center_x":0.0204026364,"plane_center_y":-2.9277682304,"plane_center_z":1.2171684504,"color_id":4}}