{"0":{"ros_timestamp":"1695745480.6838832","wall_type":"floor","a":-0.0004966434,"b":-0.000014972,"c":0.9999998212,"d":-0.0025306898,"shortest_distance":0.997632326,"num_points":1196,"plane_center_x":0.0357580185,"plane_center_y":-0.5291125178,"plane_center_z":0.002391265,"color_id":0},"1":{"ros_timestamp":"1695745480.6838832","wall_type":"left","a":0.9999773502,"b":0.006707374,"c":0.0003475197,"d":1.3266150951,"shortest_distance":0.941662522,"num_points":1136,"plane_center_x":-1.3267914057,"plane_center_y":-0.0348937437,"plane_center_z":1.0942289829,"color_id":1},"2":{"ros_timestamp":"1695745480.6838832","wall_type":"right","a":0.9999777675,"b":0.0066664089,"c":-0.0000815698,"d":-1.3268378973,"shortest_distance":1.7122325797,"num_points":767,"plane_center_x":1.3297960758,"plane_center_y":-0.4255942404,"plane_center_z":1.1214050055,"color_id":2},"3":{"ros_timestamp":"1695745480.6838832","wall_type":"front","a":0.004965377,"b":-0.9999876618,"c":0.0000241257,"d":2.9277644157,"shortest_distance":2.6142637226,"num_points":371,"plane_center_x":0.0072266106,"plane_center_y":2.9278669357,"plane_center_z":1.2616326809,"color_id":3},"4":{"ros_timestamp":"1695745480.6838832","wall_type":"back","a":0.0058558583,"b":-0.9999828339,"c":0.0000499092,"d":-2.9278483391,"shortest_distance":3.2416668057,"num_points":389,"plane_center_x":0.0213374142,"plane_center_y":-2.9277129173,"plane_center_z":1.2171587944,"color_id":4}}