{"0":{"ros_timestamp":"1695745481.1049254","wall_type":"floor","a":-0.0007816429,"b":0.0000911427,"c":0.999999702,"d":-0.0022555455,"shortest_distance":0.9980528247,"num_points":1196,"plane_center_x":0.0358232111,"plane_center_y":-0.5289564729,"plane_center_z":0.0024134645,"color_id":0},"1":{"ros_timestamp":"1695745481.1049254","wall_type":"left","a":0.9999773502,"b":0.006707374,"c":0.0003475197,"d":1.3266150951,"shortest_distance":0.9385398741,"num_points":1136,"plane_center_x":-1.3267914057,"plane_center_y":-0.0348937437,"plane_center_z":1.0942289829,"color_id":1},"2":{"ros_timestamp":"1695745481.1049254","wall_type":"right","a":0.9999806881,"b":0.0062121465,"c":-0.0001198997,"d":-1.3256229162,"shortest_distance":1.7143193423,"num_points":781,"plane_center_x":1.3283907175,"plane_center_y":-0.4198158979,"plane_center_z":1.119230628,"color_id":2},"3":{"ros_timestamp":"1695745481.1049254","wall_type":"front","a":0.004965377,"b":-0.9999876618,"c":0.0000241257,"d":2.9277644157,"shortest_distance":2.6181378043,"num_points":371,"plane_center_x":0.0072266106,"plane_center_y":2.9278669357,"plane_center_z":1.2616326809,"color_id":3},"4":{"ros_timestamp":"1695745481.1049254","wall_type":"back","a":0.0059491582,"b":-0.9999822974,"c":0.000061107,"d":-2.9278321266,"shortest_distance":3.2378043103,"num_points":389,"plane_center_x":0.021536367,"plane_center_y":-2.9276814461,"plane_center_z":1.2171564102,"color_id":4}}