{"0":{"ros_timestamp":"1695745482.2756927","wall_type":"floor","a":-0.0007455298,"b":0.0000847317,"c":0.9999997616,"d":-0.0023406846,"shortest_distance":0.997957385,"num_points":1195,"plane_center_x":0.0355547592,"plane_center_y":-0.5281578302,"plane_center_z":0.0024514815,"color_id":0},"1":{"ros_timestamp":"1695745482.2756927","wall_type":"left","a":0.9999773502,"b":0.006707374,"c":0.0003475197,"d":1.3266150951,"shortest_distance":0.9294062119,"num_points":1136,"plane_center_x":-1.3267914057,"plane_center_y":-0.0348937437,"plane_center_z":1.0942289829,"color_id":1},"2":{"ros_timestamp":"1695745482.2756927","wall_type":"right","a":0.9999807477,"b":0.0062059723,"c":-0.0001487163,"d":-1.325537324,"shortest_distance":1.7233921957,"num_points":783,"plane_center_x":1.3283442259,"plane_center_y":-0.4213449061,"plane_center_z":1.1188764572,"color_id":2},"3":{"ros_timestamp":"1695745482.2756927","wall_type":"front","a":0.004965377,"b":-0.9999876618,"c":0.0000241257,"d":2.9277644157,"shortest_distance":2.6299442731,"num_points":371,"plane_center_x":0.0072266106,"plane_center_y":2.9278669357,"plane_center_z":1.2616326809,"color_id":3},"4":{"ros_timestamp":"1695745482.2756927","wall_type":"back","a":0.0059491582,"b":-0.9999822974,"c":0.000061107,"d":-2.9278321266,"shortest_distance":3.2260068125,"num_points":389,"plane_center_x":0.021536367,"plane_center_y":-2.9276814461,"plane_center_z":1.2171564102,"color_id":4}}