{"0":{"ros_timestamp":"1695745483.9459643","wall_type":"floor","a":-0.0017116572,"b":0.000078088,"c":0.9999985099,"d":-0.0016766404,"shortest_distance":0.9990249552,"num_points":1140,"plane_center_x":0.0994373709,"plane_center_y":-0.5497228503,"plane_center_z":0.0019333882,"color_id":0},"1":{"ros_timestamp":"1695745483.9459643","wall_type":"left","a":0.9999758601,"b":0.0062675597,"c":0.0030041535,"d":1.3228448629,"shortest_distance":0.9151437884,"num_points":1190,"plane_center_x":-1.3260201216,"plane_center_y":-0.0356368907,"plane_center_z":1.0451145172,"color_id":1},"2":{"ros_timestamp":"1695745483.9459643","wall_type":"right","a":0.9999809265,"b":0.0061801383,"c":-0.0001730167,"d":-1.3254823685,"shortest_distance":1.7363868121,"num_points":799,"plane_center_x":1.3282220364,"plane_center_y":-0.4079397023,"plane_center_z":1.1164028645,"color_id":2},"3":{"ros_timestamp":"1695745483.9459643","wall_type":"front","a":0.004965377,"b":-0.9999876618,"c":0.0000241257,"d":2.9277644157,"shortest_distance":2.6481531645,"num_points":371,"plane_center_x":0.0072266106,"plane_center_y":2.9278669357,"plane_center_z":1.2616326809,"color_id":3},"4":{"ros_timestamp":"1695745483.9459643","wall_type":"back","a":0.0059491582,"b":-0.9999822974,"c":0.000061107,"d":-2.9278321266,"shortest_distance":3.207810715,"num_points":389,"plane_center_x":0.021536367,"plane_center_y":-2.9276814461,"plane_center_z":1.2171564102,"color_id":4}}