{"0":{"ros_timestamp":"1695745484.4243813","wall_type":"floor","a":-0.0017349576,"b":0.0000829715,"c":0.9999985099,"d":-0.0016821111,"shortest_distance":0.9990348468,"num_points":1139,"plane_center_x":0.1007259339,"plane_center_y":-0.5521781445,"plane_center_z":0.0019456934,"color_id":0},"1":{"ros_timestamp":"1695745484.4243813","wall_type":"left","a":0.9999706149,"b":0.0064475355,"c":0.0041442593,"d":1.3212343454,"shortest_distance":0.9119436545,"num_points":1191,"plane_center_x":-1.3259865046,"plane_center_y":-0.0337407328,"plane_center_z":1.0442370176,"color_id":1},"2":{"ros_timestamp":"1695745484.4243813","wall_type":"right","a":0.9999768138,"b":0.0068109874,"c":-0.0002020602,"d":-1.3267825842,"shortest_distance":1.7403226346,"num_points":799,"plane_center_x":1.3298249245,"plane_center_y":-0.4090398252,"plane_center_z":1.1163820028,"color_id":2},"3":{"ros_timestamp":"1695745484.4243813","wall_type":"front","a":0.004965377,"b":-0.9999876618,"c":0.0000241257,"d":2.9277644157,"shortest_distance":2.6522777925,"num_points":371,"plane_center_x":0.0072266106,"plane_center_y":2.9278669357,"plane_center_z":1.2616326809,"color_id":3},"4":{"ros_timestamp":"1695745484.4243813","wall_type":"back","a":0.0059491582,"b":-0.9999822974,"c":0.000061107,"d":-2.9278321266,"shortest_distance":3.2036888197,"num_points":389,"plane_center_x":0.021536367,"plane_center_y":-2.9276814461,"plane_center_z":1.2171564102,"color_id":4}}