{"0":{"ros_timestamp":"1695745330.7824898","wall_type":"floor","a":0.000524467,"b":-0.0017603935,"c":0.9999983311,"d":0.0015204451,"shortest_distance":1.0024018263,"num_points":422,"plane_center_x":0.0710350648,"plane_center_y":2.2177758217,"plane_center_z":0.0023464616,"color_id":0},"1":{"ros_timestamp":"1695745330.7824898","wall_type":"left","a":0.999979198,"b":0.0064415401,"c":0.0000385518,"d":1.3270221949,"shortest_distance":1.5177133447,"num_points":363,"plane_center_x":-1.337641716,"plane_center_y":1.6376392841,"plane_center_z":1.1092621088,"color_id":1},"2":{"ros_timestamp":"1695745330.7824898","wall_type":"right","a":0.9999524355,"b":0.00975239,"c":-0.0001162208,"d":-1.3341622353,"shortest_distance":1.1451472307,"num_points":212,"plane_center_x":1.3116022348,"plane_center_y":2.3334941864,"plane_center_z":1.160545826,"color_id":2},"3":{"ros_timestamp":"1695745330.7824898","wall_type":"front","a":-0.0053247898,"b":-0.9999857545,"c":0.0000070103,"d":2.935049057,"shortest_distance":3.3919406287,"num_points":88,"plane_center_x":0.6840474606,"plane_center_y":2.9314568043,"plane_center_z":1.1999357939,"color_id":3}}