{"0":{"ros_timestamp":"1695745484.7057853","wall_type":"floor","a":-0.0017868762,"b":0.0000927613,"c":0.9999983907,"d":-0.0017011752,"shortest_distance":0.9990443872,"num_points":1140,"plane_center_x":0.0997001082,"plane_center_y":-0.5497116446,"plane_center_z":0.0019737256,"color_id":0},"1":{"ros_timestamp":"1695745484.7057853","wall_type":"left","a":0.9999758601,"b":0.0062675597,"c":0.0030041535,"d":1.3228448629,"shortest_distance":0.9096229159,"num_points":1190,"plane_center_x":-1.3260201216,"plane_center_y":-0.0356368907,"plane_center_z":1.0451145172,"color_id":1},"2":{"ros_timestamp":"1695745484.7057853","wall_type":"right","a":0.9999809861,"b":0.0061676558,"c":-0.0001774364,"d":-1.3254637718,"shortest_distance":1.7418962245,"num_points":799,"plane_center_x":1.328219533,"plane_center_y":-0.4105971456,"plane_center_z":1.1163567305,"color_id":2},"3":{"ros_timestamp":"1695745484.7057853","wall_type":"front","a":0.004965377,"b":-0.9999876618,"c":0.0000241257,"d":2.9277644157,"shortest_distance":2.6564299713,"num_points":371,"plane_center_x":0.0072266106,"plane_center_y":2.9278669357,"plane_center_z":1.2616326809,"color_id":3},"4":{"ros_timestamp":"1695745484.7057853","wall_type":"back","a":0.0059491582,"b":-0.9999822974,"c":0.000061107,"d":-2.9278321266,"shortest_distance":3.1995393329,"num_points":389,"plane_center_x":0.021536367,"plane_center_y":-2.9276814461,"plane_center_z":1.2171564102,"color_id":4}}