{"0":{"ros_timestamp":"1695745484.7905145","wall_type":"floor","a":-0.0017841321,"b":0.00009088,"c":0.9999983907,"d":-0.0017004932,"shortest_distance":0.9990434209,"num_points":1140,"plane_center_x":0.0997773558,"plane_center_y":-0.5497757196,"plane_center_z":0.0019723051,"color_id":0},"1":{"ros_timestamp":"1695745484.7905145","wall_type":"left","a":0.9999758601,"b":0.0062675597,"c":0.0030041535,"d":1.3228448629,"shortest_distance":0.9096229159,"num_points":1190,"plane_center_x":-1.3260201216,"plane_center_y":-0.0356368907,"plane_center_z":1.0451145172,"color_id":1},"2":{"ros_timestamp":"1695745484.7905145","wall_type":"right","a":0.9999768138,"b":0.0068097175,"c":-0.0002052812,"d":-1.3267717361,"shortest_distance":1.7430573918,"num_points":799,"plane_center_x":1.3298211098,"plane_center_y":-0.4096211791,"plane_center_z":1.1163634062,"color_id":2},"3":{"ros_timestamp":"1695745484.7905145","wall_type":"front","a":0.004965377,"b":-0.9999876618,"c":0.0000241257,"d":2.9277644157,"shortest_distance":2.6564299713,"num_points":371,"plane_center_x":0.0072266106,"plane_center_y":2.9278669357,"plane_center_z":1.2616326809,"color_id":3},"4":{"ros_timestamp":"1695745484.7905145","wall_type":"back","a":0.0059491582,"b":-0.9999822974,"c":0.000061107,"d":-2.9278321266,"shortest_distance":3.1995393329,"num_points":389,"plane_center_x":0.021536367,"plane_center_y":-2.9276814461,"plane_center_z":1.2171564102,"color_id":4}}