{"0":{"ros_timestamp":"1695745485.2851093","wall_type":"floor","a":-0.0017565347,"b":0.0000912017,"c":0.9999983907,"d":-0.0016871574,"shortest_distance":0.9990517963,"num_points":1138,"plane_center_x":0.1023244262,"plane_center_y":-0.5544707775,"plane_center_z":0.0020011172,"color_id":0},"1":{"ros_timestamp":"1695745485.2851093","wall_type":"left","a":0.9999701381,"b":0.0062458008,"c":0.0045487285,"d":1.3206562996,"shortest_distance":0.9049440871,"num_points":1192,"plane_center_x":-1.3259499073,"plane_center_y":-0.0321161374,"plane_center_z":1.0433609486,"color_id":1},"2":{"ros_timestamp":"1695745485.2851093","wall_type":"right","a":0.9999827743,"b":0.005870013,"c":-0.0001801079,"d":-1.3248739243,"shortest_distance":1.7454189923,"num_points":799,"plane_center_x":1.3275145292,"plane_center_y":-0.4116787612,"plane_center_z":1.1163188219,"color_id":2},"3":{"ros_timestamp":"1695745485.2851093","wall_type":"front","a":0.004965377,"b":-0.9999876618,"c":0.0000241257,"d":2.9277644157,"shortest_distance":2.6627089885,"num_points":371,"plane_center_x":0.0072266106,"plane_center_y":2.9278669357,"plane_center_z":1.2616326809,"color_id":3},"4":{"ros_timestamp":"1695745485.2851093","wall_type":"back","a":0.0059491582,"b":-0.9999822974,"c":0.000061107,"d":-2.9278321266,"shortest_distance":3.193264277,"num_points":389,"plane_center_x":0.021536367,"plane_center_y":-2.9276814461,"plane_center_z":1.2171564102,"color_id":4}}