{"0":{"ros_timestamp":"1695745330.8863306","wall_type":"floor","a":0.0005718128,"b":-0.0016907305,"c":0.9999984503,"d":0.0013354332,"shortest_distance":1.0021941748,"num_points":423,"plane_center_x":0.071938701,"plane_center_y":2.2191667557,"plane_center_z":0.0023754477,"color_id":0},"1":{"ros_timestamp":"1695745330.8863306","wall_type":"left","a":0.9999757409,"b":0.0069616428,"c":0.000008188,"d":1.3242236376,"shortest_distance":1.5146455464,"num_points":363,"plane_center_x":-1.3356730938,"plane_center_y":1.6386848688,"plane_center_z":1.1092711687,"color_id":1},"2":{"ros_timestamp":"1695745330.8863306","wall_type":"right","a":0.9999524355,"b":0.00975239,"c":-0.0001162208,"d":-1.3341622353,"shortest_distance":1.1451472307,"num_points":212,"plane_center_x":1.3116022348,"plane_center_y":2.3334941864,"plane_center_z":1.160545826,"color_id":2},"3":{"ros_timestamp":"1695745330.8863306","wall_type":"front","a":-0.0003384374,"b":-1.0,"c":0.0000124466,"d":2.9311957359,"shortest_distance":3.3890642288,"num_points":88,"plane_center_x":0.6823837757,"plane_center_y":2.9309797287,"plane_center_z":1.1999390125,"color_id":3}}