{"0":{"ros_timestamp":"1695745486.2559342","wall_type":"floor","a":-0.000676977,"b":0.0000694342,"c":0.9999998212,"d":-0.0022988874,"shortest_distance":0.9979837977,"num_points":1193,"plane_center_x":0.0352873169,"plane_center_y":-0.5268198252,"plane_center_z":0.0023593558,"color_id":0},"1":{"ros_timestamp":"1695745486.2559342","wall_type":"left","a":0.9999773502,"b":0.006707374,"c":0.0003475197,"d":1.3266150951,"shortest_distance":0.9003068816,"num_points":1136,"plane_center_x":-1.3267914057,"plane_center_y":-0.0348937437,"plane_center_z":1.0942289829,"color_id":1},"2":{"ros_timestamp":"1695745486.2559342","wall_type":"right","a":0.9999753833,"b":0.0070114881,"c":-0.0002508496,"d":-1.3270334005,"shortest_distance":1.7538624734,"num_points":801,"plane_center_x":1.3302297592,"plane_center_y":-0.4112711847,"plane_center_z":1.1156579256,"color_id":2},"3":{"ros_timestamp":"1695745486.2559342","wall_type":"front","a":0.004965377,"b":-0.9999876618,"c":0.0000241257,"d":2.9277644157,"shortest_distance":2.6733058505,"num_points":371,"plane_center_x":0.0072266106,"plane_center_y":2.9278669357,"plane_center_z":1.2616326809,"color_id":3},"4":{"ros_timestamp":"1695745486.2559342","wall_type":"back","a":0.0059491582,"b":-0.9999822974,"c":0.000061107,"d":-2.9278321266,"shortest_distance":3.1826738097,"num_points":389,"plane_center_x":0.021536367,"plane_center_y":-2.9276814461,"plane_center_z":1.2171564102,"color_id":4}}