{"0":{"ros_timestamp":"1695745486.3322399","wall_type":"floor","a":-0.0017593524,"b":0.0000887094,"c":0.9999985099,"d":-0.001691356,"shortest_distance":0.999060538,"num_points":1139,"plane_center_x":0.0990541056,"plane_center_y":-0.5493240356,"plane_center_z":0.0019143601,"color_id":0},"1":{"ros_timestamp":"1695745486.3322399","wall_type":"left","a":0.9999758601,"b":0.0062675597,"c":0.0030041535,"d":1.3228448629,"shortest_distance":0.8978129194,"num_points":1190,"plane_center_x":-1.3260201216,"plane_center_y":-0.0356368907,"plane_center_z":1.0451145172,"color_id":1},"2":{"ros_timestamp":"1695745486.3322399","wall_type":"right","a":0.9999805093,"b":0.0062265894,"c":-0.0002344562,"d":-1.3255201578,"shortest_distance":1.753803004,"num_points":801,"plane_center_x":1.3283703327,"plane_center_y":-0.4115788341,"plane_center_z":1.1156429052,"color_id":2},"3":{"ros_timestamp":"1695745486.3322399","wall_type":"front","a":0.004965377,"b":-0.9999876618,"c":0.0000241257,"d":2.9277644157,"shortest_distance":2.6754445219,"num_points":371,"plane_center_x":0.0072266106,"plane_center_y":2.9278669357,"plane_center_z":1.2616326809,"color_id":3},"4":{"ros_timestamp":"1695745486.3322399","wall_type":"back","a":0.0059491582,"b":-0.9999822974,"c":0.000061107,"d":-2.9278321266,"shortest_distance":3.180536386,"num_points":389,"plane_center_x":0.021536367,"plane_center_y":-2.9276814461,"plane_center_z":1.2171564102,"color_id":4}}