{"0":{"ros_timestamp":"1695745487.0282624","wall_type":"floor","a":-0.001707515,"b":0.0000787617,"c":0.9999985099,"d":-0.0016953698,"shortest_distance":0.9990376717,"num_points":1141,"plane_center_x":0.0969194323,"plane_center_y":-0.5450648069,"plane_center_z":0.0019037942,"color_id":0},"1":{"ros_timestamp":"1695745487.0282624","wall_type":"left","a":0.999976635,"b":0.0064859022,"c":0.002148357,"d":1.3240609169,"shortest_distance":0.8944809025,"num_points":1188,"plane_center_x":-1.3260891438,"plane_center_y":-0.0388183631,"plane_center_z":1.0468661785,"color_id":1},"2":{"ros_timestamp":"1695745487.0282624","wall_type":"right","a":0.9999752641,"b":0.0070230705,"c":-0.0002887091,"d":-1.3268499374,"shortest_distance":1.7587355113,"num_points":815,"plane_center_x":1.3300157785,"plane_center_y":-0.4003081024,"plane_center_z":1.1136327982,"color_id":2},"3":{"ros_timestamp":"1695745487.0282624","wall_type":"front","a":0.004965377,"b":-0.9999876618,"c":0.0000241257,"d":2.9277644157,"shortest_distance":2.6818981727,"num_points":371,"plane_center_x":0.0072266106,"plane_center_y":2.9278669357,"plane_center_z":1.2616326809,"color_id":3},"4":{"ros_timestamp":"1695745487.0282624","wall_type":"back","a":0.0059491582,"b":-0.9999822974,"c":0.000061107,"d":-2.9278321266,"shortest_distance":3.1740864145,"num_points":389,"plane_center_x":0.021536367,"plane_center_y":-2.9276814461,"plane_center_z":1.2171564102,"color_id":4}}