{"0":{"ros_timestamp":"1695745487.5595412","wall_type":"floor","a":-0.0007920966,"b":0.0001014365,"c":0.999999702,"d":-0.0022555809,"shortest_distance":0.9980896562,"num_points":1193,"plane_center_x":0.0355715267,"plane_center_y":-0.5267136693,"plane_center_z":0.0023782603,"color_id":0},"1":{"ros_timestamp":"1695745487.5595412","wall_type":"left","a":0.9999773502,"b":0.006707374,"c":0.0003475197,"d":1.3266150951,"shortest_distance":0.8916370835,"num_points":1136,"plane_center_x":-1.3267914057,"plane_center_y":-0.0348937437,"plane_center_z":1.0942289829,"color_id":1},"2":{"ros_timestamp":"1695745487.5595412","wall_type":"right","a":0.9999808669,"b":0.0061825807,"c":-0.0002157594,"d":-1.3254361153,"shortest_distance":1.7611034975,"num_points":817,"plane_center_x":1.3281879425,"plane_center_y":-0.4021335542,"plane_center_z":1.1134082079,"color_id":2},"3":{"ros_timestamp":"1695745487.5595412","wall_type":"front","a":0.004965377,"b":-0.9999876618,"c":0.0000241257,"d":2.9277644157,"shortest_distance":2.6884071479,"num_points":371,"plane_center_x":0.0072266106,"plane_center_y":2.9278669357,"plane_center_z":1.2616326809,"color_id":3},"4":{"ros_timestamp":"1695745487.5595412","wall_type":"back","a":0.0059491582,"b":-0.9999822974,"c":0.000061107,"d":-2.9278321266,"shortest_distance":3.1675810231,"num_points":389,"plane_center_x":0.021536367,"plane_center_y":-2.9276814461,"plane_center_z":1.2171564102,"color_id":4}}