{"0":{"ros_timestamp":"1695745488.4693332","wall_type":"floor","a":-0.0016064744,"b":0.0000631757,"c":0.9999987483,"d":-0.0016428775,"shortest_distance":0.9990550591,"num_points":1139,"plane_center_x":0.0996985361,"plane_center_y":-0.5493345261,"plane_center_z":0.0019218555,"color_id":0},"1":{"ros_timestamp":"1695745488.4693332","wall_type":"left","a":0.9999762177,"b":0.0063283374,"c":0.0027471476,"d":1.3232097626,"shortest_distance":0.8858297191,"num_points":1190,"plane_center_x":-1.3260201216,"plane_center_y":-0.0356368907,"plane_center_z":1.0451145172,"color_id":1},"2":{"ros_timestamp":"1695745488.4693332","wall_type":"right","a":0.9999805689,"b":0.0062383097,"c":-0.0001791745,"d":-1.3255406618,"shortest_distance":1.7658693516,"num_points":818,"plane_center_x":1.3282573223,"plane_center_y":-0.3993529379,"plane_center_z":1.1139987707,"color_id":2},"3":{"ros_timestamp":"1695745488.4693332","wall_type":"front","a":0.004965377,"b":-0.9999876618,"c":0.0000241257,"d":2.9277644157,"shortest_distance":2.6971693085,"num_points":371,"plane_center_x":0.0072266106,"plane_center_y":2.9278669357,"plane_center_z":1.2616326809,"color_id":3},"4":{"ros_timestamp":"1695745488.4693332","wall_type":"back","a":0.0059491582,"b":-0.9999822974,"c":0.000061107,"d":-2.9278321266,"shortest_distance":3.1588234908,"num_points":389,"plane_center_x":0.021536367,"plane_center_y":-2.9276814461,"plane_center_z":1.2171564102,"color_id":4}}