{"0":{"ros_timestamp":"1695745331.1629307","wall_type":"floor","a":0.0005249743,"b":-0.0016250783,"c":0.9999985099,"d":0.0012103894,"shortest_distance":1.0020297522,"num_points":425,"plane_center_x":0.0693058968,"plane_center_y":2.2184684277,"plane_center_z":0.0023584152,"color_id":0},"1":{"ros_timestamp":"1695745331.1629307","wall_type":"left","a":0.9999778271,"b":0.0066571394,"c":0.0000448279,"d":1.3271895647,"shortest_distance":1.5200815455,"num_points":363,"plane_center_x":-1.3381621838,"plane_center_y":1.6363215446,"plane_center_z":1.1093336344,"color_id":1},"2":{"ros_timestamp":"1695745331.1629307","wall_type":"right","a":0.9999524355,"b":0.00975239,"c":-0.0001162208,"d":-1.3341622353,"shortest_distance":1.1428506639,"num_points":212,"plane_center_x":1.3116022348,"plane_center_y":2.3334941864,"plane_center_z":1.160545826,"color_id":2},"3":{"ros_timestamp":"1695745331.1629307","wall_type":"front","a":-0.0046272245,"b":-0.9999893308,"c":0.0000088448,"d":2.9344103336,"shortest_distance":3.3904557495,"num_points":88,"plane_center_x":0.6765066981,"plane_center_y":2.9313218594,"plane_center_z":1.1999095678,"color_id":3}}