{"0":{"ros_timestamp":"1695745489.3548036","wall_type":"floor","a":-0.0016172786,"b":0.000062264,"c":0.9999986291,"d":-0.0016680078,"shortest_distance":0.9990427939,"num_points":1140,"plane_center_x":0.0964724794,"plane_center_y":-0.5443195105,"plane_center_z":0.001898358,"color_id":0},"1":{"ros_timestamp":"1695745489.3548036","wall_type":"left","a":0.9999763966,"b":0.0063935341,"c":0.0025016484,"d":1.323558569,"shortest_distance":0.8803048376,"num_points":1188,"plane_center_x":-1.3260891438,"plane_center_y":-0.0388183631,"plane_center_z":1.0468661785,"color_id":1},"2":{"ros_timestamp":"1695745489.3548036","wall_type":"right","a":0.9999802709,"b":0.0062793819,"c":-0.0002480004,"d":-1.3255177736,"shortest_distance":1.7715476268,"num_points":820,"plane_center_x":1.3283218145,"plane_center_y":-0.398458451,"plane_center_z":1.1116331816,"color_id":2},"3":{"ros_timestamp":"1695745489.3548036","wall_type":"front","a":0.004965377,"b":-0.9999876618,"c":0.0000241257,"d":2.9277644157,"shortest_distance":2.708251314,"num_points":371,"plane_center_x":0.0072266106,"plane_center_y":2.9278669357,"plane_center_z":1.2616326809,"color_id":3},"4":{"ros_timestamp":"1695745489.3548036","wall_type":"back","a":0.0059491582,"b":-0.9999822974,"c":0.000061107,"d":-2.9278321266,"shortest_distance":3.1477470267,"num_points":389,"plane_center_x":0.021536367,"plane_center_y":-2.9276814461,"plane_center_z":1.2171564102,"color_id":4}}