{"0":{"ros_timestamp":"1695745489.54505","wall_type":"floor","a":-0.0016857201,"b":0.0000828876,"c":0.9999985099,"d":-0.0016650535,"shortest_distance":0.9990823563,"num_points":1138,"plane_center_x":0.0988053754,"plane_center_y":-0.5486636162,"plane_center_z":0.0018770919,"color_id":0},"1":{"ros_timestamp":"1695745489.54505","wall_type":"left","a":0.9999758601,"b":0.0062675597,"c":0.0030041535,"d":1.3228448629,"shortest_distance":0.8789714361,"num_points":1190,"plane_center_x":-1.3260201216,"plane_center_y":-0.0356368907,"plane_center_z":1.0451145172,"color_id":1},"2":{"ros_timestamp":"1695745489.54505","wall_type":"right","a":0.9999802709,"b":0.0062772562,"c":-0.0002503649,"d":-1.3255085945,"shortest_distance":1.7726363312,"num_points":820,"plane_center_x":1.3283112049,"plane_center_y":-0.3979552388,"plane_center_z":1.1116124392,"color_id":2},"3":{"ros_timestamp":"1695745489.54505","wall_type":"front","a":0.004965377,"b":-0.9999876618,"c":0.0000241257,"d":2.9277644157,"shortest_distance":2.7104844027,"num_points":371,"plane_center_x":0.0072266106,"plane_center_y":2.9278669357,"plane_center_z":1.2616326809,"color_id":3},"4":{"ros_timestamp":"1695745489.54505","wall_type":"back","a":0.0059491582,"b":-0.9999822974,"c":0.000061107,"d":-2.9278321266,"shortest_distance":3.1455150135,"num_points":389,"plane_center_x":0.021536367,"plane_center_y":-2.9276814461,"plane_center_z":1.2171564102,"color_id":4}}