{"0":{"ros_timestamp":"1695745489.6653364","wall_type":"floor","a":-0.000253999,"b":0.0000715425,"c":0.9999999404,"d":-0.0010577788,"shortest_distance":0.9990469421,"num_points":1094,"plane_center_x":0.0451059677,"plane_center_y":-0.5428737402,"plane_center_z":0.0011080743,"color_id":0},"1":{"ros_timestamp":"1695745489.6653364","wall_type":"left","a":0.999976635,"b":0.0064859022,"c":0.002148357,"d":1.3240609169,"shortest_distance":0.8782940348,"num_points":1188,"plane_center_x":-1.3260891438,"plane_center_y":-0.0388183631,"plane_center_z":1.0468661785,"color_id":1},"2":{"ros_timestamp":"1695745489.6653364","wall_type":"right","a":0.9999752045,"b":0.0067731636,"c":-0.0019133942,"d":-1.3243913651,"shortest_distance":1.774158184,"num_points":866,"plane_center_x":1.3291472197,"plane_center_y":-0.4080838263,"plane_center_z":1.0536528826,"color_id":2},"3":{"ros_timestamp":"1695745489.6653364","wall_type":"front","a":0.004965377,"b":-0.9999876618,"c":0.0000241257,"d":2.9277644157,"shortest_distance":2.712722924,"num_points":371,"plane_center_x":0.0072266106,"plane_center_y":2.9278669357,"plane_center_z":1.2616326809,"color_id":3},"4":{"ros_timestamp":"1695745489.6653364","wall_type":"back","a":0.0059491582,"b":-0.9999822974,"c":0.000061107,"d":-2.9278321266,"shortest_distance":3.1432775567,"num_points":389,"plane_center_x":0.021536367,"plane_center_y":-2.9276814461,"plane_center_z":1.2171564102,"color_id":4}}