{"0":{"ros_timestamp":"1695745331.3664882","wall_type":"floor","a":0.0005020241,"b":-0.0015993111,"c":0.9999985695,"d":0.0011583632,"shortest_distance":1.0019610794,"num_points":426,"plane_center_x":0.0659912303,"plane_center_y":2.2166295052,"plane_center_z":0.0023535911,"color_id":0},"1":{"ros_timestamp":"1695745331.3664882","wall_type":"left","a":0.99997437,"b":0.0071583912,"c":0.0000073544,"d":1.3246244192,"shortest_distance":1.5195384729,"num_points":363,"plane_center_x":-1.3363775015,"plane_center_y":1.6359442472,"plane_center_z":1.1093524694,"color_id":1},"2":{"ros_timestamp":"1695745331.3664882","wall_type":"right","a":0.9999524355,"b":0.00975239,"c":-0.0001162208,"d":-1.3341622353,"shortest_distance":1.1405588827,"num_points":212,"plane_center_x":1.3116022348,"plane_center_y":2.3334941864,"plane_center_z":1.160545826,"color_id":2},"3":{"ros_timestamp":"1695745331.3664882","wall_type":"front","a":-0.0003735465,"b":-0.9999999404,"c":0.000010083,"d":2.9312241077,"shortest_distance":3.3871229391,"num_points":88,"plane_center_x":0.676810801,"plane_center_y":2.9309835434,"plane_center_z":1.1999053955,"color_id":3}}