{"0":{"ros_timestamp":"1695745490.4737813","wall_type":"floor","a":-0.0005779208,"b":0.0000537004,"c":0.9999998212,"d":-0.0022583208,"shortest_distance":0.9979899323,"num_points":1192,"plane_center_x":0.0353180729,"plane_center_y":-0.5258981586,"plane_center_z":0.0023463375,"color_id":0},"1":{"ros_timestamp":"1695745490.4737813","wall_type":"left","a":0.9999773502,"b":0.006707374,"c":0.0003475197,"d":1.3266150951,"shortest_distance":0.874867234,"num_points":1136,"plane_center_x":-1.3267914057,"plane_center_y":-0.0348937437,"plane_center_z":1.0942289829,"color_id":1},"2":{"ros_timestamp":"1695745490.4737813","wall_type":"right","a":0.9999762177,"b":0.0069013345,"c":-0.0002104466,"d":-1.3267234564,"shortest_distance":1.7789892117,"num_points":835,"plane_center_x":1.3296455145,"plane_center_y":-0.3850168884,"plane_center_z":1.1085795164,"color_id":2},"3":{"ros_timestamp":"1695745490.4737813","wall_type":"front","a":0.004965377,"b":-0.9999876618,"c":0.0000241257,"d":2.9277644157,"shortest_distance":2.7217302139,"num_points":371,"plane_center_x":0.0072266106,"plane_center_y":2.9278669357,"plane_center_z":1.2616326809,"color_id":3},"4":{"ros_timestamp":"1695745490.4737813","wall_type":"back","a":0.0059491582,"b":-0.9999822974,"c":0.000061107,"d":-2.9278321266,"shortest_distance":3.1342744144,"num_points":389,"plane_center_x":0.021536367,"plane_center_y":-2.9276814461,"plane_center_z":1.2171564102,"color_id":4}}