{"0":{"ros_timestamp":"1695745491.9573998","wall_type":"floor","a":-0.0002977431,"b":-0.0000495888,"c":1.0,"d":-0.0024310513,"shortest_distance":0.9976720544,"num_points":1191,"plane_center_x":0.0344367325,"plane_center_y":-0.5251131654,"plane_center_z":0.0023446183,"color_id":0},"1":{"ros_timestamp":"1695745491.9573998","wall_type":"left","a":0.9999773502,"b":0.006707374,"c":0.0003475197,"d":1.3266150951,"shortest_distance":0.8679059745,"num_points":1136,"plane_center_x":-1.3267914057,"plane_center_y":-0.0348937437,"plane_center_z":1.0942289829,"color_id":1},"2":{"ros_timestamp":"1695745491.9573998","wall_type":"right","a":0.9999763966,"b":0.0068723452,"c":-0.0002089069,"d":-1.3266803026,"shortest_distance":1.7859144359,"num_points":838,"plane_center_x":1.3295676708,"plane_center_y":-0.3819264472,"plane_center_z":1.106970787,"color_id":2},"3":{"ros_timestamp":"1695745491.9573998","wall_type":"front","a":0.004965377,"b":-0.9999876618,"c":0.0000241257,"d":2.9277644157,"shortest_distance":2.7376891097,"num_points":371,"plane_center_x":0.0072266106,"plane_center_y":2.9278669357,"plane_center_z":1.2616326809,"color_id":3},"4":{"ros_timestamp":"1695745491.9573998","wall_type":"back","a":0.0059491582,"b":-0.9999822974,"c":0.000061107,"d":-2.9278321266,"shortest_distance":3.1183223473,"num_points":389,"plane_center_x":0.021536367,"plane_center_y":-2.9276814461,"plane_center_z":1.2171564102,"color_id":4}}