{"0":{"ros_timestamp":"1695745492.1967807","wall_type":"floor","a":-0.0017022421,"b":0.0000892091,"c":0.9999985099,"d":-0.0016679317,"shortest_distance":0.9991091102,"num_points":1137,"plane_center_x":0.0982827693,"plane_center_y":-0.5476931334,"plane_center_z":0.0018840948,"color_id":0},"1":{"ros_timestamp":"1695745492.1967807","wall_type":"left","a":0.9999760389,"b":0.0063020694,"c":0.0028734356,"d":1.3230304718,"shortest_distance":0.8648874438,"num_points":1190,"plane_center_x":-1.3260201216,"plane_center_y":-0.0356368907,"plane_center_z":1.0451145172,"color_id":1},"2":{"ros_timestamp":"1695745492.1967807","wall_type":"right","a":0.9999787807,"b":0.0065053329,"c":-0.0003689935,"d":-1.3256012201,"shortest_distance":1.7869505884,"num_points":838,"plane_center_x":1.3285278082,"plane_center_y":-0.3827782571,"plane_center_z":1.1069613695,"color_id":2},"3":{"ros_timestamp":"1695745492.1967807","wall_type":"front","a":0.004965377,"b":-0.9999876618,"c":0.0000241257,"d":2.9277644157,"shortest_distance":2.7422924245,"num_points":371,"plane_center_x":0.0072266106,"plane_center_y":2.9278669357,"plane_center_z":1.2616326809,"color_id":3},"4":{"ros_timestamp":"1695745492.1967807","wall_type":"back","a":0.0059491582,"b":-0.9999822974,"c":0.000061107,"d":-2.9278321266,"shortest_distance":3.1137208824,"num_points":389,"plane_center_x":0.021536367,"plane_center_y":-2.9276814461,"plane_center_z":1.2171564102,"color_id":4}}