{"0":{"ros_timestamp":"1695745331.544149","wall_type":"floor","a":0.0005513248,"b":-0.001665856,"c":0.9999984503,"d":0.0012840964,"shortest_distance":1.0021263855,"num_points":429,"plane_center_x":0.0659415126,"plane_center_y":2.2198169231,"plane_center_z":0.0023774474,"color_id":0},"1":{"ros_timestamp":"1695745331.544149","wall_type":"left","a":0.999977231,"b":0.006751379,"c":0.0000511006,"d":1.327162981,"shortest_distance":1.5245908851,"num_points":377,"plane_center_x":-1.338060379,"plane_center_y":1.6012024879,"plane_center_z":1.1052919626,"color_id":1},"2":{"ros_timestamp":"1695745331.544149","wall_type":"right","a":0.9999524355,"b":0.00975239,"c":-0.0001162208,"d":-1.3341622353,"shortest_distance":1.1382719446,"num_points":212,"plane_center_x":1.3116022348,"plane_center_y":2.3334941864,"plane_center_z":1.160545826,"color_id":2},"3":{"ros_timestamp":"1695745331.544149","wall_type":"front","a":-0.000623739,"b":-0.9999998212,"c":0.0000077035,"d":2.9315264225,"shortest_distance":3.3863752249,"num_points":110,"plane_center_x":0.62835747,"plane_center_y":2.9311442375,"plane_center_z":1.1999210119,"color_id":3}}