{"0":{"ros_timestamp":"1695745493.058879","wall_type":"floor","a":-0.000509033,"b":0.0000471692,"c":0.9999998808,"d":-0.0022273401,"shortest_distance":0.9979932225,"num_points":1190,"plane_center_x":0.0334518999,"plane_center_y":-0.5241995454,"plane_center_z":0.0023086437,"color_id":0},"1":{"ros_timestamp":"1695745493.058879","wall_type":"left","a":0.9999773502,"b":0.006707374,"c":0.0003475197,"d":1.3266150951,"shortest_distance":0.8623864107,"num_points":1136,"plane_center_x":-1.3267914057,"plane_center_y":-0.0348937437,"plane_center_z":1.0942289829,"color_id":1},"2":{"ros_timestamp":"1695745493.058879","wall_type":"right","a":0.9999784231,"b":0.006557846,"c":-0.0003695886,"d":-1.3256838322,"shortest_distance":1.7906562054,"num_points":853,"plane_center_x":1.3285316229,"plane_center_y":-0.3676657975,"plane_center_z":1.103926301,"color_id":2},"3":{"ros_timestamp":"1695745493.058879","wall_type":"front","a":0.004965377,"b":-0.9999876618,"c":0.0000241257,"d":2.9277644157,"shortest_distance":2.7515542402,"num_points":371,"plane_center_x":0.0072266106,"plane_center_y":2.9278669357,"plane_center_z":1.2616326809,"color_id":3},"4":{"ros_timestamp":"1695745493.058879","wall_type":"back","a":0.0059491582,"b":-0.9999822974,"c":0.000061107,"d":-2.9278321266,"shortest_distance":3.10446263,"num_points":389,"plane_center_x":0.021536367,"plane_center_y":-2.9276814461,"plane_center_z":1.2171564102,"color_id":4}}