{"0":{"ros_timestamp":"1695745493.2840953","wall_type":"floor","a":-0.0005249448,"b":0.0000491072,"c":0.9999998808,"d":-0.0022338571,"shortest_distance":0.9979947843,"num_points":1190,"plane_center_x":0.0334990509,"plane_center_y":-0.5241184235,"plane_center_z":0.0023167015,"color_id":0},"1":{"ros_timestamp":"1695745493.2840953","wall_type":"left","a":0.9999773502,"b":0.006707374,"c":0.0003475197,"d":1.3266150951,"shortest_distance":0.8615070021,"num_points":1136,"plane_center_x":-1.3267914057,"plane_center_y":-0.0348937437,"plane_center_z":1.0942289829,"color_id":1},"2":{"ros_timestamp":"1695745493.2840953","wall_type":"right","a":0.9999762774,"b":0.0068881507,"c":-0.0002034874,"d":-1.3266472816,"shortest_distance":1.7922748904,"num_points":853,"plane_center_x":1.329433322,"plane_center_y":-0.3672790825,"plane_center_z":1.1039148569,"color_id":2},"3":{"ros_timestamp":"1695745493.2840953","wall_type":"front","a":0.004965377,"b":-0.9999876618,"c":0.0000241257,"d":2.9277644157,"shortest_distance":2.7538808537,"num_points":371,"plane_center_x":0.0072266106,"plane_center_y":2.9278669357,"plane_center_z":1.2616326809,"color_id":3},"4":{"ros_timestamp":"1695745493.2840953","wall_type":"back","a":0.0059491582,"b":-0.9999822974,"c":0.000061107,"d":-2.9278321266,"shortest_distance":3.1021368788,"num_points":389,"plane_center_x":0.021536367,"plane_center_y":-2.9276814461,"plane_center_z":1.2171564102,"color_id":4}}