{"0":{"ros_timestamp":"1695745493.538477","wall_type":"floor","a":-0.0005365041,"b":0.0000509253,"c":0.9999998808,"d":-0.0022389533,"shortest_distance":0.9979957259,"num_points":1190,"plane_center_x":0.0334997736,"plane_center_y":-0.5240997672,"plane_center_z":0.0023231157,"color_id":0},"1":{"ros_timestamp":"1695745493.538477","wall_type":"left","a":0.9999773502,"b":0.006707374,"c":0.0003475197,"d":1.3266150951,"shortest_distance":0.8606392299,"num_points":1136,"plane_center_x":-1.3267914057,"plane_center_y":-0.0348937437,"plane_center_z":1.0942289829,"color_id":1},"2":{"ros_timestamp":"1695745493.538477","wall_type":"right","a":0.9999780059,"b":0.0066245715,"c":-0.000327919,"d":-1.3258945942,"shortest_distance":1.7925602803,"num_points":853,"plane_center_x":1.3287194967,"plane_center_y":-0.3673688471,"plane_center_z":1.1039073467,"color_id":2},"3":{"ros_timestamp":"1695745493.538477","wall_type":"front","a":0.004965377,"b":-0.9999876618,"c":0.0000241257,"d":2.9277644157,"shortest_distance":2.7562118149,"num_points":371,"plane_center_x":0.0072266106,"plane_center_y":2.9278669357,"plane_center_z":1.2616326809,"color_id":3},"4":{"ros_timestamp":"1695745493.538477","wall_type":"back","a":0.0059491582,"b":-0.9999822974,"c":0.000061107,"d":-2.9278321266,"shortest_distance":3.0998067684,"num_points":389,"plane_center_x":0.021536367,"plane_center_y":-2.9276814461,"plane_center_z":1.2171564102,"color_id":4}}