{"0":{"ros_timestamp":"1695745495.067634","wall_type":"floor","a":-0.0005790942,"b":0.0000754037,"c":0.9999997616,"d":-0.0021614984,"shortest_distance":0.9980992308,"num_points":1189,"plane_center_x":0.0324251205,"plane_center_y":-0.5231579542,"plane_center_z":0.0023006897,"color_id":0},"1":{"ros_timestamp":"1695745495.067634","wall_type":"left","a":0.9999773502,"b":0.006707374,"c":0.0003475197,"d":1.3266150951,"shortest_distance":0.8548924282,"num_points":1136,"plane_center_x":-1.3267914057,"plane_center_y":-0.0348937437,"plane_center_z":1.0942289829,"color_id":1},"2":{"ros_timestamp":"1695745495.067634","wall_type":"right","a":0.9999780059,"b":0.0066177552,"c":-0.0003791494,"d":-1.3257234097,"shortest_distance":1.7981868567,"num_points":872,"plane_center_x":1.3285001516,"plane_center_y":-0.35213691,"plane_center_z":1.1005265713,"color_id":2},"3":{"ros_timestamp":"1695745495.067634","wall_type":"front","a":0.004965377,"b":-0.9999876618,"c":0.0000241257,"d":2.9277644157,"shortest_distance":2.7726453703,"num_points":371,"plane_center_x":0.0072266106,"plane_center_y":2.9278669357,"plane_center_z":1.2616326809,"color_id":3},"4":{"ros_timestamp":"1695745495.067634","wall_type":"back","a":0.0059491582,"b":-0.9999822974,"c":0.000061107,"d":-2.9278321266,"shortest_distance":3.0833788466,"num_points":389,"plane_center_x":0.021536367,"plane_center_y":-2.9276814461,"plane_center_z":1.2171564102,"color_id":4}}