{"0":{"ros_timestamp":"1695745495.4030788","wall_type":"floor","a":-0.0005818722,"b":0.0000757543,"c":0.9999997616,"d":-0.0021626947,"shortest_distance":0.998099917,"num_points":1189,"plane_center_x":0.0324261077,"plane_center_y":-0.5231449604,"plane_center_z":0.0023035393,"color_id":0},"1":{"ros_timestamp":"1695745495.4030788","wall_type":"left","a":0.9999773502,"b":0.006707374,"c":0.0003475197,"d":1.3266150951,"shortest_distance":0.8533563996,"num_points":1136,"plane_center_x":-1.3267914057,"plane_center_y":-0.0348937437,"plane_center_z":1.0942289829,"color_id":1},"2":{"ros_timestamp":"1695745495.4030788","wall_type":"right","a":0.9999779463,"b":0.0066226935,"c":-0.0003736043,"d":-1.325748086,"shortest_distance":1.7997408856,"num_points":872,"plane_center_x":1.3285126686,"plane_center_y":-0.3509236574,"plane_center_z":1.1005216837,"color_id":2},"3":{"ros_timestamp":"1695745495.4030788","wall_type":"front","a":0.004965377,"b":-0.9999876618,"c":0.0000241257,"d":2.9277644157,"shortest_distance":2.7773764618,"num_points":371,"plane_center_x":0.0072266106,"plane_center_y":2.9278669357,"plane_center_z":1.2616326809,"color_id":3},"4":{"ros_timestamp":"1695745495.4030788","wall_type":"back","a":0.0059491582,"b":-0.9999822974,"c":0.000061107,"d":-2.9278321266,"shortest_distance":3.0786492604,"num_points":389,"plane_center_x":0.021536367,"plane_center_y":-2.9276814461,"plane_center_z":1.2171564102,"color_id":4}}