{"0":{"ros_timestamp":"1695745495.596659","wall_type":"floor","a":-0.0014593205,"b":0.0000451228,"c":0.9999989867,"d":-0.0016094031,"shortest_distance":0.9990651903,"num_points":1137,"plane_center_x":0.0938558802,"plane_center_y":-0.5413663387,"plane_center_z":0.0018553778,"color_id":0},"1":{"ros_timestamp":"1695745495.596659","wall_type":"left","a":0.9999768138,"b":0.006371682,"c":0.0023941738,"d":1.32371068,"shortest_distance":0.8516996121,"num_points":1188,"plane_center_x":-1.3260891438,"plane_center_y":-0.0388183631,"plane_center_z":1.0468661785,"color_id":1},"2":{"ros_timestamp":"1695745495.596659","wall_type":"right","a":0.9999781847,"b":0.0065993113,"c":-0.0003990362,"d":-1.3256585598,"shortest_distance":1.8004302046,"num_points":872,"plane_center_x":1.3284459114,"plane_center_y":-0.3514313996,"plane_center_z":1.1005159616,"color_id":2},"3":{"ros_timestamp":"1695745495.596659","wall_type":"front","a":0.004965377,"b":-0.9999876618,"c":0.0000241257,"d":2.9277644157,"shortest_distance":2.7797476776,"num_points":371,"plane_center_x":0.0072266106,"plane_center_y":2.9278669357,"plane_center_z":1.2616326809,"color_id":3},"4":{"ros_timestamp":"1695745495.596659","wall_type":"back","a":0.0059491582,"b":-0.9999822974,"c":0.000061107,"d":-2.9278321266,"shortest_distance":3.0762787798,"num_points":389,"plane_center_x":0.021536367,"plane_center_y":-2.9276814461,"plane_center_z":1.2171564102,"color_id":4}}