{"0":{"ros_timestamp":"1695745331.9234693","wall_type":"floor","a":0.000541995,"b":-0.0025078291,"c":0.9999967217,"d":0.0031083617,"shortest_distance":1.0043274745,"num_points":431,"plane_center_x":0.0645617098,"plane_center_y":2.2201192379,"plane_center_z":0.0024243337,"color_id":0},"1":{"ros_timestamp":"1695745331.9234693","wall_type":"left","a":0.9999759793,"b":0.0069252825,"c":0.000048468,"d":1.3264331818,"shortest_distance":1.5283326722,"num_points":379,"plane_center_x":-1.3375760317,"plane_center_y":1.5966387987,"plane_center_z":1.1047440767,"color_id":1},"2":{"ros_timestamp":"1695745331.9234693","wall_type":"right","a":0.9999524355,"b":0.00975239,"c":-0.0001162208,"d":-1.3341622353,"shortest_distance":1.1337128257,"num_points":212,"plane_center_x":1.3116022348,"plane_center_y":2.3334941864,"plane_center_z":1.160545826,"color_id":2},"3":{"ros_timestamp":"1695745331.9234693","wall_type":"front","a":-0.0014334844,"b":-0.9999989867,"c":0.0000076982,"d":2.9320471287,"shortest_distance":3.384699485,"num_points":110,"plane_center_x":0.6298246384,"plane_center_y":2.9311563969,"plane_center_z":1.1998816729,"color_id":3}}