{"0":{"ros_timestamp":"1695745496.3041694","wall_type":"floor","a":-0.0004286694,"b":0.0000354711,"c":0.9999998808,"d":-0.0021922344,"shortest_distance":0.9979926721,"num_points":1188,"plane_center_x":0.0313317515,"plane_center_y":-0.5221053958,"plane_center_z":0.0022639481,"color_id":0},"1":{"ros_timestamp":"1695745496.3041694","wall_type":"left","a":0.9999773502,"b":0.006707374,"c":0.0003475197,"d":1.3266150951,"shortest_distance":0.8504265721,"num_points":1136,"plane_center_x":-1.3267914057,"plane_center_y":-0.0348937437,"plane_center_z":1.0942289829,"color_id":1},"2":{"ros_timestamp":"1695745496.3041694","wall_type":"right","a":0.9999777675,"b":0.0066618179,"c":-0.0003721679,"d":-1.3258179426,"shortest_distance":1.802732678,"num_points":874,"plane_center_x":1.3285992146,"plane_center_y":-0.3515972197,"plane_center_z":1.1001181602,"color_id":2},"3":{"ros_timestamp":"1695745496.3041694","wall_type":"front","a":0.004965377,"b":-0.9999876618,"c":0.0000241257,"d":2.9277644157,"shortest_distance":2.7868832934,"num_points":371,"plane_center_x":0.0072266106,"plane_center_y":2.9278669357,"plane_center_z":1.2616326809,"color_id":3},"4":{"ros_timestamp":"1695745496.3041694","wall_type":"back","a":0.0059491582,"b":-0.9999822974,"c":0.000061107,"d":-2.9278321266,"shortest_distance":3.0691452995,"num_points":389,"plane_center_x":0.021536367,"plane_center_y":-2.9276814461,"plane_center_z":1.2171564102,"color_id":4}}