{"0":{"ros_timestamp":"1695745331.9575963","wall_type":"floor","a":0.0005774624,"b":-0.0024616052,"c":0.9999967813,"d":0.0029764776,"shortest_distance":1.0041820195,"num_points":432,"plane_center_x":0.0646242797,"plane_center_y":2.2215266228,"plane_center_z":0.0024547339,"color_id":0},"1":{"ros_timestamp":"1695745331.9575963","wall_type":"left","a":0.9999728203,"b":0.0073714852,"c":0.0000082117,"d":1.323877573,"shortest_distance":1.5255340128,"num_points":379,"plane_center_x":-1.3356865644,"plane_center_y":1.5958224535,"plane_center_z":1.104726553,"color_id":1},"2":{"ros_timestamp":"1695745331.9575963","wall_type":"right","a":0.9999524355,"b":0.00975239,"c":-0.0001162208,"d":-1.3341622353,"shortest_distance":1.1337128257,"num_points":212,"plane_center_x":1.3116022348,"plane_center_y":2.3334941864,"plane_center_z":1.160545826,"color_id":2},"3":{"ros_timestamp":"1695745331.9575963","wall_type":"front","a":0.0020707746,"b":-0.9999978542,"c":0.0000095049,"d":2.9294462204,"shortest_distance":3.3828182712,"num_points":110,"plane_center_x":0.6309434772,"plane_center_y":2.9307703972,"plane_center_z":1.199870944,"color_id":3}}