{"0":{"ros_timestamp":"1695745497.1266541","wall_type":"floor","a":-0.0015419908,"b":0.0000650119,"c":0.9999988675,"d":-0.0016324106,"shortest_distance":0.9990905767,"num_points":1136,"plane_center_x":0.0927655175,"plane_center_y":-0.5403030515,"plane_center_z":0.0018105824,"color_id":0},"1":{"ros_timestamp":"1695745497.1266541","wall_type":"left","a":0.9999763966,"b":0.0063935341,"c":0.0025016484,"d":1.323558569,"shortest_distance":0.8467448371,"num_points":1188,"plane_center_x":-1.3260891438,"plane_center_y":-0.0388183631,"plane_center_z":1.0468661785,"color_id":1},"2":{"ros_timestamp":"1695745497.1266541","wall_type":"right","a":0.9999780655,"b":0.0066134874,"c":-0.0004291756,"d":-1.3255988359,"shortest_distance":1.8053157373,"num_points":875,"plane_center_x":1.3284134865,"plane_center_y":-0.3497615159,"plane_center_z":1.1008052826,"color_id":2},"3":{"ros_timestamp":"1695745497.1266541","wall_type":"front","a":0.004965377,"b":-0.9999876618,"c":0.0000241257,"d":2.9277644157,"shortest_distance":2.7964464853,"num_points":371,"plane_center_x":0.0072266106,"plane_center_y":2.9278669357,"plane_center_z":1.2616326809,"color_id":3},"4":{"ros_timestamp":"1695745497.1266541","wall_type":"back","a":0.0059491582,"b":-0.9999822974,"c":0.000061107,"d":-2.9278321266,"shortest_distance":3.0595847907,"num_points":389,"plane_center_x":0.021536367,"plane_center_y":-2.9276814461,"plane_center_z":1.2171564102,"color_id":4}}