{"0":{"ros_timestamp":"1695745332.1468065","wall_type":"floor","a":0.0005488509,"b":-0.002412772,"c":0.9999969602,"d":0.0028945457,"shortest_distance":1.0040709938,"num_points":435,"plane_center_x":0.0636611432,"plane_center_y":2.2229480743,"plane_center_z":0.0024339885,"color_id":0},"1":{"ros_timestamp":"1695745332.1468065","wall_type":"left","a":0.9999723434,"b":0.007435902,"c":0.0000085122,"d":1.3239588737,"shortest_distance":1.5278560635,"num_points":379,"plane_center_x":-1.3358801603,"plane_center_y":1.5969655514,"plane_center_z":1.1047223806,"color_id":1},"2":{"ros_timestamp":"1695745332.1468065","wall_type":"right","a":0.9999524355,"b":0.00975239,"c":-0.0001162208,"d":-1.3341622353,"shortest_distance":1.1314407591,"num_points":212,"plane_center_x":1.3116022348,"plane_center_y":2.3334941864,"plane_center_z":1.160545826,"color_id":2},"3":{"ros_timestamp":"1695745332.1468065","wall_type":"front","a":0.00112885,"b":-0.9999993443,"c":0.0000100912,"d":2.9302375317,"shortest_distance":3.3823897466,"num_points":110,"plane_center_x":0.6273781657,"plane_center_y":2.9309597015,"plane_center_z":1.1998622417,"color_id":3}}