{"0":{"ros_timestamp":"1695745332.2403667","wall_type":"floor","a":0.0005849708,"b":-0.002675679,"c":0.9999962449,"d":0.0034430677,"shortest_distance":1.0047451224,"num_points":437,"plane_center_x":0.0646230206,"plane_center_y":2.2256913185,"plane_center_z":0.0024743746,"color_id":0},"1":{"ros_timestamp":"1695745332.2403667","wall_type":"left","a":0.9999762177,"b":0.0068984437,"c":0.0000544687,"d":1.3268601894,"shortest_distance":1.5310469835,"num_points":379,"plane_center_x":-1.3379700184,"plane_center_y":1.5971423388,"plane_center_z":1.1047325134,"color_id":1},"2":{"ros_timestamp":"1695745332.2403667","wall_type":"right","a":0.9999524355,"b":0.00975239,"c":-0.0001162208,"d":-1.3341622353,"shortest_distance":1.1314407591,"num_points":212,"plane_center_x":1.3116022348,"plane_center_y":2.3334941864,"plane_center_z":1.160545826,"color_id":2},"3":{"ros_timestamp":"1695745332.2403667","wall_type":"front","a":-0.0012136146,"b":-0.9999992847,"c":0.0000100814,"d":2.9319212437,"shortest_distance":3.3835878008,"num_points":110,"plane_center_x":0.6252171397,"plane_center_y":2.9311766624,"plane_center_z":1.199860692,"color_id":3}}