{"0":{"ros_timestamp":"1695745333.2383294","wall_type":"floor","a":0.0006466419,"b":-0.0024975759,"c":0.9999966621,"d":0.0030201001,"shortest_distance":1.0042488436,"num_points":440,"plane_center_x":0.0573446676,"plane_center_y":2.2235176563,"plane_center_z":0.0024962311,"color_id":0},"1":{"ros_timestamp":"1695745333.2383294","wall_type":"left","a":0.9999758601,"b":0.0069600018,"c":0.0000059671,"d":1.3246328831,"shortest_distance":1.5400117196,"num_points":383,"plane_center_x":-1.3357431889,"plane_center_y":1.5907191038,"plane_center_z":1.1094398499,"color_id":1},"2":{"ros_timestamp":"1695745333.2383294","wall_type":"right","a":0.9999524355,"b":0.00975239,"c":-0.0001162208,"d":-1.3341622353,"shortest_distance":1.1201576212,"num_points":212,"plane_center_x":1.3116022348,"plane_center_y":2.3334941864,"plane_center_z":1.160545826,"color_id":2},"3":{"ros_timestamp":"1695745333.2383294","wall_type":"front","a":0.0027489911,"b":-0.9999961853,"c":0.0000054305,"d":2.9291470051,"shortest_distance":3.3763378271,"num_points":132,"plane_center_x":0.5740419626,"plane_center_y":2.9307427406,"plane_center_z":1.1998441219,"color_id":3}}