{"0":{"ros_timestamp":"1695745333.435405","wall_type":"floor","a":0.0006283724,"b":-0.0024704025,"c":0.9999967813,"d":0.0029675178,"shortest_distance":1.0041789023,"num_points":440,"plane_center_x":0.0569394603,"plane_center_y":2.2234003544,"plane_center_z":0.0024894048,"color_id":0},"1":{"ros_timestamp":"1695745333.435405","wall_type":"left","a":0.9999789,"b":0.0065015801,"c":0.0000298495,"d":1.3269538879,"shortest_distance":1.5447993481,"num_points":383,"plane_center_x":-1.3373688459,"plane_center_y":1.5924729109,"plane_center_z":1.1094532013,"color_id":1},"2":{"ros_timestamp":"1695745333.435405","wall_type":"right","a":0.9999524355,"b":0.00975239,"c":-0.0001162208,"d":-1.3341622353,"shortest_distance":1.1179168277,"num_points":212,"plane_center_x":1.3116022348,"plane_center_y":2.3334941864,"plane_center_z":1.160545826,"color_id":2},"3":{"ros_timestamp":"1695745333.435405","wall_type":"front","a":0.0019071104,"b":-0.9999980927,"c":0.0000059962,"d":2.9297094345,"shortest_distance":3.375624157,"num_points":132,"plane_center_x":0.5755956173,"plane_center_y":2.9308197498,"plane_center_z":1.199824214,"color_id":3}}