{"0":{"ros_timestamp":"1695745334.2495954","wall_type":"floor","a":0.0006545879,"b":-0.0031028199,"c":0.9999949932,"d":0.0043262336,"shortest_distance":1.0058172898,"num_points":442,"plane_center_x":0.0574511327,"plane_center_y":2.226154089,"plane_center_z":0.0025435272,"color_id":0},"1":{"ros_timestamp":"1695745334.2495954","wall_type":"left","a":0.9999764562,"b":0.0068650157,"c":0.0000344226,"d":1.3245302439,"shortest_distance":1.5488980131,"num_points":398,"plane_center_x":-1.335269928,"plane_center_y":1.554261446,"plane_center_z":1.1076200008,"color_id":1},"2":{"ros_timestamp":"1695745334.2495954","wall_type":"right","a":0.9999524355,"b":0.00975239,"c":-0.0001162208,"d":-1.3341622353,"shortest_distance":1.1112271246,"num_points":212,"plane_center_x":1.3116022348,"plane_center_y":2.3334941864,"plane_center_z":1.160545826,"color_id":2},"3":{"ros_timestamp":"1695745334.2495954","wall_type":"front","a":0.0035143062,"b":-0.9999938011,"c":0.0000074703,"d":2.9285969734,"shortest_distance":3.3715284466,"num_points":154,"plane_center_x":0.5329934955,"plane_center_y":2.9304971695,"plane_center_z":1.1998109818,"color_id":3}}