{"0":{"ros_timestamp":"1695745315.4353967","wall_type":"floor","a":0.0005697988,"b":-0.0015800729,"c":0.9999985695,"d":0.0009030511,"shortest_distance":1.0016781807,"num_points":258,"plane_center_x":0.0647286624,"plane_center_y":2.1428871155,"plane_center_z":0.0024459881,"color_id":0},"1":{"ros_timestamp":"1695745315.4353967","wall_type":"left","a":0.9999836683,"b":0.0057121902,"c":0.0000434985,"d":1.3249570131,"shortest_distance":1.3519774514,"num_points":188,"plane_center_x":-1.3369104862,"plane_center_y":2.08015728,"plane_center_z":1.1349400282,"color_id":1},"2":{"ros_timestamp":"1695745315.4353967","wall_type":"right","a":0.9999989867,"b":0.0014410475,"c":-0.0000065589,"d":-1.31975317,"shortest_distance":1.2906626675,"num_points":168,"plane_center_x":1.3165845871,"plane_center_y":2.2049429417,"plane_center_z":1.1505014896,"color_id":2}}