{"0":{"ros_timestamp":"1695745334.5442684","wall_type":"floor","a":0.0006375036,"b":-0.0032697904,"c":0.9999944568,"d":0.0047315601,"shortest_distance":1.0062897052,"num_points":443,"plane_center_x":0.0543808788,"plane_center_y":2.2245285511,"plane_center_z":0.0025075278,"color_id":0},"1":{"ros_timestamp":"1695745334.5442684","wall_type":"left","a":0.9999786615,"b":0.0065313345,"c":0.000051733,"d":1.3270543814,"shortest_distance":1.5538027375,"num_points":400,"plane_center_x":-1.3372504711,"plane_center_y":1.5479830503,"plane_center_z":1.1070780754,"color_id":1},"2":{"ros_timestamp":"1695745334.5442684","wall_type":"right","a":0.9999524355,"b":0.00975239,"c":-0.0001162208,"d":-1.3341622353,"shortest_distance":1.1090083019,"num_points":212,"plane_center_x":1.3116022348,"plane_center_y":2.3334941864,"plane_center_z":1.160545826,"color_id":2},"3":{"ros_timestamp":"1695745334.5442684","wall_type":"front","a":0.0028121446,"b":-0.9999961257,"c":0.0000069293,"d":2.9290921688,"shortest_distance":3.3707279482,"num_points":154,"plane_center_x":0.526168406,"plane_center_y":2.9305915833,"plane_center_z":1.1998066902,"color_id":3}}