{"0":{"ros_timestamp":"1695745315.5209212","wall_type":"floor","a":0.0004745635,"b":-0.0022445726,"c":0.9999973774,"d":0.0022602065,"shortest_distance":1.0033610492,"num_points":260,"plane_center_x":0.0527386442,"plane_center_y":2.1417245865,"plane_center_z":0.0025220283,"color_id":0},"1":{"ros_timestamp":"1695745315.5209212","wall_type":"left","a":0.9999934435,"b":0.0036128471,"c":0.0001013781,"d":1.3332337141,"shortest_distance":1.3613541818,"num_points":188,"plane_center_x":-1.3408616781,"plane_center_y":2.0770626068,"plane_center_z":1.1349444389,"color_id":1},"2":{"ros_timestamp":"1695745315.5209212","wall_type":"right","a":0.9999549389,"b":0.0094933296,"c":-0.0000112843,"d":-1.3338028193,"shortest_distance":1.3087145162,"num_points":168,"plane_center_x":1.3129128218,"plane_center_y":2.2080872059,"plane_center_z":1.1505025625,"color_id":2}}