{"0":{"ros_timestamp":"1695745335.1770425","wall_type":"floor","a":0.0006549555,"b":-0.0029567061,"c":0.9999953508,"d":0.0040024696,"shortest_distance":1.0054215065,"num_points":446,"plane_center_x":0.0510245822,"plane_center_y":2.2240846157,"plane_center_z":0.0026511364,"color_id":0},"1":{"ros_timestamp":"1695745335.1770425","wall_type":"left","a":0.9999745488,"b":0.0071312776,"c":0.0000114802,"d":1.3243129253,"shortest_distance":1.5573689896,"num_points":400,"plane_center_x":-1.3353729248,"plane_center_y":1.544367671,"plane_center_z":1.1071956158,"color_id":1},"2":{"ros_timestamp":"1695745335.1770425","wall_type":"right","a":0.9999524355,"b":0.00975239,"c":-0.0001162208,"d":-1.3341622353,"shortest_distance":1.1023858455,"num_points":212,"plane_center_x":1.3116022348,"plane_center_y":2.3334941864,"plane_center_z":1.160545826,"color_id":2},"3":{"ros_timestamp":"1695745335.1770425","wall_type":"front","a":0.0037664156,"b":-0.999992907,"c":0.0000072144,"d":2.9284358025,"shortest_distance":3.3668214335,"num_points":154,"plane_center_x":0.5171152353,"plane_center_y":2.9304127693,"plane_center_z":1.1997689009,"color_id":3}}