{"0":{"ros_timestamp":"1695745335.1931043","wall_type":"floor","a":0.0007945622,"b":-0.0029903427,"c":0.9999952316,"d":0.0039036598,"shortest_distance":1.0053701817,"num_points":447,"plane_center_x":0.0513000526,"plane_center_y":2.2257812023,"plane_center_z":0.0027114407,"color_id":0},"1":{"ros_timestamp":"1695745335.1931043","wall_type":"left","a":0.9999753833,"b":0.0070165372,"c":0.0000516635,"d":1.3262262344,"shortest_distance":1.5593728386,"num_points":400,"plane_center_x":-1.3371679783,"plane_center_y":1.5465816259,"plane_center_z":1.1072437763,"color_id":1},"2":{"ros_timestamp":"1695745335.1931043","wall_type":"right","a":0.9999524355,"b":0.00975239,"c":-0.0001162208,"d":-1.3341622353,"shortest_distance":1.1023858455,"num_points":212,"plane_center_x":1.3116022348,"plane_center_y":2.3334941864,"plane_center_z":1.160545826,"color_id":2},"3":{"ros_timestamp":"1695745335.1931043","wall_type":"front","a":0.003205338,"b":-0.999994874,"c":0.0000135995,"d":2.9287884235,"shortest_distance":3.3670487525,"num_points":176,"plane_center_x":0.4809119105,"plane_center_y":2.9303612709,"plane_center_z":1.1997764111,"color_id":3}}