{"0":{"ros_timestamp":"1695745336.126982","wall_type":"floor","a":0.0008471766,"b":-0.0030588694,"c":0.9999949932,"d":0.0040418762,"shortest_distance":1.0055432107,"num_points":450,"plane_center_x":0.0508424044,"plane_center_y":2.2275993824,"plane_center_z":0.0027290005,"color_id":0},"1":{"ros_timestamp":"1695745336.126982","wall_type":"left","a":0.9999765158,"b":0.0068550822,"c":0.0000540615,"d":1.3268485069,"shortest_distance":1.5688031886,"num_points":400,"plane_center_x":-1.3375446796,"plane_center_y":1.5470198393,"plane_center_z":1.1072943211,"color_id":1},"2":{"ros_timestamp":"1695745336.126982","wall_type":"right","a":0.9999524355,"b":0.00975239,"c":-0.0001162208,"d":-1.3341622353,"shortest_distance":1.0936373204,"num_points":212,"plane_center_x":1.3116022348,"plane_center_y":2.3334941864,"plane_center_z":1.160545826,"color_id":2},"3":{"ros_timestamp":"1695745336.126982","wall_type":"front","a":0.0036368794,"b":-0.9999933839,"c":0.0000114765,"d":2.9285166264,"shortest_distance":3.3620972349,"num_points":176,"plane_center_x":0.4727641344,"plane_center_y":2.9302690029,"plane_center_z":1.1997545958,"color_id":3}}