{"0":{"ros_timestamp":"1695745336.6256366","wall_type":"floor","a":0.0008218705,"b":-0.0030331498,"c":0.9999949932,"d":0.0040317662,"shortest_distance":1.0055098985,"num_points":454,"plane_center_x":0.0514457002,"plane_center_y":2.2306742668,"plane_center_z":0.0026919348,"color_id":0},"1":{"ros_timestamp":"1695745336.6256366","wall_type":"left","a":0.9999759793,"b":0.0069308192,"c":0.0000451204,"d":1.3266335726,"shortest_distance":1.5750345042,"num_points":414,"plane_center_x":-1.3372043371,"plane_center_y":1.5133627653,"plane_center_z":1.1036667824,"color_id":1},"2":{"ros_timestamp":"1695745336.6256366","wall_type":"right","a":0.9999524355,"b":0.00975239,"c":-0.0001162208,"d":-1.3341622353,"shortest_distance":1.0871389028,"num_points":212,"plane_center_x":1.3116022348,"plane_center_y":2.3334941864,"plane_center_z":1.160545826,"color_id":2},"3":{"ros_timestamp":"1695745336.6256366","wall_type":"front","a":0.0038094448,"b":-0.9999927878,"c":0.0000057718,"d":2.9284076691,"shortest_distance":3.358327436,"num_points":176,"plane_center_x":0.4660310447,"plane_center_y":2.9302110672,"plane_center_z":1.1997336149,"color_id":3}}