{"0":{"ros_timestamp":"1695745337.0829945","wall_type":"floor","a":0.000884503,"b":-0.0037382049,"c":0.999992609,"d":0.0055687688,"shortest_distance":1.00735695,"num_points":456,"plane_center_x":0.0515348837,"plane_center_y":2.2328546047,"plane_center_z":0.0027325363,"color_id":0},"1":{"ros_timestamp":"1695745337.0829945","wall_type":"left","a":0.9999746084,"b":0.0071292776,"c":0.0000381582,"d":1.3260743618,"shortest_distance":1.5786777405,"num_points":414,"plane_center_x":-1.3369122744,"plane_center_y":1.5095283985,"plane_center_z":1.1036750078,"color_id":1},"2":{"ros_timestamp":"1695745337.0829945","wall_type":"right","a":0.9999524355,"b":0.00975239,"c":-0.0001162208,"d":-1.3341622353,"shortest_distance":1.0828374266,"num_points":212,"plane_center_x":1.3116022348,"plane_center_y":2.3334941864,"plane_center_z":1.160545826,"color_id":2},"3":{"ros_timestamp":"1695745337.0829945","wall_type":"front","a":0.0040223477,"b":-0.9999919534,"c":0.0000037574,"d":2.9282693863,"shortest_distance":3.3557227626,"num_points":198,"plane_center_x":0.4292952418,"plane_center_y":2.9300243855,"plane_center_z":1.1997349262,"color_id":3}}