{"0":{"ros_timestamp":"1695745337.1413803","wall_type":"floor","a":0.0008897823,"b":-0.0036082771,"c":0.9999931455,"d":0.0052724807,"shortest_distance":1.0070070789,"num_points":457,"plane_center_x":0.0516970009,"plane_center_y":2.234092474,"plane_center_z":0.0027427636,"color_id":0},"1":{"ros_timestamp":"1695745337.1413803","wall_type":"left","a":0.9999736547,"b":0.0072647356,"c":0.0000036412,"d":1.3240588903,"shortest_distance":1.576569714,"num_points":414,"plane_center_x":-1.3350667953,"plane_center_y":1.5098546743,"plane_center_z":1.1036664248,"color_id":1},"2":{"ros_timestamp":"1695745337.1413803","wall_type":"right","a":0.9999524355,"b":0.00975239,"c":-0.0001162208,"d":-1.3341622353,"shortest_distance":1.0828374266,"num_points":212,"plane_center_x":1.3116022348,"plane_center_y":2.3334941864,"plane_center_z":1.160545826,"color_id":2},"3":{"ros_timestamp":"1695745337.1413803","wall_type":"front","a":0.0042630271,"b":-0.9999908805,"c":0.0000067501,"d":2.9281117916,"shortest_distance":3.3556294779,"num_points":198,"plane_center_x":0.4287945628,"plane_center_y":2.929974556,"plane_center_z":1.199734807,"color_id":3}}