{"0":{"ros_timestamp":"1695745337.6850586","wall_type":"floor","a":0.0009308085,"b":-0.0034736788,"c":0.9999936223,"d":0.0049483702,"shortest_distance":1.0066315024,"num_points":460,"plane_center_x":0.051735688,"plane_center_y":2.2373783588,"plane_center_z":0.0027754251,"color_id":0},"1":{"ros_timestamp":"1695745337.6850586","wall_type":"left","a":0.9999726415,"b":0.0073997858,"c":0.0000111047,"d":1.3239252567,"shortest_distance":1.5806560868,"num_points":414,"plane_center_x":-1.3351560831,"plane_center_y":1.5111415386,"plane_center_z":1.1036864519,"color_id":1},"2":{"ros_timestamp":"1695745337.6850586","wall_type":"right","a":0.9999524355,"b":0.00975239,"c":-0.0001162208,"d":-1.3341622353,"shortest_distance":1.0785610942,"num_points":212,"plane_center_x":1.3116022348,"plane_center_y":2.3334941864,"plane_center_z":1.160545826,"color_id":2},"3":{"ros_timestamp":"1695745337.6850586","wall_type":"front","a":0.0043107071,"b":-0.9999907017,"c":0.0000056675,"d":2.9280848503,"shortest_distance":3.353054433,"num_points":198,"plane_center_x":0.4227723777,"plane_center_y":2.9299411774,"plane_center_z":1.199745059,"color_id":3}}