{"0":{"ros_timestamp":"1695745315.9149182","wall_type":"floor","a":0.0001285925,"b":-0.0019571984,"c":0.999998033,"d":0.0017237097,"shortest_distance":1.0026723363,"num_points":264,"plane_center_x":0.0418813303,"plane_center_y":2.1393749714,"plane_center_z":0.0024580907,"color_id":0},"1":{"ros_timestamp":"1695745315.9149182","wall_type":"left","a":0.9999870658,"b":0.0050862166,"c":0.0000716638,"d":1.3273037672,"shortest_distance":1.3596258348,"num_points":209,"plane_center_x":-1.3377002478,"plane_center_y":2.024790287,"plane_center_z":1.1267261505,"color_id":1},"2":{"ros_timestamp":"1695745315.9149182","wall_type":"right","a":0.9999961853,"b":0.0027547637,"c":-0.0000272876,"d":-1.3211503029,"shortest_distance":1.287770604,"num_points":168,"plane_center_x":1.315079093,"plane_center_y":2.2170853615,"plane_center_z":1.1505161524,"color_id":2}}