{"0":{"ros_timestamp":"1695745338.0668797","wall_type":"floor","a":0.0008773523,"b":-0.0034591677,"c":0.9999936223,"d":0.0049561281,"shortest_distance":1.0066139626,"num_points":462,"plane_center_x":0.0482297242,"plane_center_y":2.2359576225,"plane_center_z":0.0027361272,"color_id":0},"1":{"ros_timestamp":"1695745338.0668797","wall_type":"left","a":0.999974668,"b":0.0071160137,"c":0.0000387284,"d":1.3261212111,"shortest_distance":1.5872444662,"num_points":415,"plane_center_x":-1.3369342089,"plane_center_y":1.5087521076,"plane_center_z":1.1061058044,"color_id":1},"2":{"ros_timestamp":"1695745338.0668797","wall_type":"right","a":0.9999524355,"b":0.00975239,"c":-0.0001162208,"d":-1.3341622353,"shortest_distance":1.0743103334,"num_points":212,"plane_center_x":1.3116022348,"plane_center_y":2.3334941864,"plane_center_z":1.160545826,"color_id":2},"3":{"ros_timestamp":"1695745338.0668797","wall_type":"front","a":0.00424784,"b":-0.9999909401,"c":0.0000087149,"d":2.9281253815,"shortest_distance":3.3504800694,"num_points":198,"plane_center_x":0.4172831774,"plane_center_y":2.9299347401,"plane_center_z":1.1997607946,"color_id":3}}