{"0":{"ros_timestamp":"1695745338.4134715","wall_type":"floor","a":0.0008890628,"b":-0.003490852,"c":0.9999935031,"d":0.0050432347,"shortest_distance":1.0067118286,"num_points":464,"plane_center_x":0.0480140522,"plane_center_y":2.2372529507,"plane_center_z":0.0027240145,"color_id":0},"1":{"ros_timestamp":"1695745338.4134715","wall_type":"left","a":0.9999749064,"b":0.0070877182,"c":0.0000471684,"d":1.326492548,"shortest_distance":1.59185393,"num_points":417,"plane_center_x":-1.3372405767,"plane_center_y":1.5043457747,"plane_center_z":1.105607748,"color_id":1},"2":{"ros_timestamp":"1695745338.4134715","wall_type":"right","a":0.9999524355,"b":0.00975239,"c":-0.0001162208,"d":-1.3341622353,"shortest_distance":1.0700855691,"num_points":212,"plane_center_x":1.3116022348,"plane_center_y":2.3334941864,"plane_center_z":1.160545826,"color_id":2},"3":{"ros_timestamp":"1695745338.4134715","wall_type":"front","a":0.0043184794,"b":-0.9999907017,"c":0.000003479,"d":2.9280867577,"shortest_distance":3.3478108039,"num_points":218,"plane_center_x":0.3812677264,"plane_center_y":2.9297647476,"plane_center_z":1.2089151144,"color_id":3}}