{"0":{"ros_timestamp":"1695745339.1637866","wall_type":"floor","a":0.0009446963,"b":-0.0033376252,"c":0.9999940395,"d":0.0046512354,"shortest_distance":1.0062634055,"num_points":466,"plane_center_x":0.047582835,"plane_center_y":2.2391724586,"plane_center_z":0.0027773483,"color_id":0},"1":{"ros_timestamp":"1695745339.1637866","wall_type":"left","a":0.9999732375,"b":0.0073240525,"c":0.0000514503,"d":1.3258972168,"shortest_distance":1.5974411794,"num_points":417,"plane_center_x":-1.3369950056,"plane_center_y":1.5025993586,"plane_center_z":1.1055916548,"color_id":1},"2":{"ros_timestamp":"1695745339.1637866","wall_type":"right","a":0.9999524355,"b":0.00975239,"c":-0.0001162208,"d":-1.3341622353,"shortest_distance":1.0637980898,"num_points":212,"plane_center_x":1.3116022348,"plane_center_y":2.3334941864,"plane_center_z":1.160545826,"color_id":2},"3":{"ros_timestamp":"1695745339.1637866","wall_type":"front","a":0.0044176765,"b":-0.9999901652,"c":-0.0000013373,"d":2.9280350208,"shortest_distance":3.3437373748,"num_points":219,"plane_center_x":0.3747255802,"plane_center_y":2.9297177792,"plane_center_z":1.2045838833,"color_id":3}}