{"0":{"ros_timestamp":"1695745339.406184","wall_type":"floor","a":0.0009212339,"b":-0.0034488572,"c":0.9999936223,"d":0.0049283123,"shortest_distance":1.0065769451,"num_points":466,"plane_center_x":0.0474728644,"plane_center_y":2.239228487,"plane_center_z":0.0027507509,"color_id":0},"1":{"ros_timestamp":"1695745339.406184","wall_type":"left","a":0.9999729991,"b":0.0073505659,"c":0.0000517803,"d":1.3261539936,"shortest_distance":1.5997664064,"num_points":418,"plane_center_x":-1.3372875452,"plane_center_y":1.5019361973,"plane_center_z":1.1077187061,"color_id":1},"2":{"ros_timestamp":"1695745339.406184","wall_type":"right","a":0.9999524355,"b":0.00975239,"c":-0.0001162208,"d":-1.3341622353,"shortest_distance":1.0617157177,"num_points":212,"plane_center_x":1.3116022348,"plane_center_y":2.3334941864,"plane_center_z":1.160545826,"color_id":2},"3":{"ros_timestamp":"1695745339.406184","wall_type":"front","a":0.004408869,"b":-0.9999902844,"c":-0.0000018149,"d":2.9280424118,"shortest_distance":3.3423729324,"num_points":219,"plane_center_x":0.3721479774,"plane_center_y":2.9297094345,"plane_center_z":1.2046060562,"color_id":3}}