{"0":{"ros_timestamp":"1695745339.5994046","wall_type":"floor","a":0.0008100834,"b":-0.0028412447,"c":0.9999956489,"d":0.0036567475,"shortest_distance":1.0050256277,"num_points":468,"plane_center_x":0.0416988172,"plane_center_y":2.2356159687,"plane_center_z":0.00276157,"color_id":0},"1":{"ros_timestamp":"1695745339.5994046","wall_type":"left","a":0.9999732971,"b":0.0073083076,"c":0.0000524449,"d":1.3262562752,"shortest_distance":1.5998869113,"num_points":418,"plane_center_x":-1.3373631239,"plane_center_y":1.506918788,"plane_center_z":1.1077578068,"color_id":1},"2":{"ros_timestamp":"1695745339.5994046","wall_type":"right","a":0.9999524355,"b":0.00975239,"c":-0.0001162208,"d":-1.3341622353,"shortest_distance":1.0617157177,"num_points":212,"plane_center_x":1.3116022348,"plane_center_y":2.3334941864,"plane_center_z":1.160545826,"color_id":2},"3":{"ros_timestamp":"1695745339.5994046","wall_type":"front","a":0.0044430369,"b":-0.9999901056,"c":-0.0000031541,"d":2.928024292,"shortest_distance":3.3423629427,"num_points":219,"plane_center_x":0.3693943024,"plane_center_y":2.9296908379,"plane_center_z":1.2046428919,"color_id":3}}