{"0":{"ros_timestamp":"1695745339.748616","wall_type":"floor","a":0.000828995,"b":-0.0028239549,"c":0.9999957681,"d":0.003603267,"shortest_distance":1.0049680579,"num_points":468,"plane_center_x":0.0418381989,"plane_center_y":2.2357120514,"plane_center_z":0.0027775567,"color_id":0},"1":{"ros_timestamp":"1695745339.748616","wall_type":"left","a":0.9999721646,"b":0.0074622063,"c":0.0000377283,"d":1.3240041733,"shortest_distance":1.5996286158,"num_points":418,"plane_center_x":-1.3353233337,"plane_center_y":1.5062786341,"plane_center_z":1.1077584028,"color_id":1},"2":{"ros_timestamp":"1695745339.748616","wall_type":"right","a":0.9999524355,"b":0.00975239,"c":-0.0001162208,"d":-1.3341622353,"shortest_distance":1.0596401596,"num_points":212,"plane_center_x":1.3116022348,"plane_center_y":2.3334941864,"plane_center_z":1.160545826,"color_id":2},"3":{"ros_timestamp":"1695745339.748616","wall_type":"front","a":0.0044292812,"b":-0.9999901652,"c":0.0000024,"d":2.9280238152,"shortest_distance":3.3409852096,"num_points":219,"plane_center_x":0.3684928715,"plane_center_y":2.9296877384,"plane_center_z":1.2046699524,"color_id":3}}