{"0":{"ros_timestamp":"1695745316.1129122","wall_type":"floor","a":-0.0001352602,"b":-0.0025628568,"c":0.9999967217,"d":0.0030265301,"shortest_distance":1.0042641914,"num_points":265,"plane_center_x":0.0418425128,"plane_center_y":2.1382308006,"plane_center_z":0.002459117,"color_id":0},"1":{"ros_timestamp":"1695745316.1129122","wall_type":"left","a":0.9999859333,"b":0.0053029093,"c":0.0001573669,"d":1.3271462917,"shortest_distance":1.3619267738,"num_points":210,"plane_center_x":-1.3380591869,"plane_center_y":2.0207695961,"plane_center_z":1.1318765879,"color_id":1},"2":{"ros_timestamp":"1695745316.1129122","wall_type":"right","a":0.9999935031,"b":0.0035948523,"c":-0.000023,"d":-1.3227330446,"shortest_distance":1.2872858762,"num_points":168,"plane_center_x":1.3147805929,"plane_center_y":2.2219126225,"plane_center_z":1.1505080462,"color_id":2}}