{"0":{"ros_timestamp":"1695745340.0389838","wall_type":"floor","a":0.0008607252,"b":-0.0028891987,"c":0.9999954104,"d":0.0037200036,"shortest_distance":1.0051180154,"num_points":468,"plane_center_x":0.0413576066,"plane_center_y":2.2354793549,"plane_center_z":0.0028061585,"color_id":0},"1":{"ros_timestamp":"1695745340.0389838","wall_type":"left","a":0.9999720454,"b":0.0074774306,"c":0.0000280644,"d":1.3238503933,"shortest_distance":1.6015244309,"num_points":418,"plane_center_x":-1.3351621628,"plane_center_y":1.5036420822,"plane_center_z":1.1077501774,"color_id":1},"2":{"ros_timestamp":"1695745340.0389838","wall_type":"right","a":0.9999524355,"b":0.00975239,"c":-0.0001162208,"d":-1.3341622353,"shortest_distance":1.0575714674,"num_points":212,"plane_center_x":1.3116022348,"plane_center_y":2.3334941864,"plane_center_z":1.160545826,"color_id":2},"3":{"ros_timestamp":"1695745340.0389838","wall_type":"front","a":0.0044312016,"b":-0.9999901652,"c":0.0000060196,"d":2.9280164242,"shortest_distance":3.3395925902,"num_points":219,"plane_center_x":0.3715835512,"plane_center_y":2.9296991825,"plane_center_z":1.204600215,"color_id":3}}