{"0":{"ros_timestamp":"1695745340.7336683","wall_type":"floor","a":0.0009239606,"b":-0.0020766226,"c":0.9999973774,"d":0.0017609305,"shortest_distance":1.0028409318,"num_points":467,"plane_center_x":0.0408061147,"plane_center_y":2.2335748672,"plane_center_z":0.002719583,"color_id":0},"1":{"ros_timestamp":"1695745340.7336683","wall_type":"left","a":0.999976635,"b":0.0068352721,"c":0.000024253,"d":1.3238173723,"shortest_distance":1.6099410523,"num_points":434,"plane_center_x":-1.3339095116,"plane_center_y":1.4679961205,"plane_center_z":1.1038191319,"color_id":1},"2":{"ros_timestamp":"1695745340.7336683","wall_type":"right","a":0.9999524355,"b":0.00975239,"c":-0.0001162208,"d":-1.3341622353,"shortest_distance":1.04936639,"num_points":212,"plane_center_x":1.3116022348,"plane_center_y":2.3334941864,"plane_center_z":1.160545826,"color_id":2},"3":{"ros_timestamp":"1695745340.7336683","wall_type":"front","a":0.0044878833,"b":-0.9999899268,"c":0.0000387136,"d":2.9279456139,"shortest_distance":3.3339107399,"num_points":242,"plane_center_x":0.3262699246,"plane_center_y":2.9294857979,"plane_center_z":1.1988892555,"color_id":3}}