{"0":{"ros_timestamp":"1695745341.3600924","wall_type":"floor","a":0.0007330295,"b":-0.0030004103,"c":0.999995172,"d":0.0040527377,"shortest_distance":1.0054434212,"num_points":467,"plane_center_x":0.04131997,"plane_center_y":2.2336800098,"plane_center_z":0.0026189424,"color_id":0},"1":{"ros_timestamp":"1695745341.3600924","wall_type":"left","a":0.9999768138,"b":0.0068086055,"c":0.000046625,"d":1.324485898,"shortest_distance":1.6146943369,"num_points":435,"plane_center_x":-1.3345147371,"plane_center_y":1.4608461857,"plane_center_z":1.1056067944,"color_id":1},"2":{"ros_timestamp":"1695745341.3600924","wall_type":"right","a":0.9999524355,"b":0.00975239,"c":-0.0001162208,"d":-1.3341622353,"shortest_distance":1.0453063834,"num_points":212,"plane_center_x":1.3116022348,"plane_center_y":2.3334941864,"plane_center_z":1.160545826,"color_id":2},"3":{"ros_timestamp":"1695745341.3600924","wall_type":"front","a":0.0045698383,"b":-0.9999895692,"c":0.0000376806,"d":2.9279034138,"shortest_distance":3.331000544,"num_points":242,"plane_center_x":0.3193136156,"plane_center_y":2.9294383526,"plane_center_z":1.1990997791,"color_id":3}}