{"0":{"ros_timestamp":"1695745341.477107","wall_type":"floor","a":0.0007047876,"b":-0.0029815128,"c":0.9999952912,"d":0.0040243091,"shortest_distance":1.0053962371,"num_points":467,"plane_center_x":0.041343417,"plane_center_y":2.2333180904,"plane_center_z":0.0026052315,"color_id":0},"1":{"ros_timestamp":"1695745341.477107","wall_type":"left","a":0.9999761581,"b":0.0069053704,"c":0.0000527761,"d":1.3245357275,"shortest_distance":1.6167262951,"num_points":435,"plane_center_x":-1.3347302675,"plane_center_y":1.4632701874,"plane_center_z":1.1056367159,"color_id":1},"2":{"ros_timestamp":"1695745341.477107","wall_type":"right","a":0.9999524355,"b":0.00975239,"c":-0.0001162208,"d":-1.3341622353,"shortest_distance":1.0432871911,"num_points":212,"plane_center_x":1.3116022348,"plane_center_y":2.3334941864,"plane_center_z":1.160545826,"color_id":2},"3":{"ros_timestamp":"1695745341.477107","wall_type":"front","a":0.0045293793,"b":-0.9999898076,"c":0.0000424317,"d":2.9279196262,"shortest_distance":3.3295491329,"num_points":242,"plane_center_x":0.3212684393,"plane_center_y":2.9294555187,"plane_center_z":1.1990503073,"color_id":3}}