{"0":{"ros_timestamp":"1695745341.585445","wall_type":"floor","a":0.0007055703,"b":-0.0029529869,"c":0.9999954104,"d":0.0039560022,"shortest_distance":1.0053168272,"num_points":467,"plane_center_x":0.0413539708,"plane_center_y":2.2333133221,"plane_center_z":0.0026097763,"color_id":0},"1":{"ros_timestamp":"1695745341.585445","wall_type":"left","a":0.9999762774,"b":0.006878681,"c":0.0000624671,"d":1.3237353563,"shortest_distance":1.6159464361,"num_points":435,"plane_center_x":-1.3339080811,"plane_center_y":1.464253068,"plane_center_z":1.1056399345,"color_id":1},"2":{"ros_timestamp":"1695745341.585445","wall_type":"right","a":0.9999524355,"b":0.00975239,"c":-0.0001162208,"d":-1.3341622353,"shortest_distance":1.0432871911,"num_points":212,"plane_center_x":1.3116022348,"plane_center_y":2.3334941864,"plane_center_z":1.160545826,"color_id":2},"3":{"ros_timestamp":"1695745341.585445","wall_type":"front","a":0.0044557969,"b":-0.9999901056,"c":0.0000470856,"d":2.9279534817,"shortest_distance":3.3295661689,"num_points":242,"plane_center_x":0.3214513958,"plane_center_y":2.9294712543,"plane_center_z":1.199059248,"color_id":3}}