{"0":{"ros_timestamp":"1695745313.5662441","wall_type":"floor","a":0.0000082636,"b":0.0000035133,"c":1.0,"d":0.0000056422,"shortest_distance":0.9999794043,"num_points":116,"plane_center_x":0.0074091442,"plane_center_y":2.1262533665,"plane_center_z":-0.0000131736,"color_id":0},"1":{"ros_timestamp":"1695745313.5662441","wall_type":"left","a":0.999984622,"b":0.0054825232,"c":0.0008050434,"d":1.3280769587,"shortest_distance":1.3385848853,"num_points":177,"plane_center_x":-1.3401927948,"plane_center_y":2.0983645916,"plane_center_z":1.0827656984,"color_id":1},"2":{"ros_timestamp":"1695745313.5662441","wall_type":"right","a":0.9999788404,"b":0.0064322315,"c":-0.0009327452,"d":-1.3260933161,"shortest_distance":1.3177953067,"num_points":154,"plane_center_x":1.3130648136,"plane_center_y":2.1873066425,"plane_center_z":1.0861214399,"color_id":2}}