{"0":{"ros_timestamp":"1695745341.972116","wall_type":"floor","a":0.0007113999,"b":-0.0030268298,"c":0.999995172,"d":0.0041259294,"shortest_distance":1.005511655,"num_points":467,"plane_center_x":0.0411170349,"plane_center_y":2.2336559296,"plane_center_z":0.0026057288,"color_id":0},"1":{"ros_timestamp":"1695745341.972116","wall_type":"left","a":0.9999768138,"b":0.0068147341,"c":0.0000000479,"d":1.3246597052,"shortest_distance":1.6208418493,"num_points":436,"plane_center_x":-1.3346741199,"plane_center_y":1.4649711847,"plane_center_z":1.1033488512,"color_id":1},"2":{"ros_timestamp":"1695745341.972116","wall_type":"right","a":0.9999524355,"b":0.00975239,"c":-0.0001162208,"d":-1.3341622353,"shortest_distance":1.0392706812,"num_points":212,"plane_center_x":1.3116022348,"plane_center_y":2.3334941864,"plane_center_z":1.160545826,"color_id":2},"3":{"ros_timestamp":"1695745341.972116","wall_type":"front","a":0.0046302476,"b":-0.9999892712,"c":0.000026634,"d":2.9278855324,"shortest_distance":3.3265784689,"num_points":260,"plane_center_x":0.2847658396,"plane_center_y":2.9292678833,"plane_center_z":1.2129371166,"color_id":3}}