{"0":{"ros_timestamp":"1695745342.0485644","wall_type":"floor","a":0.0007010787,"b":-0.003050409,"c":0.9999950528,"d":0.0041876556,"shortest_distance":1.0055795998,"num_points":467,"plane_center_x":0.041115988,"plane_center_y":2.2336962223,"plane_center_z":0.0025972186,"color_id":0},"1":{"ros_timestamp":"1695745342.0485644","wall_type":"left","a":0.9999767542,"b":0.0068158875,"c":-0.0000256083,"d":1.3238608837,"shortest_distance":1.6200169795,"num_points":436,"plane_center_x":-1.3338443041,"plane_center_y":1.464322567,"plane_center_z":1.1033433676,"color_id":1},"2":{"ros_timestamp":"1695745342.0485644","wall_type":"right","a":0.9999524355,"b":0.00975239,"c":-0.0001162208,"d":-1.3341622353,"shortest_distance":1.0392706812,"num_points":212,"plane_center_x":1.3116022348,"plane_center_y":2.3334941864,"plane_center_z":1.160545826,"color_id":2},"3":{"ros_timestamp":"1695745342.0485644","wall_type":"front","a":0.0045435717,"b":-0.9999896884,"c":0.0000343573,"d":2.927921772,"shortest_distance":3.3265966241,"num_points":260,"plane_center_x":0.2845843136,"plane_center_y":2.9292867184,"plane_center_z":1.2129508257,"color_id":3}}