{"0":{"ros_timestamp":"1695745342.2948625","wall_type":"floor","a":0.0007877198,"b":-0.0029423323,"c":0.9999952912,"d":0.003884037,"shortest_distance":1.0052534648,"num_points":467,"plane_center_x":0.0406993926,"plane_center_y":2.2337465286,"plane_center_z":0.0026563404,"color_id":0},"1":{"ros_timestamp":"1695745342.2948625","wall_type":"left","a":0.9999744892,"b":0.0071447738,"c":0.0000368392,"d":1.3262859583,"shortest_distance":1.6263523612,"num_points":436,"plane_center_x":-1.3367656469,"plane_center_y":1.4562957287,"plane_center_z":1.10333848,"color_id":1},"2":{"ros_timestamp":"1695745342.2948625","wall_type":"right","a":0.9999524355,"b":0.00975239,"c":-0.0001162208,"d":-1.3341622353,"shortest_distance":1.0352836719,"num_points":212,"plane_center_x":1.3116022348,"plane_center_y":2.3334941864,"plane_center_z":1.160545826,"color_id":2},"3":{"ros_timestamp":"1695745342.2948625","wall_type":"front","a":0.0048360424,"b":-0.9999883175,"c":0.0000208593,"d":2.9277853966,"shortest_distance":3.32354402,"num_points":262,"plane_center_x":0.277931422,"plane_center_y":2.9291889668,"plane_center_z":1.2066597939,"color_id":3}}