{"0":{"ros_timestamp":"1695745342.993659","wall_type":"floor","a":0.000771059,"b":-0.0029309022,"c":0.9999954104,"d":0.003864588,"shortest_distance":1.0052186039,"num_points":468,"plane_center_x":0.0380158313,"plane_center_y":2.2320697308,"plane_center_z":0.0026480898,"color_id":0},"1":{"ros_timestamp":"1695745342.993659","wall_type":"left","a":0.9999750257,"b":0.0070645241,"c":0.0000271093,"d":1.323621273,"shortest_distance":1.6276588106,"num_points":437,"plane_center_x":-1.3339918852,"plane_center_y":1.4590394497,"plane_center_z":1.1047004461,"color_id":1},"2":{"ros_timestamp":"1695745342.993659","wall_type":"right","a":0.9999524355,"b":0.00975239,"c":-0.0001162208,"d":-1.3341622353,"shortest_distance":1.0313265618,"num_points":212,"plane_center_x":1.3116022348,"plane_center_y":2.3334941864,"plane_center_z":1.160545826,"color_id":2},"3":{"ros_timestamp":"1695745342.993659","wall_type":"front","a":0.0045389733,"b":-0.9999896884,"c":0.0000343478,"d":2.9279243946,"shortest_distance":3.3205768005,"num_points":262,"plane_center_x":0.2729845941,"plane_center_y":2.92923522,"plane_center_z":1.2067657709,"color_id":3}}