{"0":{"ros_timestamp":"1695745343.1945465","wall_type":"floor","a":0.0007518304,"b":-0.0028824259,"c":0.9999955297,"d":0.0037607602,"shortest_distance":1.0050870998,"num_points":468,"plane_center_x":0.0379474834,"plane_center_y":2.231831789,"plane_center_z":0.0026438113,"color_id":0},"1":{"ros_timestamp":"1695745343.1945465","wall_type":"left","a":0.9999755621,"b":0.0069914772,"c":0.000018542,"d":1.3236563206,"shortest_distance":1.6296770122,"num_points":438,"plane_center_x":-1.3338565826,"plane_center_y":1.451362133,"plane_center_z":1.1028569937,"color_id":1},"2":{"ros_timestamp":"1695745343.1945465","wall_type":"right","a":0.9999524355,"b":0.00975239,"c":-0.0001162208,"d":-1.3341622353,"shortest_distance":1.0293593427,"num_points":212,"plane_center_x":1.3116022348,"plane_center_y":2.3334941864,"plane_center_z":1.160545826,"color_id":2},"3":{"ros_timestamp":"1695745343.1945465","wall_type":"front","a":0.0045042685,"b":-0.9999899268,"c":0.0000424275,"d":2.9279317856,"shortest_distance":3.3190514616,"num_points":262,"plane_center_x":0.2742979527,"plane_center_y":2.9292480946,"plane_center_z":1.2068014145,"color_id":3}}