{"0":{"ros_timestamp":"1695745343.3301957","wall_type":"floor","a":0.0007727906,"b":-0.0028562793,"c":0.9999956489,"d":0.0036883915,"shortest_distance":1.0050081516,"num_points":468,"plane_center_x":0.0377143137,"plane_center_y":2.231708765,"plane_center_z":0.0026568582,"color_id":0},"1":{"ros_timestamp":"1695745343.3301957","wall_type":"left","a":0.9999750853,"b":0.0070602382,"c":0.0000469373,"d":1.3260134459,"shortest_distance":1.6339910488,"num_points":439,"plane_center_x":-1.3363326788,"plane_center_y":1.4495366812,"plane_center_z":1.1044594049,"color_id":1},"2":{"ros_timestamp":"1695745343.3301957","wall_type":"right","a":0.9999524355,"b":0.00975239,"c":-0.0001162208,"d":-1.3341622353,"shortest_distance":1.0273997466,"num_points":212,"plane_center_x":1.3116022348,"plane_center_y":2.3334941864,"plane_center_z":1.160545826,"color_id":2},"3":{"ros_timestamp":"1695745343.3301957","wall_type":"front","a":0.0049799229,"b":-0.9999875426,"c":0.0000123319,"d":2.9277331829,"shortest_distance":3.3174302826,"num_points":280,"plane_center_x":0.2378300279,"plane_center_y":2.9289691448,"plane_center_z":1.2191762924,"color_id":3}}