{"0":{"ros_timestamp":"1695745343.563688","wall_type":"floor","a":-0.000902939,"b":-0.0039935806,"c":0.9999915361,"d":0.0073644859,"shortest_distance":1.0085930919,"num_points":443,"plane_center_x":0.1145221964,"plane_center_y":2.2540614605,"plane_center_z":0.001740711,"color_id":0},"1":{"ros_timestamp":"1695745343.563688","wall_type":"left","a":0.9999796152,"b":0.005185361,"c":0.0037364734,"d":1.3220313787,"shortest_distance":1.6363723648,"num_points":467,"plane_center_x":-1.3339641094,"plane_center_y":1.4665244818,"plane_center_z":1.0439515114,"color_id":1},"2":{"ros_timestamp":"1695745343.563688","wall_type":"right","a":0.9999524355,"b":0.00975239,"c":-0.0001162208,"d":-1.3341622353,"shortest_distance":1.0254478224,"num_points":212,"plane_center_x":1.3116022348,"plane_center_y":2.3334941864,"plane_center_z":1.160545826,"color_id":2},"3":{"ros_timestamp":"1695745343.563688","wall_type":"front","a":0.0046870564,"b":-0.9999889731,"c":0.0000301092,"d":2.9278557301,"shortest_distance":3.3159309794,"num_points":280,"plane_center_x":0.2372772992,"plane_center_y":2.9290368557,"plane_center_z":1.2191601992,"color_id":3}}