{"0":{"ros_timestamp":"1695745316.4890602","wall_type":"floor","a":-0.0004629306,"b":-0.0033524344,"c":0.9999943376,"d":0.0046878061,"shortest_distance":1.0063004836,"num_points":271,"plane_center_x":0.0423792638,"plane_center_y":2.1429576874,"plane_center_z":0.0025159519,"color_id":0},"1":{"ros_timestamp":"1695745316.4890602","wall_type":"left","a":0.9999904037,"b":0.0043748962,"c":0.0001472259,"d":1.3319948912,"shortest_distance":1.3697047026,"num_points":210,"plane_center_x":-1.3409781456,"plane_center_y":2.012337923,"plane_center_z":1.1319004297,"color_id":1},"2":{"ros_timestamp":"1695745316.4890602","wall_type":"right","a":0.999930799,"b":0.0117595205,"c":-0.0000568298,"d":-1.338227272,"shortest_distance":1.3043836255,"num_points":168,"plane_center_x":1.3121230602,"plane_center_y":2.2331180573,"plane_center_z":1.1504924297,"color_id":2}}