{"0":{"ros_timestamp":"1695745343.705995","wall_type":"floor","a":-0.000646805,"b":-0.0048924428,"c":0.9999877214,"d":0.0092083467,"shortest_distance":1.0108607153,"num_points":444,"plane_center_x":0.1111916825,"plane_center_y":2.2531175613,"plane_center_z":0.0017567568,"color_id":0},"1":{"ros_timestamp":"1695745343.705995","wall_type":"left","a":0.9999787211,"b":0.0059981919,"c":0.0025610072,"d":1.3243721724,"shortest_distance":1.6372232962,"num_points":478,"plane_center_x":-1.3356920481,"plane_center_y":1.436316967,"plane_center_z":1.0449908972,"color_id":1},"2":{"ros_timestamp":"1695745343.705995","wall_type":"right","a":0.9999524355,"b":0.00975239,"c":-0.0001162208,"d":-1.3341622353,"shortest_distance":1.0254478224,"num_points":212,"plane_center_x":1.3116022348,"plane_center_y":2.3334941864,"plane_center_z":1.160545826,"color_id":2},"3":{"ros_timestamp":"1695745343.705995","wall_type":"front","a":0.0049306536,"b":-0.9999878407,"c":0.0000114916,"d":2.9277586937,"shortest_distance":3.3158909126,"num_points":280,"plane_center_x":0.2361319065,"plane_center_y":2.9289724827,"plane_center_z":1.2191662788,"color_id":3}}