{"0":{"ros_timestamp":"1695745344.0140324","wall_type":"floor","a":-0.0006030186,"b":-0.0048379577,"c":0.9999881387,"d":0.0090532359,"shortest_distance":1.0106809816,"num_points":444,"plane_center_x":0.1113220081,"plane_center_y":2.2529568672,"plane_center_z":0.0017835272,"color_id":0},"1":{"ros_timestamp":"1695745344.0140324","wall_type":"left","a":0.9999780059,"b":0.0061315298,"c":0.0025352072,"d":1.3239539862,"shortest_distance":1.6405968421,"num_points":478,"plane_center_x":-1.3354724646,"plane_center_y":1.4416955709,"plane_center_z":1.0449956656,"color_id":1},"2":{"ros_timestamp":"1695745344.0140324","wall_type":"right","a":0.9999524355,"b":0.00975239,"c":-0.0001162208,"d":-1.3341622353,"shortest_distance":1.021567185,"num_points":212,"plane_center_x":1.3116022348,"plane_center_y":2.3334941864,"plane_center_z":1.160545826,"color_id":2},"3":{"ros_timestamp":"1695745344.0140324","wall_type":"front","a":0.0048706639,"b":-0.9999881387,"c":0.0000208306,"d":2.9277777672,"shortest_distance":3.3127740293,"num_points":280,"plane_center_x":0.2340069115,"plane_center_y":2.9289777279,"plane_center_z":1.219204545,"color_id":3}}