{"0":{"ros_timestamp":"1695745344.7478251","wall_type":"floor","a":-0.0008803581,"b":-0.0038522163,"c":0.9999922514,"d":0.0070162611,"shortest_distance":1.0081588604,"num_points":445,"plane_center_x":0.1081388444,"plane_center_y":2.2510616779,"plane_center_z":0.0017505297,"color_id":0},"1":{"ros_timestamp":"1695745344.7478251","wall_type":"left","a":0.9999790788,"b":0.0061833193,"c":0.0019148613,"d":1.3231365681,"shortest_distance":1.6448848154,"num_points":477,"plane_center_x":-1.3340529203,"plane_center_y":1.4366390705,"plane_center_z":1.0471737385,"color_id":1},"2":{"ros_timestamp":"1695745344.7478251","wall_type":"right","a":0.9999524355,"b":0.00975239,"c":-0.0001162208,"d":-1.3341622353,"shortest_distance":1.0158049821,"num_points":212,"plane_center_x":1.3116022348,"plane_center_y":2.3334941864,"plane_center_z":1.160545826,"color_id":2},"3":{"ros_timestamp":"1695745344.7478251","wall_type":"front","a":0.0046286779,"b":-0.9999892712,"c":0.0000330502,"d":2.9278814793,"shortest_distance":3.3080504327,"num_points":280,"plane_center_x":0.2318399996,"plane_center_y":2.9290263653,"plane_center_z":1.2192592621,"color_id":3}}