{"0":{"ros_timestamp":"1695745316.6931107","wall_type":"floor","a":-0.0003645612,"b":-0.0033162427,"c":0.9999944568,"d":0.0046621133,"shortest_distance":1.0062593424,"num_points":274,"plane_center_x":0.0587930121,"plane_center_y":2.1465470791,"plane_center_z":0.0024778054,"color_id":0},"1":{"ros_timestamp":"1695745316.6931107","wall_type":"left","a":0.9999824762,"b":0.0059205703,"c":0.0000663351,"d":1.324485302,"shortest_distance":1.3638264302,"num_points":210,"plane_center_x":-1.3364620209,"plane_center_y":2.0062782764,"plane_center_z":1.131921649,"color_id":1},"2":{"ros_timestamp":"1695745316.6931107","wall_type":"right","a":0.9999996424,"b":-0.0008229179,"c":-0.0000086222,"d":-1.3136510849,"shortest_distance":1.2710436642,"num_points":168,"plane_center_x":1.3154956102,"plane_center_y":2.2288174629,"plane_center_z":1.1504144669,"color_id":2}}