{"0":{"ros_timestamp":"1695745345.7240865","wall_type":"floor","a":-0.0009289785,"b":-0.0039445246,"c":0.9999918342,"d":0.0072646332,"shortest_distance":1.0083934277,"num_points":443,"plane_center_x":0.1144739985,"plane_center_y":2.2519669533,"plane_center_z":0.0017246638,"color_id":0},"1":{"ros_timestamp":"1695745345.7240865","wall_type":"left","a":0.999977529,"b":0.0043404489,"c":0.0051078303,"d":1.3204402924,"shortest_distance":1.6536149491,"num_points":479,"plane_center_x":-1.3329708576,"plane_center_y":1.4402554035,"plane_center_z":1.0428086519,"color_id":1},"2":{"ros_timestamp":"1695745345.7240865","wall_type":"right","a":0.9999524355,"b":0.00975239,"c":-0.0001162208,"d":-1.3341622353,"shortest_distance":1.0082337303,"num_points":212,"plane_center_x":1.3116022348,"plane_center_y":2.3334941864,"plane_center_z":1.160545826,"color_id":2},"3":{"ros_timestamp":"1695745345.7240865","wall_type":"front","a":0.0045863558,"b":-0.99998945,"c":0.0000414139,"d":2.9278905392,"shortest_distance":3.3015699159,"num_points":299,"plane_center_x":0.1875323504,"plane_center_y":2.928832531,"plane_center_z":1.2278380394,"color_id":3}}