{"0":{"ros_timestamp":"1695745345.903766","wall_type":"floor","a":-0.0008663179,"b":-0.0039168294,"c":0.9999919534,"d":0.0071613132,"shortest_distance":1.0082925423,"num_points":445,"plane_center_x":0.1079734787,"plane_center_y":2.2511782646,"plane_center_z":0.001749721,"color_id":0},"1":{"ros_timestamp":"1695745345.903766","wall_type":"left","a":0.9999809265,"b":0.0058608758,"c":0.0019536512,"d":1.3232553005,"shortest_distance":1.6545773262,"num_points":477,"plane_center_x":-1.3337634802,"plane_center_y":1.4395308495,"plane_center_z":1.0471830368,"color_id":1},"2":{"ros_timestamp":"1695745345.903766","wall_type":"right","a":0.9999524355,"b":0.00975239,"c":-0.0001162208,"d":-1.3341622353,"shortest_distance":1.0063611773,"num_points":212,"plane_center_x":1.3116022348,"plane_center_y":2.3334941864,"plane_center_z":1.160545826,"color_id":2},"3":{"ros_timestamp":"1695745345.903766","wall_type":"front","a":0.0047044475,"b":-0.9999889135,"c":0.0000369649,"d":2.927842617,"shortest_distance":3.299911899,"num_points":299,"plane_center_x":0.1861137152,"plane_center_y":2.9287960529,"plane_center_z":1.2278375626,"color_id":3}}