{"0":{"ros_timestamp":"1695745346.0686305","wall_type":"floor","a":-0.0008621838,"b":-0.0038891428,"c":0.999992013,"d":0.0070934966,"shortest_distance":1.0082078926,"num_points":445,"plane_center_x":0.1077980027,"plane_center_y":2.251240015,"plane_center_z":0.0017548533,"color_id":0},"1":{"ros_timestamp":"1695745346.0686305","wall_type":"left","a":0.9999774694,"b":0.0062641772,"c":0.0023977833,"d":1.3242975473,"shortest_distance":1.6577718127,"num_points":477,"plane_center_x":-1.3359588385,"plane_center_y":1.4390488863,"plane_center_z":1.0471942425,"color_id":1},"2":{"ros_timestamp":"1695745346.0686305","wall_type":"right","a":0.9999524355,"b":0.00975239,"c":-0.0001162208,"d":-1.3341622353,"shortest_distance":1.0044968222,"num_points":212,"plane_center_x":1.3116022348,"plane_center_y":2.3334941864,"plane_center_z":1.160545826,"color_id":2},"3":{"ros_timestamp":"1695745346.0686305","wall_type":"front","a":0.0049490049,"b":-0.9999877214,"c":0.0000184296,"d":2.9277572632,"shortest_distance":3.2982355037,"num_points":299,"plane_center_x":0.1866470277,"plane_center_y":2.9287395477,"plane_center_z":1.2278162241,"color_id":3}}