{"0":{"ros_timestamp":"1695745346.2835593","wall_type":"floor","a":-0.0008695654,"b":-0.0039913789,"c":0.9999916553,"d":0.0073393979,"shortest_distance":1.0084803576,"num_points":444,"plane_center_x":0.1108448431,"plane_center_y":2.2532081604,"plane_center_z":0.0017504113,"color_id":0},"1":{"ros_timestamp":"1695745346.2835593","wall_type":"left","a":0.9999773502,"b":0.006024912,"c":0.003005306,"d":1.3238531351,"shortest_distance":1.6598729525,"num_points":478,"plane_center_x":-1.335916996,"plane_center_y":1.4378410578,"plane_center_z":1.0450124741,"color_id":1},"2":{"ros_timestamp":"1695745346.2835593","wall_type":"right","a":0.9999524355,"b":0.00975239,"c":-0.0001162208,"d":-1.3341622353,"shortest_distance":1.0026407116,"num_points":212,"plane_center_x":1.3116022348,"plane_center_y":2.3334941864,"plane_center_z":1.160545826,"color_id":2},"3":{"ros_timestamp":"1695745346.2835593","wall_type":"front","a":0.0049311058,"b":-0.9999878407,"c":0.0000204304,"d":2.9277634621,"shortest_distance":3.2965751964,"num_points":299,"plane_center_x":0.1863362938,"plane_center_y":2.9287428856,"plane_center_z":1.2278102636,"color_id":3}}