{"0":{"ros_timestamp":"1695745346.4494295","wall_type":"floor","a":-0.00086918,"b":-0.0038825569,"c":0.9999921322,"d":0.0070822332,"shortest_distance":1.0081756797,"num_points":444,"plane_center_x":0.1106045842,"plane_center_y":2.2529585361,"plane_center_z":0.0017611554,"color_id":0},"1":{"ros_timestamp":"1695745346.4494295","wall_type":"left","a":0.9999792576,"b":0.0060838913,"c":0.0021125616,"d":1.3228744268,"shortest_distance":1.6598222436,"num_points":478,"plane_center_x":-1.3338518143,"plane_center_y":1.4369235039,"plane_center_z":1.0449955463,"color_id":1},"2":{"ros_timestamp":"1695745346.4494295","wall_type":"right","a":0.9999524355,"b":0.00975239,"c":-0.0001162208,"d":-1.3341622353,"shortest_distance":1.000792892,"num_points":212,"plane_center_x":1.3116022348,"plane_center_y":2.3334941864,"plane_center_z":1.160545826,"color_id":2},"3":{"ros_timestamp":"1695745346.4494295","wall_type":"front","a":0.0051012575,"b":-0.9999869466,"c":0.0000115865,"d":2.9277052879,"shortest_distance":3.2948936368,"num_points":317,"plane_center_x":0.1474443376,"plane_center_y":2.9285099506,"plane_center_z":1.2377258539,"color_id":3}}