{"0":{"ros_timestamp":"1695745347.1886704","wall_type":"floor","a":-0.0008583721,"b":-0.0038687587,"c":0.9999921322,"d":0.0070420918,"shortest_distance":1.0081098103,"num_points":443,"plane_center_x":0.1138775051,"plane_center_y":2.2523665428,"plane_center_z":0.0017695342,"color_id":0},"1":{"ros_timestamp":"1695745347.1886704","wall_type":"left","a":0.9999750257,"b":0.0063998736,"c":0.0030067817,"d":1.3245770931,"shortest_distance":1.6677784409,"num_points":493,"plane_center_x":-1.3367466927,"plane_center_y":1.4069763422,"plane_center_z":1.0415501595,"color_id":1},"2":{"ros_timestamp":"1695745347.1886704","wall_type":"right","a":0.9999524355,"b":0.00975239,"c":-0.0001162208,"d":-1.3341622353,"shortest_distance":0.9952996396,"num_points":212,"plane_center_x":1.3116022348,"plane_center_y":2.3334941864,"plane_center_z":1.160545826,"color_id":2},"3":{"ros_timestamp":"1695745347.1886704","wall_type":"front","a":0.0053406088,"b":-0.9999857545,"c":0.0000001021,"d":2.9276134968,"shortest_distance":3.2898026495,"num_points":317,"plane_center_x":0.1455317587,"plane_center_y":2.9284324646,"plane_center_z":1.2377257347,"color_id":3}}