{"0":{"ros_timestamp":"1695745347.6253424","wall_type":"floor","a":-0.0009163583,"b":-0.0039486759,"c":0.9999917746,"d":0.0072666621,"shortest_distance":1.0083260733,"num_points":444,"plane_center_x":0.1108069792,"plane_center_y":2.2515769005,"plane_center_z":0.0017256381,"color_id":0},"1":{"ros_timestamp":"1695745347.6253424","wall_type":"left","a":0.999980092,"b":0.0058920109,"c":0.0022711183,"d":1.3233686686,"shortest_distance":1.6696257963,"num_points":492,"plane_center_x":-1.3340321779,"plane_center_y":1.4030058384,"plane_center_z":1.0436823368,"color_id":1},"2":{"ros_timestamp":"1695745347.6253424","wall_type":"right","a":0.9999524355,"b":0.00975239,"c":-0.0001162208,"d":-1.3341622353,"shortest_distance":0.9916797673,"num_points":212,"plane_center_x":1.3116022348,"plane_center_y":2.3334941864,"plane_center_z":1.160545826,"color_id":2},"3":{"ros_timestamp":"1695745347.6253424","wall_type":"front","a":0.0048987535,"b":-0.9999880195,"c":0.0000263137,"d":2.927772522,"shortest_distance":3.2864119061,"num_points":317,"plane_center_x":0.1445692182,"plane_center_y":2.928548336,"plane_center_z":1.2377073765,"color_id":3}}