{"0":{"ros_timestamp":"1695745347.854448","wall_type":"floor","a":-0.0009218905,"b":-0.0039459774,"c":0.9999917746,"d":0.0072637079,"shortest_distance":1.0083117597,"num_points":444,"plane_center_x":0.1110843718,"plane_center_y":2.25141716,"plane_center_z":0.0017227557,"color_id":0},"1":{"ros_timestamp":"1695745347.854448","wall_type":"left","a":0.9999804497,"b":0.0058736489,"c":0.0021507561,"d":1.3232578039,"shortest_distance":1.6711917093,"num_points":492,"plane_center_x":-1.3337744474,"plane_center_y":1.4038748741,"plane_center_z":1.043710351,"color_id":1},"2":{"ros_timestamp":"1695745347.854448","wall_type":"right","a":0.9999524355,"b":0.00975239,"c":-0.0001162208,"d":-1.3341622353,"shortest_distance":0.989882656,"num_points":212,"plane_center_x":1.3116022348,"plane_center_y":2.3334941864,"plane_center_z":1.160545826,"color_id":2},"3":{"ros_timestamp":"1695745347.854448","wall_type":"front","a":0.004840116,"b":-0.9999882579,"c":0.000026441,"d":2.9277977943,"shortest_distance":3.2846909543,"num_points":317,"plane_center_x":0.1439322531,"plane_center_y":2.9285614491,"plane_center_z":1.2377033234,"color_id":3}}