{"0":{"ros_timestamp":"1695745347.993525","wall_type":"floor","a":-0.0009205983,"b":-0.0039418512,"c":0.9999918938,"d":0.0072535579,"shortest_distance":1.0082921055,"num_points":444,"plane_center_x":0.1104470938,"plane_center_y":2.2512524128,"plane_center_z":0.0017222358,"color_id":0},"1":{"ros_timestamp":"1695745347.993525","wall_type":"left","a":0.9999805093,"b":0.0058905319,"c":0.0020493434,"d":1.323361516,"shortest_distance":1.6729699425,"num_points":492,"plane_center_x":-1.3337913752,"plane_center_y":1.4030864239,"plane_center_z":1.0437330008,"color_id":1},"2":{"ros_timestamp":"1695745347.993525","wall_type":"right","a":0.9999524355,"b":0.00975239,"c":-0.0001162208,"d":-1.3341622353,"shortest_distance":0.9880941545,"num_points":212,"plane_center_x":1.3116022348,"plane_center_y":2.3334941864,"plane_center_z":1.160545826,"color_id":2},"3":{"ros_timestamp":"1695745347.993525","wall_type":"front","a":0.0048274565,"b":-0.9999883771,"c":0.0000258336,"d":2.9278039932,"shortest_distance":3.2829567523,"num_points":317,"plane_center_x":0.143217653,"plane_center_y":2.9285614491,"plane_center_z":1.2377058268,"color_id":3}}