{"0":{"ros_timestamp":"1695745348.3445294","wall_type":"floor","a":-0.0008801591,"b":-0.0038974141,"c":0.999992013,"d":0.0071240626,"shortest_distance":1.0081444637,"num_points":443,"plane_center_x":0.1128720045,"plane_center_y":2.2535600662,"plane_center_z":0.0017583534,"color_id":0},"1":{"ros_timestamp":"1695745348.3445294","wall_type":"left","a":0.9999774694,"b":0.0063593695,"c":0.0021476855,"d":1.3241455555,"shortest_distance":1.6772246467,"num_points":493,"plane_center_x":-1.3353463411,"plane_center_y":1.4047859907,"plane_center_z":1.0416669846,"color_id":1},"2":{"ros_timestamp":"1695745348.3445294","wall_type":"right","a":0.9999524355,"b":0.00975239,"c":-0.0001162208,"d":-1.3341622353,"shortest_distance":0.98454316,"num_points":212,"plane_center_x":1.3116022348,"plane_center_y":2.3334941864,"plane_center_z":1.160545826,"color_id":2},"3":{"ros_timestamp":"1695745348.3445294","wall_type":"front","a":0.0049761054,"b":-0.9999876022,"c":0.0000218288,"d":2.9277477264,"shortest_distance":3.2794517855,"num_points":317,"plane_center_x":0.1419032812,"plane_center_y":2.9285171032,"plane_center_z":1.2377096415,"color_id":3}}