{"0":{"ros_timestamp":"1695745348.4580214","wall_type":"floor","a":-0.000322518,"b":-0.0059818258,"c":0.9999819994,"d":0.0114372233,"shortest_distance":1.0133739999,"num_points":442,"plane_center_x":0.1161785051,"plane_center_y":2.2553033829,"plane_center_z":0.0018029194,"color_id":0},"1":{"ros_timestamp":"1695745348.4580214","wall_type":"left","a":0.9999808073,"b":0.0059053954,"c":0.0018828146,"d":1.3232161999,"shortest_distance":1.6761904306,"num_points":494,"plane_center_x":-1.3333990574,"plane_center_y":1.4051796198,"plane_center_z":1.0395947695,"color_id":1},"2":{"ros_timestamp":"1695745348.4580214","wall_type":"right","a":0.9999524355,"b":0.00975239,"c":-0.0001162208,"d":-1.3341622353,"shortest_distance":0.98454316,"num_points":212,"plane_center_x":1.3116022348,"plane_center_y":2.3334941864,"plane_center_z":1.160545826,"color_id":2},"3":{"ros_timestamp":"1695745348.4580214","wall_type":"front","a":0.0047940686,"b":-0.9999884963,"c":0.0000286719,"d":2.9278140068,"shortest_distance":3.2794609164,"num_points":317,"plane_center_x":0.1416402608,"plane_center_y":2.9285621643,"plane_center_z":1.2377135754,"color_id":3}}