{"0":{"ros_timestamp":"1695745349.0334861","wall_type":"floor","a":-0.0008586589,"b":-0.003987127,"c":0.999991715,"d":0.007321985,"shortest_distance":1.0083552864,"num_points":443,"plane_center_x":0.1130237356,"plane_center_y":2.2544631958,"plane_center_z":0.0017639097,"color_id":0},"1":{"ros_timestamp":"1695745349.0334861","wall_type":"left","a":0.9999799728,"b":0.0058875876,"c":0.0023216335,"d":1.3228142262,"shortest_distance":1.6814735556,"num_points":497,"plane_center_x":-1.3334659338,"plane_center_y":1.3940392733,"plane_center_z":1.0412445068,"color_id":1},"2":{"ros_timestamp":"1695745349.0334861","wall_type":"right","a":0.9999524355,"b":0.00975239,"c":-0.0001162208,"d":-1.3341622353,"shortest_distance":0.9792823529,"num_points":212,"plane_center_x":1.3116022348,"plane_center_y":2.3334941864,"plane_center_z":1.160545826,"color_id":2},"3":{"ros_timestamp":"1695745349.0334861","wall_type":"front","a":0.0048440257,"b":-0.9999881983,"c":0.0000255848,"d":2.9277989864,"shortest_distance":3.2741491923,"num_points":335,"plane_center_x":0.1003380045,"plane_center_y":2.9283514023,"plane_center_z":1.2465465069,"color_id":3}}