{"0":{"ros_timestamp":"1695745349.179778","wall_type":"floor","a":-0.0008584229,"b":-0.0039888574,"c":0.999991715,"d":0.0073258393,"shortest_distance":1.008351175,"num_points":443,"plane_center_x":0.1129660234,"plane_center_y":2.2544529438,"plane_center_z":0.0017638395,"color_id":0},"1":{"ros_timestamp":"1695745349.179778","wall_type":"left","a":0.9999762774,"b":0.0064640502,"c":0.002383119,"d":1.3240574598,"shortest_distance":1.6843083338,"num_points":497,"plane_center_x":-1.3355910778,"plane_center_y":1.3954735994,"plane_center_z":1.0412606001,"color_id":1},"2":{"ros_timestamp":"1695745349.179778","wall_type":"right","a":0.9999524355,"b":0.00975239,"c":-0.0001162208,"d":-1.3341622353,"shortest_distance":0.9775464421,"num_points":212,"plane_center_x":1.3116022348,"plane_center_y":2.3334941864,"plane_center_z":1.160545826,"color_id":2},"3":{"ros_timestamp":"1695745349.179778","wall_type":"front","a":0.0052103577,"b":-0.9999864697,"c":0.0000164427,"d":2.9276623726,"shortest_distance":3.2723465646,"num_points":335,"plane_center_x":0.0998009667,"plane_center_y":2.928242445,"plane_center_z":1.2465416193,"color_id":3}}