{"0":{"ros_timestamp":"1695745349.2686198","wall_type":"floor","a":-0.0008575063,"b":-0.0039885431,"c":0.999991715,"d":0.0073246043,"shortest_distance":1.0083501644,"num_points":443,"plane_center_x":0.1128813252,"plane_center_y":2.2544381618,"plane_center_z":0.0017641309,"color_id":0},"1":{"ros_timestamp":"1695745349.2686198","wall_type":"left","a":0.9999799728,"b":0.005939675,"c":0.0021751286,"d":1.3229656219,"shortest_distance":1.683189647,"num_points":497,"plane_center_x":-1.3335497379,"plane_center_y":1.3961310387,"plane_center_z":1.0412602425,"color_id":1},"2":{"ros_timestamp":"1695745349.2686198","wall_type":"right","a":0.9999524355,"b":0.00975239,"c":-0.0001162208,"d":-1.3341622353,"shortest_distance":0.9775464421,"num_points":212,"plane_center_x":1.3116022348,"plane_center_y":2.3334941864,"plane_center_z":1.160545826,"color_id":2},"3":{"ros_timestamp":"1695745349.2686198","wall_type":"front","a":0.0048431442,"b":-0.9999883175,"c":0.0000243675,"d":2.9277999401,"shortest_distance":3.2723604529,"num_points":335,"plane_center_x":0.0995514914,"plane_center_y":2.9283466339,"plane_center_z":1.2465298176,"color_id":3}}