{"0":{"ros_timestamp":"1695745349.3336086","wall_type":"floor","a":-0.000858119,"b":-0.003983207,"c":0.999991715,"d":0.0073122941,"shortest_distance":1.0083358253,"num_points":443,"plane_center_x":0.1130564585,"plane_center_y":2.2543520927,"plane_center_z":0.0017642879,"color_id":0},"1":{"ros_timestamp":"1695745349.3336086","wall_type":"left","a":0.9999762177,"b":0.0064962185,"c":0.0023266044,"d":1.3241051435,"shortest_distance":1.6842884292,"num_points":497,"plane_center_x":-1.3356225491,"plane_center_y":1.3951429129,"plane_center_z":1.0412586927,"color_id":1},"2":{"ros_timestamp":"1695745349.3336086","wall_type":"right","a":0.9999524355,"b":0.00975239,"c":-0.0001162208,"d":-1.3341622353,"shortest_distance":0.9775464421,"num_points":212,"plane_center_x":1.3116022348,"plane_center_y":2.3334941864,"plane_center_z":1.160545826,"color_id":2},"3":{"ros_timestamp":"1695745349.3336086","wall_type":"front","a":0.0050853379,"b":-0.9999870658,"c":0.0000155709,"d":2.9277164936,"shortest_distance":3.2723551552,"num_points":335,"plane_center_x":0.0995711833,"plane_center_y":2.9282801151,"plane_center_z":1.2465157509,"color_id":3}}