{"0":{"ros_timestamp":"1695745349.4906209","wall_type":"floor","a":-0.0008583763,"b":-0.0039804941,"c":0.999991715,"d":0.0073060133,"shortest_distance":1.0083198814,"num_points":443,"plane_center_x":0.1131331623,"plane_center_y":2.2543053627,"plane_center_z":0.0017643616,"color_id":0},"1":{"ros_timestamp":"1695745349.4906209","wall_type":"left","a":0.9999744892,"b":0.0067298925,"c":0.002374887,"d":1.3245923519,"shortest_distance":1.6864648868,"num_points":497,"plane_center_x":-1.3364856243,"plane_center_y":1.3947132826,"plane_center_z":1.041260004,"color_id":1},"2":{"ros_timestamp":"1695745349.4906209","wall_type":"right","a":0.9999524355,"b":0.00975239,"c":-0.0001162208,"d":-1.3341622353,"shortest_distance":0.9758194496,"num_points":212,"plane_center_x":1.3116022348,"plane_center_y":2.3334941864,"plane_center_z":1.160545826,"color_id":2},"3":{"ros_timestamp":"1695745349.4906209","wall_type":"front","a":0.005165508,"b":-0.9999867082,"c":0.0000117456,"d":2.9276895523,"shortest_distance":3.2705570763,"num_points":335,"plane_center_x":0.0995777771,"plane_center_y":2.9282574654,"plane_center_z":1.2465112209,"color_id":3}}