{"0":{"ros_timestamp":"1695745317.1004224","wall_type":"floor","a":-0.00019402,"b":-0.0028211756,"c":0.9999960065,"d":0.0035523255,"shortest_distance":1.0049108558,"num_points":274,"plane_center_x":0.0549134724,"plane_center_y":2.1487374306,"plane_center_z":0.0025203044,"color_id":0},"1":{"ros_timestamp":"1695745317.1004224","wall_type":"left","a":0.9999864101,"b":0.0052127214,"c":0.0000438015,"d":1.3260641098,"shortest_distance":1.3706873274,"num_points":230,"plane_center_x":-1.3363127708,"plane_center_y":1.9531942606,"plane_center_z":1.1204646826,"color_id":1},"2":{"ros_timestamp":"1695745317.1004224","wall_type":"right","a":0.9999997616,"b":-0.0005946742,"c":-0.0000161355,"d":-1.3138341904,"shortest_distance":1.2663961294,"num_points":168,"plane_center_x":1.3151860237,"plane_center_y":2.2412919998,"plane_center_z":1.1504694223,"color_id":2}}