{"0":{"ros_timestamp":"1695745349.8364522","wall_type":"floor","a":-0.0008483197,"b":-0.0038804831,"c":0.9999921322,"d":0.0070638955,"shortest_distance":1.0080307178,"num_points":445,"plane_center_x":0.1065936983,"plane_center_y":2.2509651184,"plane_center_z":0.0017613765,"color_id":0},"1":{"ros_timestamp":"1695745349.8364522","wall_type":"left","a":0.9999758601,"b":0.0067441445,"c":0.0016740239,"d":1.3246939182,"shortest_distance":1.6892773647,"num_points":507,"plane_center_x":-1.335672617,"plane_center_y":1.3638832569,"plane_center_z":1.044380784,"color_id":1},"2":{"ros_timestamp":"1695745349.8364522","wall_type":"right","a":0.9999524355,"b":0.00975239,"c":-0.0001162208,"d":-1.3341622353,"shortest_distance":0.9723923918,"num_points":212,"plane_center_x":1.3116022348,"plane_center_y":2.3334941864,"plane_center_z":1.160545826,"color_id":2},"3":{"ros_timestamp":"1695745349.8364522","wall_type":"front","a":0.005078204,"b":-0.9999870658,"c":0.0000154965,"d":2.9277215004,"shortest_distance":3.2669438679,"num_points":335,"plane_center_x":0.0981444716,"plane_center_y":2.9282770157,"plane_center_z":1.2465200424,"color_id":3}}