{"0":{"ros_timestamp":"1695745349.9152658","wall_type":"floor","a":-0.0007681146,"b":-0.0039667832,"c":0.9999917746,"d":0.0072186678,"shortest_distance":1.0082436213,"num_points":445,"plane_center_x":0.1066230685,"plane_center_y":2.2510375977,"plane_center_z":0.0017926241,"color_id":0},"1":{"ros_timestamp":"1695745349.9152658","wall_type":"left","a":0.9999809861,"b":0.0047705686,"c":0.003908826,"d":1.3221554756,"shortest_distance":1.6896413373,"num_points":508,"plane_center_x":-1.3336009979,"plane_center_y":1.3604310751,"plane_center_z":1.0455390215,"color_id":1},"2":{"ros_timestamp":"1695745349.9152658","wall_type":"right","a":0.9999524355,"b":0.00975239,"c":-0.0001162208,"d":-1.3341622353,"shortest_distance":0.9723923918,"num_points":212,"plane_center_x":1.3116022348,"plane_center_y":2.3334941864,"plane_center_z":1.160545826,"color_id":2},"3":{"ros_timestamp":"1695745349.9152658","wall_type":"front","a":0.0047668424,"b":-0.9999886751,"c":0.0000278572,"d":2.9278254509,"shortest_distance":3.2669467633,"num_points":335,"plane_center_x":0.0978680626,"plane_center_y":2.9283597469,"plane_center_z":1.2465221882,"color_id":3}}