{"0":{"ros_timestamp":"1695745350.0538468","wall_type":"floor","a":-0.0007607423,"b":-0.0039797779,"c":0.9999917746,"d":0.0072449604,"shortest_distance":1.0082683803,"num_points":445,"plane_center_x":0.1066297367,"plane_center_y":2.2510318756,"plane_center_z":0.0017947793,"color_id":0},"1":{"ros_timestamp":"1695745350.0538468","wall_type":"left","a":0.9999759793,"b":0.0067088171,"c":0.0017381829,"d":1.324611187,"shortest_distance":1.6909652162,"num_points":509,"plane_center_x":-1.3355704546,"plane_center_y":1.3582463264,"plane_center_z":1.0441815853,"color_id":1},"2":{"ros_timestamp":"1695745350.0538468","wall_type":"right","a":0.9999524355,"b":0.00975239,"c":-0.0001162208,"d":-1.3341622353,"shortest_distance":0.9706924123,"num_points":212,"plane_center_x":1.3116022348,"plane_center_y":2.3334941864,"plane_center_z":1.160545826,"color_id":2},"3":{"ros_timestamp":"1695745350.0538468","wall_type":"front","a":0.0050928341,"b":-0.9999870062,"c":0.0000141414,"d":2.9277191162,"shortest_distance":3.2651238174,"num_points":335,"plane_center_x":0.0972521976,"plane_center_y":2.9282701015,"plane_center_z":1.2465230227,"color_id":3}}