{"0":{"ros_timestamp":"1695745350.2568636","wall_type":"floor","a":-0.0007969999,"b":-0.003926903,"c":0.999992013,"d":0.0071425317,"shortest_distance":1.0081265357,"num_points":443,"plane_center_x":0.1127231345,"plane_center_y":2.2528526783,"plane_center_z":0.0017940564,"color_id":0},"1":{"ros_timestamp":"1695745350.2568636","wall_type":"left","a":0.9999846816,"b":0.0049677282,"c":0.0024272182,"d":1.3228769302,"shortest_distance":1.6921895459,"num_points":511,"plane_center_x":-1.3322942257,"plane_center_y":1.3608803749,"plane_center_z":1.040086031,"color_id":1},"2":{"ros_timestamp":"1695745350.2568636","wall_type":"right","a":0.9999524355,"b":0.00975239,"c":-0.0001162208,"d":-1.3341622353,"shortest_distance":0.9690015224,"num_points":212,"plane_center_x":1.3116022348,"plane_center_y":2.3334941864,"plane_center_z":1.160545826,"color_id":2},"3":{"ros_timestamp":"1695745350.2568636","wall_type":"front","a":0.0046588071,"b":-0.999989152,"c":0.0000285184,"d":2.9278662205,"shortest_distance":3.2632959364,"num_points":335,"plane_center_x":0.0969872624,"plane_center_y":2.9283852577,"plane_center_z":1.2465270758,"color_id":3}}