{"0":{"ros_timestamp":"1695745350.5135634","wall_type":"floor","a":-0.0007620436,"b":-0.0038548145,"c":0.9999922514,"d":0.0069510704,"shortest_distance":1.0079158233,"num_points":443,"plane_center_x":0.1126933843,"plane_center_y":2.2536370754,"plane_center_z":0.0018221735,"color_id":0},"1":{"ros_timestamp":"1695745350.5135634","wall_type":"left","a":0.9999773502,"b":0.0062976545,"c":0.0023805993,"d":1.3240745068,"shortest_distance":1.6945693604,"num_points":511,"plane_center_x":-1.3351472616,"plane_center_y":1.3602619171,"plane_center_z":1.0400693417,"color_id":1},"2":{"ros_timestamp":"1695745350.5135634","wall_type":"right","a":0.9999524355,"b":0.00975239,"c":-0.0001162208,"d":-1.3341622353,"shortest_distance":0.9673197644,"num_points":212,"plane_center_x":1.3116022348,"plane_center_y":2.3334941864,"plane_center_z":1.160545826,"color_id":2},"3":{"ros_timestamp":"1695745350.5135634","wall_type":"front","a":0.0054023727,"b":-0.9999853969,"c":0.0000043602,"d":2.9276213646,"shortest_distance":3.2614618672,"num_points":353,"plane_center_x":0.0547878854,"plane_center_y":2.9279654026,"plane_center_z":1.2544628382,"color_id":3}}