{"0":{"ros_timestamp":"1695745350.6567955","wall_type":"floor","a":-0.0007725077,"b":-0.0039412715,"c":0.9999919534,"d":0.007161662,"shortest_distance":1.0081422955,"num_points":442,"plane_center_x":0.1155462041,"plane_center_y":2.255594492,"plane_center_z":0.0018175228,"color_id":0},"1":{"ros_timestamp":"1695745350.6567955","wall_type":"left","a":0.999977231,"b":0.0061818333,"c":0.0027133534,"d":1.3237271309,"shortest_distance":1.6962591119,"num_points":512,"plane_center_x":-1.3349753618,"plane_center_y":1.3590279818,"plane_center_z":1.0380228758,"color_id":1},"2":{"ros_timestamp":"1695745350.6567955","wall_type":"right","a":0.9999524355,"b":0.00975239,"c":-0.0001162208,"d":-1.3341622353,"shortest_distance":0.9656471803,"num_points":212,"plane_center_x":1.3116022348,"plane_center_y":2.3334941864,"plane_center_z":1.160545826,"color_id":2},"3":{"ros_timestamp":"1695745350.6567955","wall_type":"front","a":0.0051415414,"b":-0.9999867678,"c":0.0000198033,"d":2.9276981354,"shortest_distance":3.2596113142,"num_points":353,"plane_center_x":0.0546933338,"plane_center_y":2.9280431271,"plane_center_z":1.2544672489,"color_id":3}}