{"0":{"ros_timestamp":"1695745350.8849888","wall_type":"floor","a":-0.000797316,"b":-0.0040533054,"c":0.9999914169,"d":0.0074413982,"shortest_distance":1.0084493092,"num_points":441,"plane_center_x":0.1186156347,"plane_center_y":2.2572529316,"plane_center_z":0.0018025268,"color_id":0},"1":{"ros_timestamp":"1695745350.8849888","wall_type":"left","a":0.9999834299,"b":0.0052345525,"c":0.0024014383,"d":1.3224853277,"shortest_distance":1.6950203062,"num_points":513,"plane_center_x":-1.3320176601,"plane_center_y":1.360052228,"plane_center_z":1.0360171795,"color_id":1},"2":{"ros_timestamp":"1695745350.8849888","wall_type":"right","a":0.9999524355,"b":0.00975239,"c":-0.0001162208,"d":-1.3341622353,"shortest_distance":0.9656471803,"num_points":212,"plane_center_x":1.3116022348,"plane_center_y":2.3334941864,"plane_center_z":1.160545826,"color_id":2},"3":{"ros_timestamp":"1695745350.8849888","wall_type":"front","a":0.0046949582,"b":-0.9999889731,"c":0.0000266935,"d":2.9278523922,"shortest_distance":3.2596070896,"num_points":353,"plane_center_x":0.0545606762,"plane_center_y":2.9281742573,"plane_center_z":1.2544674873,"color_id":3}}