{"0":{"ros_timestamp":"1695745313.6598923","wall_type":"floor","a":0.0000043992,"b":0.0000065689,"c":1.0,"d":-0.0000041606,"shortest_distance":0.9999680349,"num_points":118,"plane_center_x":0.0042088395,"plane_center_y":2.1318483353,"plane_center_z":-0.0000098618,"color_id":0},"1":{"ros_timestamp":"1695745313.6598923","wall_type":"left","a":0.9999501109,"b":0.0095063196,"c":0.0030680315,"d":1.3175845146,"shortest_distance":1.3283550303,"num_points":175,"plane_center_x":-1.3414545059,"plane_center_y":2.0878837109,"plane_center_z":1.0945740938,"color_id":1},"2":{"ros_timestamp":"1695745313.6598923","wall_type":"right","a":0.999971509,"b":0.007310702,"c":-0.001856685,"d":-1.3253400326,"shortest_distance":1.3184026503,"num_points":159,"plane_center_x":1.311349988,"plane_center_y":2.1861462593,"plane_center_z":1.0528951883,"color_id":2}}