{"0":{"ros_timestamp":"1695745351.538378","wall_type":"floor","a":-0.0009098179,"b":-0.004013049,"c":0.9999914765,"d":0.0074153272,"shortest_distance":1.0083411867,"num_points":442,"plane_center_x":0.1151756644,"plane_center_y":2.2547461987,"plane_center_z":0.0017378832,"color_id":0},"1":{"ros_timestamp":"1695745351.538378","wall_type":"left","a":0.9999758601,"b":0.0066907709,"c":0.0018738665,"d":1.3244326115,"shortest_distance":1.7009019251,"num_points":514,"plane_center_x":-1.3353108168,"plane_center_y":1.3580508232,"plane_center_z":1.0379024744,"color_id":1},"2":{"ros_timestamp":"1695745351.538378","wall_type":"right","a":0.9999524355,"b":0.00975239,"c":-0.0001162208,"d":-1.3341622353,"shortest_distance":0.9606848888,"num_points":212,"plane_center_x":1.3116022348,"plane_center_y":2.3334941864,"plane_center_z":1.160545826,"color_id":2},"3":{"ros_timestamp":"1695745351.538378","wall_type":"front","a":0.0050867861,"b":-0.9999870062,"c":0.000019704,"d":2.9277217388,"shortest_distance":3.2540247882,"num_points":353,"plane_center_x":0.052160535,"plane_center_y":2.9280500412,"plane_center_z":1.25446105,"color_id":3}}