{"0":{"ros_timestamp":"1695745351.6930063","wall_type":"floor","a":-0.0008872834,"b":-0.0039917435,"c":0.999991715,"d":0.0073509673,"shortest_distance":1.0082695398,"num_points":442,"plane_center_x":0.1152656153,"plane_center_y":2.2548000813,"plane_center_z":0.0017519043,"color_id":0},"1":{"ros_timestamp":"1695745351.6930063","wall_type":"left","a":0.9999818802,"b":0.0056069889,"c":0.0021845573,"d":1.3232947588,"shortest_distance":1.702056288,"num_points":514,"plane_center_x":-1.3331913948,"plane_center_y":1.3563505411,"plane_center_z":1.0379159451,"color_id":1},"2":{"ros_timestamp":"1695745351.6930063","wall_type":"right","a":0.9999524355,"b":0.00975239,"c":-0.0001162208,"d":-1.3341622353,"shortest_distance":0.9590494164,"num_points":212,"plane_center_x":1.3116022348,"plane_center_y":2.3334941864,"plane_center_z":1.160545826,"color_id":2},"3":{"ros_timestamp":"1695745351.6930063","wall_type":"front","a":0.0048532588,"b":-0.9999881983,"c":0.0000265773,"d":2.9277949333,"shortest_distance":3.2521371019,"num_points":353,"plane_center_x":0.052016519,"plane_center_y":2.9281153679,"plane_center_z":1.2544595003,"color_id":3}}