{"0":{"ros_timestamp":"1695745351.7748728","wall_type":"floor","a":-0.000872502,"b":-0.0039845365,"c":0.9999917746,"d":0.0073249196,"shortest_distance":1.0082468027,"num_points":441,"plane_center_x":0.1184652075,"plane_center_y":2.2548494339,"plane_center_z":0.0017629864,"color_id":0},"1":{"ros_timestamp":"1695745351.7748728","wall_type":"left","a":0.9999845624,"b":0.0050354893,"c":0.0023608753,"d":1.322887063,"shortest_distance":1.7020101485,"num_points":515,"plane_center_x":-1.3321882486,"plane_center_y":1.3573483229,"plane_center_z":1.035905838,"color_id":1},"2":{"ros_timestamp":"1695745351.7748728","wall_type":"right","a":0.9999524355,"b":0.00975239,"c":-0.0001162208,"d":-1.3341622353,"shortest_distance":0.9590494164,"num_points":212,"plane_center_x":1.3116022348,"plane_center_y":2.3334941864,"plane_center_z":1.160545826,"color_id":2},"3":{"ros_timestamp":"1695745351.7748728","wall_type":"front","a":0.0047352896,"b":-0.9999887943,"c":0.0000257189,"d":2.9278378487,"shortest_distance":3.2521346135,"num_points":353,"plane_center_x":0.0519445017,"plane_center_y":2.9281489849,"plane_center_z":1.2544589043,"color_id":3}}