{"0":{"ros_timestamp":"1695745352.2372534","wall_type":"floor","a":-0.0008745219,"b":-0.0038304969,"c":0.9999922514,"d":0.006962101,"shortest_distance":1.0078167864,"num_points":443,"plane_center_x":0.1121946499,"plane_center_y":2.2521157265,"plane_center_z":0.0017627522,"color_id":0},"1":{"ros_timestamp":"1695745352.2372534","wall_type":"left","a":0.9999828339,"b":0.005460198,"c":0.0021231507,"d":1.3235006332,"shortest_distance":1.7054749896,"num_points":515,"plane_center_x":-1.3332289457,"plane_center_y":1.3537786007,"plane_center_z":1.0397003889,"color_id":1},"2":{"ros_timestamp":"1695745352.2372534","wall_type":"right","a":0.9999524355,"b":0.00975239,"c":-0.0001162208,"d":-1.3341622353,"shortest_distance":0.9558066543,"num_points":212,"plane_center_x":1.3116022348,"plane_center_y":2.3334941864,"plane_center_z":1.160545826,"color_id":2},"3":{"ros_timestamp":"1695745352.2372534","wall_type":"front","a":0.0050641587,"b":-0.999987185,"c":0.0000050091,"d":2.9277513027,"shortest_distance":3.2483675776,"num_points":365,"plane_center_x":0.0227729455,"plane_center_y":2.9279103279,"plane_center_z":1.2623687983,"color_id":3}}