{"0":{"ros_timestamp":"1695745352.2535226","wall_type":"floor","a":-0.000894303,"b":-0.0038383689,"c":0.999992311,"d":0.0069930265,"shortest_distance":1.0078426236,"num_points":445,"plane_center_x":0.1058202311,"plane_center_y":2.2514982224,"plane_center_z":0.0017437033,"color_id":0},"1":{"ros_timestamp":"1695745352.2535226","wall_type":"left","a":0.9999752045,"b":0.0068801818,"c":0.0014842651,"d":1.3246893883,"shortest_distance":1.705569473,"num_points":513,"plane_center_x":-1.3355566263,"plane_center_y":1.3495249748,"plane_center_z":1.0437303782,"color_id":1},"2":{"ros_timestamp":"1695745352.2535226","wall_type":"right","a":0.9999524355,"b":0.00975239,"c":-0.0001162208,"d":-1.3341622353,"shortest_distance":0.9558066543,"num_points":212,"plane_center_x":1.3116022348,"plane_center_y":2.3334941864,"plane_center_z":1.160545826,"color_id":2},"3":{"ros_timestamp":"1695745352.2535226","wall_type":"front","a":0.0052043167,"b":-0.9999864697,"c":0.0000241377,"d":2.9276816845,"shortest_distance":3.2483703286,"num_points":371,"plane_center_x":0.0090292059,"plane_center_y":2.927798748,"plane_center_z":1.2616270781,"color_id":3}}