{"0":{"ros_timestamp":"1695745352.397579","wall_type":"floor","a":-0.0008732264,"b":-0.0038586557,"c":0.9999921918,"d":0.0070279269,"shortest_distance":1.007883208,"num_points":444,"plane_center_x":0.1089237332,"plane_center_y":2.2515842915,"plane_center_z":0.0017552905,"color_id":0},"1":{"ros_timestamp":"1695745352.397579","wall_type":"left","a":0.9999819398,"b":0.0058722957,"c":0.0012766839,"d":1.3241199255,"shortest_distance":1.7067159995,"num_points":514,"plane_center_x":-1.3333127499,"plane_center_y":1.3509949446,"plane_center_z":1.0416961908,"color_id":1},"2":{"ros_timestamp":"1695745352.397579","wall_type":"right","a":0.9999524355,"b":0.00975239,"c":-0.0001162208,"d":-1.3341622353,"shortest_distance":0.9541994458,"num_points":212,"plane_center_x":1.3116022348,"plane_center_y":2.3334941864,"plane_center_z":1.160545826,"color_id":2},"3":{"ros_timestamp":"1695745352.397579","wall_type":"front","a":0.00489756,"b":-0.9999879599,"c":0.0000250941,"d":2.9277839661,"shortest_distance":3.2464530147,"num_points":371,"plane_center_x":0.0089451438,"plane_center_y":2.9278948307,"plane_center_z":1.2616351843,"color_id":3}}