{"0":{"ros_timestamp":"1695745317.4326727","wall_type":"floor","a":0.0006330862,"b":0.0066353623,"c":0.9999778271,"d":-0.0176588874,"shortest_distance":0.9790433204,"num_points":275,"plane_center_x":0.0460643694,"plane_center_y":2.1482255459,"plane_center_z":0.0025793484,"color_id":0},"1":{"ros_timestamp":"1695745317.4326727","wall_type":"left","a":0.9999873042,"b":0.0050430694,"c":0.0001019816,"d":1.330452323,"shortest_distance":1.3776929063,"num_points":230,"plane_center_x":-1.3403903246,"plane_center_y":1.9445850849,"plane_center_z":1.1204559803,"color_id":1},"2":{"ros_timestamp":"1695745317.4326727","wall_type":"right","a":0.9999359846,"b":0.0113105616,"c":-0.0000835171,"d":-1.3373299837,"shortest_distance":1.2933778928,"num_points":169,"plane_center_x":1.3121181726,"plane_center_y":2.2450127602,"plane_center_z":1.156773448,"color_id":2}}