{"0":{"ros_timestamp":"1695745352.8945508","wall_type":"floor","a":-0.0008343402,"b":-0.0039774831,"c":0.9999917746,"d":0.0072844224,"shortest_distance":1.0081738819,"num_points":443,"plane_center_x":0.1120261997,"plane_center_y":2.2542898655,"plane_center_z":0.0017754606,"color_id":0},"1":{"ros_timestamp":"1695745352.8945508","wall_type":"left","a":0.9999845624,"b":0.0052616443,"c":0.0017814813,"d":1.3232604265,"shortest_distance":1.7097244295,"num_points":515,"plane_center_x":-1.3322663307,"plane_center_y":1.3556822538,"plane_center_z":1.0396496058,"color_id":1},"2":{"ros_timestamp":"1695745352.8945508","wall_type":"right","a":0.9999524355,"b":0.00975239,"c":-0.0001162208,"d":-1.3341622353,"shortest_distance":0.9510135744,"num_points":212,"plane_center_x":1.3116022348,"plane_center_y":2.3334941864,"plane_center_z":1.160545826,"color_id":2},"3":{"ros_timestamp":"1695745352.8945508","wall_type":"front","a":0.0046811635,"b":-0.9999890327,"c":0.0000314136,"d":2.9278478622,"shortest_distance":3.242607672,"num_points":371,"plane_center_x":0.0076250439,"plane_center_y":2.927955389,"plane_center_z":1.2616339922,"color_id":3}}