{"0":{"ros_timestamp":"1695745353.3450036","wall_type":"floor","a":-0.000823517,"b":-0.0039587244,"c":0.9999918342,"d":0.0072337571,"shortest_distance":1.0081036949,"num_points":443,"plane_center_x":0.1115869731,"plane_center_y":2.2543609142,"plane_center_z":0.0017825452,"color_id":0},"1":{"ros_timestamp":"1695745353.3450036","wall_type":"left","a":0.9999819994,"b":0.0054370342,"c":0.0025355553,"d":1.322815299,"shortest_distance":1.7131083768,"num_points":530,"plane_center_x":-1.3328371048,"plane_center_y":1.3181444407,"plane_center_z":1.0367100239,"color_id":1},"2":{"ros_timestamp":"1695745353.3450036","wall_type":"right","a":0.9999524355,"b":0.00975239,"c":-0.0001162208,"d":-1.3341622353,"shortest_distance":0.9478660292,"num_points":212,"plane_center_x":1.3116022348,"plane_center_y":2.3334941864,"plane_center_z":1.160545826,"color_id":2},"3":{"ros_timestamp":"1695745353.3450036","wall_type":"front","a":0.004965377,"b":-0.9999876618,"c":0.0000241257,"d":2.9277644157,"shortest_distance":3.2387628691,"num_points":371,"plane_center_x":0.0072266106,"plane_center_y":2.9278669357,"plane_center_z":1.2616326809,"color_id":3}}