{"0":{"ros_timestamp":"1695745353.5587468","wall_type":"floor","a":-0.0008445673,"b":-0.0040282425,"c":0.9999915361,"d":0.0074107847,"shortest_distance":1.0082845533,"num_points":441,"plane_center_x":0.1177647933,"plane_center_y":2.2571492195,"plane_center_z":0.0017810354,"color_id":0},"1":{"ros_timestamp":"1695745353.5587468","wall_type":"left","a":0.9999828339,"b":0.0051577743,"c":0.0027671708,"d":1.3227925301,"shortest_distance":1.7149542833,"num_points":532,"plane_center_x":-1.3326728344,"plane_center_y":1.3194338083,"plane_center_z":1.0328813791,"color_id":1},"2":{"ros_timestamp":"1695745353.5587468","wall_type":"right","a":0.9999524355,"b":0.00975239,"c":-0.0001162208,"d":-1.3341622353,"shortest_distance":0.9463067274,"num_points":212,"plane_center_x":1.3116022348,"plane_center_y":2.3334941864,"plane_center_z":1.160545826,"color_id":2},"3":{"ros_timestamp":"1695745353.5587468","wall_type":"front","a":0.004965377,"b":-0.9999876618,"c":0.0000241257,"d":2.9277644157,"shortest_distance":3.2368194622,"num_points":371,"plane_center_x":0.0072266106,"plane_center_y":2.9278669357,"plane_center_z":1.2616326809,"color_id":3}}