{"0":{"ros_timestamp":"1695745354.3739345","wall_type":"floor","a":-0.0008149461,"b":-0.0042270785,"c":0.9999907613,"d":0.0078631844,"shortest_distance":1.0087705462,"num_points":439,"plane_center_x":0.1238192022,"plane_center_y":2.2600798607,"plane_center_z":0.0017912734,"color_id":0},"1":{"ros_timestamp":"1695745354.3739345","wall_type":"left","a":0.9999738932,"b":0.0069510764,"c":0.0019742954,"d":1.3239456415,"shortest_distance":1.7208781505,"num_points":535,"plane_center_x":-1.3348400593,"plane_center_y":1.3212532997,"plane_center_z":1.0303995609,"color_id":1},"2":{"ros_timestamp":"1695745354.3739345","wall_type":"right","a":0.9999524355,"b":0.00975239,"c":-0.0001162208,"d":-1.3341622353,"shortest_distance":0.9401668993,"num_points":212,"plane_center_x":1.3116022348,"plane_center_y":2.3334941864,"plane_center_z":1.160545826,"color_id":2},"3":{"ros_timestamp":"1695745354.3739345","wall_type":"front","a":0.004965377,"b":-0.9999876618,"c":0.0000241257,"d":2.9277644157,"shortest_distance":3.2289690661,"num_points":371,"plane_center_x":0.0072266106,"plane_center_y":2.9278669357,"plane_center_z":1.2616326809,"color_id":3}}