{"0":{"ros_timestamp":"1695745354.7961664","wall_type":"floor","a":-0.0009204791,"b":-0.0040602977,"c":0.9999913573,"d":0.0075341007,"shortest_distance":1.0083313396,"num_points":437,"plane_center_x":0.1301573813,"plane_center_y":2.2594044209,"plane_center_z":0.0017595758,"color_id":0},"1":{"ros_timestamp":"1695745354.7961664","wall_type":"left","a":0.9999728799,"b":0.0053368337,"c":0.0050792433,"d":1.3216798306,"shortest_distance":1.7251931908,"num_points":538,"plane_center_x":-1.3345564604,"plane_center_y":1.3218539953,"plane_center_z":1.0250285864,"color_id":1},"2":{"ros_timestamp":"1695745354.7961664","wall_type":"right","a":0.9999524355,"b":0.00975239,"c":-0.0001162208,"d":-1.3341622353,"shortest_distance":0.9371559489,"num_points":212,"plane_center_x":1.3116022348,"plane_center_y":2.3334941864,"plane_center_z":1.160545826,"color_id":2},"3":{"ros_timestamp":"1695745354.7961664","wall_type":"front","a":0.004965377,"b":-0.9999876618,"c":0.0000241257,"d":2.9277644157,"shortest_distance":3.2249984943,"num_points":371,"plane_center_x":0.0072266106,"plane_center_y":2.9278669357,"plane_center_z":1.2616326809,"color_id":3}}