{"0":{"ros_timestamp":"1695745354.874495","wall_type":"floor","a":-0.0008724069,"b":-0.00404074,"c":0.9999914765,"d":0.0074576726,"shortest_distance":1.0082684898,"num_points":441,"plane_center_x":0.1175394729,"plane_center_y":2.2561376095,"plane_center_z":0.00176135,"color_id":0},"1":{"ros_timestamp":"1695745354.874495","wall_type":"left","a":0.9999833107,"b":0.0053535835,"c":0.0021673357,"d":1.3233836889,"shortest_distance":1.7239844934,"num_points":534,"plane_center_x":-1.332698226,"plane_center_y":1.3176298141,"plane_center_z":1.032648325,"color_id":1},"2":{"ros_timestamp":"1695745354.874495","wall_type":"right","a":0.9999524355,"b":0.00975239,"c":-0.0001162208,"d":-1.3341622353,"shortest_distance":0.9371559489,"num_points":212,"plane_center_x":1.3116022348,"plane_center_y":2.3334941864,"plane_center_z":1.160545826,"color_id":2},"3":{"ros_timestamp":"1695745354.874495","wall_type":"front","a":0.004965377,"b":-0.9999876618,"c":0.0000241257,"d":2.9277644157,"shortest_distance":3.2249984943,"num_points":371,"plane_center_x":0.0072266106,"plane_center_y":2.9278669357,"plane_center_z":1.2616326809,"color_id":3}}