{"0":{"ros_timestamp":"1695745354.9569588","wall_type":"floor","a":-0.0009034349,"b":-0.0040049125,"c":0.9999915361,"d":0.0073920595,"shortest_distance":1.0081800047,"num_points":442,"plane_center_x":0.1145335138,"plane_center_y":2.255053997,"plane_center_z":0.0017427228,"color_id":0},"1":{"ros_timestamp":"1695745354.9569588","wall_type":"left","a":0.9999735951,"b":0.0068880571,"c":0.0023246454,"d":1.3235553503,"shortest_distance":1.7238565036,"num_points":534,"plane_center_x":-1.3350676298,"plane_center_y":1.316649437,"plane_center_z":1.0357458591,"color_id":1},"2":{"ros_timestamp":"1695745354.9569588","wall_type":"right","a":0.9999524355,"b":0.00975239,"c":-0.0001162208,"d":-1.3341622353,"shortest_distance":0.9371559489,"num_points":212,"plane_center_x":1.3116022348,"plane_center_y":2.3334941864,"plane_center_z":1.160545826,"color_id":2},"3":{"ros_timestamp":"1695745354.9569588","wall_type":"front","a":0.004965377,"b":-0.9999876618,"c":0.0000241257,"d":2.9277644157,"shortest_distance":3.2249984943,"num_points":371,"plane_center_x":0.0072266106,"plane_center_y":2.9278669357,"plane_center_z":1.2616326809,"color_id":3}}