{"0":{"ros_timestamp":"1695745355.1434603","wall_type":"floor","a":-0.0008785964,"b":-0.0040748897,"c":0.9999912977,"d":0.0075419433,"shortest_distance":1.0083507651,"num_points":441,"plane_center_x":0.1177953333,"plane_center_y":2.2567558289,"plane_center_z":0.0017575972,"color_id":0},"1":{"ros_timestamp":"1695745355.1434603","wall_type":"left","a":0.9999856353,"b":0.0049368851,"c":0.0020607479,"d":1.3232474327,"shortest_distance":1.7253466815,"num_points":535,"plane_center_x":-1.3318425417,"plane_center_y":1.3242841959,"plane_center_z":1.0337883234,"color_id":1},"2":{"ros_timestamp":"1695745355.1434603","wall_type":"right","a":0.9999524355,"b":0.00975239,"c":-0.0001162208,"d":-1.3341622353,"shortest_distance":0.935665347,"num_points":212,"plane_center_x":1.3116022348,"plane_center_y":2.3334941864,"plane_center_z":1.160545826,"color_id":2},"3":{"ros_timestamp":"1695745355.1434603","wall_type":"front","a":0.004965377,"b":-0.9999876618,"c":0.0000241257,"d":2.9277644157,"shortest_distance":3.2230020382,"num_points":371,"plane_center_x":0.0072266106,"plane_center_y":2.9278669357,"plane_center_z":1.2616326809,"color_id":3}}