{"0":{"ros_timestamp":"1695745355.723508","wall_type":"floor","a":-0.0009270577,"b":-0.0040473323,"c":0.9999914169,"d":0.0075074667,"shortest_distance":1.0082602763,"num_points":441,"plane_center_x":0.1178370714,"plane_center_y":2.2572360039,"plane_center_z":0.0017375747,"color_id":0},"1":{"ros_timestamp":"1695745355.723508","wall_type":"left","a":0.999982357,"b":0.0053195036,"c":0.0026431167,"d":1.3228123188,"shortest_distance":1.729765475,"num_points":537,"plane_center_x":-1.3326327801,"plane_center_y":1.3108699322,"plane_center_z":1.0304772854,"color_id":1},"2":{"ros_timestamp":"1695745355.723508","wall_type":"right","a":0.9999524355,"b":0.00975239,"c":-0.0001162208,"d":-1.3341622353,"shortest_distance":0.9312534811,"num_points":212,"plane_center_x":1.3116022348,"plane_center_y":2.3334941864,"plane_center_z":1.160545826,"color_id":2},"3":{"ros_timestamp":"1695745355.723508","wall_type":"front","a":0.004965377,"b":-0.9999876618,"c":0.0000241257,"d":2.9277644157,"shortest_distance":3.2169685885,"num_points":371,"plane_center_x":0.0072266106,"plane_center_y":2.9278669357,"plane_center_z":1.2616326809,"color_id":3}}