{"0":{"ros_timestamp":"1695745355.8751671","wall_type":"floor","a":-0.0009468408,"b":-0.004114795,"c":0.9999911189,"d":0.0076789348,"shortest_distance":1.0084330756,"num_points":440,"plane_center_x":0.1210071817,"plane_center_y":2.2587981224,"plane_center_z":0.0017301462,"color_id":0},"1":{"ros_timestamp":"1695745355.8751671","wall_type":"left","a":0.9999863505,"b":0.0045407559,"c":0.002577258,"d":1.32294631,"shortest_distance":1.7314988663,"num_points":538,"plane_center_x":-1.3315929174,"plane_center_y":1.3114383221,"plane_center_z":1.0285894871,"color_id":1},"2":{"ros_timestamp":"1695745355.8751671","wall_type":"right","a":0.9999524355,"b":0.00975239,"c":-0.0001162208,"d":-1.3341622353,"shortest_distance":0.9298029615,"num_points":212,"plane_center_x":1.3116022348,"plane_center_y":2.3334941864,"plane_center_z":1.160545826,"color_id":2},"3":{"ros_timestamp":"1695745355.8751671","wall_type":"front","a":0.004965377,"b":-0.9999876618,"c":0.0000241257,"d":2.9277644157,"shortest_distance":3.2149429125,"num_points":371,"plane_center_x":0.0072266106,"plane_center_y":2.9278669357,"plane_center_z":1.2616326809,"color_id":3}}