{"0":{"ros_timestamp":"1695745355.9795616","wall_type":"floor","a":-0.0008743898,"b":-0.0039862888,"c":0.9999916553,"d":0.0073302328,"shortest_distance":1.0080778263,"num_points":443,"plane_center_x":0.1116800606,"plane_center_y":2.2553970814,"plane_center_z":0.0017580979,"color_id":0},"1":{"ros_timestamp":"1695745355.9795616","wall_type":"left","a":0.9999831319,"b":0.0055538686,"c":0.0017389995,"d":1.3236087561,"shortest_distance":1.7310327405,"num_points":535,"plane_center_x":-1.3327157497,"plane_center_y":1.3118444681,"plane_center_z":1.0343168974,"color_id":1},"2":{"ros_timestamp":"1695745355.9795616","wall_type":"right","a":0.9999524355,"b":0.00975239,"c":-0.0001162208,"d":-1.3341622353,"shortest_distance":0.9298029615,"num_points":212,"plane_center_x":1.3116022348,"plane_center_y":2.3334941864,"plane_center_z":1.160545826,"color_id":2},"3":{"ros_timestamp":"1695745355.9795616","wall_type":"front","a":0.004965377,"b":-0.9999876618,"c":0.0000241257,"d":2.9277644157,"shortest_distance":3.2149429125,"num_points":371,"plane_center_x":0.0072266106,"plane_center_y":2.9278669357,"plane_center_z":1.2616326809,"color_id":3}}