{"0":{"ros_timestamp":"1695745356.1949222","wall_type":"floor","a":-0.0009077129,"b":-0.0040293238,"c":0.9999915361,"d":0.0074526314,"shortest_distance":1.0081892121,"num_points":443,"plane_center_x":0.1116325781,"plane_center_y":2.2551321983,"plane_center_z":0.0017353719,"color_id":0},"1":{"ros_timestamp":"1695745356.1949222","wall_type":"left","a":0.9999807477,"b":0.005938346,"c":0.0018053558,"d":1.3232982159,"shortest_distance":1.7321107224,"num_points":535,"plane_center_x":-1.3329712152,"plane_center_y":1.3101359606,"plane_center_z":1.0342811346,"color_id":1},"2":{"ros_timestamp":"1695745356.1949222","wall_type":"right","a":0.9999524355,"b":0.00975239,"c":-0.0001162208,"d":-1.3341622353,"shortest_distance":0.9283625538,"num_points":212,"plane_center_x":1.3116022348,"plane_center_y":2.3334941864,"plane_center_z":1.160545826,"color_id":2},"3":{"ros_timestamp":"1695745356.1949222","wall_type":"front","a":0.004965377,"b":-0.9999876618,"c":0.0000241257,"d":2.9277644157,"shortest_distance":3.2129100575,"num_points":371,"plane_center_x":0.0072266106,"plane_center_y":2.9278669357,"plane_center_z":1.2616326809,"color_id":3}}