{"0":{"ros_timestamp":"1695745356.9694788","wall_type":"floor","a":-0.0008870057,"b":-0.0039620395,"c":0.9999917746,"d":0.0072810315,"shortest_distance":1.0079791751,"num_points":443,"plane_center_x":0.1113405749,"plane_center_y":2.2550356388,"plane_center_z":0.0017522835,"color_id":0},"1":{"ros_timestamp":"1695745356.9694788","wall_type":"left","a":0.9999687076,"b":0.0076287352,"c":0.0021399099,"d":1.3230650425,"shortest_distance":1.7359756566,"num_points":549,"plane_center_x":-1.3350627422,"plane_center_y":1.2773672342,"plane_center_z":1.0334008932,"color_id":1},"2":{"ros_timestamp":"1695745356.9694788","wall_type":"right","a":0.9999524355,"b":0.00975239,"c":-0.0001162208,"d":-1.3341622353,"shortest_distance":0.9241023608,"num_points":212,"plane_center_x":1.3116022348,"plane_center_y":2.3334941864,"plane_center_z":1.160545826,"color_id":2},"3":{"ros_timestamp":"1695745356.9694788","wall_type":"front","a":0.004965377,"b":-0.9999876618,"c":0.0000241257,"d":2.9277644157,"shortest_distance":3.2067689288,"num_points":371,"plane_center_x":0.0072266106,"plane_center_y":2.9278669357,"plane_center_z":1.2616326809,"color_id":3}}