{"0":{"ros_timestamp":"1695745357.2094498","wall_type":"floor","a":-0.0008814302,"b":-0.0039719804,"c":0.9999916553,"d":0.0073011862,"shortest_distance":1.0079854734,"num_points":442,"plane_center_x":0.1145064682,"plane_center_y":2.2549631596,"plane_center_z":0.0017564278,"color_id":0},"1":{"ros_timestamp":"1695745357.2094498","wall_type":"left","a":0.9999706149,"b":0.0074076578,"c":0.0020093801,"d":1.3231674433,"shortest_distance":1.7387888387,"num_points":550,"plane_center_x":-1.3346657753,"plane_center_y":1.2789767981,"plane_center_z":1.0315545797,"color_id":1},"2":{"ros_timestamp":"1695745357.2094498","wall_type":"right","a":0.9999524355,"b":0.00975239,"c":-0.0001162208,"d":-1.3341622353,"shortest_distance":0.9213134449,"num_points":212,"plane_center_x":1.3116022348,"plane_center_y":2.3334941864,"plane_center_z":1.160545826,"color_id":2},"3":{"ros_timestamp":"1695745357.2094498","wall_type":"front","a":0.004965377,"b":-0.9999876618,"c":0.0000241257,"d":2.9277644157,"shortest_distance":3.2026398852,"num_points":371,"plane_center_x":0.0072266106,"plane_center_y":2.9278669357,"plane_center_z":1.2616326809,"color_id":3}}