{"0":{"ros_timestamp":"1695745357.3292055","wall_type":"floor","a":-0.0008736294,"b":-0.0039517945,"c":0.9999917746,"d":0.0072487341,"shortest_distance":1.0079308437,"num_points":442,"plane_center_x":0.1144468188,"plane_center_y":2.2549171448,"plane_center_z":0.0017622332,"color_id":0},"1":{"ros_timestamp":"1695745357.3292055","wall_type":"left","a":0.9999819994,"b":0.0056312177,"c":0.0020450919,"d":1.3232074976,"shortest_distance":1.7393541494,"num_points":550,"plane_center_x":-1.3325481415,"plane_center_y":1.2798272371,"plane_center_z":1.031545043,"color_id":1},"2":{"ros_timestamp":"1695745357.3292055","wall_type":"right","a":0.9999524355,"b":0.00975239,"c":-0.0001162208,"d":-1.3341622353,"shortest_distance":0.9213134449,"num_points":212,"plane_center_x":1.3116022348,"plane_center_y":2.3334941864,"plane_center_z":1.160545826,"color_id":2},"3":{"ros_timestamp":"1695745357.3292055","wall_type":"front","a":0.004965377,"b":-0.9999876618,"c":0.0000241257,"d":2.9277644157,"shortest_distance":3.2026398852,"num_points":371,"plane_center_x":0.0072266106,"plane_center_y":2.9278669357,"plane_center_z":1.2616326809,"color_id":3}}