{"0":{"ros_timestamp":"1695745318.0085735","wall_type":"floor","a":-0.0001854699,"b":-0.0025153509,"c":0.999996841,"d":0.0029610463,"shortest_distance":1.0041649815,"num_points":292,"plane_center_x":0.0391181149,"plane_center_y":2.1515343189,"plane_center_z":0.0024580804,"color_id":0},"1":{"ros_timestamp":"1695745318.0085735","wall_type":"left","a":0.9999859333,"b":0.0053101266,"c":0.0000643221,"d":1.3271985054,"shortest_distance":1.381687783,"num_points":230,"plane_center_x":-1.3375524282,"plane_center_y":1.9327120781,"plane_center_z":1.1204824448,"color_id":1},"2":{"ros_timestamp":"1695745318.0085735","wall_type":"right","a":0.9999946356,"b":0.0032449197,"c":-0.0001169833,"d":-1.3207461834,"shortest_distance":1.2654178083,"num_points":190,"plane_center_x":1.3135210276,"plane_center_y":2.2704432011,"plane_center_z":1.1559736729,"color_id":2}}