{"0":{"ros_timestamp":"1695745358.0535812","wall_type":"floor","a":-0.0006325205,"b":-0.004966992,"c":0.9999874234,"d":0.0093764924,"shortest_distance":1.0103864524,"num_points":442,"plane_center_x":0.1141329408,"plane_center_y":2.2549791336,"plane_center_z":0.0017656207,"color_id":0},"1":{"ros_timestamp":"1695745358.0535812","wall_type":"left","a":0.9999717474,"b":0.0072045317,"c":0.0021613091,"d":1.3231772184,"shortest_distance":1.7444389358,"num_points":571,"plane_center_x":-1.3350045681,"plane_center_y":1.3245754242,"plane_center_z":1.0395089388,"color_id":1},"2":{"ros_timestamp":"1695745358.0535812","wall_type":"right","a":0.9999524355,"b":0.00975239,"c":-0.0001162208,"d":-1.3341622353,"shortest_distance":0.9158597762,"num_points":212,"plane_center_x":1.3116022348,"plane_center_y":2.3334941864,"plane_center_z":1.160545826,"color_id":2},"3":{"ros_timestamp":"1695745358.0535812","wall_type":"front","a":0.004965377,"b":-0.9999876618,"c":0.0000241257,"d":2.9277644157,"shortest_distance":3.1942997589,"num_points":371,"plane_center_x":0.0072266106,"plane_center_y":2.9278669357,"plane_center_z":1.2616326809,"color_id":3}}