{"0":{"ros_timestamp":"1695745358.2891726","wall_type":"floor","a":-0.0008365507,"b":-0.0040590898,"c":0.9999914169,"d":0.0074797715,"shortest_distance":1.0081580475,"num_points":441,"plane_center_x":0.1171599701,"plane_center_y":2.2568912506,"plane_center_z":0.0017791789,"color_id":0},"1":{"ros_timestamp":"1695745358.2891726","wall_type":"left","a":0.9999685287,"b":0.0076829945,"c":0.0019475718,"d":1.3232204914,"shortest_distance":1.7454737809,"num_points":573,"plane_center_x":-1.3352782726,"plane_center_y":1.3224018812,"plane_center_z":1.038872838,"color_id":1},"2":{"ros_timestamp":"1695745358.2891726","wall_type":"right","a":0.9999524355,"b":0.00975239,"c":-0.0001162208,"d":-1.3341622353,"shortest_distance":0.9145224256,"num_points":212,"plane_center_x":1.3116022348,"plane_center_y":2.3334941864,"plane_center_z":1.160545826,"color_id":2},"3":{"ros_timestamp":"1695745358.2891726","wall_type":"front","a":0.004965377,"b":-0.9999876618,"c":0.0000241257,"d":2.9277644157,"shortest_distance":3.1921979397,"num_points":371,"plane_center_x":0.0072266106,"plane_center_y":2.9278669357,"plane_center_z":1.2616326809,"color_id":3}}