{"0":{"ros_timestamp":"1695745318.157488","wall_type":"floor","a":-0.0002074028,"b":-0.0025048263,"c":0.999996841,"d":0.0029381374,"shortest_distance":1.0041356456,"num_points":292,"plane_center_x":0.0393852293,"plane_center_y":2.1521346569,"plane_center_z":0.0024607626,"color_id":0},"1":{"ros_timestamp":"1695745318.157488","wall_type":"left","a":0.9999855757,"b":0.0053601777,"c":0.0000470331,"d":1.3257366419,"shortest_distance":1.3801840175,"num_points":230,"plane_center_x":-1.3361620903,"plane_center_y":1.9315481186,"plane_center_z":1.1204782724,"color_id":1},"2":{"ros_timestamp":"1695745318.157488","wall_type":"right","a":1.0,"b":-0.0000874326,"c":-0.0001081701,"d":-1.3139021397,"shortest_distance":1.2569187211,"num_points":190,"plane_center_x":1.3142257929,"plane_center_y":2.2710142136,"plane_center_z":1.1559747458,"color_id":2}}