{"0":{"ros_timestamp":"1695745359.4855847","wall_type":"floor","a":-0.0009604083,"b":-0.0041372343,"c":0.9999909997,"d":0.007741279,"shortest_distance":1.0083371247,"num_points":438,"plane_center_x":0.1261190623,"plane_center_y":2.2595052719,"plane_center_z":0.0017279652,"color_id":0},"1":{"ros_timestamp":"1695745359.4855847","wall_type":"left","a":0.9999800324,"b":0.0057747536,"c":0.0025609687,"d":1.3226271868,"shortest_distance":1.7524857417,"num_points":576,"plane_center_x":-1.3328766823,"plane_center_y":1.3266978264,"plane_center_z":1.0335512161,"color_id":1},"2":{"ros_timestamp":"1695745359.4855847","wall_type":"right","a":0.9999524355,"b":0.00975239,"c":-0.0001162208,"d":-1.3341622353,"shortest_distance":0.9079937401,"num_points":212,"plane_center_x":1.3116022348,"plane_center_y":2.3334941864,"plane_center_z":1.160545826,"color_id":2},"3":{"ros_timestamp":"1695745359.4855847","wall_type":"front","a":0.004965377,"b":-0.9999876618,"c":0.0000241257,"d":2.9277644157,"shortest_distance":3.181590747,"num_points":371,"plane_center_x":0.0072266106,"plane_center_y":2.9278669357,"plane_center_z":1.2616326809,"color_id":3}}