{"0":{"ros_timestamp":"1695745359.970676","wall_type":"floor","a":-0.0009037277,"b":-0.0041340757,"c":0.9999910593,"d":0.0076987972,"shortest_distance":1.0082881444,"num_points":439,"plane_center_x":0.1228371635,"plane_center_y":2.2584066391,"plane_center_z":0.0017486539,"color_id":0},"1":{"ros_timestamp":"1695745359.970676","wall_type":"left","a":0.9999670982,"b":0.0077732569,"c":0.0023495962,"d":1.3226749897,"shortest_distance":1.7555903637,"num_points":610,"plane_center_x":-1.3353750706,"plane_center_y":1.3337324858,"plane_center_z":1.0418943167,"color_id":1},"2":{"ros_timestamp":"1695745359.970676","wall_type":"right","a":0.9999524355,"b":0.00975239,"c":-0.0001162208,"d":-1.3341622353,"shortest_distance":0.9042041534,"num_points":212,"plane_center_x":1.3116022348,"plane_center_y":2.3334941864,"plane_center_z":1.160545826,"color_id":2},"3":{"ros_timestamp":"1695745359.970676","wall_type":"front","a":0.004965377,"b":-0.9999876618,"c":0.0000241257,"d":2.9277644157,"shortest_distance":3.1751498663,"num_points":371,"plane_center_x":0.0072266106,"plane_center_y":2.9278669357,"plane_center_z":1.2616326809,"color_id":3}}