{"0":{"ros_timestamp":"1696255536.0620878","wall_type":"floor","a":-0.0002142689,"b":0.0000872711,"c":0.9999999404,"d":-0.0010586425,"shortest_distance":0.9990220254,"num_points":1084,"plane_center_x":0.0415152088,"plane_center_y":-0.5319464803,"plane_center_z":0.0011139616,"color_id":0},"1":{"ros_timestamp":"1696255536.0620878","wall_type":"left","a":0.9998986125,"b":0.0138955181,"c":0.0031086134,"d":1.3222090006,"shortest_distance":0.8281990022,"num_points":1506,"plane_center_x":-1.3189809322,"plane_center_y":-0.5366281271,"plane_center_z":1.0727002621,"color_id":1},"2":{"ros_timestamp":"1696255536.0620878","wall_type":"right","a":0.9999082685,"b":0.0134864831,"c":-0.0012822804,"d":-1.3245062828,"shortest_distance":1.8229061899,"num_points":1166,"plane_center_x":1.3241558075,"plane_center_y":0.1337921321,"plane_center_z":1.0692117214,"color_id":2},"3":{"ros_timestamp":"1696255536.0620878","wall_type":"front","a":0.0117954584,"b":-0.9999304414,"c":0.0000249189,"d":2.9276750088,"shortest_distance":2.9355624635,"num_points":350,"plane_center_x":-0.0396289155,"plane_center_y":2.9274425507,"plane_center_z":1.262856245,"color_id":3},"4":{"ros_timestamp":"1696255536.0620878","wall_type":"back","a":0.0108666476,"b":-0.9999409318,"c":-0.0000069272,"d":-2.9277734756,"shortest_distance":2.9194561639,"num_points":389,"plane_center_x":0.0194301736,"plane_center_y":-2.9277436733,"plane_center_z":1.2170842886,"color_id":4}}