{"0":{"ros_timestamp":"1696255536.4878936","wall_type":"floor","a":-0.0001885178,"b":0.0000514354,"c":0.9999999404,"d":-0.0011349088,"shortest_distance":0.9989328794,"num_points":1087,"plane_center_x":0.0379195735,"plane_center_y":-0.5332549214,"plane_center_z":0.0011220956,"color_id":0},"1":{"ros_timestamp":"1696255536.4878936","wall_type":"left","a":0.9999092221,"b":0.0134648904,"c":0.0004846216,"d":1.3257269859,"shortest_distance":0.8293337585,"num_points":1503,"plane_center_x":-1.3190960884,"plane_center_y":-0.5356912017,"plane_center_z":1.0748332739,"color_id":1},"2":{"ros_timestamp":"1696255536.4878936","wall_type":"right","a":0.9999092817,"b":0.0134009905,"c":-0.001376755,"d":-1.3243951797,"shortest_distance":1.8226482105,"num_points":1166,"plane_center_x":1.3240950108,"plane_center_y":0.1412056834,"plane_center_z":1.0692117214,"color_id":2},"3":{"ros_timestamp":"1696255536.4878936","wall_type":"front","a":0.0117954584,"b":-0.9999304414,"c":0.0000249189,"d":2.9276750088,"shortest_distance":2.9455023388,"num_points":350,"plane_center_x":-0.0396289155,"plane_center_y":2.9274425507,"plane_center_z":1.262856245,"color_id":3},"4":{"ros_timestamp":"1696255536.4878936","wall_type":"back","a":0.0108666476,"b":-0.9999409318,"c":-0.0000069272,"d":-2.9277734756,"shortest_distance":2.9095165313,"num_points":389,"plane_center_x":0.0194301736,"plane_center_y":-2.9277436733,"plane_center_z":1.2170842886,"color_id":4}}