{"0":{"ros_timestamp":"1696255536.6617208","wall_type":"floor","a":-0.0001968237,"b":0.0000839053,"c":1.0,"d":-0.0010691041,"shortest_distance":0.9990015688,"num_points":1085,"plane_center_x":0.0402857251,"plane_center_y":-0.5301787257,"plane_center_z":0.0011215181,"color_id":0},"1":{"ros_timestamp":"1696255536.6617208","wall_type":"left","a":0.9999046326,"b":0.0136436811,"c":0.0021504066,"d":1.3234425783,"shortest_distance":0.8289068005,"num_points":1505,"plane_center_x":-1.3189985752,"plane_center_y":-0.5379056931,"plane_center_z":1.0734068155,"color_id":1},"2":{"ros_timestamp":"1696255536.6617208","wall_type":"right","a":0.9999087453,"b":0.0134359952,"c":-0.0013929788,"d":-1.3243597746,"shortest_distance":1.8224349582,"num_points":1168,"plane_center_x":1.3240810633,"plane_center_y":0.1407216042,"plane_center_z":1.0704782009,"color_id":2},"3":{"ros_timestamp":"1696255536.6617208","wall_type":"front","a":0.0117954584,"b":-0.9999304414,"c":0.0000249189,"d":2.9276750088,"shortest_distance":2.9504698546,"num_points":350,"plane_center_x":-0.0396289155,"plane_center_y":2.9274425507,"plane_center_z":1.262856245,"color_id":3},"4":{"ros_timestamp":"1696255536.6617208","wall_type":"back","a":0.0108666476,"b":-0.9999409318,"c":-0.0000069272,"d":-2.9277734756,"shortest_distance":2.904549206,"num_points":389,"plane_center_x":0.0194301736,"plane_center_y":-2.9277436733,"plane_center_z":1.2170842886,"color_id":4}}