{"0":{"ros_timestamp":"1696255537.9759934","wall_type":"floor","a":-0.0002258346,"b":0.0000849872,"c":1.0,"d":-0.0010535261,"shortest_distance":0.9990289405,"num_points":1083,"plane_center_x":0.0426933169,"plane_center_y":-0.52995646,"plane_center_z":0.0011082072,"color_id":0},"1":{"ros_timestamp":"1696255537.9759934","wall_type":"left","a":0.9998970032,"b":0.0138894422,"c":0.0035940777,"d":1.3215104342,"shortest_distance":0.8301218885,"num_points":1507,"plane_center_x":-1.3189249039,"plane_center_y":-0.5380551815,"plane_center_z":1.071993351,"color_id":1},"2":{"ros_timestamp":"1696255537.9759934","wall_type":"right","a":0.9999058247,"b":0.0136243869,"c":-0.0016556932,"d":-1.3240628242,"shortest_distance":1.8206912592,"num_points":1217,"plane_center_x":1.3236447573,"plane_center_y":0.1776101142,"plane_center_z":1.066972971,"color_id":2},"3":{"ros_timestamp":"1696255537.9759934","wall_type":"front","a":0.0117954584,"b":-0.9999304414,"c":0.0000249189,"d":2.9276750088,"shortest_distance":2.975263353,"num_points":350,"plane_center_x":-0.0396289155,"plane_center_y":2.9274425507,"plane_center_z":1.262856245,"color_id":3},"4":{"ros_timestamp":"1696255537.9759934","wall_type":"back","a":0.0108666476,"b":-0.9999409318,"c":-0.0000069272,"d":-2.9277734756,"shortest_distance":2.879757352,"num_points":389,"plane_center_x":0.0194301736,"plane_center_y":-2.9277436733,"plane_center_z":1.2170842886,"color_id":4}}