{"0":{"ros_timestamp":"1696255538.8851507","wall_type":"floor","a":-0.0001653247,"b":0.0000927492,"c":1.0,"d":-0.0010485523,"shortest_distance":0.9990007729,"num_points":1084,"plane_center_x":0.0391765125,"plane_center_y":-0.5327342153,"plane_center_z":0.00110444,"color_id":0},"1":{"ros_timestamp":"1696255538.8851507","wall_type":"left","a":0.9999052882,"b":0.0137201911,"c":0.0010679618,"d":1.325032711,"shortest_distance":0.8340711638,"num_points":1505,"plane_center_x":-1.3189985752,"plane_center_y":-0.5379056931,"plane_center_z":1.0734068155,"color_id":1},"2":{"ros_timestamp":"1696255538.8851507","wall_type":"right","a":0.9998964667,"b":0.0137285991,"c":-0.0043131025,"d":-1.3202645779,"shortest_distance":1.8166033749,"num_points":1273,"plane_center_x":1.3229888678,"plane_center_y":0.2174090296,"plane_center_z":1.0626353025,"color_id":2},"3":{"ros_timestamp":"1696255538.8851507","wall_type":"front","a":0.0117954584,"b":-0.9999304414,"c":0.0000249189,"d":2.9276750088,"shortest_distance":2.9999379675,"num_points":350,"plane_center_x":-0.0396289155,"plane_center_y":2.9274425507,"plane_center_z":1.262856245,"color_id":3},"4":{"ros_timestamp":"1696255538.8851507","wall_type":"back","a":0.0108666476,"b":-0.9999409318,"c":-0.0000069272,"d":-2.9277734756,"shortest_distance":2.8550855307,"num_points":389,"plane_center_x":0.0194301736,"plane_center_y":-2.9277436733,"plane_center_z":1.2170842886,"color_id":4}}