{"0":{"ros_timestamp":"1696255446.1628711","wall_type":"floor","a":0.0004402687,"b":-0.0032933161,"c":0.9999944568,"d":0.0046536932,"shortest_distance":1.0061270856,"num_points":454,"plane_center_x":0.027343573,"plane_center_y":2.2344894409,"plane_center_z":0.0026931632,"color_id":0},"1":{"ros_timestamp":"1696255446.1628711","wall_type":"left","a":0.9999033213,"b":0.0139051024,"c":-0.0000473187,"d":1.3239178658,"shortest_distance":1.5820764568,"num_points":417,"plane_center_x":-1.3449229002,"plane_center_y":1.5050134659,"plane_center_z":1.1056118011,"color_id":1},"2":{"ros_timestamp":"1696255446.1628711","wall_type":"right","a":0.9999042749,"b":0.0138331214,"c":-0.0000010248,"d":-1.3271507025,"shortest_distance":1.0689152874,"num_points":384,"plane_center_x":1.294510603,"plane_center_y":2.3685977459,"plane_center_z":1.1670194864,"color_id":2},"3":{"ros_timestamp":"1696255446.1628711","wall_type":"front","a":0.010837351,"b":-0.9999412894,"c":0.0000049643,"d":2.9279825687,"shortest_distance":3.3520526294,"num_points":176,"plane_center_x":0.3760136664,"plane_center_y":2.9322357178,"plane_center_z":1.1997073889,"color_id":3}}