{"0":{"ros_timestamp":"1696255538.9857156","wall_type":"floor","a":-0.0002343338,"b":0.0000862639,"c":1.0,"d":-0.0010485696,"shortest_distance":0.9990351324,"num_points":1078,"plane_center_x":0.048714485,"plane_center_y":-0.5280098319,"plane_center_z":0.0011055332,"color_id":0},"1":{"ros_timestamp":"1696255538.9857156","wall_type":"left","a":0.9998745918,"b":0.0138292313,"c":0.0077158888,"d":1.3153978586,"shortest_distance":0.8310906328,"num_points":1512,"plane_center_x":-1.3187150955,"plane_center_y":-0.5394163728,"plane_center_z":1.068453908,"color_id":1},"2":{"ros_timestamp":"1696255538.9857156","wall_type":"right","a":0.9999048114,"b":0.0136847533,"c":-0.0017465785,"d":-1.3235771656,"shortest_distance":1.8173502381,"num_points":1272,"plane_center_x":1.322714448,"plane_center_y":0.2175263017,"plane_center_z":1.063455224,"color_id":2},"3":{"ros_timestamp":"1696255538.9857156","wall_type":"front","a":0.0117954584,"b":-0.9999304414,"c":0.0000249189,"d":2.9276750088,"shortest_distance":2.9999379675,"num_points":350,"plane_center_x":-0.0396289155,"plane_center_y":2.9274425507,"plane_center_z":1.262856245,"color_id":3},"4":{"ros_timestamp":"1696255538.9857156","wall_type":"back","a":0.0108666476,"b":-0.9999409318,"c":-0.0000069272,"d":-2.9277734756,"shortest_distance":2.8550855307,"num_points":389,"plane_center_x":0.0194301736,"plane_center_y":-2.9277436733,"plane_center_z":1.2170842886,"color_id":4}}