{"0":{"ros_timestamp":"1696255539.3666158","wall_type":"floor","a":-0.0001672501,"b":0.0000924925,"c":1.0,"d":-0.0010476575,"shortest_distance":0.9990014487,"num_points":1085,"plane_center_x":0.0379909575,"plane_center_y":-0.5341479778,"plane_center_z":0.0011034161,"color_id":0},"1":{"ros_timestamp":"1696255539.3666158","wall_type":"left","a":0.9999092221,"b":0.0134565812,"c":0.0006551824,"d":1.3254780769,"shortest_distance":0.8356491228,"num_points":1504,"plane_center_x":-1.3190463781,"plane_center_y":-0.536889255,"plane_center_z":1.0741205215,"color_id":1},"2":{"ros_timestamp":"1696255539.3666158","wall_type":"right","a":0.9998998642,"b":0.013942834,"c":-0.0024097695,"d":-1.3226513863,"shortest_distance":1.8155834129,"num_points":1274,"plane_center_x":1.3224948645,"plane_center_y":0.2264413089,"plane_center_z":1.0632135868,"color_id":2},"3":{"ros_timestamp":"1696255539.3666158","wall_type":"front","a":0.0117954584,"b":-0.9999304414,"c":0.0000249189,"d":2.9276750088,"shortest_distance":3.0097606974,"num_points":350,"plane_center_x":-0.0396289155,"plane_center_y":2.9274425507,"plane_center_z":1.262856245,"color_id":3},"4":{"ros_timestamp":"1696255539.3666158","wall_type":"back","a":0.0108666476,"b":-0.9999409318,"c":-0.0000069272,"d":-2.9277734756,"shortest_distance":2.8452642383,"num_points":389,"plane_center_x":0.0194301736,"plane_center_y":-2.9277436733,"plane_center_z":1.2170842886,"color_id":4}}