{"0":{"ros_timestamp":"1696255540.1779075","wall_type":"floor","a":-0.0001968237,"b":0.0000839053,"c":1.0,"d":-0.0010691041,"shortest_distance":0.9989928191,"num_points":1085,"plane_center_x":0.0402857251,"plane_center_y":-0.5301787257,"plane_center_z":0.0011215181,"color_id":0},"1":{"ros_timestamp":"1696255540.1779075","wall_type":"left","a":0.9999059439,"b":0.0135881705,"c":0.0019019868,"d":1.3237675428,"shortest_distance":0.8388140606,"num_points":1505,"plane_center_x":-1.3189985752,"plane_center_y":-0.5379056931,"plane_center_z":1.0734068155,"color_id":1},"2":{"ros_timestamp":"1696255540.1779075","wall_type":"right","a":0.9999089241,"b":0.0134466309,"c":-0.0011591858,"d":-1.3246291876,"shortest_distance":1.8126299464,"num_points":1309,"plane_center_x":1.3226031065,"plane_center_y":0.2485543936,"plane_center_z":1.0622780323,"color_id":2},"3":{"ros_timestamp":"1696255540.1779075","wall_type":"front","a":0.0117954584,"b":-0.9999304414,"c":0.0000249189,"d":2.9276750088,"shortest_distance":3.0293037717,"num_points":350,"plane_center_x":-0.0396289155,"plane_center_y":2.9274425507,"plane_center_z":1.262856245,"color_id":3},"4":{"ros_timestamp":"1696255540.1779075","wall_type":"back","a":0.0108666476,"b":-0.9999409318,"c":-0.0000069272,"d":-2.9277734756,"shortest_distance":2.8257245849,"num_points":389,"plane_center_x":0.0194301736,"plane_center_y":-2.9277436733,"plane_center_z":1.2170842886,"color_id":4}}