{"0":{"ros_timestamp":"1696255540.5878239","wall_type":"floor","a":-0.0002224998,"b":0.0000889231,"c":1.0,"d":-0.0010536737,"shortest_distance":0.9990188087,"num_points":1083,"plane_center_x":0.0427457243,"plane_center_y":-0.5337973833,"plane_center_z":0.0011106515,"color_id":0},"1":{"ros_timestamp":"1696255540.5878239","wall_type":"left","a":0.9999091625,"b":0.0130019588,"c":0.00356266,"d":1.3210680485,"shortest_distance":0.8399541292,"num_points":1507,"plane_center_x":-1.318962574,"plane_center_y":-0.53529495,"plane_center_z":1.0719915628,"color_id":1},"2":{"ros_timestamp":"1696255540.5878239","wall_type":"right","a":0.9999063611,"b":0.0135505749,"c":-0.0018931156,"d":-1.3232376575,"shortest_distance":1.8098700942,"num_points":1353,"plane_center_x":1.3215527534,"plane_center_y":0.2969419658,"plane_center_z":1.060256362,"color_id":2},"3":{"ros_timestamp":"1696255540.5878239","wall_type":"front","a":0.0117954584,"b":-0.9999304414,"c":0.0000249189,"d":2.9276750088,"shortest_distance":3.0390162991,"num_points":350,"plane_center_x":-0.0396289155,"plane_center_y":2.9274425507,"plane_center_z":1.262856245,"color_id":3},"4":{"ros_timestamp":"1696255540.5878239","wall_type":"back","a":0.0108666476,"b":-0.9999409318,"c":-0.0000069272,"d":-2.9277734756,"shortest_distance":2.8160140395,"num_points":389,"plane_center_x":0.0194301736,"plane_center_y":-2.9277436733,"plane_center_z":1.2170842886,"color_id":4}}