{"0":{"ros_timestamp":"1696255540.766396","wall_type":"floor","a":-0.0001672501,"b":0.0000924925,"c":1.0,"d":-0.0010476575,"shortest_distance":0.9989977211,"num_points":1085,"plane_center_x":0.0379909575,"plane_center_y":-0.5341479778,"plane_center_z":0.0011034161,"color_id":0},"1":{"ros_timestamp":"1696255540.766396","wall_type":"left","a":0.9999095201,"b":0.0134322448,"c":0.0007539727,"d":1.3253233433,"shortest_distance":0.8413502938,"num_points":1504,"plane_center_x":-1.3190463781,"plane_center_y":-0.536889255,"plane_center_z":1.0741205215,"color_id":1},"2":{"ros_timestamp":"1696255540.766396","wall_type":"right","a":0.9999073148,"b":0.0133312764,"c":-0.0027579514,"d":-1.322322011,"shortest_distance":1.8097940287,"num_points":1355,"plane_center_x":1.3218513727,"plane_center_y":0.3004130721,"plane_center_z":1.060111165,"color_id":2},"3":{"ros_timestamp":"1696255540.766396","wall_type":"front","a":0.0117954584,"b":-0.9999304414,"c":0.0000249189,"d":2.9276750088,"shortest_distance":3.0390162991,"num_points":350,"plane_center_x":-0.0396289155,"plane_center_y":2.9274425507,"plane_center_z":1.262856245,"color_id":3},"4":{"ros_timestamp":"1696255540.766396","wall_type":"back","a":0.0108666476,"b":-0.9999409318,"c":-0.0000069272,"d":-2.9277734756,"shortest_distance":2.8160140395,"num_points":389,"plane_center_x":0.0194301736,"plane_center_y":-2.9277436733,"plane_center_z":1.2170842886,"color_id":4}}