{"0":{"ros_timestamp":"1696255540.9780064","wall_type":"floor","a":-0.0001968237,"b":0.0000839053,"c":1.0,"d":-0.0010691041,"shortest_distance":0.9989909247,"num_points":1085,"plane_center_x":0.0402857251,"plane_center_y":-0.5301787257,"plane_center_z":0.0011215181,"color_id":0},"1":{"ros_timestamp":"1696255540.9780064","wall_type":"left","a":0.9999060035,"b":0.0136478217,"c":0.0012729502,"d":1.3246999979,"shortest_distance":0.8423508486,"num_points":1505,"plane_center_x":-1.3189985752,"plane_center_y":-0.5379056931,"plane_center_z":1.0734068155,"color_id":1},"2":{"ros_timestamp":"1696255540.9780064","wall_type":"right","a":0.9999076724,"b":0.013529568,"c":-0.0012436532,"d":-1.3244041204,"shortest_distance":1.8092562949,"num_points":1355,"plane_center_x":1.3217535019,"plane_center_y":0.302385807,"plane_center_z":1.0601679087,"color_id":2},"3":{"ros_timestamp":"1696255540.9780064","wall_type":"front","a":0.0117954584,"b":-0.9999304414,"c":0.0000249189,"d":2.9276750088,"shortest_distance":3.0438561081,"num_points":350,"plane_center_x":-0.0396289155,"plane_center_y":2.9274425507,"plane_center_z":1.262856245,"color_id":3},"4":{"ros_timestamp":"1696255540.9780064","wall_type":"back","a":0.0108666476,"b":-0.9999409318,"c":-0.0000069272,"d":-2.9277734756,"shortest_distance":2.8111752891,"num_points":389,"plane_center_x":0.0194301736,"plane_center_y":-2.9277436733,"plane_center_z":1.2170842886,"color_id":4}}