{"0":{"ros_timestamp":"1696255541.4913964","wall_type":"floor","a":-0.0001889783,"b":0.000050238,"c":1.0,"d":-0.0011324098,"shortest_distance":0.9989264883,"num_points":1087,"plane_center_x":0.040269956,"plane_center_y":-0.5335413814,"plane_center_z":0.0011194351,"color_id":0},"1":{"ros_timestamp":"1696255541.4913964","wall_type":"left","a":0.9999090433,"b":0.0134788956,"c":0.0005599132,"d":1.3256266117,"shortest_distance":0.8462608327,"num_points":1504,"plane_center_x":-1.3190463781,"plane_center_y":-0.536889255,"plane_center_z":1.0741205215,"color_id":1},"2":{"ros_timestamp":"1696255541.4913964","wall_type":"right","a":0.9999050498,"b":0.0137198456,"c":-0.0012807497,"d":-1.3243721724,"shortest_distance":1.8056094673,"num_points":1398,"plane_center_x":1.3212248087,"plane_center_y":0.3414542675,"plane_center_z":1.0590385199,"color_id":2},"3":{"ros_timestamp":"1696255541.4913964","wall_type":"front","a":0.0117954584,"b":-0.9999304414,"c":0.0000249189,"d":2.9276750088,"shortest_distance":3.0583039117,"num_points":350,"plane_center_x":-0.0396289155,"plane_center_y":2.9274425507,"plane_center_z":1.262856245,"color_id":3},"4":{"ros_timestamp":"1696255541.4913964","wall_type":"back","a":0.0108666476,"b":-0.9999409318,"c":-0.0000069272,"d":-2.9277734756,"shortest_distance":2.7967309301,"num_points":389,"plane_center_x":0.0194301736,"plane_center_y":-2.9277436733,"plane_center_z":1.2170842886,"color_id":4}}