{"0":{"ros_timestamp":"1696255542.5999246","wall_type":"floor","a":-0.0001986769,"b":0.0000836587,"c":1.0,"d":-0.0010682391,"shortest_distance":0.9989872818,"num_points":1086,"plane_center_x":0.0391002335,"plane_center_y":-0.5315935016,"plane_center_z":0.0011204798,"color_id":0},"1":{"ros_timestamp":"1696255542.5999246","wall_type":"left","a":0.9999108315,"b":0.0133009693,"c":0.0011847501,"d":1.3246355057,"shortest_distance":0.853009101,"num_points":1504,"plane_center_x":-1.3190463781,"plane_center_y":-0.536889255,"plane_center_z":1.0741205215,"color_id":1},"2":{"ros_timestamp":"1696255542.5999246","wall_type":"right","a":0.9999030232,"b":0.0138461767,"c":-0.0014907817,"d":-1.3236199617,"shortest_distance":1.7980053876,"num_points":1461,"plane_center_x":1.319852829,"plane_center_y":0.4007107615,"plane_center_z":1.0558137894,"color_id":2},"3":{"ros_timestamp":"1696255542.5999246","wall_type":"front","a":0.0117954584,"b":-0.9999304414,"c":0.0000249189,"d":2.9276750088,"shortest_distance":3.0821160227,"num_points":350,"plane_center_x":-0.0396289155,"plane_center_y":2.9274425507,"plane_center_z":1.262856245,"color_id":3},"4":{"ros_timestamp":"1696255542.5999246","wall_type":"back","a":0.0108666476,"b":-0.9999409318,"c":-0.0000069272,"d":-2.9277734756,"shortest_distance":2.7729254494,"num_points":389,"plane_center_x":0.0194301736,"plane_center_y":-2.9277436733,"plane_center_z":1.2170842886,"color_id":4}}