{"0":{"ros_timestamp":"1696255542.691839","wall_type":"floor","a":-0.0001986769,"b":0.0000836587,"c":1.0,"d":-0.0010682391,"shortest_distance":0.9989872818,"num_points":1086,"plane_center_x":0.0391002335,"plane_center_y":-0.5315935016,"plane_center_z":0.0011204798,"color_id":0},"1":{"ros_timestamp":"1696255542.691839","wall_type":"left","a":0.9999095201,"b":0.0134322448,"c":0.0007539727,"d":1.3253233433,"shortest_distance":0.8532457656,"num_points":1504,"plane_center_x":-1.3190463781,"plane_center_y":-0.536889255,"plane_center_z":1.0741205215,"color_id":1},"2":{"ros_timestamp":"1696255542.691839","wall_type":"right","a":0.9999042153,"b":0.013754908,"c":-0.0015501924,"d":-1.3238592148,"shortest_distance":1.798289969,"num_points":1482,"plane_center_x":1.3199586868,"plane_center_y":0.420550555,"plane_center_z":1.055700779,"color_id":2},"3":{"ros_timestamp":"1696255542.691839","wall_type":"front","a":0.0117954584,"b":-0.9999304414,"c":0.0000249189,"d":2.9276750088,"shortest_distance":3.0821160227,"num_points":350,"plane_center_x":-0.0396289155,"plane_center_y":2.9274425507,"plane_center_z":1.262856245,"color_id":3},"4":{"ros_timestamp":"1696255542.691839","wall_type":"back","a":0.0108666476,"b":-0.9999409318,"c":-0.0000069272,"d":-2.9277734756,"shortest_distance":2.7729254494,"num_points":389,"plane_center_x":0.0194301736,"plane_center_y":-2.9277436733,"plane_center_z":1.2170842886,"color_id":4}}