{"0":{"ros_timestamp":"1696255543.083288","wall_type":"floor","a":-0.0001639136,"b":0.0000930308,"c":1.0,"d":-0.0010491689,"shortest_distance":0.9989870815,"num_points":1086,"plane_center_x":0.0368102305,"plane_center_y":-0.5358085036,"plane_center_z":0.0011050493,"color_id":0},"1":{"ros_timestamp":"1696255543.083288","wall_type":"left","a":0.9999082685,"b":0.0135387229,"c":0.0001404672,"d":1.3262594938,"shortest_distance":0.8567182589,"num_points":1503,"plane_center_x":-1.3190960884,"plane_center_y":-0.5356912017,"plane_center_z":1.0748332739,"color_id":1},"2":{"ros_timestamp":"1696255543.083288","wall_type":"right","a":0.9999027848,"b":0.0135493595,"c":-0.003295643,"d":-1.3214213848,"shortest_distance":1.7943979199,"num_points":1487,"plane_center_x":1.319960475,"plane_center_y":0.4261811972,"plane_center_z":1.0562041998,"color_id":2},"3":{"ros_timestamp":"1696255543.083288","wall_type":"front","a":0.0117954584,"b":-0.9999304414,"c":0.0000249189,"d":2.9276750088,"shortest_distance":3.0915361005,"num_points":350,"plane_center_x":-0.0396289155,"plane_center_y":2.9274425507,"plane_center_z":1.262856245,"color_id":3},"4":{"ros_timestamp":"1696255543.083288","wall_type":"back","a":0.0108666476,"b":-0.9999409318,"c":-0.0000069272,"d":-2.9277734756,"shortest_distance":2.7635083319,"num_points":389,"plane_center_x":0.0194301736,"plane_center_y":-2.9277436733,"plane_center_z":1.2170842886,"color_id":4}}