{"0":{"ros_timestamp":"1696255447.2059572","wall_type":"floor","a":-0.0010613113,"b":-0.0042511215,"c":0.999990344,"d":0.0077392706,"shortest_distance":1.0091351469,"num_points":433,"plane_center_x":0.0954099819,"plane_center_y":2.2506246567,"plane_center_z":0.0019296866,"color_id":0},"1":{"ros_timestamp":"1696255447.2059572","wall_type":"left","a":0.9999209046,"b":0.0123244282,"c":0.0025130694,"d":1.3210674524,"shortest_distance":1.6033469173,"num_points":457,"plane_center_x":-1.3421757221,"plane_center_y":1.4902825356,"plane_center_z":1.0485839844,"color_id":1},"2":{"ros_timestamp":"1696255447.2059572","wall_type":"right","a":0.9999042749,"b":0.0138331214,"c":-0.0000010248,"d":-1.3271507025,"shortest_distance":1.0480048293,"num_points":384,"plane_center_x":1.294510603,"plane_center_y":2.3685977459,"plane_center_z":1.1670194864,"color_id":2},"3":{"ros_timestamp":"1696255447.2059572","wall_type":"front","a":0.0109756906,"b":-0.9999397397,"c":-0.0000026575,"d":2.9279193878,"shortest_distance":3.3385207591,"num_points":217,"plane_center_x":0.289637506,"plane_center_y":2.9312717915,"plane_center_z":1.2130072117,"color_id":3}}