{"0":{"ros_timestamp":"1696255447.3629396","wall_type":"floor","a":-0.0011719104,"b":-0.0037510281,"c":0.999992311,"d":0.0066964538,"shortest_distance":1.0078433991,"num_points":434,"plane_center_x":0.0946777835,"plane_center_y":2.2523868084,"plane_center_z":0.001974327,"color_id":0},"1":{"ros_timestamp":"1696255447.3629396","wall_type":"left","a":0.9999168515,"b":0.0126061719,"c":0.00273911,"d":1.3206086159,"shortest_distance":1.6070946042,"num_points":458,"plane_center_x":-1.3423889875,"plane_center_y":1.4914213419,"plane_center_z":1.0469539165,"color_id":1},"2":{"ros_timestamp":"1696255447.3629396","wall_type":"right","a":0.9999042749,"b":0.0138331214,"c":-0.0000010248,"d":-1.3271507025,"shortest_distance":1.0439048218,"num_points":384,"plane_center_x":1.294510603,"plane_center_y":2.3685977459,"plane_center_z":1.1670194864,"color_id":2},"3":{"ros_timestamp":"1696255447.3629396","wall_type":"front","a":0.0109269721,"b":-0.9999403358,"c":0.0000067676,"d":2.9279325008,"shortest_distance":3.3357055584,"num_points":219,"plane_center_x":0.2845824361,"plane_center_y":2.9312252998,"plane_center_z":1.2037928104,"color_id":3}}