{"0":{"ros_timestamp":"1696255447.86295","wall_type":"floor","a":-0.0010118783,"b":-0.0044065737,"c":0.999989748,"d":0.0080467518,"shortest_distance":1.0094687402,"num_points":434,"plane_center_x":0.094903037,"plane_center_y":2.2520065308,"plane_center_z":0.0019729317,"color_id":0},"1":{"ros_timestamp":"1696255447.86295","wall_type":"left","a":0.9999204874,"b":0.0122969858,"c":0.0027856892,"d":1.3256233931,"shortest_distance":1.6203880207,"num_points":460,"plane_center_x":-1.3467341661,"plane_center_y":1.4859886169,"plane_center_z":1.0466893911,"color_id":1},"2":{"ros_timestamp":"1696255447.86295","wall_type":"right","a":0.9999042749,"b":0.0138331214,"c":-0.0000010248,"d":-1.3271507025,"shortest_distance":1.0357901871,"num_points":384,"plane_center_x":1.294510603,"plane_center_y":2.3685977459,"plane_center_z":1.1670194864,"color_id":2},"3":{"ros_timestamp":"1696255447.86295","wall_type":"front","a":0.011720662,"b":-0.9999313354,"c":-0.0000233469,"d":2.9275872707,"shortest_distance":3.3297924796,"num_points":239,"plane_center_x":0.2370168567,"plane_center_y":2.9305381775,"plane_center_z":1.2117503881,"color_id":3}}