{"0":{"ros_timestamp":"1696255448.3631098","wall_type":"floor","a":-0.0009786112,"b":-0.0043391986,"c":0.999990046,"d":0.0078685796,"shortest_distance":1.0092400482,"num_points":434,"plane_center_x":0.0942829475,"plane_center_y":2.2523047924,"plane_center_z":0.0019969041,"color_id":0},"1":{"ros_timestamp":"1696255448.3631098","wall_type":"left","a":0.9999099374,"b":0.0131402276,"c":0.0027179858,"d":1.3249510527,"shortest_distance":1.6273025677,"num_points":460,"plane_center_x":-1.3471996784,"plane_center_y":1.4828952551,"plane_center_z":1.0467110872,"color_id":1},"2":{"ros_timestamp":"1696255448.3631098","wall_type":"right","a":0.9999042749,"b":0.0138331214,"c":-0.0000010248,"d":-1.3271507025,"shortest_distance":1.0277920933,"num_points":384,"plane_center_x":1.294510603,"plane_center_y":2.3685977459,"plane_center_z":1.1670194864,"color_id":2},"3":{"ros_timestamp":"1696255448.3631098","wall_type":"front","a":0.0115310475,"b":-0.9999334812,"c":-0.0000184461,"d":2.9276721478,"shortest_distance":3.3239012035,"num_points":239,"plane_center_x":0.2306723446,"plane_center_y":2.9305047989,"plane_center_z":1.2119641304,"color_id":3}}