{"0":{"ros_timestamp":"1696255448.694767","wall_type":"floor","a":-0.0011953126,"b":-0.0037132045,"c":0.9999924302,"d":0.0066206916,"shortest_distance":1.0076664565,"num_points":434,"plane_center_x":0.0943189189,"plane_center_y":2.2519967556,"plane_center_z":0.0019653137,"color_id":0},"1":{"ros_timestamp":"1696255448.694767","wall_type":"left","a":0.9999073744,"b":0.0133455144,"c":0.0026748353,"d":1.3248034716,"shortest_distance":1.6309832221,"num_points":462,"plane_center_x":-1.3472880125,"plane_center_y":1.4809608459,"plane_center_z":1.0465276241,"color_id":1},"2":{"ros_timestamp":"1696255448.694767","wall_type":"right","a":0.9999042749,"b":0.0138331214,"c":-0.0000010248,"d":-1.3271507025,"shortest_distance":1.0238377507,"num_points":384,"plane_center_x":1.294510603,"plane_center_y":2.3685977459,"plane_center_z":1.1670194864,"color_id":2},"3":{"ros_timestamp":"1696255448.694767","wall_type":"front","a":0.0118022375,"b":-0.9999302626,"c":-0.0000411532,"d":2.9275925159,"shortest_distance":3.3208590258,"num_points":257,"plane_center_x":0.1928255558,"plane_center_y":2.9300222397,"plane_center_z":1.2251527309,"color_id":3}}