{"0":{"ros_timestamp":"1696255448.8660753","wall_type":"floor","a":-0.0006982487,"b":-0.0055863722,"c":0.9999840856,"d":0.0105057955,"shortest_distance":1.0124066734,"num_points":434,"plane_center_x":0.0942117572,"plane_center_y":2.2519609928,"plane_center_z":0.0019839944,"color_id":0},"1":{"ros_timestamp":"1696255448.8660753","wall_type":"left","a":0.9999102354,"b":0.013013511,"c":0.00318281,"d":1.3242826462,"shortest_distance":1.6350221533,"num_points":478,"plane_center_x":-1.3464396,"plane_center_y":1.4377441406,"plane_center_z":1.0449584723,"color_id":1},"2":{"ros_timestamp":"1696255448.8660753","wall_type":"right","a":0.9999042749,"b":0.0138331214,"c":-0.0000010248,"d":-1.3271507025,"shortest_distance":1.0199137393,"num_points":384,"plane_center_x":1.294510603,"plane_center_y":2.3685977459,"plane_center_z":1.1670194864,"color_id":2},"3":{"ros_timestamp":"1696255448.8660753","wall_type":"front","a":0.0115368338,"b":-0.9999334216,"c":-0.0000184387,"d":2.9276828766,"shortest_distance":3.3178294004,"num_points":258,"plane_center_x":0.1908913702,"plane_center_y":2.9300577641,"plane_center_z":1.2218910456,"color_id":3}}