{"0":{"ros_timestamp":"1696255449.2845156","wall_type":"floor","a":-0.0007494675,"b":-0.0056601884,"c":0.9999836683,"d":0.0107109528,"shortest_distance":1.0125823305,"num_points":434,"plane_center_x":0.0939349532,"plane_center_y":2.2519271374,"plane_center_z":0.0019495159,"color_id":0},"1":{"ros_timestamp":"1696255449.2845156","wall_type":"left","a":0.9999192357,"b":0.0123861516,"c":0.002847176,"d":1.3205137253,"shortest_distance":1.6389093334,"num_points":478,"plane_center_x":-1.3414633274,"plane_center_y":1.4424240589,"plane_center_z":1.0449324846,"color_id":1},"2":{"ros_timestamp":"1696255449.2845156","wall_type":"right","a":0.9999042749,"b":0.0138331214,"c":-0.0000010248,"d":-1.3271507025,"shortest_distance":1.0121582765,"num_points":384,"plane_center_x":1.294510603,"plane_center_y":2.3685977459,"plane_center_z":1.1670194864,"color_id":2},"3":{"ros_timestamp":"1696255449.2845156","wall_type":"front","a":0.0107647022,"b":-0.9999420643,"c":0.0000276057,"d":2.9279737473,"shortest_distance":3.3116818749,"num_points":258,"plane_center_x":0.1853910536,"plane_center_y":2.9301729202,"plane_center_z":1.2220000029,"color_id":3}}