{"0":{"ros_timestamp":"1696255449.7884068","wall_type":"floor","a":-0.0011957566,"b":-0.003781558,"c":0.9999921322,"d":0.0067823939,"shortest_distance":1.0077713822,"num_points":434,"plane_center_x":0.0941403285,"plane_center_y":2.2518901825,"plane_center_z":0.0019568794,"color_id":0},"1":{"ros_timestamp":"1696255449.7884068","wall_type":"left","a":0.999915421,"b":0.0126669742,"c":0.0029308894,"d":1.3215707541,"shortest_distance":1.647564153,"num_points":478,"plane_center_x":-1.3429940939,"plane_center_y":1.4405372143,"plane_center_z":1.044916749,"color_id":1},"2":{"ros_timestamp":"1696255449.7884068","wall_type":"right","a":0.9999042749,"b":0.0138331214,"c":-0.0000010248,"d":-1.3271507025,"shortest_distance":1.0045288068,"num_points":384,"plane_center_x":1.294510603,"plane_center_y":2.3685977459,"plane_center_z":1.1670194864,"color_id":2},"3":{"ros_timestamp":"1696255449.7884068","wall_type":"front","a":0.0110237142,"b":-0.9999392629,"c":0.0000263278,"d":2.9278669357,"shortest_distance":3.3052578219,"num_points":277,"plane_center_x":0.1419389099,"plane_center_y":2.9296419621,"plane_center_z":1.2310279608,"color_id":3}}