{"0":{"ros_timestamp":"1696255437.295713","wall_type":"floor","a":0.0017333138,"b":-0.0004068546,"c":0.9999983907,"d":-0.0001330713,"shortest_distance":1.0001280451,"num_points":254,"plane_center_x":-0.067189686,"plane_center_y":2.139621973,"plane_center_z":0.0011200489,"color_id":0},"1":{"ros_timestamp":"1696255437.295713","wall_type":"left","a":0.9998576045,"b":0.0168790445,"c":-0.0000755633,"d":1.3173625469,"shortest_distance":1.3585640278,"num_points":230,"plane_center_x":-1.350491643,"plane_center_y":1.9563561678,"plane_center_z":1.1204607487,"color_id":1},"2":{"ros_timestamp":"1696255437.295713","wall_type":"right","a":0.9998984337,"b":0.0140283238,"c":-0.0025245042,"d":-1.3239345551,"shortest_distance":1.2837696008,"num_points":312,"plane_center_x":1.2950195074,"plane_center_y":2.2710630894,"plane_center_z":1.0994493961,"color_id":2}}