{"0":{"ros_timestamp":"1696255450.284144","wall_type":"floor","a":-0.0011816446,"b":-0.003680862,"c":0.9999925494,"d":0.0065365066,"shortest_distance":1.0074597135,"num_points":434,"plane_center_x":0.0939184129,"plane_center_y":2.2520492077,"plane_center_z":0.0019751189,"color_id":0},"1":{"ros_timestamp":"1696255450.284144","wall_type":"left","a":0.9999222755,"b":0.0122236768,"c":0.0024646888,"d":1.3205090761,"shortest_distance":1.653693981,"num_points":478,"plane_center_x":-1.3408083916,"plane_center_y":1.4414367676,"plane_center_z":1.0449889898,"color_id":1},"2":{"ros_timestamp":"1696255450.284144","wall_type":"right","a":0.9999042749,"b":0.0138331214,"c":-0.0000010248,"d":-1.3271507025,"shortest_distance":0.9970283821,"num_points":384,"plane_center_x":1.294510603,"plane_center_y":2.3685977459,"plane_center_z":1.1670194864,"color_id":2},"3":{"ros_timestamp":"1696255450.284144","wall_type":"front","a":0.0105745737,"b":-0.9999440908,"c":0.0000528626,"d":2.9280173779,"shortest_distance":3.2987373457,"num_points":277,"plane_center_x":0.1415068507,"plane_center_y":2.9297425747,"plane_center_z":1.2310172319,"color_id":3}}