{"0":{"ros_timestamp":"1696255450.677629","wall_type":"floor","a":0.0005501601,"b":-0.002388665,"c":0.9999969602,"d":0.0024957864,"shortest_distance":1.0035174144,"num_points":459,"plane_center_x":0.0161536355,"plane_center_y":2.2307546139,"plane_center_z":0.0029284582,"color_id":0},"1":{"ros_timestamp":"1696255450.677629","wall_type":"left","a":0.9999055862,"b":0.0137403663,"c":-0.00003729,"d":1.3226128817,"shortest_distance":1.6601012509,"num_points":465,"plane_center_x":-1.3417605162,"plane_center_y":1.3872923851,"plane_center_z":1.0989342928,"color_id":1},"2":{"ros_timestamp":"1696255450.677629","wall_type":"right","a":0.9999042749,"b":0.0138331214,"c":-0.0000010248,"d":-1.3271507025,"shortest_distance":0.9896600023,"num_points":384,"plane_center_x":1.294510603,"plane_center_y":2.3685977459,"plane_center_z":1.1670194864,"color_id":2},"3":{"ros_timestamp":"1696255450.677629","wall_type":"front","a":0.0112307984,"b":-0.9999369383,"c":0.0000230745,"d":2.9278030396,"shortest_distance":3.2920150504,"num_points":295,"plane_center_x":0.0996787623,"plane_center_y":2.9291360378,"plane_center_z":1.2414749861,"color_id":3}}