{"0":{"ros_timestamp":"1696255450.7806542","wall_type":"floor","a":-0.0007146842,"b":-0.0055924668,"c":0.999984026,"d":0.010529465,"shortest_distance":1.0122595219,"num_points":434,"plane_center_x":0.0936168581,"plane_center_y":2.2522451878,"plane_center_z":0.001976745,"color_id":0},"1":{"ros_timestamp":"1696255450.7806542","wall_type":"left","a":0.9999113083,"b":0.0130966296,"c":0.0024298429,"d":1.3248883486,"shortest_distance":1.6650776721,"num_points":492,"plane_center_x":-1.3457226753,"plane_center_y":1.4071493149,"plane_center_z":1.0436266661,"color_id":1},"2":{"ros_timestamp":"1696255450.7806542","wall_type":"right","a":0.9999042749,"b":0.0138331214,"c":-0.0000010248,"d":-1.3271507025,"shortest_distance":0.9896600023,"num_points":384,"plane_center_x":1.294510603,"plane_center_y":2.3685977459,"plane_center_z":1.1670194864,"color_id":2},"3":{"ros_timestamp":"1696255450.7806542","wall_type":"front","a":0.0114336023,"b":-0.9999346733,"c":0.0000172218,"d":2.9277322292,"shortest_distance":3.292006924,"num_points":295,"plane_center_x":0.1001434177,"plane_center_y":2.929090023,"plane_center_z":1.241459012,"color_id":3}}