{"0":{"ros_timestamp":"1696255450.966329","wall_type":"floor","a":-0.0007194727,"b":-0.0055928184,"c":0.9999840856,"d":0.0105331177,"shortest_distance":1.0122398182,"num_points":434,"plane_center_x":0.0938011184,"plane_center_y":2.2525446415,"plane_center_z":0.0019761357,"color_id":0},"1":{"ros_timestamp":"1696255450.966329","wall_type":"left","a":0.9999051094,"b":0.0133791687,"c":0.0032841812,"d":1.3243993521,"shortest_distance":1.6689712709,"num_points":492,"plane_center_x":-1.3467481136,"plane_center_y":1.4046888351,"plane_center_z":1.0436117649,"color_id":1},"2":{"ros_timestamp":"1696255450.966329","wall_type":"right","a":0.9999042749,"b":0.0138331214,"c":-0.0000010248,"d":-1.3271507025,"shortest_distance":0.9860262524,"num_points":384,"plane_center_x":1.294510603,"plane_center_y":2.3685977459,"plane_center_z":1.1670194864,"color_id":2},"3":{"ros_timestamp":"1696255450.966329","wall_type":"front","a":0.0113175958,"b":-0.999935925,"c":0.0000233957,"d":2.9277701378,"shortest_distance":3.288609702,"num_points":295,"plane_center_x":0.0997301787,"plane_center_y":2.9291155338,"plane_center_z":1.2414398193,"color_id":3}}