{"0":{"ros_timestamp":"1696255451.4621172","wall_type":"floor","a":-0.0011978751,"b":-0.0037135952,"c":0.999992311,"d":0.0066228425,"shortest_distance":1.0074670839,"num_points":434,"plane_center_x":0.0933365002,"plane_center_y":2.2520751953,"plane_center_z":0.0019634007,"color_id":0},"1":{"ros_timestamp":"1696255451.4621172","wall_type":"left","a":0.9999068379,"b":0.0134025747,"c":0.0026059547,"d":1.3239030838,"shortest_distance":1.6749507726,"num_points":492,"plane_center_x":-1.3455662727,"plane_center_y":1.4040427208,"plane_center_z":1.0437583923,"color_id":1},"2":{"ros_timestamp":"1696255451.4621172","wall_type":"right","a":0.9999042749,"b":0.0138331214,"c":-0.0000010248,"d":-1.3271507025,"shortest_distance":0.9788614493,"num_points":384,"plane_center_x":1.294510603,"plane_center_y":2.3685977459,"plane_center_z":1.1670194864,"color_id":2},"3":{"ros_timestamp":"1696255451.4621172","wall_type":"front","a":0.0111443084,"b":-0.999937892,"c":0.0000326265,"d":2.9278302193,"shortest_distance":3.2817060433,"num_points":295,"plane_center_x":0.0967293605,"plane_center_y":2.9291305542,"plane_center_z":1.2414432764,"color_id":3}}