{"0":{"ros_timestamp":"1696255451.6015387","wall_type":"floor","a":-0.0010697106,"b":-0.0036875447,"c":0.9999926686,"d":0.0064851032,"shortest_distance":1.007348921,"num_points":434,"plane_center_x":0.0934375823,"plane_center_y":2.2520828247,"plane_center_z":0.0020305093,"color_id":0},"1":{"ros_timestamp":"1696255451.6015387","wall_type":"left","a":0.9999170899,"b":0.0126593765,"c":0.0023711242,"d":1.3218673468,"shortest_distance":1.6764701436,"num_points":492,"plane_center_x":-1.3422321081,"plane_center_y":1.4043829441,"plane_center_z":1.0437093973,"color_id":1},"2":{"ros_timestamp":"1696255451.6015387","wall_type":"right","a":0.9999042749,"b":0.0138331214,"c":-0.0000010248,"d":-1.3271507025,"shortest_distance":0.9753311126,"num_points":384,"plane_center_x":1.294510603,"plane_center_y":2.3685977459,"plane_center_z":1.1670194864,"color_id":2},"3":{"ros_timestamp":"1696255451.6015387","wall_type":"front","a":0.0107782837,"b":-0.9999419451,"c":0.000046303,"d":2.9279463291,"shortest_distance":3.2781964918,"num_points":295,"plane_center_x":0.0962461382,"plane_center_y":2.9292111397,"plane_center_z":1.2414492369,"color_id":3}}