{"0":{"ros_timestamp":"1696255452.185476","wall_type":"floor","a":-0.0010034195,"b":-0.0036756643,"c":0.9999927282,"d":0.006418745,"shortest_distance":1.0072688527,"num_points":434,"plane_center_x":0.0932975635,"plane_center_y":2.252177,"plane_center_z":0.0020640532,"color_id":0},"1":{"ros_timestamp":"1696255452.185476","wall_type":"left","a":0.999920845,"b":0.0123610338,"c":0.0023350159,"d":1.3212816715,"shortest_distance":1.6828974354,"num_points":496,"plane_center_x":-1.3410894871,"plane_center_y":1.3967818022,"plane_center_z":1.0432788134,"color_id":1},"2":{"ros_timestamp":"1696255452.185476","wall_type":"right","a":0.9999042749,"b":0.0138331214,"c":-0.0000010248,"d":-1.3271507025,"shortest_distance":0.9683763341,"num_points":384,"plane_center_x":1.294510603,"plane_center_y":2.3685977459,"plane_center_z":1.1670194864,"color_id":2},"3":{"ros_timestamp":"1696255452.185476","wall_type":"front","a":0.0104419729,"b":-0.9999455214,"c":0.0000530579,"d":2.9280567169,"shortest_distance":3.2710651589,"num_points":313,"plane_center_x":0.0548093133,"plane_center_y":2.9288549423,"plane_center_z":1.2506784201,"color_id":3}}