{"0":{"ros_timestamp":"1696255452.2616007","wall_type":"floor","a":-0.0010757633,"b":-0.0036856122,"c":0.9999927282,"d":0.006484481,"shortest_distance":1.0072944644,"num_points":434,"plane_center_x":0.0930270031,"plane_center_y":2.2520577908,"plane_center_z":0.002026822,"color_id":0},"1":{"ros_timestamp":"1696255452.2616007","wall_type":"left","a":0.9999187589,"b":0.0125498725,"c":0.002234766,"d":1.3226953745,"shortest_distance":1.6875651291,"num_points":509,"plane_center_x":-1.34227705,"plane_center_y":1.3657140732,"plane_center_z":1.0439959764,"color_id":1},"2":{"ros_timestamp":"1696255452.2616007","wall_type":"right","a":0.9999042749,"b":0.0138331214,"c":-0.0000010248,"d":-1.3271507025,"shortest_distance":0.9649525877,"num_points":384,"plane_center_x":1.294510603,"plane_center_y":2.3685977459,"plane_center_z":1.1670194864,"color_id":2},"3":{"ros_timestamp":"1696255452.2616007","wall_type":"front","a":0.0106448438,"b":-0.999943316,"c":0.0000481541,"d":2.9279928207,"shortest_distance":3.2674537711,"num_points":313,"plane_center_x":0.0532245636,"plane_center_y":2.9287855625,"plane_center_z":1.2506841421,"color_id":3}}