{"0":{"ros_timestamp":"1696255452.361819","wall_type":"floor","a":-0.0011102938,"b":-0.0036904586,"c":0.999992609,"d":0.0065165074,"shortest_distance":1.0073153932,"num_points":434,"plane_center_x":0.0929779336,"plane_center_y":2.252042532,"plane_center_z":0.0020088519,"color_id":0},"1":{"ros_timestamp":"1696255452.361819","wall_type":"left","a":0.9999254346,"b":0.0120322276,"c":0.0020639605,"d":1.3221013546,"shortest_distance":1.6869765322,"num_points":509,"plane_center_x":-1.340788126,"plane_center_y":1.3656638861,"plane_center_z":1.0440026522,"color_id":1},"2":{"ros_timestamp":"1696255452.361819","wall_type":"right","a":0.9999042749,"b":0.0138331214,"c":-0.0000010248,"d":-1.3271507025,"shortest_distance":0.9649525877,"num_points":384,"plane_center_x":1.294510603,"plane_center_y":2.3685977459,"plane_center_z":1.1670194864,"color_id":2},"3":{"ros_timestamp":"1696255452.361819","wall_type":"front","a":0.0104291467,"b":-0.9999456406,"c":0.0000544877,"d":2.9280576706,"shortest_distance":3.2674464305,"num_points":313,"plane_center_x":0.0530628897,"plane_center_y":2.9288384914,"plane_center_z":1.2506866455,"color_id":3}}