{"0":{"ros_timestamp":"1696255452.9619217","wall_type":"floor","a":-0.0011057437,"b":-0.0036340351,"c":0.9999927878,"d":0.0063805683,"shortest_distance":1.0071281584,"num_points":434,"plane_center_x":0.092597343,"plane_center_y":2.252140522,"plane_center_z":0.0020173022,"color_id":0},"1":{"ros_timestamp":"1696255452.9619217","wall_type":"left","a":0.9999337792,"b":0.0112347146,"c":0.0024933561,"d":1.322291851,"shortest_distance":1.6945864382,"num_points":512,"plane_center_x":-1.3402324915,"plane_center_y":1.3577764034,"plane_center_z":1.0418379307,"color_id":1},"2":{"ros_timestamp":"1696255452.9619217","wall_type":"right","a":0.9999042749,"b":0.0138331214,"c":-0.0000010248,"d":-1.3271507025,"shortest_distance":0.9582140925,"num_points":384,"plane_center_x":1.294510603,"plane_center_y":2.3685977459,"plane_center_z":1.1670194864,"color_id":2},"3":{"ros_timestamp":"1696255452.9619217","wall_type":"front","a":0.0109269191,"b":-0.9999402761,"c":0.0000443268,"d":2.927904129,"shortest_distance":3.2601325437,"num_points":331,"plane_center_x":0.0091032423,"plane_center_y":2.9282343388,"plane_center_z":1.2589365244,"color_id":3}}