{"0":{"ros_timestamp":"1696255453.0620716","wall_type":"floor","a":-0.0011049599,"b":-0.0036363881,"c":0.9999927878,"d":0.0063855555,"shortest_distance":1.007116956,"num_points":434,"plane_center_x":0.0925884172,"plane_center_y":2.25208354,"plane_center_z":0.0020173199,"color_id":0},"1":{"ros_timestamp":"1696255453.0620716","wall_type":"left","a":0.9999109507,"b":0.0130227786,"c":0.0029098382,"d":1.3243610859,"shortest_distance":1.6997879961,"num_points":512,"plane_center_x":-1.3452130556,"plane_center_y":1.3592009544,"plane_center_z":1.0418394804,"color_id":1},"2":{"ros_timestamp":"1696255453.0620716","wall_type":"right","a":0.9999042749,"b":0.0138331214,"c":-0.0000010248,"d":-1.3271507025,"shortest_distance":0.9549000176,"num_points":384,"plane_center_x":1.294510603,"plane_center_y":2.3685977459,"plane_center_z":1.1670194864,"color_id":2},"3":{"ros_timestamp":"1696255453.0620716","wall_type":"front","a":0.0117481556,"b":-0.9999310374,"c":0.0000316443,"d":2.9276611805,"shortest_distance":3.2564675078,"num_points":331,"plane_center_x":0.0080955615,"plane_center_y":2.9279980659,"plane_center_z":1.2589366436,"color_id":3}}