{"0":{"ros_timestamp":"1696255453.176043","wall_type":"floor","a":0.0006184346,"b":-0.0026346406,"c":0.9999962449,"d":0.0030338739,"shortest_distance":1.0040932291,"num_points":459,"plane_center_x":0.0149953058,"plane_center_y":2.2312147617,"plane_center_z":0.0029395153,"color_id":0},"1":{"ros_timestamp":"1696255453.176043","wall_type":"left","a":0.9999236465,"b":0.0123573225,"c":0.0000191386,"d":1.3239375353,"shortest_distance":1.6966944266,"num_points":487,"plane_center_x":-1.3405253887,"plane_center_y":1.3323630095,"plane_center_z":1.0943609476,"color_id":1},"2":{"ros_timestamp":"1696255453.176043","wall_type":"right","a":0.9999042749,"b":0.0138331214,"c":-0.0000010248,"d":-1.3271507025,"shortest_distance":0.9549000176,"num_points":384,"plane_center_x":1.294510603,"plane_center_y":2.3685977459,"plane_center_z":1.1670194864,"color_id":2},"3":{"ros_timestamp":"1696255453.176043","wall_type":"front","a":0.0108572217,"b":-0.9999411106,"c":0.0000439009,"d":2.9279248714,"shortest_distance":3.256411031,"num_points":331,"plane_center_x":0.0075312504,"plane_center_y":2.9282343388,"plane_center_z":1.2589350939,"color_id":3}}