{"0":{"ros_timestamp":"1696255453.4117835","wall_type":"floor","a":-0.0011592337,"b":-0.0037802532,"c":0.999992311,"d":0.0067576561,"shortest_distance":1.007496635,"num_points":434,"plane_center_x":0.0925322175,"plane_center_y":2.2521545887,"plane_center_z":0.0019743291,"color_id":0},"1":{"ros_timestamp":"1696255453.4117835","wall_type":"left","a":0.9999026656,"b":0.0136823412,"c":0.0027423389,"d":1.324090004,"shortest_distance":1.702408545,"num_points":512,"plane_center_x":-1.345661521,"plane_center_y":1.3581975698,"plane_center_z":1.0419012308,"color_id":1},"2":{"ros_timestamp":"1696255453.4117835","wall_type":"right","a":0.9999042749,"b":0.0138331214,"c":-0.0000010248,"d":-1.3271507025,"shortest_distance":0.9516231676,"num_points":384,"plane_center_x":1.294510603,"plane_center_y":2.3685977459,"plane_center_z":1.1670194864,"color_id":2},"3":{"ros_timestamp":"1696255453.4117835","wall_type":"front","a":0.0117697977,"b":-0.999930799,"c":0.0000315319,"d":2.9276602268,"shortest_distance":3.2527287794,"num_points":331,"plane_center_x":0.0064263754,"plane_center_y":2.9279782772,"plane_center_z":1.2589350939,"color_id":3}}