{"0":{"ros_timestamp":"1696255453.4861279","wall_type":"floor","a":-0.0011593837,"b":-0.0037829799,"c":0.9999921918,"d":0.0067643845,"shortest_distance":1.0075041709,"num_points":434,"plane_center_x":0.0924381465,"plane_center_y":2.2522735596,"plane_center_z":0.0019740944,"color_id":0},"1":{"ros_timestamp":"1696255453.4861279","wall_type":"left","a":0.9999224544,"b":0.0122295404,"c":0.0023469829,"d":1.3227581978,"shortest_distance":1.7011547317,"num_points":512,"plane_center_x":-1.3419055939,"plane_center_y":1.3572125435,"plane_center_z":1.0418739319,"color_id":1},"2":{"ros_timestamp":"1696255453.4861279","wall_type":"right","a":0.9999042749,"b":0.0138331214,"c":-0.0000010248,"d":-1.3271507025,"shortest_distance":0.9516231676,"num_points":384,"plane_center_x":1.294510603,"plane_center_y":2.3685977459,"plane_center_z":1.1670194864,"color_id":2},"3":{"ros_timestamp":"1696255453.4861279","wall_type":"front","a":0.0112499958,"b":-0.9999367595,"c":0.0000389653,"d":2.9278099537,"shortest_distance":3.252690399,"num_points":331,"plane_center_x":0.0062818439,"plane_center_y":2.9281148911,"plane_center_z":1.2589333057,"color_id":3}}