{"0":{"ros_timestamp":"1696255453.5815237","wall_type":"floor","a":-0.0011593717,"b":-0.0037838381,"c":0.9999921918,"d":0.0067664739,"shortest_distance":1.0075065367,"num_points":434,"plane_center_x":0.0924217328,"plane_center_y":2.2522983551,"plane_center_z":0.0019740104,"color_id":0},"1":{"ros_timestamp":"1696255453.5815237","wall_type":"left","a":0.9999310374,"b":0.0115447426,"c":0.0021780028,"d":1.3222581148,"shortest_distance":1.7007083698,"num_points":512,"plane_center_x":-1.3402842283,"plane_center_y":1.3568614721,"plane_center_z":1.041862011,"color_id":1},"2":{"ros_timestamp":"1696255453.5815237","wall_type":"right","a":0.9999042749,"b":0.0138331214,"c":-0.0000010248,"d":-1.3271507025,"shortest_distance":0.9516231676,"num_points":384,"plane_center_x":1.294510603,"plane_center_y":2.3685977459,"plane_center_z":1.1670194864,"color_id":2},"3":{"ros_timestamp":"1696255453.5815237","wall_type":"front","a":0.0109881628,"b":-0.9999396205,"c":0.0000389166,"d":2.9278898239,"shortest_distance":3.2526718055,"num_points":331,"plane_center_x":0.0062095867,"plane_center_y":2.9281840324,"plane_center_z":1.2589323521,"color_id":3}}