{"0":{"ros_timestamp":"1696255437.6629536","wall_type":"floor","a":0.0017519111,"b":-0.0000822117,"c":0.9999985099,"d":-0.0010265481,"shortest_distance":0.9990921673,"num_points":263,"plane_center_x":-0.0428522155,"plane_center_y":2.147788763,"plane_center_z":0.0012781965,"color_id":0},"1":{"ros_timestamp":"1696255437.6629536","wall_type":"left","a":0.9998841286,"b":0.0152202789,"c":-0.0000858892,"d":1.3210513592,"shortest_distance":1.3729630946,"num_points":230,"plane_center_x":-1.3505448103,"plane_center_y":1.933812499,"plane_center_z":1.1204725504,"color_id":1},"2":{"ros_timestamp":"1696255437.6629536","wall_type":"right","a":0.999935627,"b":0.0112752616,"c":-0.0012722117,"d":-1.3194179535,"shortest_distance":1.2667422554,"num_points":352,"plane_center_x":1.2952049971,"plane_center_y":2.3095476627,"plane_center_z":1.1243332624,"color_id":2}}