{"0":{"ros_timestamp":"1696255454.392238","wall_type":"floor","a":-0.0011422553,"b":-0.0037968629,"c":0.9999921322,"d":0.0067872657,"shortest_distance":1.0074650117,"num_points":434,"plane_center_x":0.0914555937,"plane_center_y":2.2524836063,"plane_center_z":0.0019805331,"color_id":0},"1":{"ros_timestamp":"1696255454.392238","wall_type":"left","a":0.9999227524,"b":0.0122481044,"c":0.0021239773,"d":1.3230122328,"shortest_distance":1.7138842757,"num_points":529,"plane_center_x":-1.3414623737,"plane_center_y":1.3177944422,"plane_center_z":1.0386310816,"color_id":1},"2":{"ros_timestamp":"1696255454.392238","wall_type":"right","a":0.9999042749,"b":0.0138331214,"c":-0.0000010248,"d":-1.3271507025,"shortest_distance":0.9388945131,"num_points":384,"plane_center_x":1.294510603,"plane_center_y":2.3685977459,"plane_center_z":1.1670194864,"color_id":2},"3":{"ros_timestamp":"1696255454.392238","wall_type":"front","a":0.0117953308,"b":-0.999930501,"c":0.0000250496,"d":2.9276747704,"shortest_distance":3.2374427755,"num_points":349,"plane_center_x":-0.039788641,"plane_center_y":2.9274406433,"plane_center_z":1.2663242817,"color_id":3}}