{"0":{"ros_timestamp":"1696255454.8789449","wall_type":"floor","a":-0.0010924357,"b":-0.0037445177,"c":0.999992311,"d":0.0066342447,"shortest_distance":1.0072796242,"num_points":433,"plane_center_x":0.0942931175,"plane_center_y":2.2545161247,"plane_center_z":0.0020220599,"color_id":0},"1":{"ros_timestamp":"1696255454.8789449","wall_type":"left","a":0.9999195933,"b":0.0124656847,"c":0.0023432889,"d":1.3226542473,"shortest_distance":1.7197998438,"num_points":531,"plane_center_x":-1.3416579962,"plane_center_y":1.3206936121,"plane_center_z":1.0380398035,"color_id":1},"2":{"ros_timestamp":"1696255454.8789449","wall_type":"right","a":0.9999042749,"b":0.0138331214,"c":-0.0000010248,"d":-1.3271507025,"shortest_distance":0.9327618749,"num_points":384,"plane_center_x":1.294510603,"plane_center_y":2.3685977459,"plane_center_z":1.1670194864,"color_id":2},"3":{"ros_timestamp":"1696255454.8789449","wall_type":"front","a":0.0117953308,"b":-0.999930501,"c":0.0000250496,"d":2.9276747704,"shortest_distance":3.229603561,"num_points":349,"plane_center_x":-0.039788641,"plane_center_y":2.9274406433,"plane_center_z":1.2663242817,"color_id":3}}