{"0":{"ros_timestamp":"1696255454.9967299","wall_type":"floor","a":-0.0010830127,"b":-0.0037142262,"c":0.9999925494,"d":0.0065572262,"shortest_distance":1.0071974802,"num_points":433,"plane_center_x":0.0942851007,"plane_center_y":2.2544944286,"plane_center_z":0.002029835,"color_id":0},"1":{"ros_timestamp":"1696255454.9967299","wall_type":"left","a":0.9999328852,"b":0.0113766743,"c":0.0021870143,"d":1.3224102259,"shortest_distance":1.7197286068,"num_points":531,"plane_center_x":-1.3398059607,"plane_center_y":1.3216189146,"plane_center_z":1.0380295515,"color_id":1},"2":{"ros_timestamp":"1696255454.9967299","wall_type":"right","a":0.9999042749,"b":0.0138331214,"c":-0.0000010248,"d":-1.3271507025,"shortest_distance":0.9327618749,"num_points":384,"plane_center_x":1.294510603,"plane_center_y":2.3685977459,"plane_center_z":1.1670194864,"color_id":2},"3":{"ros_timestamp":"1696255454.9967299","wall_type":"front","a":0.0117953308,"b":-0.999930501,"c":0.0000250496,"d":2.9276747704,"shortest_distance":3.229603561,"num_points":349,"plane_center_x":-0.039788641,"plane_center_y":2.9274406433,"plane_center_z":1.2663242817,"color_id":3}}