{"0":{"ros_timestamp":"1696255455.0617363","wall_type":"floor","a":-0.0010791299,"b":-0.0036550481,"c":0.9999927282,"d":0.0064151064,"shortest_distance":1.0070395412,"num_points":435,"plane_center_x":0.0878807977,"plane_center_y":2.2527120113,"plane_center_z":0.0020243065,"color_id":0},"1":{"ros_timestamp":"1696255455.0617363","wall_type":"left","a":0.9998918176,"b":0.0145389074,"c":0.0022167603,"d":1.3236105442,"shortest_distance":1.7200024521,"num_points":530,"plane_center_x":-1.3451710939,"plane_center_y":1.3143259287,"plane_center_z":1.0403169394,"color_id":1},"2":{"ros_timestamp":"1696255455.0617363","wall_type":"right","a":0.9999042749,"b":0.0138331214,"c":-0.0000010248,"d":-1.3271507025,"shortest_distance":0.9327618749,"num_points":384,"plane_center_x":1.294510603,"plane_center_y":2.3685977459,"plane_center_z":1.1670194864,"color_id":2},"3":{"ros_timestamp":"1696255455.0617363","wall_type":"front","a":0.0117953308,"b":-0.999930501,"c":0.0000250496,"d":2.9276747704,"shortest_distance":3.229603561,"num_points":349,"plane_center_x":-0.039788641,"plane_center_y":2.9274406433,"plane_center_z":1.2663242817,"color_id":3}}