{"0":{"ros_timestamp":"1696255455.383952","wall_type":"floor","a":-0.0010874312,"b":-0.0037460458,"c":0.9999924302,"d":0.0066351909,"shortest_distance":1.0072465612,"num_points":433,"plane_center_x":0.0941918194,"plane_center_y":2.2544624805,"plane_center_z":0.0020237681,"color_id":0},"1":{"ros_timestamp":"1696255455.383952","wall_type":"left","a":0.9999229312,"b":0.0121782301,"c":0.0024315782,"d":1.3227046728,"shortest_distance":1.7259870222,"num_points":534,"plane_center_x":-1.3413361311,"plane_center_y":1.3145080805,"plane_center_z":1.0362716913,"color_id":1},"2":{"ros_timestamp":"1696255455.383952","wall_type":"right","a":0.9999042749,"b":0.0138331214,"c":-0.0000010248,"d":-1.3271507025,"shortest_distance":0.9267869874,"num_points":384,"plane_center_x":1.294510603,"plane_center_y":2.3685977459,"plane_center_z":1.1670194864,"color_id":2},"3":{"ros_timestamp":"1696255455.383952","wall_type":"front","a":0.0117953308,"b":-0.999930501,"c":0.0000250496,"d":2.9276747704,"shortest_distance":3.221643589,"num_points":349,"plane_center_x":-0.039788641,"plane_center_y":2.9274406433,"plane_center_z":1.2663242817,"color_id":3}}