{"0":{"ros_timestamp":"1696255455.5616338","wall_type":"floor","a":-0.001078057,"b":-0.0037559618,"c":0.9999924302,"d":0.0066532362,"shortest_distance":1.0072528988,"num_points":433,"plane_center_x":0.0939907208,"plane_center_y":2.2545084953,"plane_center_z":0.002027126,"color_id":0},"1":{"ros_timestamp":"1696255455.5616338","wall_type":"left","a":0.9999033213,"b":0.0128226671,"c":0.0053815357,"d":1.3221946955,"shortest_distance":1.7311561151,"num_points":534,"plane_center_x":-1.3451365232,"plane_center_y":1.3113847971,"plane_center_z":1.0362546444,"color_id":1},"2":{"ros_timestamp":"1696255455.5616338","wall_type":"right","a":0.9999042749,"b":0.0138331214,"c":-0.0000010248,"d":-1.3271507025,"shortest_distance":0.9238594495,"num_points":384,"plane_center_x":1.294510603,"plane_center_y":2.3685977459,"plane_center_z":1.1670194864,"color_id":2},"3":{"ros_timestamp":"1696255455.5616338","wall_type":"front","a":0.0117953308,"b":-0.999930501,"c":0.0000250496,"d":2.9276747704,"shortest_distance":3.217619312,"num_points":349,"plane_center_x":-0.039788641,"plane_center_y":2.9274406433,"plane_center_z":1.2663242817,"color_id":3}}