{"0":{"ros_timestamp":"1696255455.6802294","wall_type":"floor","a":-0.0011686996,"b":-0.003862998,"c":0.9999918938,"d":0.0069598947,"shortest_distance":1.0075526511,"num_points":433,"plane_center_x":0.0941620544,"plane_center_y":2.2547080517,"plane_center_z":0.0019712532,"color_id":0},"1":{"ros_timestamp":"1696255455.6802294","wall_type":"left","a":0.9999357462,"b":0.0110974386,"c":0.0023040704,"d":1.3224494457,"shortest_distance":1.7288386706,"num_points":534,"plane_center_x":-1.3394210339,"plane_center_y":1.306425333,"plane_center_z":1.036195755,"color_id":1},"2":{"ros_timestamp":"1696255455.6802294","wall_type":"right","a":0.9999042749,"b":0.0138331214,"c":-0.0000010248,"d":-1.3271507025,"shortest_distance":0.9238594495,"num_points":384,"plane_center_x":1.294510603,"plane_center_y":2.3685977459,"plane_center_z":1.1670194864,"color_id":2},"3":{"ros_timestamp":"1696255455.6802294","wall_type":"front","a":0.0117953308,"b":-0.999930501,"c":0.0000250496,"d":2.9276747704,"shortest_distance":3.217619312,"num_points":349,"plane_center_x":-0.039788641,"plane_center_y":2.9274406433,"plane_center_z":1.2663242817,"color_id":3}}