{"0":{"ros_timestamp":"1696255436.0629675","wall_type":"floor","a":0.0000065735,"b":0.0000048284,"c":1.0,"d":-0.0000012892,"shortest_distance":0.9999718485,"num_points":134,"plane_center_x":-0.1911408901,"plane_center_y":2.1103999615,"plane_center_z":-0.0000076443,"color_id":0},"1":{"ros_timestamp":"1696255436.0629675","wall_type":"left","a":0.9999016523,"b":0.0132032502,"c":0.0047353595,"d":1.3218643665,"shortest_distance":1.3399200828,"num_points":182,"plane_center_x":-1.3544197083,"plane_center_y":2.0780704021,"plane_center_z":1.0526841879,"color_id":1},"2":{"ros_timestamp":"1696255436.0629675","wall_type":"right","a":0.99988693,"b":0.0148761934,"c":-0.0021926095,"d":-1.3263856173,"shortest_distance":1.3160890297,"num_points":262,"plane_center_x":1.295609951,"plane_center_y":2.2418601513,"plane_center_z":1.1074556112,"color_id":2}}