{"0":{"ros_timestamp":"1696255455.961639","wall_type":"floor","a":-0.0012104445,"b":-0.003822336,"c":0.999992013,"d":0.0068888171,"shortest_distance":1.0074149296,"num_points":433,"plane_center_x":0.0943025053,"plane_center_y":2.2544140816,"plane_center_z":0.0019537357,"color_id":0},"1":{"ros_timestamp":"1696255455.961639","wall_type":"left","a":0.9999239445,"b":0.012079915,"c":0.0024740172,"d":1.3228502274,"shortest_distance":1.7348439965,"num_points":548,"plane_center_x":-1.3409059048,"plane_center_y":1.274230361,"plane_center_z":1.0352563858,"color_id":1},"2":{"ros_timestamp":"1696255455.961639","wall_type":"right","a":0.9999042749,"b":0.0138331214,"c":-0.0000010248,"d":-1.3271507025,"shortest_distance":0.9181256492,"num_points":384,"plane_center_x":1.294510603,"plane_center_y":2.3685977459,"plane_center_z":1.1670194864,"color_id":2},"3":{"ros_timestamp":"1696255455.961639","wall_type":"front","a":0.0117953308,"b":-0.999930501,"c":0.0000250496,"d":2.9276747704,"shortest_distance":3.2094841881,"num_points":349,"plane_center_x":-0.039788641,"plane_center_y":2.9274406433,"plane_center_z":1.2663242817,"color_id":3}}