{"0":{"ros_timestamp":"1696255456.0791326","wall_type":"floor","a":-0.0012077381,"b":-0.0037959784,"c":0.9999920726,"d":0.0068250047,"shortest_distance":1.0073450394,"num_points":433,"plane_center_x":0.0943209529,"plane_center_y":2.2544388771,"plane_center_z":0.0019580196,"color_id":0},"1":{"ros_timestamp":"1696255456.0791326","wall_type":"left","a":0.9999411702,"b":0.0106027275,"c":0.002277439,"d":1.3229938745,"shortest_distance":1.7352072581,"num_points":548,"plane_center_x":-1.3389387131,"plane_center_y":1.2740415335,"plane_center_z":1.0352517366,"color_id":1},"2":{"ros_timestamp":"1696255456.0791326","wall_type":"right","a":0.9999042749,"b":0.0138331214,"c":-0.0000010248,"d":-1.3271507025,"shortest_distance":0.9181256492,"num_points":384,"plane_center_x":1.294510603,"plane_center_y":2.3685977459,"plane_center_z":1.1670194864,"color_id":2},"3":{"ros_timestamp":"1696255456.0791326","wall_type":"front","a":0.0117953308,"b":-0.999930501,"c":0.0000250496,"d":2.9276747704,"shortest_distance":3.2094841881,"num_points":349,"plane_center_x":-0.039788641,"plane_center_y":2.9274406433,"plane_center_z":1.2663242817,"color_id":3}}