{"0":{"ros_timestamp":"1696255456.3824737","wall_type":"floor","a":-0.0012014392,"b":-0.0037066943,"c":0.9999924302,"d":0.0066103982,"shortest_distance":1.0070712828,"num_points":434,"plane_center_x":0.0911150277,"plane_center_y":2.2525243759,"plane_center_z":0.0019596498,"color_id":0},"1":{"ros_timestamp":"1696255456.3824737","wall_type":"left","a":0.9998899698,"b":0.014611695,"c":0.0025494406,"d":1.3229495287,"shortest_distance":1.7398801343,"num_points":547,"plane_center_x":-1.344388485,"plane_center_y":1.2761546373,"plane_center_z":1.0371690989,"color_id":1},"2":{"ros_timestamp":"1696255456.3824737","wall_type":"right","a":0.9999042749,"b":0.0138331214,"c":-0.0000010248,"d":-1.3271507025,"shortest_distance":0.9125554538,"num_points":384,"plane_center_x":1.294510603,"plane_center_y":2.3685977459,"plane_center_z":1.1670194864,"color_id":2},"3":{"ros_timestamp":"1696255456.3824737","wall_type":"front","a":0.0117953308,"b":-0.999930501,"c":0.0000250496,"d":2.9276747704,"shortest_distance":3.2012363542,"num_points":349,"plane_center_x":-0.039788641,"plane_center_y":2.9274406433,"plane_center_z":1.2663242817,"color_id":3}}