{"0":{"ros_timestamp":"1696255456.7621462","wall_type":"floor","a":-0.0011995756,"b":-0.0037179145,"c":0.9999924302,"d":0.0066359472,"shortest_distance":1.0070629362,"num_points":434,"plane_center_x":0.0909130946,"plane_center_y":2.2524514198,"plane_center_z":0.0019586748,"color_id":0},"1":{"ros_timestamp":"1696255456.7621462","wall_type":"left","a":0.9998838902,"b":0.0150497369,"c":0.0024050514,"d":1.323112011,"shortest_distance":1.7451924145,"num_points":548,"plane_center_x":-1.344961524,"plane_center_y":1.2755100727,"plane_center_z":1.0383532047,"color_id":1},"2":{"ros_timestamp":"1696255456.7621462","wall_type":"right","a":0.9999042749,"b":0.0138331214,"c":-0.0000010248,"d":-1.3271507025,"shortest_distance":0.9071510914,"num_points":384,"plane_center_x":1.294510603,"plane_center_y":2.3685977459,"plane_center_z":1.1670194864,"color_id":2},"3":{"ros_timestamp":"1696255456.7621462","wall_type":"front","a":0.0117953308,"b":-0.999930501,"c":0.0000250496,"d":2.9276747704,"shortest_distance":3.1928791092,"num_points":349,"plane_center_x":-0.039788641,"plane_center_y":2.9274406433,"plane_center_z":1.2663242817,"color_id":3}}