{"0":{"ros_timestamp":"1696255456.8618588","wall_type":"floor","a":-0.0012315562,"b":-0.0039718645,"c":0.9999912977,"d":0.0072551398,"shortest_distance":1.0077336441,"num_points":431,"plane_center_x":0.1003416628,"plane_center_y":2.2584819794,"plane_center_z":0.0019504497,"color_id":0},"1":{"ros_timestamp":"1696255456.8618588","wall_type":"left","a":0.999945879,"b":0.0098252296,"c":0.0034319584,"d":1.3221689463,"shortest_distance":1.746661911,"num_points":572,"plane_center_x":-1.3391112089,"plane_center_y":1.3208756447,"plane_center_z":1.0407053232,"color_id":1},"2":{"ros_timestamp":"1696255456.8618588","wall_type":"right","a":0.9999042749,"b":0.0138331214,"c":-0.0000010248,"d":-1.3271507025,"shortest_distance":0.9071510914,"num_points":384,"plane_center_x":1.294510603,"plane_center_y":2.3685977459,"plane_center_z":1.1670194864,"color_id":2},"3":{"ros_timestamp":"1696255456.8618588","wall_type":"front","a":0.0117953308,"b":-0.999930501,"c":0.0000250496,"d":2.9276747704,"shortest_distance":3.1928791092,"num_points":349,"plane_center_x":-0.039788641,"plane_center_y":2.9274406433,"plane_center_z":1.2663242817,"color_id":3}}