{"0":{"ros_timestamp":"1696255457.0842788","wall_type":"floor","a":-0.0012070648,"b":-0.0039837705,"c":0.9999914169,"d":0.0072687743,"shortest_distance":1.00774069,"num_points":431,"plane_center_x":0.1000732332,"plane_center_y":2.2584633827,"plane_center_z":0.0019608007,"color_id":0},"1":{"ros_timestamp":"1696255457.0842788","wall_type":"left","a":0.9999511838,"b":0.0095148422,"c":0.0026585402,"d":1.3225021362,"shortest_distance":1.74892589,"num_points":572,"plane_center_x":-1.3379948139,"plane_center_y":1.3213404417,"plane_center_z":1.0407607555,"color_id":1},"2":{"ros_timestamp":"1696255457.0842788","wall_type":"right","a":0.9999042749,"b":0.0138331214,"c":-0.0000010248,"d":-1.3271507025,"shortest_distance":0.9045117757,"num_points":384,"plane_center_x":1.294510603,"plane_center_y":2.3685977459,"plane_center_z":1.1670194864,"color_id":2},"3":{"ros_timestamp":"1696255457.0842788","wall_type":"front","a":0.0117953308,"b":-0.999930501,"c":0.0000250496,"d":2.9276747704,"shortest_distance":3.1886605006,"num_points":349,"plane_center_x":-0.039788641,"plane_center_y":2.9274406433,"plane_center_z":1.2663242817,"color_id":3}}