{"0":{"ros_timestamp":"1696255457.776314","wall_type":"floor","a":-0.0012208689,"b":-0.0039364449,"c":0.9999914765,"d":0.007165683,"shortest_distance":1.0075397938,"num_points":432,"plane_center_x":0.0964820534,"plane_center_y":2.2564015388,"plane_center_z":0.0019457126,"color_id":0},"1":{"ros_timestamp":"1696255457.776314","wall_type":"left","a":0.9999244213,"b":0.0120669873,"c":0.0023383698,"d":1.3228036165,"shortest_distance":1.7583443983,"num_points":607,"plane_center_x":-1.3413088322,"plane_center_y":1.328425765,"plane_center_z":1.0500218868,"color_id":1},"2":{"ros_timestamp":"1696255457.776314","wall_type":"right","a":0.9999042749,"b":0.0138331214,"c":-0.0000010248,"d":-1.3271507025,"shortest_distance":0.8943797253,"num_points":384,"plane_center_x":1.294510603,"plane_center_y":2.3685977459,"plane_center_z":1.1670194864,"color_id":2},"3":{"ros_timestamp":"1696255457.776314","wall_type":"front","a":0.0117953308,"b":-0.999930501,"c":0.0000250496,"d":2.9276747704,"shortest_distance":3.1715293646,"num_points":349,"plane_center_x":-0.039788641,"plane_center_y":2.9274406433,"plane_center_z":1.2663242817,"color_id":3}}