{"0":{"ros_timestamp":"1696255458.0616539","wall_type":"floor","a":-0.0012231183,"b":-0.0039346833,"c":0.9999914765,"d":0.0071629621,"shortest_distance":1.0075155764,"num_points":432,"plane_center_x":0.0963567719,"plane_center_y":2.2564897537,"plane_center_z":0.0019448751,"color_id":0},"1":{"ros_timestamp":"1696255458.0616539","wall_type":"left","a":0.9999408722,"b":0.01064613,"c":0.0021908951,"d":1.3229420185,"shortest_distance":1.761093294,"num_points":608,"plane_center_x":-1.3393733501,"plane_center_y":1.3274884224,"plane_center_z":1.0487833023,"color_id":1},"2":{"ros_timestamp":"1696255458.0616539","wall_type":"right","a":0.9999042749,"b":0.0138331214,"c":-0.0000010248,"d":-1.3271507025,"shortest_distance":0.8919542822,"num_points":384,"plane_center_x":1.294510603,"plane_center_y":2.3685977459,"plane_center_z":1.1670194864,"color_id":2},"3":{"ros_timestamp":"1696255458.0616539","wall_type":"front","a":0.0117953308,"b":-0.999930501,"c":0.0000250496,"d":2.9276747704,"shortest_distance":3.1671845467,"num_points":349,"plane_center_x":-0.039788641,"plane_center_y":2.9274406433,"plane_center_z":1.2663242817,"color_id":3}}