{"0":{"ros_timestamp":"1696255458.4795208","wall_type":"floor","a":-0.0012055937,"b":-0.0038409638,"c":0.9999918938,"d":0.0069313063,"shortest_distance":1.0072306234,"num_points":433,"plane_center_x":0.0929088667,"plane_center_y":2.2543673515,"plane_center_z":0.0019508987,"color_id":0},"1":{"ros_timestamp":"1696255458.4795208","wall_type":"left","a":0.99990803,"b":0.0132771097,"c":0.0027829218,"d":1.3221443892,"shortest_distance":1.7649717834,"num_points":609,"plane_center_x":-1.3428075314,"plane_center_y":1.3205778599,"plane_center_z":1.0503146648,"color_id":1},"2":{"ros_timestamp":"1696255458.4795208","wall_type":"right","a":0.9999042749,"b":0.0138331214,"c":-0.0000010248,"d":-1.3271507025,"shortest_distance":0.8872341925,"num_points":384,"plane_center_x":1.294510603,"plane_center_y":2.3685977459,"plane_center_z":1.1670194864,"color_id":2},"3":{"ros_timestamp":"1696255458.4795208","wall_type":"front","a":0.0117953308,"b":-0.999930501,"c":0.0000250496,"d":2.9276747704,"shortest_distance":3.1584235029,"num_points":349,"plane_center_x":-0.039788641,"plane_center_y":2.9274406433,"plane_center_z":1.2663242817,"color_id":3}}