{"0":{"ros_timestamp":"1696255458.9616604","wall_type":"floor","a":-0.0012016761,"b":-0.003850485,"c":0.9999918938,"d":0.0069517219,"shortest_distance":1.0071954356,"num_points":433,"plane_center_x":0.092640616,"plane_center_y":2.2547025681,"plane_center_z":0.0019525343,"color_id":0},"1":{"ros_timestamp":"1696255458.9616604","wall_type":"left","a":0.9999084473,"b":0.0133314887,"c":0.0023241283,"d":1.3222227097,"shortest_distance":1.7713222437,"num_points":609,"plane_center_x":-1.3423950672,"plane_center_y":1.3208218813,"plane_center_z":1.0502449274,"color_id":1},"2":{"ros_timestamp":"1696255458.9616604","wall_type":"right","a":0.9999042749,"b":0.0138331214,"c":-0.0000010248,"d":-1.3271507025,"shortest_distance":0.8804845558,"num_points":384,"plane_center_x":1.294510603,"plane_center_y":2.3685977459,"plane_center_z":1.1670194864,"color_id":2},"3":{"ros_timestamp":"1696255458.9616604","wall_type":"front","a":0.0117953308,"b":-0.999930501,"c":0.0000250496,"d":2.9276747704,"shortest_distance":3.1451100052,"num_points":349,"plane_center_x":-0.039788641,"plane_center_y":2.9274406433,"plane_center_z":1.2663242817,"color_id":3}}