{"0":{"ros_timestamp":"1696255459.072135","wall_type":"floor","a":-0.0012191945,"b":-0.003939651,"c":0.9999914765,"d":0.0071728998,"shortest_distance":1.0074272823,"num_points":432,"plane_center_x":0.095850423,"plane_center_y":2.2565248013,"plane_center_z":0.0019452791,"color_id":0},"1":{"ros_timestamp":"1696255459.072135","wall_type":"left","a":0.9999182224,"b":0.0125819826,"c":0.0023278431,"d":1.3216061592,"shortest_distance":1.7708726625,"num_points":610,"plane_center_x":-1.3406991959,"plane_center_y":1.3211792707,"plane_center_z":1.0485309362,"color_id":1},"2":{"ros_timestamp":"1696255459.072135","wall_type":"right","a":0.9999042749,"b":0.0138331214,"c":-0.0000010248,"d":-1.3271507025,"shortest_distance":0.8804845558,"num_points":384,"plane_center_x":1.294510603,"plane_center_y":2.3685977459,"plane_center_z":1.1670194864,"color_id":2},"3":{"ros_timestamp":"1696255459.072135","wall_type":"front","a":0.0117953308,"b":-0.999930501,"c":0.0000250496,"d":2.9276747704,"shortest_distance":3.1451100052,"num_points":349,"plane_center_x":-0.039788641,"plane_center_y":2.9274406433,"plane_center_z":1.2663242817,"color_id":3}}