{"0":{"ros_timestamp":"1696255459.4837916","wall_type":"floor","a":-0.001182228,"b":-0.0036820881,"c":0.9999925494,"d":0.0065424656,"shortest_distance":1.0067025651,"num_points":434,"plane_center_x":0.0891954005,"plane_center_y":2.2524502277,"plane_center_z":0.0019678732,"color_id":0},"1":{"ros_timestamp":"1696255459.4837916","wall_type":"left","a":0.9998940825,"b":0.01443775,"c":0.0018274346,"d":1.3240191936,"shortest_distance":1.7787368022,"num_points":623,"plane_center_x":-1.3445637226,"plane_center_y":1.2802867889,"plane_center_z":1.0493702888,"color_id":1},"2":{"ros_timestamp":"1696255459.4837916","wall_type":"right","a":0.9999042749,"b":0.0138331214,"c":-0.0000010248,"d":-1.3271507025,"shortest_distance":0.8741368895,"num_points":384,"plane_center_x":1.294510603,"plane_center_y":2.3685977459,"plane_center_z":1.1670194864,"color_id":2},"3":{"ros_timestamp":"1696255459.4837916","wall_type":"front","a":0.0117953308,"b":-0.999930501,"c":0.0000250496,"d":2.9276747704,"shortest_distance":3.1316008529,"num_points":349,"plane_center_x":-0.039788641,"plane_center_y":2.9274406433,"plane_center_z":1.2663242817,"color_id":3}}