{"0":{"ros_timestamp":"1696255459.5616355","wall_type":"floor","a":-0.0012019584,"b":-0.00384783,"c":0.9999917746,"d":0.0069459109,"shortest_distance":1.0071292766,"num_points":433,"plane_center_x":0.0923880711,"plane_center_y":2.2543957233,"plane_center_z":0.0019509047,"color_id":0},"1":{"ros_timestamp":"1696255459.5616355","wall_type":"left","a":0.9999104142,"b":0.01315472,"c":0.0024563354,"d":1.3219740391,"shortest_distance":1.7775827505,"num_points":624,"plane_center_x":-1.3416150808,"plane_center_y":1.2821587324,"plane_center_z":1.0476914644,"color_id":1},"2":{"ros_timestamp":"1696255459.5616355","wall_type":"right","a":0.9999042749,"b":0.0138331214,"c":-0.0000010248,"d":-1.3271507025,"shortest_distance":0.8741368895,"num_points":384,"plane_center_x":1.294510603,"plane_center_y":2.3685977459,"plane_center_z":1.1670194864,"color_id":2},"3":{"ros_timestamp":"1696255459.5616355","wall_type":"front","a":0.0117953308,"b":-0.999930501,"c":0.0000250496,"d":2.9276747704,"shortest_distance":3.1316008529,"num_points":349,"plane_center_x":-0.039788641,"plane_center_y":2.9274406433,"plane_center_z":1.2663242817,"color_id":3}}