{"0":{"ros_timestamp":"1696255459.6716897","wall_type":"floor","a":-0.0012098694,"b":-0.0039261123,"c":0.9999915957,"d":0.007135666,"shortest_distance":1.0073103446,"num_points":432,"plane_center_x":0.0954958946,"plane_center_y":2.256387949,"plane_center_z":0.001950109,"color_id":0},"1":{"ros_timestamp":"1696255459.6716897","wall_type":"left","a":0.9999139309,"b":0.0123666152,"c":0.004383496,"d":1.3205138445,"shortest_distance":1.780226536,"num_points":627,"plane_center_x":-1.3416222334,"plane_center_y":1.2750540972,"plane_center_z":1.0458855629,"color_id":1},"2":{"ros_timestamp":"1696255459.6716897","wall_type":"right","a":0.9999042749,"b":0.0138331214,"c":-0.0000010248,"d":-1.3271507025,"shortest_distance":0.8721113253,"num_points":384,"plane_center_x":1.294510603,"plane_center_y":2.3685977459,"plane_center_z":1.1670194864,"color_id":2},"3":{"ros_timestamp":"1696255459.6716897","wall_type":"front","a":0.0117953308,"b":-0.999930501,"c":0.0000250496,"d":2.9276747704,"shortest_distance":3.1270564197,"num_points":349,"plane_center_x":-0.039788641,"plane_center_y":2.9274406433,"plane_center_z":1.2663242817,"color_id":3}}