{"0":{"ros_timestamp":"1696255459.961549","wall_type":"floor","a":-0.0011695345,"b":-0.0036645629,"c":0.9999926686,"d":0.0064936425,"shortest_distance":1.0066180404,"num_points":434,"plane_center_x":0.0889669433,"plane_center_y":2.2525265217,"plane_center_z":0.0019761091,"color_id":0},"1":{"ros_timestamp":"1696255459.961549","wall_type":"left","a":0.9998931885,"b":0.0145093948,"c":0.0017675877,"d":1.3243683577,"shortest_distance":1.7830231989,"num_points":625,"plane_center_x":-1.3448238373,"plane_center_y":1.2720932961,"plane_center_z":1.0491739511,"color_id":1},"2":{"ros_timestamp":"1696255459.961549","wall_type":"right","a":0.9999042749,"b":0.0138331214,"c":-0.0000010248,"d":-1.3271507025,"shortest_distance":0.8701312648,"num_points":384,"plane_center_x":1.294510603,"plane_center_y":2.3685977459,"plane_center_z":1.1670194864,"color_id":2},"3":{"ros_timestamp":"1696255459.961549","wall_type":"front","a":0.0117953308,"b":-0.999930501,"c":0.0000250496,"d":2.9276747704,"shortest_distance":3.122492051,"num_points":349,"plane_center_x":-0.039788641,"plane_center_y":2.9274406433,"plane_center_z":1.2663242817,"color_id":3}}