{"0":{"ros_timestamp":"1696255460.0883715","wall_type":"floor","a":-0.0011953269,"b":-0.0038443359,"c":0.9999918938,"d":0.0069339052,"shortest_distance":1.0070598437,"num_points":433,"plane_center_x":0.0921839848,"plane_center_y":2.2546076775,"plane_center_z":0.0019549876,"color_id":0},"1":{"ros_timestamp":"1696255460.0883715","wall_type":"left","a":0.9999050498,"b":0.0136365499,"c":0.001991834,"d":1.3225858212,"shortest_distance":1.7835691161,"num_points":626,"plane_center_x":-1.3420516253,"plane_center_y":1.2708841562,"plane_center_z":1.0474866629,"color_id":1},"2":{"ros_timestamp":"1696255460.0883715","wall_type":"right","a":0.9999042749,"b":0.0138331214,"c":-0.0000010248,"d":-1.3271507025,"shortest_distance":0.868196906,"num_points":384,"plane_center_x":1.294510603,"plane_center_y":2.3685977459,"plane_center_z":1.1670194864,"color_id":2},"3":{"ros_timestamp":"1696255460.0883715","wall_type":"front","a":0.0117953308,"b":-0.999930501,"c":0.0000250496,"d":2.9276747704,"shortest_distance":3.1179082032,"num_points":349,"plane_center_x":-0.039788641,"plane_center_y":2.9274406433,"plane_center_z":1.2663242817,"color_id":3}}