{"0":{"ros_timestamp":"1696255460.1742558","wall_type":"floor","a":-0.0012143236,"b":-0.0039381813,"c":0.9999914765,"d":0.0071670413,"shortest_distance":1.0073011644,"num_points":432,"plane_center_x":0.0953994617,"plane_center_y":2.2564585209,"plane_center_z":0.0019465426,"color_id":0},"1":{"ros_timestamp":"1696255460.1742558","wall_type":"left","a":0.9999091625,"b":0.0131852226,"c":0.0027881786,"d":1.3209488392,"shortest_distance":1.7828138185,"num_points":627,"plane_center_x":-1.3408212662,"plane_center_y":1.2704210281,"plane_center_z":1.045812726,"color_id":1},"2":{"ros_timestamp":"1696255460.1742558","wall_type":"right","a":0.9999042749,"b":0.0138331214,"c":-0.0000010248,"d":-1.3271507025,"shortest_distance":0.868196906,"num_points":384,"plane_center_x":1.294510603,"plane_center_y":2.3685977459,"plane_center_z":1.1670194864,"color_id":2},"3":{"ros_timestamp":"1696255460.1742558","wall_type":"front","a":0.0117953308,"b":-0.999930501,"c":0.0000250496,"d":2.9276747704,"shortest_distance":3.1179082032,"num_points":349,"plane_center_x":-0.039788641,"plane_center_y":2.9274406433,"plane_center_z":1.2663242817,"color_id":3}}