{"0":{"ros_timestamp":"1696255460.2715914","wall_type":"floor","a":-0.0011982406,"b":-0.0038499571,"c":0.9999918938,"d":0.006948967,"shortest_distance":1.0070545827,"num_points":433,"plane_center_x":0.0921603739,"plane_center_y":2.2546234131,"plane_center_z":0.001952898,"color_id":0},"1":{"ros_timestamp":"1696255460.2715914","wall_type":"left","a":0.999900341,"b":0.0137458537,"c":0.0032379001,"d":1.3228127956,"shortest_distance":1.7869077255,"num_points":626,"plane_center_x":-1.3441985846,"plane_center_y":1.2730324268,"plane_center_z":1.0474507809,"color_id":1},"2":{"ros_timestamp":"1696255460.2715914","wall_type":"right","a":0.9999042749,"b":0.0138331214,"c":-0.0000010248,"d":-1.3271507025,"shortest_distance":0.8663084423,"num_points":384,"plane_center_x":1.294510603,"plane_center_y":2.3685977459,"plane_center_z":1.1670194864,"color_id":2},"3":{"ros_timestamp":"1696255460.2715914","wall_type":"front","a":0.0117953308,"b":-0.999930501,"c":0.0000250496,"d":2.9276747704,"shortest_distance":3.1133053347,"num_points":349,"plane_center_x":-0.039788641,"plane_center_y":2.9274406433,"plane_center_z":1.2663242817,"color_id":3}}