{"0":{"ros_timestamp":"1696255460.6624298","wall_type":"floor","a":-0.001196892,"b":-0.0038474849,"c":0.9999918938,"d":0.0069424007,"shortest_distance":1.0070082127,"num_points":433,"plane_center_x":0.0920525938,"plane_center_y":2.2544388771,"plane_center_z":0.001952928,"color_id":0},"1":{"ros_timestamp":"1696255460.6624298","wall_type":"left","a":0.9999089241,"b":0.0132882278,"c":0.0023447124,"d":1.3222641945,"shortest_distance":1.7891859894,"num_points":640,"plane_center_x":-1.3412216902,"plane_center_y":1.2328037024,"plane_center_z":1.0464003086,"color_id":1},"2":{"ros_timestamp":"1696255460.6624298","wall_type":"right","a":0.9999042749,"b":0.0138331214,"c":-0.0000010248,"d":-1.3271507025,"shortest_distance":0.862669951,"num_points":384,"plane_center_x":1.294510603,"plane_center_y":2.3685977459,"plane_center_z":1.1670194864,"color_id":2},"3":{"ros_timestamp":"1696255460.6624298","wall_type":"front","a":0.0117953308,"b":-0.999930501,"c":0.0000250496,"d":2.9276747704,"shortest_distance":3.1040443787,"num_points":349,"plane_center_x":-0.039788641,"plane_center_y":2.9274406433,"plane_center_z":1.2663242817,"color_id":3}}