{"0":{"ros_timestamp":"1696255460.8843756","wall_type":"floor","a":-0.0012126962,"b":-0.0039362595,"c":0.9999915361,"d":0.0071616699,"shortest_distance":1.0072144508,"num_points":432,"plane_center_x":0.0952302441,"plane_center_y":2.2562987804,"plane_center_z":0.0019465885,"color_id":0},"1":{"ros_timestamp":"1696255460.8843756","wall_type":"left","a":0.9999142885,"b":0.0128959212,"c":0.0022437682,"d":1.3215329647,"shortest_distance":1.7901686517,"num_points":641,"plane_center_x":-1.3397189379,"plane_center_y":1.2312189341,"plane_center_z":1.0447697639,"color_id":1},"2":{"ros_timestamp":"1696255460.8843756","wall_type":"right","a":0.9999042749,"b":0.0138331214,"c":-0.0000010248,"d":-1.3271507025,"shortest_distance":0.8609202872,"num_points":384,"plane_center_x":1.294510603,"plane_center_y":2.3685977459,"plane_center_z":1.1670194864,"color_id":2},"3":{"ros_timestamp":"1696255460.8843756","wall_type":"front","a":0.0117953308,"b":-0.999930501,"c":0.0000250496,"d":2.9276747704,"shortest_distance":3.0993872172,"num_points":349,"plane_center_x":-0.039788641,"plane_center_y":2.9274406433,"plane_center_z":1.2663242817,"color_id":3}}