{"0":{"ros_timestamp":"1696255461.0615776","wall_type":"floor","a":-0.0011969849,"b":-0.0038488177,"c":0.9999918938,"d":0.0069456385,"shortest_distance":1.0069715829,"num_points":433,"plane_center_x":0.0920178816,"plane_center_y":2.2545149326,"plane_center_z":0.0019529528,"color_id":0},"1":{"ros_timestamp":"1696255461.0615776","wall_type":"left","a":0.9999088049,"b":0.013303333,"c":0.0023082288,"d":1.3221429586,"shortest_distance":1.7924733953,"num_points":642,"plane_center_x":-1.3409994841,"plane_center_y":1.2267043591,"plane_center_z":1.0462356806,"color_id":1},"2":{"ros_timestamp":"1696255461.0615776","wall_type":"right","a":0.9999042749,"b":0.0138331214,"c":-0.0000010248,"d":-1.3271507025,"shortest_distance":0.8592172461,"num_points":384,"plane_center_x":1.294510603,"plane_center_y":2.3685977459,"plane_center_z":1.1670194864,"color_id":2},"3":{"ros_timestamp":"1696255461.0615776","wall_type":"front","a":0.0117953308,"b":-0.999930501,"c":0.0000250496,"d":2.9276747704,"shortest_distance":3.094712887,"num_points":349,"plane_center_x":-0.039788641,"plane_center_y":2.9274406433,"plane_center_z":1.2663242817,"color_id":3}}