{"0":{"ros_timestamp":"1696255461.8716412","wall_type":"floor","a":-0.0011969849,"b":-0.0038488177,"c":0.9999918938,"d":0.0069456385,"shortest_distance":1.0068914352,"num_points":433,"plane_center_x":0.0920178816,"plane_center_y":2.2545149326,"plane_center_z":0.0019529528,"color_id":0},"1":{"ros_timestamp":"1696255461.8716412","wall_type":"left","a":0.9999065995,"b":0.0134634851,"c":0.0023394593,"d":1.3219331503,"shortest_distance":1.7986035158,"num_points":659,"plane_center_x":-1.3405108452,"plane_center_y":1.1830480099,"plane_center_z":1.0462640524,"color_id":1},"2":{"ros_timestamp":"1696255461.8716412","wall_type":"right","a":0.9999042749,"b":0.0138331214,"c":-0.0000010248,"d":-1.3271507025,"shortest_distance":0.8528746454,"num_points":384,"plane_center_x":1.294510603,"plane_center_y":2.3685977459,"plane_center_z":1.1670194864,"color_id":2},"3":{"ros_timestamp":"1696255461.8716412","wall_type":"front","a":0.0117953308,"b":-0.999930501,"c":0.0000250496,"d":2.9276747704,"shortest_distance":3.0758532537,"num_points":349,"plane_center_x":-0.039788641,"plane_center_y":2.9274406433,"plane_center_z":1.2663242817,"color_id":3}}