{"0":{"ros_timestamp":"1696255438.4629004","wall_type":"floor","a":0.0019219251,"b":-0.0005170364,"c":0.999998033,"d":-0.0000514716,"shortest_distance":1.0003279556,"num_points":291,"plane_center_x":-0.013861143,"plane_center_y":2.1571111679,"plane_center_z":0.001193419,"color_id":0},"1":{"ros_timestamp":"1696255438.4629004","wall_type":"left","a":0.9999120831,"b":0.0132591175,"c":-0.0000249034,"d":1.3292833567,"shortest_distance":1.4019516094,"num_points":268,"plane_center_x":-1.354233861,"plane_center_y":1.8748878241,"plane_center_z":1.1186295748,"color_id":1},"2":{"ros_timestamp":"1696255438.4629004","wall_type":"right","a":0.9999809265,"b":0.0050136629,"c":-0.0035979194,"d":-1.3031877279,"shortest_distance":1.2300399914,"num_points":352,"plane_center_x":1.2948635817,"plane_center_y":2.3213903904,"plane_center_z":1.1242457628,"color_id":2}}