{"0":{"ros_timestamp":"1696255462.1616602","wall_type":"floor","a":-0.0011969849,"b":-0.0038488177,"c":0.9999918938,"d":0.0069456385,"shortest_distance":1.0068513663,"num_points":433,"plane_center_x":0.0920178816,"plane_center_y":2.2545149326,"plane_center_z":0.0019529528,"color_id":0},"1":{"ros_timestamp":"1696255462.1616602","wall_type":"left","a":0.9999052882,"b":0.013612302,"c":0.0020052253,"d":1.3227615356,"shortest_distance":1.8019611304,"num_points":660,"plane_center_x":-1.3410849571,"plane_center_y":1.1828300953,"plane_center_z":1.0449794531,"color_id":1},"2":{"ros_timestamp":"1696255462.1616602","wall_type":"right","a":0.9999042749,"b":0.0138331214,"c":-0.0000010248,"d":-1.3271507025,"shortest_distance":0.8499872865,"num_points":384,"plane_center_x":1.294510603,"plane_center_y":2.3685977459,"plane_center_z":1.1670194864,"color_id":2},"3":{"ros_timestamp":"1696255462.1616602","wall_type":"front","a":0.0117953308,"b":-0.999930501,"c":0.0000250496,"d":2.9276747704,"shortest_distance":3.0663326556,"num_points":349,"plane_center_x":-0.039788641,"plane_center_y":2.9274406433,"plane_center_z":1.2663242817,"color_id":3}}