{"0":{"ros_timestamp":"1696255438.778835","wall_type":"floor","a":0.0017031083,"b":-0.0003358759,"c":0.9999984503,"d":-0.000451707,"shortest_distance":0.9998380705,"num_points":299,"plane_center_x":-0.0270220172,"plane_center_y":2.1507065296,"plane_center_z":0.0012201008,"color_id":0},"1":{"ros_timestamp":"1696255438.778835","wall_type":"left","a":0.9998882413,"b":0.0149477692,"c":-0.0001195888,"d":1.3216280937,"shortest_distance":1.4031948837,"num_points":270,"plane_center_x":-1.3495448828,"plane_center_y":1.8664804697,"plane_center_z":1.1188877821,"color_id":1},"2":{"ros_timestamp":"1696255438.778835","wall_type":"right","a":0.999905169,"b":0.0137681048,"c":0.0000505383,"d":-1.3270784616,"shortest_distance":1.2447631209,"num_points":396,"plane_center_x":1.294402957,"plane_center_y":2.3691232204,"plane_center_z":1.1326911449,"color_id":2}}