{"0":{"ros_timestamp":"1696255438.8771837","wall_type":"floor","a":0.0016356376,"b":-0.0004342167,"c":0.9999985099,"d":-0.0001824434,"shortest_distance":1.0001495055,"num_points":305,"plane_center_x":-0.0229533408,"plane_center_y":2.1521630287,"plane_center_z":0.0011544935,"color_id":0},"1":{"ros_timestamp":"1696255438.8771837","wall_type":"left","a":0.9999187589,"b":0.0127443792,"c":-0.0000002053,"d":1.3313037157,"shortest_distance":1.4140703598,"num_points":270,"plane_center_x":-1.3551138639,"plane_center_y":1.8596607447,"plane_center_z":1.1188867092,"color_id":1},"2":{"ros_timestamp":"1696255438.8771837","wall_type":"right","a":0.9999078512,"b":0.0135251163,"c":-0.0011687343,"d":-1.3246833086,"shortest_distance":1.243468058,"num_points":396,"plane_center_x":1.2943643332,"plane_center_y":2.3691358566,"plane_center_z":1.1326671839,"color_id":2}}