{"0":{"ros_timestamp":"1696255466.5822423","wall_type":"floor","a":-0.0011771719,"b":-0.0036820539,"c":0.9999925494,"d":0.0065396968,"shortest_distance":1.0060533362,"num_points":434,"plane_center_x":0.0888278037,"plane_center_y":2.2525138855,"plane_center_z":0.0019699112,"color_id":0},"1":{"ros_timestamp":"1696255466.5822423","wall_type":"left","a":0.9999036193,"b":0.0137869921,"c":0.0016189322,"d":1.323527813,"shortest_distance":1.8205363877,"num_points":709,"plane_center_x":-1.3397810459,"plane_center_y":1.0470132828,"plane_center_z":1.0432798862,"color_id":1},"2":{"ros_timestamp":"1696255466.5822423","wall_type":"right","a":0.9999042749,"b":0.0138331214,"c":-0.0000010248,"d":-1.3271507025,"shortest_distance":0.8317634232,"num_points":384,"plane_center_x":1.294510603,"plane_center_y":2.3685977459,"plane_center_z":1.1670194864,"color_id":2},"3":{"ros_timestamp":"1696255466.5822423","wall_type":"front","a":0.0117953308,"b":-0.999930501,"c":0.0000250496,"d":2.9276747704,"shortest_distance":2.9687149467,"num_points":349,"plane_center_x":-0.039788641,"plane_center_y":2.9274406433,"plane_center_z":1.2663242817,"color_id":3}}