{"0":{"ros_timestamp":"1696255439.2832835","wall_type":"floor","a":0.0017732,"b":-0.0004160253,"c":0.9999982715,"d":-0.000169577,"shortest_distance":1.000182024,"num_points":314,"plane_center_x":-0.0088311089,"plane_center_y":2.163850069,"plane_center_z":0.0010854545,"color_id":0},"1":{"ros_timestamp":"1696255439.2832835","wall_type":"left","a":0.9999046922,"b":0.0138084404,"c":-0.0000200945,"d":1.3292030096,"shortest_distance":1.4212172083,"num_points":288,"plane_center_x":-1.354188323,"plane_center_y":1.8016893864,"plane_center_z":1.1114948988,"color_id":1},"2":{"ros_timestamp":"1696255439.2832835","wall_type":"right","a":0.999879241,"b":0.0152603211,"c":-0.002933345,"d":-1.3261406422,"shortest_distance":1.2377495417,"num_points":397,"plane_center_x":1.2942341566,"plane_center_y":2.3688106537,"plane_center_z":1.1298636198,"color_id":2}}