{"0":{"ros_timestamp":"1696255439.3758223","wall_type":"floor","a":0.0016080586,"b":-0.0003620866,"c":0.9999986291,"d":-0.0003095848,"shortest_distance":1.0000071838,"num_points":319,"plane_center_x":0.0020572799,"plane_center_y":2.1700258255,"plane_center_z":0.0010920155,"color_id":0},"1":{"ros_timestamp":"1696255439.3758223","wall_type":"left","a":0.9999017715,"b":0.0140161905,"c":-0.0000353893,"d":1.3289134502,"shortest_distance":1.4256921422,"num_points":289,"plane_center_x":-1.3542144299,"plane_center_y":1.7984462976,"plane_center_z":1.1145812273,"color_id":1},"2":{"ros_timestamp":"1696255439.3758223","wall_type":"right","a":0.9999019504,"b":0.0140049364,"c":-0.000062659,"d":-1.3274686337,"shortest_distance":1.2307116822,"num_points":396,"plane_center_x":1.2943643332,"plane_center_y":2.3691358566,"plane_center_z":1.1326671839,"color_id":2}}