{"0":{"ros_timestamp":"1696255471.1616387","wall_type":"floor","a":-0.0012179629,"b":-0.0039837887,"c":0.9999912977,"d":0.0072771832,"shortest_distance":1.0063694188,"num_points":431,"plane_center_x":0.0984257013,"plane_center_y":2.258368969,"plane_center_z":0.0019511594,"color_id":0},"1":{"ros_timestamp":"1696255471.1616387","wall_type":"left","a":0.9998937249,"b":0.0133705949,"c":0.0058104484,"d":1.3178412914,"shortest_distance":1.8168801369,"num_points":832,"plane_center_x":-1.335060358,"plane_center_y":0.737128973,"plane_center_z":1.0333160162,"color_id":1},"2":{"ros_timestamp":"1696255471.1616387","wall_type":"right","a":0.9999042749,"b":0.0138331214,"c":-0.0000010248,"d":-1.3271507025,"shortest_distance":0.8338861258,"num_points":384,"plane_center_x":1.294510603,"plane_center_y":2.3685977459,"plane_center_z":1.1670194864,"color_id":2},"3":{"ros_timestamp":"1696255471.1616387","wall_type":"front","a":0.0117953308,"b":-0.999930501,"c":0.0000250496,"d":2.9276747704,"shortest_distance":2.8645276303,"num_points":349,"plane_center_x":-0.039788641,"plane_center_y":2.9274406433,"plane_center_z":1.2663242817,"color_id":3}}