{"0":{"ros_timestamp":"1696255474.584324","wall_type":"floor","a":-0.0011771719,"b":-0.0036820539,"c":0.9999925494,"d":0.0065396968,"shortest_distance":1.0054087947,"num_points":434,"plane_center_x":0.0888278037,"plane_center_y":2.2525138855,"plane_center_z":0.0019699112,"color_id":0},"1":{"ros_timestamp":"1696255474.584324","wall_type":"left","a":0.9998976588,"b":0.0142111033,"c":0.0016157987,"d":1.3229805231,"shortest_distance":1.8017096076,"num_points":976,"plane_center_x":-1.3304877281,"plane_center_y":0.3898198307,"plane_center_z":1.0323050022,"color_id":1},"2":{"ros_timestamp":"1696255474.584324","wall_type":"right","a":0.9999042749,"b":0.0138331214,"c":-0.0000010248,"d":-1.3271507025,"shortest_distance":0.8500907813,"num_points":384,"plane_center_x":1.294510603,"plane_center_y":2.3685977459,"plane_center_z":1.1670194864,"color_id":2},"3":{"ros_timestamp":"1696255474.584324","wall_type":"front","a":0.0117953308,"b":-0.999930501,"c":0.0000250496,"d":2.9276747704,"shortest_distance":2.7867686559,"num_points":349,"plane_center_x":-0.039788641,"plane_center_y":2.9274406433,"plane_center_z":1.2663242817,"color_id":3}}