{"0":{"ros_timestamp":"1696255475.4839184","wall_type":"floor","a":-0.0011969849,"b":-0.0038488177,"c":0.9999918938,"d":0.0069456385,"shortest_distance":1.0057150342,"num_points":433,"plane_center_x":0.0920178816,"plane_center_y":2.2545149326,"plane_center_z":0.0019529528,"color_id":0},"1":{"ros_timestamp":"1696255475.4839184","wall_type":"left","a":0.9999054074,"b":0.0134284897,"c":0.0029858737,"d":1.3217926025,"shortest_distance":1.7957944567,"num_points":1061,"plane_center_x":-1.3284952641,"plane_center_y":0.2184487581,"plane_center_z":1.0306808949,"color_id":1},"2":{"ros_timestamp":"1696255475.4839184","wall_type":"right","a":0.9999042749,"b":0.0138331214,"c":-0.0000010248,"d":-1.3271507025,"shortest_distance":0.8560692474,"num_points":384,"plane_center_x":1.294510603,"plane_center_y":2.3685977459,"plane_center_z":1.1670194864,"color_id":2},"3":{"ros_timestamp":"1696255475.4839184","wall_type":"front","a":0.0117953308,"b":-0.999930501,"c":0.0000250496,"d":2.9276747704,"shortest_distance":2.7678154796,"num_points":349,"plane_center_x":-0.039788641,"plane_center_y":2.9274406433,"plane_center_z":1.2663242817,"color_id":3}}