{"0":{"ros_timestamp":"1696255475.5616817","wall_type":"floor","a":-0.0012127401,"b":-0.0039367299,"c":0.9999915361,"d":0.0071628182,"shortest_distance":1.0059099231,"num_points":432,"plane_center_x":0.0952196121,"plane_center_y":2.2563252449,"plane_center_z":0.0019465965,"color_id":0},"1":{"ros_timestamp":"1696255475.5616817","wall_type":"left","a":0.9999068975,"b":0.0132212816,"c":0.0033563327,"d":1.3215242624,"shortest_distance":1.7958631604,"num_points":1062,"plane_center_x":-1.3286373615,"plane_center_y":0.2191694677,"plane_center_z":1.0297144651,"color_id":1},"2":{"ros_timestamp":"1696255475.5616817","wall_type":"right","a":0.9999042749,"b":0.0138331214,"c":-0.0000010248,"d":-1.3271507025,"shortest_distance":0.8560692474,"num_points":384,"plane_center_x":1.294510603,"plane_center_y":2.3685977459,"plane_center_z":1.1670194864,"color_id":2},"3":{"ros_timestamp":"1696255475.5616817","wall_type":"front","a":0.0117953308,"b":-0.999930501,"c":0.0000250496,"d":2.9276747704,"shortest_distance":2.7678154796,"num_points":349,"plane_center_x":-0.039788641,"plane_center_y":2.9274406433,"plane_center_z":1.2663242817,"color_id":3}}