{"0":{"ros_timestamp":"1696255439.8817239","wall_type":"floor","a":0.0018007692,"b":0.0000295406,"c":0.9999983907,"d":-0.0012938239,"shortest_distance":0.9988785057,"num_points":334,"plane_center_x":-0.007191252,"plane_center_y":2.1698729992,"plane_center_z":0.0012426764,"color_id":0},"1":{"ros_timestamp":"1696255439.8817239","wall_type":"left","a":0.9998908639,"b":0.0147717483,"c":-0.000153758,"d":1.3224943876,"shortest_distance":1.4333723308,"num_points":304,"plane_center_x":-1.3488930464,"plane_center_y":1.7887085676,"plane_center_z":1.1121323109,"color_id":1},"2":{"ros_timestamp":"1696255439.8817239","wall_type":"right","a":0.9999019504,"b":0.0140049364,"c":-0.000062659,"d":-1.3274686337,"shortest_distance":1.2161279674,"num_points":396,"plane_center_x":1.2943643332,"plane_center_y":2.3691358566,"plane_center_z":1.1326671839,"color_id":2}}