{"0":{"ros_timestamp":"1696255476.6926012","wall_type":"floor","a":-0.0013562175,"b":-0.0026570568,"c":0.9999955893,"d":0.00422295,"shortest_distance":1.0030688088,"num_points":435,"plane_center_x":0.0857569203,"plane_center_y":2.2429099083,"plane_center_z":0.0019653637,"color_id":0},"1":{"ros_timestamp":"1696255476.6926012","wall_type":"left","a":0.9999018312,"b":0.0139578944,"c":0.0012415426,"d":1.3239376545,"shortest_distance":1.7877524245,"num_points":1148,"plane_center_x":-1.3261531591,"plane_center_y":0.0507103354,"plane_center_z":1.0362849236,"color_id":1},"2":{"ros_timestamp":"1696255476.6926012","wall_type":"right","a":0.9999042749,"b":0.0138331214,"c":-0.0000010248,"d":-1.3271507025,"shortest_distance":0.8646008885,"num_points":384,"plane_center_x":1.294510603,"plane_center_y":2.3685977459,"plane_center_z":1.1670194864,"color_id":2},"3":{"ros_timestamp":"1696255476.6926012","wall_type":"front","a":0.0117953308,"b":-0.999930501,"c":0.0000250496,"d":2.9276747704,"shortest_distance":2.7444872155,"num_points":349,"plane_center_x":-0.039788641,"plane_center_y":2.9274406433,"plane_center_z":1.2663242817,"color_id":3}}