{"0":{"ros_timestamp":"1696255476.8832166","wall_type":"floor","a":-0.0014572468,"b":-0.0020795828,"c":0.9999967813,"d":0.0029175053,"shortest_distance":1.0018202956,"num_points":436,"plane_center_x":0.0827470198,"plane_center_y":2.2334620953,"plane_center_z":0.0019608368,"color_id":0},"1":{"ros_timestamp":"1696255476.8832166","wall_type":"left","a":0.9999037385,"b":0.0137496963,"c":0.0018422123,"d":1.3233641386,"shortest_distance":1.7858950751,"num_points":1150,"plane_center_x":-1.3263082504,"plane_center_y":0.045340322,"plane_center_z":1.0362330675,"color_id":1},"2":{"ros_timestamp":"1696255476.8832166","wall_type":"right","a":0.9999042749,"b":0.0138331214,"c":-0.0000010248,"d":-1.3271507025,"shortest_distance":0.8664466867,"num_points":384,"plane_center_x":1.294510603,"plane_center_y":2.3685977459,"plane_center_z":1.1670194864,"color_id":2},"3":{"ros_timestamp":"1696255476.8832166","wall_type":"front","a":0.0117953308,"b":-0.999930501,"c":0.0000250496,"d":2.9276747704,"shortest_distance":2.7398746683,"num_points":349,"plane_center_x":-0.039788641,"plane_center_y":2.9274406433,"plane_center_z":1.2663242817,"color_id":3}}