{"0":{"ros_timestamp":"1696255439.9629452","wall_type":"floor","a":0.001726264,"b":-0.0001268703,"c":0.9999985099,"d":-0.0008864477,"shortest_distance":0.9993527344,"num_points":337,"plane_center_x":-0.0078850575,"plane_center_y":2.1694154739,"plane_center_z":0.0011752956,"color_id":0},"1":{"ros_timestamp":"1696255439.9629452","wall_type":"left","a":0.9999072552,"b":0.0136211039,"c":-0.0000296587,"d":1.3297791481,"shortest_distance":1.4413387292,"num_points":306,"plane_center_x":-1.3542224169,"plane_center_y":1.7877105474,"plane_center_z":1.1115597486,"color_id":1},"2":{"ros_timestamp":"1696255439.9629452","wall_type":"right","a":0.9999078512,"b":0.0135251163,"c":-0.0011687343,"d":-1.3246833086,"shortest_distance":1.2142163079,"num_points":396,"plane_center_x":1.2943643332,"plane_center_y":2.3691358566,"plane_center_z":1.1326671839,"color_id":2}}