{"0":{"ros_timestamp":"1696255476.9751723","wall_type":"floor","a":-0.0014583892,"b":-0.0020774212,"c":0.9999967813,"d":0.0029127796,"shortest_distance":1.0018154671,"num_points":436,"plane_center_x":0.0827942491,"plane_center_y":2.2334315777,"plane_center_z":0.0019608382,"color_id":0},"1":{"ros_timestamp":"1696255476.9751723","wall_type":"left","a":0.9998986125,"b":0.0141766733,"c":0.0012741472,"d":1.3234744072,"shortest_distance":1.785517541,"num_points":1150,"plane_center_x":-1.3256450891,"plane_center_y":0.0441210456,"plane_center_z":1.0362462997,"color_id":1},"2":{"ros_timestamp":"1696255476.9751723","wall_type":"right","a":0.9999042749,"b":0.0138331214,"c":-0.0000010248,"d":-1.3271507025,"shortest_distance":0.8664466867,"num_points":384,"plane_center_x":1.294510603,"plane_center_y":2.3685977459,"plane_center_z":1.1670194864,"color_id":2},"3":{"ros_timestamp":"1696255476.9751723","wall_type":"front","a":0.0117953308,"b":-0.999930501,"c":0.0000250496,"d":2.9276747704,"shortest_distance":2.7398746683,"num_points":349,"plane_center_x":-0.039788641,"plane_center_y":2.9274406433,"plane_center_z":1.2663242817,"color_id":3}}