{"0":{"ros_timestamp":"1696255477.1946201","wall_type":"floor","a":-0.0014592782,"b":-0.0020756035,"c":0.9999967813,"d":0.0029087905,"shortest_distance":1.0018047902,"num_points":436,"plane_center_x":0.082829684,"plane_center_y":2.2334086895,"plane_center_z":0.0019608489,"color_id":0},"1":{"ros_timestamp":"1696255477.1946201","wall_type":"left","a":0.9999048114,"b":0.0137623567,"c":0.0010199966,"d":1.3246742487,"shortest_distance":1.7844936095,"num_points":1172,"plane_center_x":-1.3259062767,"plane_center_y":0.0035934444,"plane_center_z":1.0355930328,"color_id":1},"2":{"ros_timestamp":"1696255477.1946201","wall_type":"right","a":0.9999042749,"b":0.0138331214,"c":-0.0000010248,"d":-1.3271507025,"shortest_distance":0.868338555,"num_points":384,"plane_center_x":1.294510603,"plane_center_y":2.3685977459,"plane_center_z":1.1670194864,"color_id":2},"3":{"ros_timestamp":"1696255477.1946201","wall_type":"front","a":0.0117953308,"b":-0.999930501,"c":0.0000250496,"d":2.9276747704,"shortest_distance":2.7352809035,"num_points":349,"plane_center_x":-0.039788641,"plane_center_y":2.9274406433,"plane_center_z":1.2663242817,"color_id":3}}