{"0":{"ros_timestamp":"1696255477.4729767","wall_type":"floor","a":-0.0016108027,"b":-0.0012186567,"c":0.9999979138,"d":0.0009724074,"shortest_distance":0.9999654385,"num_points":439,"plane_center_x":0.0739777312,"plane_center_y":2.2048125267,"plane_center_z":0.0019472869,"color_id":0},"1":{"ros_timestamp":"1696255477.4729767","wall_type":"left","a":0.9999001026,"b":0.0140950214,"c":0.0011221408,"d":1.324108839,"shortest_distance":1.7801751475,"num_points":1200,"plane_center_x":-1.3248058558,"plane_center_y":-0.0424769372,"plane_center_z":1.0366879702,"color_id":1},"2":{"ros_timestamp":"1696255477.4729767","wall_type":"right","a":0.9999042749,"b":0.0138331214,"c":-0.0000010248,"d":-1.3271507025,"shortest_distance":0.8722597407,"num_points":384,"plane_center_x":1.294510603,"plane_center_y":2.3685977459,"plane_center_z":1.1670194864,"color_id":2},"3":{"ros_timestamp":"1696255477.4729767","wall_type":"front","a":0.0117953308,"b":-0.999930501,"c":0.0000250496,"d":2.9276747704,"shortest_distance":2.7261515564,"num_points":349,"plane_center_x":-0.039788641,"plane_center_y":2.9274406433,"plane_center_z":1.2663242817,"color_id":3}}