{"0":{"ros_timestamp":"1696255477.7008965","wall_type":"floor","a":-0.0016404301,"b":-0.0010564643,"c":0.999998033,"d":0.0006063681,"shortest_distance":0.9996183645,"num_points":440,"plane_center_x":0.0710947737,"plane_center_y":2.1950788498,"plane_center_z":0.0019428896,"color_id":0},"1":{"ros_timestamp":"1696255477.7008965","wall_type":"left","a":0.999902606,"b":0.0138906594,"c":0.0013167219,"d":1.324038744,"shortest_distance":1.7782300289,"num_points":1221,"plane_center_x":-1.3244427443,"plane_center_y":-0.0816662684,"plane_center_z":1.0386402607,"color_id":1},"2":{"ros_timestamp":"1696255477.7008965","wall_type":"right","a":0.9999042749,"b":0.0138331214,"c":-0.0000010248,"d":-1.3271507025,"shortest_distance":0.874288666,"num_points":384,"plane_center_x":1.294510603,"plane_center_y":2.3685977459,"plane_center_z":1.1670194864,"color_id":2},"3":{"ros_timestamp":"1696255477.7008965","wall_type":"front","a":0.0117953308,"b":-0.999930501,"c":0.0000250496,"d":2.9276747704,"shortest_distance":2.721616887,"num_points":349,"plane_center_x":-0.039788641,"plane_center_y":2.9274406433,"plane_center_z":1.2663242817,"color_id":3}}