{"0":{"ros_timestamp":"1696255477.9618192","wall_type":"floor","a":-0.0017588292,"b":-0.0007687633,"c":0.9999981523,"d":-0.0000041896,"shortest_distance":0.9990157189,"num_points":440,"plane_center_x":0.0688414499,"plane_center_y":2.1676707268,"plane_center_z":0.0017916989,"color_id":0},"1":{"ros_timestamp":"1696255477.9618192","wall_type":"left","a":0.9999037385,"b":0.0134483101,"c":0.0034177101,"d":1.3209531307,"shortest_distance":1.7750763042,"num_points":1247,"plane_center_x":-1.3236607313,"plane_center_y":-0.1212230623,"plane_center_z":1.0396778584,"color_id":1},"2":{"ros_timestamp":"1696255477.9618192","wall_type":"right","a":0.9999042749,"b":0.0138331214,"c":-0.0000010248,"d":-1.3271507025,"shortest_distance":0.8763628771,"num_points":384,"plane_center_x":1.294510603,"plane_center_y":2.3685977459,"plane_center_z":1.1670194864,"color_id":2},"3":{"ros_timestamp":"1696255477.9618192","wall_type":"front","a":0.0117954584,"b":-0.9999304414,"c":0.0000249189,"d":2.9276750088,"shortest_distance":2.7171031614,"num_points":350,"plane_center_x":-0.0396289155,"plane_center_y":2.9274425507,"plane_center_z":1.262856245,"color_id":3}}