{"0":{"ros_timestamp":"1696255478.0616436","wall_type":"floor","a":-0.0017458741,"b":-0.0006989498,"c":0.9999982715,"d":-0.0001767378,"shortest_distance":0.9988641189,"num_points":442,"plane_center_x":0.0627944544,"plane_center_y":2.1572437286,"plane_center_z":0.0017941772,"color_id":0},"1":{"ros_timestamp":"1696255478.0616436","wall_type":"left","a":0.9999052882,"b":0.0134475743,"c":0.0029445116,"d":1.3218077421,"shortest_distance":1.7754582029,"num_points":1245,"plane_center_x":-1.3239562511,"plane_center_y":-0.1213936582,"plane_center_z":1.0413440466,"color_id":1},"2":{"ros_timestamp":"1696255478.0616436","wall_type":"right","a":0.9999042749,"b":0.0138331214,"c":-0.0000010248,"d":-1.3271507025,"shortest_distance":0.8763628771,"num_points":384,"plane_center_x":1.294510603,"plane_center_y":2.3685977459,"plane_center_z":1.1670194864,"color_id":2},"3":{"ros_timestamp":"1696255478.0616436","wall_type":"front","a":0.0117954584,"b":-0.9999304414,"c":0.0000249189,"d":2.9276750088,"shortest_distance":2.7171031614,"num_points":350,"plane_center_x":-0.0396289155,"plane_center_y":2.9274425507,"plane_center_z":1.262856245,"color_id":3}}