{"0":{"ros_timestamp":"1696255478.5827558","wall_type":"floor","a":-0.0017862917,"b":-0.0002078152,"c":0.9999983907,"d":-0.0013139737,"shortest_distance":0.9978209867,"num_points":449,"plane_center_x":0.0439961068,"plane_center_y":2.1002674103,"plane_center_z":0.001829034,"color_id":0},"1":{"ros_timestamp":"1696255478.5827558","wall_type":"left","a":0.9998986125,"b":0.0140722357,"c":0.0021808899,"d":1.3229272366,"shortest_distance":1.7716647412,"num_points":1290,"plane_center_x":-1.3229115009,"plane_center_y":-0.2000867277,"plane_center_z":1.0472967625,"color_id":1},"2":{"ros_timestamp":"1696255478.5827558","wall_type":"right","a":0.9999042749,"b":0.0138331214,"c":-0.0000010248,"d":-1.3271507025,"shortest_distance":0.8806463231,"num_points":384,"plane_center_x":1.294510603,"plane_center_y":2.3685977459,"plane_center_z":1.1670194864,"color_id":2},"3":{"ros_timestamp":"1696255478.5827558","wall_type":"front","a":0.0117954584,"b":-0.9999304414,"c":0.0000249189,"d":2.9276750088,"shortest_distance":2.7081386661,"num_points":350,"plane_center_x":-0.0396289155,"plane_center_y":2.9274425507,"plane_center_z":1.262856245,"color_id":3}}