{"0":{"ros_timestamp":"1696255478.6737316","wall_type":"floor","a":-0.0017676445,"b":-0.0003681315,"c":0.9999983311,"d":-0.0009480895,"shortest_distance":0.9981614711,"num_points":452,"plane_center_x":0.0361228958,"plane_center_y":2.0732710361,"plane_center_z":0.0017751812,"color_id":0},"1":{"ros_timestamp":"1696255478.6737316","wall_type":"left","a":0.9998993278,"b":0.0141501306,"c":0.0010798314,"d":1.3239188194,"shortest_distance":1.7693656941,"num_points":1291,"plane_center_x":-1.3223342896,"plane_center_y":-0.2013815194,"plane_center_z":1.0481843948,"color_id":1},"2":{"ros_timestamp":"1696255478.6737316","wall_type":"right","a":0.9999042749,"b":0.0138331214,"c":-0.0000010248,"d":-1.3271507025,"shortest_distance":0.8828551296,"num_points":384,"plane_center_x":1.294510603,"plane_center_y":2.3685977459,"plane_center_z":1.1670194864,"color_id":2},"3":{"ros_timestamp":"1696255478.6737316","wall_type":"front","a":0.0117954584,"b":-0.9999304414,"c":0.0000249189,"d":2.9276750088,"shortest_distance":2.7036891289,"num_points":350,"plane_center_x":-0.0396289155,"plane_center_y":2.9274425507,"plane_center_z":1.262856245,"color_id":3}}