{"0":{"ros_timestamp":"1696255440.1832101","wall_type":"floor","a":0.0017157049,"b":0.0010377724,"c":0.9999979734,"d":-0.0035092412,"shortest_distance":0.9961752807,"num_points":339,"plane_center_x":-0.0148958499,"plane_center_y":2.1661484241,"plane_center_z":0.0011118344,"color_id":0},"1":{"ros_timestamp":"1696255440.1832101","wall_type":"left","a":0.9999027252,"b":0.0139478473,"c":0.0000647901,"d":1.3281531334,"shortest_distance":1.4444884098,"num_points":308,"plane_center_x":-1.3532167673,"plane_center_y":1.7823295593,"plane_center_z":1.1174595356,"color_id":1},"2":{"ros_timestamp":"1696255440.1832101","wall_type":"right","a":0.9999078512,"b":0.0135251163,"c":-0.0011687343,"d":-1.3246833086,"shortest_distance":1.209377253,"num_points":396,"plane_center_x":1.2943643332,"plane_center_y":2.3691358566,"plane_center_z":1.1326671839,"color_id":2}}