{"0":{"ros_timestamp":"1696255479.1619668","wall_type":"floor","a":-0.0017762154,"b":-0.00032908,"c":0.9999983907,"d":-0.0010357134,"shortest_distance":0.9980844274,"num_points":454,"plane_center_x":0.0311708953,"plane_center_y":2.0545005798,"plane_center_z":0.0017671774,"color_id":0},"1":{"ros_timestamp":"1696255479.1619668","wall_type":"left","a":0.9998989701,"b":0.0141184907,"c":0.0016650002,"d":1.3228068352,"shortest_distance":1.764283311,"num_points":1360,"plane_center_x":-1.3204280138,"plane_center_y":-0.3173568845,"plane_center_z":1.0533229113,"color_id":1},"2":{"ros_timestamp":"1696255479.1619668","wall_type":"right","a":0.9999042749,"b":0.0138331214,"c":-0.0000010248,"d":-1.3271507025,"shortest_distance":0.8874058051,"num_points":384,"plane_center_x":1.294510603,"plane_center_y":2.3685977459,"plane_center_z":1.1670194864,"color_id":2},"3":{"ros_timestamp":"1696255479.1619668","wall_type":"front","a":0.0117954584,"b":-0.9999304414,"c":0.0000249189,"d":2.9276750088,"shortest_distance":2.6948576997,"num_points":350,"plane_center_x":-0.0396289155,"plane_center_y":2.9274425507,"plane_center_z":1.262856245,"color_id":3}}