{"0":{"ros_timestamp":"1696255479.382453","wall_type":"floor","a":-0.0017797822,"b":-0.0003092872,"c":0.9999983907,"d":-0.0010802442,"shortest_distance":0.998045979,"num_points":455,"plane_center_x":0.0284450743,"plane_center_y":2.0451850891,"plane_center_z":0.0017634226,"color_id":0},"1":{"ros_timestamp":"1696255479.382453","wall_type":"left","a":0.9999014139,"b":0.0139885657,"c":0.0012630739,"d":1.3240695,"shortest_distance":1.7627734211,"num_points":1384,"plane_center_x":-1.3206832409,"plane_center_y":-0.3550924361,"plane_center_z":1.0541363955,"color_id":1},"2":{"ros_timestamp":"1696255479.382453","wall_type":"right","a":0.9999042749,"b":0.0138331214,"c":-0.0000010248,"d":-1.3271507025,"shortest_distance":0.8897472191,"num_points":384,"plane_center_x":1.294510603,"plane_center_y":2.3685977459,"plane_center_z":1.1670194864,"color_id":2},"3":{"ros_timestamp":"1696255479.382453","wall_type":"front","a":0.0117954584,"b":-0.9999304414,"c":0.0000249189,"d":2.9276750088,"shortest_distance":2.690476691,"num_points":350,"plane_center_x":-0.0396289155,"plane_center_y":2.9274425507,"plane_center_z":1.262856245,"color_id":3}}