{"0":{"ros_timestamp":"1696255479.661582","wall_type":"floor","a":-0.0018077707,"b":-0.000077995,"c":0.9999983311,"d":-0.0016081895,"shortest_distance":0.9975660174,"num_points":462,"plane_center_x":0.0110876709,"plane_center_y":1.9807108641,"plane_center_z":0.0017827221,"color_id":0},"1":{"ros_timestamp":"1696255479.661582","wall_type":"left","a":0.9999024868,"b":0.0139537062,"c":0.0006529028,"d":1.3250551224,"shortest_distance":1.760756275,"num_points":1409,"plane_center_x":-1.3201889992,"plane_center_y":-0.3957362771,"plane_center_z":1.0586767197,"color_id":1},"2":{"ros_timestamp":"1696255479.661582","wall_type":"right","a":0.9999042749,"b":0.0138331214,"c":-0.0000010248,"d":-1.3271507025,"shortest_distance":0.8921323731,"num_points":384,"plane_center_x":1.294510603,"plane_center_y":2.3685977459,"plane_center_z":1.1670194864,"color_id":2},"3":{"ros_timestamp":"1696255479.661582","wall_type":"front","a":0.0117954584,"b":-0.9999304414,"c":0.0000249189,"d":2.9276750088,"shortest_distance":2.6861194043,"num_points":350,"plane_center_x":-0.0396289155,"plane_center_y":2.9274425507,"plane_center_z":1.262856245,"color_id":3}}