{"0":{"ros_timestamp":"1696255479.7875857","wall_type":"floor","a":-0.0018059359,"b":-0.0001391345,"c":0.9999984503,"d":-0.0014663385,"shortest_distance":0.9976935749,"num_points":463,"plane_center_x":0.0084549012,"plane_center_y":1.9711686373,"plane_center_z":0.0017558679,"color_id":0},"1":{"ros_timestamp":"1696255479.7875857","wall_type":"left","a":0.9999024272,"b":0.0139208604,"c":0.0011333809,"d":1.3245542049,"shortest_distance":1.7607278508,"num_points":1408,"plane_center_x":-1.3204494715,"plane_center_y":-0.393802762,"plane_center_z":1.0594242811,"color_id":1},"2":{"ros_timestamp":"1696255479.7875857","wall_type":"right","a":0.9999042749,"b":0.0138331214,"c":-0.0000010248,"d":-1.3271507025,"shortest_distance":0.8921323731,"num_points":384,"plane_center_x":1.294510603,"plane_center_y":2.3685977459,"plane_center_z":1.1670194864,"color_id":2},"3":{"ros_timestamp":"1696255479.7875857","wall_type":"front","a":0.0117954584,"b":-0.9999304414,"c":0.0000249189,"d":2.9276750088,"shortest_distance":2.6861194043,"num_points":350,"plane_center_x":-0.0396289155,"plane_center_y":2.9274425507,"plane_center_z":1.262856245,"color_id":3}}