{"0":{"ros_timestamp":"1696255480.1616385","wall_type":"floor","a":-0.001874731,"b":-0.0001527131,"c":0.9999983311,"d":-0.0013951479,"shortest_distance":0.997739692,"num_points":467,"plane_center_x":-0.0002802291,"plane_center_y":1.921390295,"plane_center_z":0.0016880467,"color_id":0},"1":{"ros_timestamp":"1696255480.1616385","wall_type":"left","a":0.9999027848,"b":0.0134825557,"c":0.0035613803,"d":1.3197950125,"shortest_distance":1.7533849657,"num_points":1482,"plane_center_x":-1.3177819252,"plane_center_y":-0.5012567043,"plane_center_z":1.0631107092,"color_id":1},"2":{"ros_timestamp":"1696255480.1616385","wall_type":"right","a":0.9999042749,"b":0.0138331214,"c":-0.0000010248,"d":-1.3271507025,"shortest_distance":0.8970329431,"num_points":384,"plane_center_x":1.294510603,"plane_center_y":2.3685977459,"plane_center_z":1.1670194864,"color_id":2},"3":{"ros_timestamp":"1696255480.1616385","wall_type":"front","a":0.0117954584,"b":-0.9999304414,"c":0.0000249189,"d":2.9276750088,"shortest_distance":2.6774777379,"num_points":350,"plane_center_x":-0.0396289155,"plane_center_y":2.9274425507,"plane_center_z":1.262856245,"color_id":3}}