{"0":{"ros_timestamp":"1696255480.2798629","wall_type":"floor","a":-0.0018097953,"b":-0.0001648456,"c":0.9999983311,"d":-0.0014047021,"shortest_distance":0.9977588189,"num_points":469,"plane_center_x":-0.0057136551,"plane_center_y":1.9193457365,"plane_center_z":0.0017107601,"color_id":0},"1":{"ros_timestamp":"1696255480.2798629","wall_type":"left","a":0.9999008179,"b":0.0140204122,"c":0.0013519813,"d":1.3237508535,"shortest_distance":1.7527537994,"num_points":1481,"plane_center_x":-1.3183939457,"plane_center_y":-0.504540801,"plane_center_z":1.0650641918,"color_id":1},"2":{"ros_timestamp":"1696255480.2798629","wall_type":"right","a":0.9999042749,"b":0.0138331214,"c":-0.0000010248,"d":-1.3271507025,"shortest_distance":0.899547869,"num_points":384,"plane_center_x":1.294510603,"plane_center_y":2.3685977459,"plane_center_z":1.1670194864,"color_id":2},"3":{"ros_timestamp":"1696255480.2798629","wall_type":"front","a":0.0117954584,"b":-0.9999304414,"c":0.0000249189,"d":2.9276750088,"shortest_distance":2.6731942223,"num_points":350,"plane_center_x":-0.0396289155,"plane_center_y":2.9274425507,"plane_center_z":1.262856245,"color_id":3}}