{"0":{"ros_timestamp":"1696255480.7619762","wall_type":"floor","a":-0.0018304021,"b":-0.0000807244,"c":0.9999983311,"d":-0.0015919929,"shortest_distance":0.9975935691,"num_points":489,"plane_center_x":-0.0487591065,"plane_center_y":1.7478253841,"plane_center_z":0.0016438391,"color_id":0},"1":{"ros_timestamp":"1696255480.7619762","wall_type":"left","a":0.9998987913,"b":0.0141367046,"c":0.001573178,"d":1.3229540586,"shortest_distance":1.7470523438,"num_points":1485,"plane_center_x":-1.3176767826,"plane_center_y":-0.509018302,"plane_center_z":1.0666331053,"color_id":1},"2":{"ros_timestamp":"1696255480.7619762","wall_type":"right","a":0.9999042749,"b":0.0138331214,"c":-0.0000010248,"d":-1.3271507025,"shortest_distance":0.9047057451,"num_points":384,"plane_center_x":1.294510603,"plane_center_y":2.3685977459,"plane_center_z":1.1670194864,"color_id":2},"3":{"ros_timestamp":"1696255480.7619762","wall_type":"front","a":0.0117954584,"b":-0.9999304414,"c":0.0000249189,"d":2.9276750088,"shortest_distance":2.6647039679,"num_points":350,"plane_center_x":-0.0396289155,"plane_center_y":2.9274425507,"plane_center_z":1.262856245,"color_id":3}}