{"0":{"ros_timestamp":"1696255481.161787","wall_type":"floor","a":-0.0018320049,"b":-0.0000742836,"c":0.9999983311,"d":-0.0016060451,"shortest_distance":0.9975852062,"num_points":492,"plane_center_x":-0.0549194589,"plane_center_y":1.7216728926,"plane_center_z":0.001633327,"color_id":0},"1":{"ros_timestamp":"1696255481.161787","wall_type":"left","a":0.9998990893,"b":0.014124833,"c":0.001498841,"d":1.3239376545,"shortest_distance":1.7453173175,"num_points":1486,"plane_center_x":-1.3187025785,"plane_center_y":-0.5086524487,"plane_center_z":1.0687954426,"color_id":1},"2":{"ros_timestamp":"1696255481.161787","wall_type":"right","a":0.9999042749,"b":0.0138331214,"c":-0.0000010248,"d":-1.3271507025,"shortest_distance":0.9073481795,"num_points":384,"plane_center_x":1.294510603,"plane_center_y":2.3685977459,"plane_center_z":1.1670194864,"color_id":2},"3":{"ros_timestamp":"1696255481.161787","wall_type":"front","a":0.0117954584,"b":-0.9999304414,"c":0.0000249189,"d":2.9276750088,"shortest_distance":2.6604980782,"num_points":350,"plane_center_x":-0.0396289155,"plane_center_y":2.9274425507,"plane_center_z":1.262856245,"color_id":3}}