{"0":{"ros_timestamp":"1696255481.5929992","wall_type":"floor","a":-0.0018325372,"b":-0.0000672729,"c":0.9999982715,"d":-0.0016222863,"shortest_distance":0.9975802201,"num_points":500,"plane_center_x":-0.0698305666,"plane_center_y":1.6606322527,"plane_center_z":0.0016060376,"color_id":0},"1":{"ros_timestamp":"1696255481.5929992","wall_type":"left","a":0.999899447,"b":0.0141259031,"c":0.0011627482,"d":1.3243192434,"shortest_distance":1.7399552983,"num_points":1492,"plane_center_x":-1.3185083866,"plane_center_y":-0.5155134797,"plane_center_z":1.0675399303,"color_id":1},"2":{"ros_timestamp":"1696255481.5929992","wall_type":"right","a":0.9999042749,"b":0.0138331214,"c":-0.0000010248,"d":-1.3271507025,"shortest_distance":0.91275872,"num_points":384,"plane_center_x":1.294510603,"plane_center_y":2.3685977459,"plane_center_z":1.1670194864,"color_id":2},"3":{"ros_timestamp":"1696255481.5929992","wall_type":"front","a":0.0117954584,"b":-0.9999304414,"c":0.0000249189,"d":2.9276750088,"shortest_distance":2.6521668765,"num_points":350,"plane_center_x":-0.0396289155,"plane_center_y":2.9274425507,"plane_center_z":1.262856245,"color_id":3}}