{"0":{"ros_timestamp":"1696255440.463021","wall_type":"floor","a":0.0016495092,"b":-0.0001813904,"c":0.9999985695,"d":-0.0007030693,"shortest_distance":0.9995766155,"num_points":346,"plane_center_x":-0.0192836858,"plane_center_y":2.1681540012,"plane_center_z":0.0011281619,"color_id":0},"1":{"ros_timestamp":"1696255440.463021","wall_type":"left","a":0.9999024868,"b":0.0139608504,"c":0.0000565109,"d":1.3288354874,"shortest_distance":1.4548000223,"num_points":326,"plane_center_x":-1.3532159328,"plane_center_y":1.7323913574,"plane_center_z":1.111948967,"color_id":1},"2":{"ros_timestamp":"1696255440.463021","wall_type":"right","a":0.9999078512,"b":0.0135251163,"c":-0.0011687343,"d":-1.3246833086,"shortest_distance":1.1997345682,"num_points":396,"plane_center_x":1.2943643332,"plane_center_y":2.3691358566,"plane_center_z":1.1326671839,"color_id":2}}