{"0":{"ros_timestamp":"1696255482.186398","wall_type":"floor","a":-0.0018381724,"b":-0.0000581346,"c":0.9999982715,"d":-0.0016413061,"shortest_distance":0.9975714238,"num_points":511,"plane_center_x":-0.0873951241,"plane_center_y":1.5681986809,"plane_center_z":0.0015718282,"color_id":0},"1":{"ros_timestamp":"1696255482.186398","wall_type":"left","a":0.9998971224,"b":0.0142696276,"c":0.0014531093,"d":1.3235539198,"shortest_distance":1.7339468151,"num_points":1495,"plane_center_x":-1.3179018497,"plane_center_y":-0.5171144009,"plane_center_z":1.0654559135,"color_id":1},"2":{"ros_timestamp":"1696255482.186398","wall_type":"right","a":0.9999042749,"b":0.0138331214,"c":-0.0000010248,"d":-1.3271507025,"shortest_distance":0.9183350121,"num_points":384,"plane_center_x":1.294510603,"plane_center_y":2.3685977459,"plane_center_z":1.1670194864,"color_id":2},"3":{"ros_timestamp":"1696255482.186398","wall_type":"front","a":0.0117954584,"b":-0.9999304414,"c":0.0000249189,"d":2.9276750088,"shortest_distance":2.6439458844,"num_points":350,"plane_center_x":-0.0396289155,"plane_center_y":2.9274425507,"plane_center_z":1.262856245,"color_id":3}}