{"0":{"ros_timestamp":"1696255440.584951","wall_type":"floor","a":0.0016410187,"b":-0.0002812932,"c":0.9999986291,"d":-0.0004787107,"shortest_distance":0.9998477081,"num_points":351,"plane_center_x":-0.0071749655,"plane_center_y":2.1765530109,"plane_center_z":0.0011027361,"color_id":0},"1":{"ros_timestamp":"1696255440.584951","wall_type":"left","a":0.9998800755,"b":0.0154882679,"c":0.0000132093,"d":1.3216011524,"shortest_distance":1.4467874277,"num_points":326,"plane_center_x":-1.3486286402,"plane_center_y":1.7336410284,"plane_center_z":1.1119579077,"color_id":1},"2":{"ros_timestamp":"1696255440.584951","wall_type":"right","a":0.9998613596,"b":0.0164178628,"c":-0.0027643938,"d":-1.3292877674,"shortest_distance":1.2073269365,"num_points":396,"plane_center_x":1.2943643332,"plane_center_y":2.3691358566,"plane_center_z":1.1326671839,"color_id":2}}