{"0":{"ros_timestamp":"1696255482.976677","wall_type":"floor","a":-0.0017990244,"b":0.0000046195,"c":0.9999983311,"d":-0.0018008234,"shortest_distance":0.9974673518,"num_points":551,"plane_center_x":-0.1494918913,"plane_center_y":1.2925889492,"plane_center_z":0.0015259152,"color_id":0},"1":{"ros_timestamp":"1696255482.976677","wall_type":"left","a":0.9999002218,"b":0.0140596051,"c":0.0013573897,"d":1.324131608,"shortest_distance":1.7227322676,"num_points":1494,"plane_center_x":-1.318556428,"plane_center_y":-0.5153028965,"plane_center_z":1.0718345642,"color_id":1},"2":{"ros_timestamp":"1696255482.976677","wall_type":"right","a":0.9999042749,"b":0.0138331214,"c":-0.0000010248,"d":-1.3271507025,"shortest_distance":0.9299758644,"num_points":384,"plane_center_x":1.294510603,"plane_center_y":2.3685977459,"plane_center_z":1.1670194864,"color_id":2},"3":{"ros_timestamp":"1696255482.976677","wall_type":"front","a":0.0117954584,"b":-0.9999304414,"c":0.0000249189,"d":2.9276750088,"shortest_distance":2.6278476364,"num_points":350,"plane_center_x":-0.0396289155,"plane_center_y":2.9274425507,"plane_center_z":1.262856245,"color_id":3}}