{"0":{"ros_timestamp":"1696255483.1831748","wall_type":"floor","a":-0.0018302274,"b":-0.0000327946,"c":0.9999983907,"d":-0.0017015716,"shortest_distance":0.9975483716,"num_points":558,"plane_center_x":-0.1568107903,"plane_center_y":1.2464948893,"plane_center_z":0.0014554529,"color_id":0},"1":{"ros_timestamp":"1696255483.1831748","wall_type":"left","a":0.9998985529,"b":0.0140898647,"c":0.0020906744,"d":1.3231165409,"shortest_distance":1.7194497677,"num_points":1495,"plane_center_x":-1.3185652494,"plane_center_y":-0.5150572062,"plane_center_z":1.0711569786,"color_id":1},"2":{"ros_timestamp":"1696255483.1831748","wall_type":"right","a":0.9999042749,"b":0.0138331214,"c":-0.0000010248,"d":-1.3271507025,"shortest_distance":0.9329861082,"num_points":384,"plane_center_x":1.294510603,"plane_center_y":2.3685977459,"plane_center_z":1.1670194864,"color_id":2},"3":{"ros_timestamp":"1696255483.1831748","wall_type":"front","a":0.0117954584,"b":-0.9999304414,"c":0.0000249189,"d":2.9276750088,"shortest_distance":2.623897038,"num_points":350,"plane_center_x":-0.0396289155,"plane_center_y":2.9274425507,"plane_center_z":1.262856245,"color_id":3}}