{"0":{"ros_timestamp":"1696255483.4616976","wall_type":"floor","a":-0.0018036477,"b":-0.0000005307,"c":0.9999982715,"d":-0.0017828735,"shortest_distance":0.9974930294,"num_points":566,"plane_center_x":-0.1668981016,"plane_center_y":1.1943715811,"plane_center_z":0.0014824846,"color_id":0},"1":{"ros_timestamp":"1696255483.4616976","wall_type":"left","a":0.9999043345,"b":0.0137778968,"c":0.0012078779,"d":1.3242522478,"shortest_distance":1.7165588988,"num_points":1493,"plane_center_x":-1.3187060356,"plane_center_y":-0.5118688941,"plane_center_z":1.0725913048,"color_id":1},"2":{"ros_timestamp":"1696255483.4616976","wall_type":"right","a":0.9999042749,"b":0.0138331214,"c":-0.0000010248,"d":-1.3271507025,"shortest_distance":0.9360357682,"num_points":384,"plane_center_x":1.294510603,"plane_center_y":2.3685977459,"plane_center_z":1.1670194864,"color_id":2},"3":{"ros_timestamp":"1696255483.4616976","wall_type":"front","a":0.0117954584,"b":-0.9999304414,"c":0.0000249189,"d":2.9276750088,"shortest_distance":2.6199768197,"num_points":350,"plane_center_x":-0.0396289155,"plane_center_y":2.9274425507,"plane_center_z":1.262856245,"color_id":3}}