{"0":{"ros_timestamp":"1696255483.5870855","wall_type":"floor","a":-0.0018940942,"b":-0.000016013,"c":0.9999982119,"d":-0.0017015387,"shortest_distance":0.9975402645,"num_points":568,"plane_center_x":-0.1648913324,"plane_center_y":1.1669872999,"plane_center_z":0.0014079085,"color_id":0},"1":{"ros_timestamp":"1696255483.5870855","wall_type":"left","a":0.9998871684,"b":0.0138783595,"c":0.0057534683,"d":1.3177535534,"shortest_distance":1.7115417948,"num_points":1498,"plane_center_x":-1.3185323477,"plane_center_y":-0.5135117173,"plane_center_z":1.0704836845,"color_id":1},"2":{"ros_timestamp":"1696255483.5870855","wall_type":"right","a":0.9999042749,"b":0.0138331214,"c":-0.0000010248,"d":-1.3271507025,"shortest_distance":0.9391245396,"num_points":384,"plane_center_x":1.294510603,"plane_center_y":2.3685977459,"plane_center_z":1.1670194864,"color_id":2},"3":{"ros_timestamp":"1696255483.5870855","wall_type":"front","a":0.0117954584,"b":-0.9999304414,"c":0.0000249189,"d":2.9276750088,"shortest_distance":2.6160873734,"num_points":350,"plane_center_x":-0.0396289155,"plane_center_y":2.9274425507,"plane_center_z":1.262856245,"color_id":3}}