{"0":{"ros_timestamp":"1696255483.6800456","wall_type":"floor","a":-0.0018264584,"b":-0.0000371101,"c":0.9999983311,"d":-0.0016907158,"shortest_distance":0.9975704938,"num_points":574,"plane_center_x":-0.1728081852,"plane_center_y":1.1428035498,"plane_center_z":0.0014175007,"color_id":0},"1":{"ros_timestamp":"1696255483.6800456","wall_type":"left","a":0.9999005795,"b":0.014046181,"c":0.001228222,"d":1.3238762617,"shortest_distance":1.713197648,"num_points":1496,"plane_center_x":-1.3181015253,"plane_center_y":-0.5166720152,"plane_center_z":1.0719568729,"color_id":1},"2":{"ros_timestamp":"1696255483.6800456","wall_type":"right","a":0.9999042749,"b":0.0138331214,"c":-0.0000010248,"d":-1.3271507025,"shortest_distance":0.9391245396,"num_points":384,"plane_center_x":1.294510603,"plane_center_y":2.3685977459,"plane_center_z":1.1670194864,"color_id":2},"3":{"ros_timestamp":"1696255483.6800456","wall_type":"front","a":0.0117954584,"b":-0.9999304414,"c":0.0000249189,"d":2.9276750088,"shortest_distance":2.6160873734,"num_points":350,"plane_center_x":-0.0396289155,"plane_center_y":2.9274425507,"plane_center_z":1.262856245,"color_id":3}}