{"0":{"ros_timestamp":"1696255483.762014","wall_type":"floor","a":-0.0018251477,"b":-0.0000371799,"c":0.9999983311,"d":-0.0016909512,"shortest_distance":0.9975764048,"num_points":577,"plane_center_x":-0.1766509116,"plane_center_y":1.1239964962,"plane_center_z":0.0014103296,"color_id":0},"1":{"ros_timestamp":"1696255483.762014","wall_type":"left","a":0.9999032617,"b":0.0138772819,"c":0.0009676967,"d":1.3246337175,"shortest_distance":1.7105147486,"num_points":1495,"plane_center_x":-1.3186386824,"plane_center_y":-0.5161631107,"plane_center_z":1.0726662874,"color_id":1},"2":{"ros_timestamp":"1696255483.762014","wall_type":"right","a":0.9999042749,"b":0.0138331214,"c":-0.0000010248,"d":-1.3271507025,"shortest_distance":0.9422521133,"num_points":384,"plane_center_x":1.294510603,"plane_center_y":2.3685977459,"plane_center_z":1.1670194864,"color_id":2},"3":{"ros_timestamp":"1696255483.762014","wall_type":"front","a":0.0117954584,"b":-0.9999304414,"c":0.0000249189,"d":2.9276750088,"shortest_distance":2.6122290881,"num_points":350,"plane_center_x":-0.0396289155,"plane_center_y":2.9274425507,"plane_center_z":1.262856245,"color_id":3}}