{"0":{"ros_timestamp":"1696255484.461866","wall_type":"floor","a":-0.0018834744,"b":0.0000418093,"c":0.9999982119,"d":-0.0018511316,"shortest_distance":0.9974380685,"num_points":588,"plane_center_x":-0.1857681274,"plane_center_y":1.0565410852,"plane_center_z":0.0014570714,"color_id":0},"1":{"ros_timestamp":"1696255484.461866","wall_type":"left","a":0.9999034405,"b":0.0138529316,"c":0.0011625109,"d":1.3243861198,"shortest_distance":1.7008419971,"num_points":1496,"plane_center_x":-1.3186719418,"plane_center_y":-0.5168330073,"plane_center_z":1.0734745264,"color_id":1},"2":{"ros_timestamp":"1696255484.461866","wall_type":"right","a":0.9999042749,"b":0.0138331214,"c":-0.0000010248,"d":-1.3271507025,"shortest_distance":0.9518645022,"num_points":384,"plane_center_x":1.294510603,"plane_center_y":2.3685977459,"plane_center_z":1.1670194864,"color_id":2},"3":{"ros_timestamp":"1696255484.461866","wall_type":"front","a":0.0117954584,"b":-0.9999304414,"c":0.0000249189,"d":2.9276750088,"shortest_distance":2.6008450407,"num_points":350,"plane_center_x":-0.0396289155,"plane_center_y":2.9274425507,"plane_center_z":1.262856245,"color_id":3}}