{"0":{"ros_timestamp":"1696255440.7909613","wall_type":"floor","a":0.0015490518,"b":-0.000117631,"c":0.9999987483,"d":-0.0007851378,"shortest_distance":0.9994653243,"num_points":355,"plane_center_x":-0.0037187119,"plane_center_y":2.1818702221,"plane_center_z":0.0010475551,"color_id":0},"1":{"ros_timestamp":"1696255440.7909613","wall_type":"left","a":0.9999038577,"b":0.0138689978,"c":0.0000344956,"d":1.3281306028,"shortest_distance":1.4637103292,"num_points":326,"plane_center_x":-1.352273941,"plane_center_y":1.7286649942,"plane_center_z":1.111979723,"color_id":1},"2":{"ros_timestamp":"1696255440.7909613","wall_type":"right","a":0.9998843074,"b":0.0151516767,"c":-0.0013513423,"d":-1.3282485008,"shortest_distance":1.1946683647,"num_points":396,"plane_center_x":1.2943643332,"plane_center_y":2.3691358566,"plane_center_z":1.1326671839,"color_id":2}}