{"0":{"ros_timestamp":"1696255485.661611","wall_type":"floor","a":-0.0019412215,"b":0.0001651242,"c":0.9999981523,"d":-0.0021108356,"shortest_distance":0.9972337093,"num_points":632,"plane_center_x":-0.2216829956,"plane_center_y":0.8283987045,"plane_center_z":0.0015437141,"color_id":0},"1":{"ros_timestamp":"1696255485.661611","wall_type":"left","a":0.9999046326,"b":0.0137561727,"c":0.0011548921,"d":1.324644208,"shortest_distance":1.6842929592,"num_points":1493,"plane_center_x":-1.3190516233,"plane_center_y":-0.5141360164,"plane_center_z":1.0784413815,"color_id":1},"2":{"ros_timestamp":"1696255485.661611","wall_type":"right","a":0.9999042749,"b":0.0138331214,"c":-0.0000010248,"d":-1.3271507025,"shortest_distance":0.9686312589,"num_points":384,"plane_center_x":1.294510603,"plane_center_y":2.3685977459,"plane_center_z":1.1670194864,"color_id":2},"3":{"ros_timestamp":"1696255485.661611","wall_type":"front","a":0.0117954584,"b":-0.9999304414,"c":0.0000249189,"d":2.9276750088,"shortest_distance":2.5825302285,"num_points":350,"plane_center_x":-0.0396289155,"plane_center_y":2.9274425507,"plane_center_z":1.262856245,"color_id":3}}