{"0":{"ros_timestamp":"1696255485.7619994","wall_type":"floor","a":0.0004359372,"b":0.00222421,"c":0.9999973774,"d":0.0045709908,"shortest_distance":1.0054813903,"num_points":203,"plane_center_x":-0.8800748587,"plane_center_y":-2.2766747475,"plane_center_z":0.0008764712,"color_id":0},"1":{"ros_timestamp":"1696255485.7619994","wall_type":"left","a":0.9999030828,"b":0.0138921784,"c":0.0008763333,"d":1.3249316216,"shortest_distance":1.680886654,"num_points":1495,"plane_center_x":-1.318852663,"plane_center_y":-0.5151780844,"plane_center_z":1.0770730972,"color_id":1},"2":{"ros_timestamp":"1696255485.7619994","wall_type":"right","a":0.9999042749,"b":0.0138331214,"c":-0.0000010248,"d":-1.3271507025,"shortest_distance":0.9720935252,"num_points":384,"plane_center_x":1.294510603,"plane_center_y":2.3685977459,"plane_center_z":1.1670194864,"color_id":2},"3":{"ros_timestamp":"1696255485.7619994","wall_type":"front","a":0.0117535843,"b":-0.9999309778,"c":0.0001274344,"d":2.9275128841,"shortest_distance":2.5788947702,"num_points":357,"plane_center_x":-0.0305312909,"plane_center_y":2.9275140762,"plane_center_z":1.2389861345,"color_id":3}}