{"0":{"ros_timestamp":"1696255436.3628821","wall_type":"floor","a":0.0023013777,"b":-0.0014566258,"c":0.9999962449,"d":0.0016601151,"shortest_distance":1.0024122789,"num_points":214,"plane_center_x":0.0034827362,"plane_center_y":2.1326096058,"plane_center_z":0.0014382893,"color_id":0},"1":{"ros_timestamp":"1696255436.3628821","wall_type":"left","a":0.9998732209,"b":0.0159248076,"c":-0.0001515901,"d":1.3204425573,"shortest_distance":1.3372284351,"num_points":187,"plane_center_x":-1.3535372019,"plane_center_y":2.0781674385,"plane_center_z":1.1301060915,"color_id":1},"2":{"ros_timestamp":"1696255436.3628821","wall_type":"right","a":0.9998824,"b":0.0150667671,"c":-0.0028566967,"d":-1.325799942,"shortest_distance":1.3112927773,"num_points":312,"plane_center_x":1.2952799797,"plane_center_y":2.2442107201,"plane_center_z":1.0993944407,"color_id":2}}