{"0":{"ros_timestamp":"1696255486.0766113","wall_type":"floor","a":-0.0019433789,"b":0.0001188646,"c":0.9999981523,"d":-0.0019988171,"shortest_distance":0.9973433537,"num_points":637,"plane_center_x":-0.2181681842,"plane_center_y":0.7977159619,"plane_center_z":0.001480016,"color_id":0},"1":{"ros_timestamp":"1696255486.0766113","wall_type":"left","a":0.9999052286,"b":0.0137194116,"c":0.0011019144,"d":1.3247129917,"shortest_distance":1.6773352405,"num_points":1497,"plane_center_x":-1.3190075159,"plane_center_y":-0.5169058442,"plane_center_z":1.0756731033,"color_id":1},"2":{"ros_timestamp":"1696255486.0766113","wall_type":"right","a":0.9999042749,"b":0.0138331214,"c":-0.0000010248,"d":-1.3271507025,"shortest_distance":0.975591297,"num_points":384,"plane_center_x":1.294510603,"plane_center_y":2.3685977459,"plane_center_z":1.1670194864,"color_id":2},"3":{"ros_timestamp":"1696255486.0766113","wall_type":"front","a":0.0117954584,"b":-0.9999304414,"c":0.0000249189,"d":2.9276750088,"shortest_distance":2.5754433798,"num_points":350,"plane_center_x":-0.0396289155,"plane_center_y":2.9274425507,"plane_center_z":1.262856245,"color_id":3}}