{"0":{"ros_timestamp":"1696255486.2734294","wall_type":"floor","a":-0.0019493488,"b":0.0001059842,"c":0.9999980927,"d":-0.0019689037,"shortest_distance":0.9973739431,"num_points":639,"plane_center_x":-0.2169022113,"plane_center_y":0.7865621448,"plane_center_z":0.0014627252,"color_id":0},"1":{"ros_timestamp":"1696255486.2734294","wall_type":"left","a":0.9999015927,"b":0.0139678819,"c":0.0012825334,"d":1.3239756823,"shortest_distance":1.6733333467,"num_points":1498,"plane_center_x":-1.3182454109,"plane_center_y":-0.5182338357,"plane_center_z":1.0749557018,"color_id":1},"2":{"ros_timestamp":"1696255486.2734294","wall_type":"right","a":0.9999042749,"b":0.0138331214,"c":-0.0000010248,"d":-1.3271507025,"shortest_distance":0.9791242245,"num_points":384,"plane_center_x":1.294510603,"plane_center_y":2.3685977459,"plane_center_z":1.1670194864,"color_id":2},"3":{"ros_timestamp":"1696255486.2734294","wall_type":"front","a":0.0117954584,"b":-0.9999304414,"c":0.0000249189,"d":2.9276750088,"shortest_distance":2.5719526172,"num_points":350,"plane_center_x":-0.0396289155,"plane_center_y":2.9274425507,"plane_center_z":1.262856245,"color_id":3}}