{"0":{"ros_timestamp":"1696255486.4857938","wall_type":"floor","a":-0.0019524329,"b":0.0001080696,"c":0.9999980927,"d":-0.001972995,"shortest_distance":0.9973769652,"num_points":639,"plane_center_x":-0.2169344425,"plane_center_y":0.7865486741,"plane_center_z":0.001464446,"color_id":0},"1":{"ros_timestamp":"1696255486.4857938","wall_type":"left","a":0.9999011755,"b":0.013961995,"c":0.0016175973,"d":1.3241372108,"shortest_distance":1.6702604132,"num_points":1498,"plane_center_x":-1.3189492226,"plane_center_y":-0.517585218,"plane_center_z":1.0749690533,"color_id":1},"2":{"ros_timestamp":"1696255486.4857938","wall_type":"right","a":0.9999042749,"b":0.0138331214,"c":-0.0000010248,"d":-1.3271507025,"shortest_distance":0.9826919545,"num_points":384,"plane_center_x":1.294510603,"plane_center_y":2.3685977459,"plane_center_z":1.1670194864,"color_id":2},"3":{"ros_timestamp":"1696255486.4857938","wall_type":"front","a":0.0117954584,"b":-0.9999304414,"c":0.0000249189,"d":2.9276750088,"shortest_distance":2.568497429,"num_points":350,"plane_center_x":-0.0396289155,"plane_center_y":2.9274425507,"plane_center_z":1.262856245,"color_id":3}}