{"0":{"ros_timestamp":"1696255486.7618854","wall_type":"floor","a":-0.0019488515,"b":0.0000978256,"c":0.9999980927,"d":-0.0020741043,"shortest_distance":0.997280801,"num_points":653,"plane_center_x":-0.2204321325,"plane_center_y":0.7147756815,"plane_center_z":0.0014969817,"color_id":0},"1":{"ros_timestamp":"1696255486.7618854","wall_type":"left","a":0.9999014139,"b":0.0139711201,"c":0.0014177372,"d":1.3237297535,"shortest_distance":1.6660546927,"num_points":1498,"plane_center_x":-1.3181785345,"plane_center_y":-0.5181428194,"plane_center_z":1.0749853849,"color_id":1},"2":{"ros_timestamp":"1696255486.7618854","wall_type":"right","a":0.9999042749,"b":0.0138331214,"c":-0.0000010248,"d":-1.3271507025,"shortest_distance":0.9862941303,"num_points":384,"plane_center_x":1.294510603,"plane_center_y":2.3685977459,"plane_center_z":1.1670194864,"color_id":2},"3":{"ros_timestamp":"1696255486.7618854","wall_type":"front","a":0.0117954584,"b":-0.9999304414,"c":0.0000249189,"d":2.9276750088,"shortest_distance":2.5650781608,"num_points":350,"plane_center_x":-0.0396289155,"plane_center_y":2.9274425507,"plane_center_z":1.262856245,"color_id":3}}