{"0":{"ros_timestamp":"1696255486.9901652","wall_type":"floor","a":-0.001975819,"b":0.0001304024,"c":0.9999980927,"d":-0.0020112228,"shortest_distance":0.9973542248,"num_points":660,"plane_center_x":-0.221955806,"plane_center_y":0.6825474501,"plane_center_z":0.0014836752,"color_id":0},"1":{"ros_timestamp":"1696255486.9901652","wall_type":"left","a":0.9999037981,"b":0.0137655549,"c":0.0016897962,"d":1.3232872486,"shortest_distance":1.6621732674,"num_points":1499,"plane_center_x":-1.3182893991,"plane_center_y":-0.5182751417,"plane_center_z":1.0756839514,"color_id":1},"2":{"ros_timestamp":"1696255486.9901652","wall_type":"right","a":0.9999042749,"b":0.0138331214,"c":-0.0000010248,"d":-1.3271507025,"shortest_distance":0.9899303914,"num_points":384,"plane_center_x":1.294510603,"plane_center_y":2.3685977459,"plane_center_z":1.1670194864,"color_id":2},"3":{"ros_timestamp":"1696255486.9901652","wall_type":"front","a":0.0117954584,"b":-0.9999304414,"c":0.0000249189,"d":2.9276750088,"shortest_distance":2.5616951544,"num_points":350,"plane_center_x":-0.0396289155,"plane_center_y":2.9274425507,"plane_center_z":1.262856245,"color_id":3}}