{"0":{"ros_timestamp":"1696255487.0617256","wall_type":"floor","a":-0.0017333798,"b":-0.0000968583,"c":0.9999985099,"d":-0.0018697538,"shortest_distance":0.9974987165,"num_points":663,"plane_center_x":-0.2241735905,"plane_center_y":0.6697766781,"plane_center_z":0.0014962713,"color_id":0},"1":{"ros_timestamp":"1696255487.0617256","wall_type":"left","a":0.9999063611,"b":0.0136127798,"c":0.0014209457,"d":1.324072957,"shortest_distance":1.6589636576,"num_points":1499,"plane_center_x":-1.3187724352,"plane_center_y":-0.5182082653,"plane_center_z":1.07708776,"color_id":1},"2":{"ros_timestamp":"1696255487.0617256","wall_type":"right","a":0.9999042749,"b":0.0138331214,"c":-0.0000010248,"d":-1.3271507025,"shortest_distance":0.9936003745,"num_points":384,"plane_center_x":1.294510603,"plane_center_y":2.3685977459,"plane_center_z":1.1670194864,"color_id":2},"3":{"ros_timestamp":"1696255487.0617256","wall_type":"front","a":0.0117954584,"b":-0.9999304414,"c":0.0000249189,"d":2.9276750088,"shortest_distance":2.5583487482,"num_points":350,"plane_center_x":-0.0396289155,"plane_center_y":2.9274425507,"plane_center_z":1.262856245,"color_id":3}}