{"0":{"ros_timestamp":"1696255487.361697","wall_type":"floor","a":-0.002112529,"b":0.000214108,"c":0.9999977946,"d":-0.0021408484,"shortest_distance":0.9972270418,"num_points":670,"plane_center_x":-0.2241232991,"plane_center_y":0.6284601688,"plane_center_z":0.0015328263,"color_id":0},"1":{"ros_timestamp":"1696255487.361697","wall_type":"left","a":0.9999094605,"b":0.0128807696,"c":0.0039020057,"d":1.320830822,"shortest_distance":1.6542238396,"num_points":1501,"plane_center_x":-1.3189537525,"plane_center_y":-0.5159714222,"plane_center_z":1.0756723881,"color_id":1},"2":{"ros_timestamp":"1696255487.361697","wall_type":"right","a":0.9999073744,"b":0.0136056347,"c":0.0001013763,"d":-1.3267712593,"shortest_distance":0.9969065335,"num_points":384,"plane_center_x":1.294510603,"plane_center_y":2.3685977459,"plane_center_z":1.1670194864,"color_id":2},"3":{"ros_timestamp":"1696255487.361697","wall_type":"front","a":0.0117954584,"b":-0.9999304414,"c":0.0000249189,"d":2.9276750088,"shortest_distance":2.5550392768,"num_points":350,"plane_center_x":-0.0396289155,"plane_center_y":2.9274425507,"plane_center_z":1.262856245,"color_id":3}}