{"0":{"ros_timestamp":"1696255487.5903594","wall_type":"floor","a":-0.0020609447,"b":0.0002056343,"c":0.9999978542,"d":-0.0021535717,"shortest_distance":0.9972364422,"num_points":678,"plane_center_x":-0.2278475463,"plane_center_y":0.6040195823,"plane_center_z":0.0015597866,"color_id":0},"1":{"ros_timestamp":"1696255487.5903594","wall_type":"left","a":0.9999027848,"b":0.0139010875,"c":0.0010533838,"d":1.3243471384,"shortest_distance":1.6515376218,"num_points":1499,"plane_center_x":-1.3183991909,"plane_center_y":-0.518718183,"plane_center_z":1.0771819353,"color_id":1},"2":{"ros_timestamp":"1696255487.5903594","wall_type":"right","a":0.9999042749,"b":0.0138331214,"c":-0.0000010248,"d":-1.3271507025,"shortest_distance":1.0010400349,"num_points":384,"plane_center_x":1.294510603,"plane_center_y":2.3685977459,"plane_center_z":1.1670194864,"color_id":2},"3":{"ros_timestamp":"1696255487.5903594","wall_type":"front","a":0.0117954584,"b":-0.9999304414,"c":0.0000249189,"d":2.9276750088,"shortest_distance":2.5517670712,"num_points":350,"plane_center_x":-0.0396289155,"plane_center_y":2.9274425507,"plane_center_z":1.262856245,"color_id":3}}