{"0":{"ros_timestamp":"1696255487.8620143","wall_type":"floor","a":-0.0020574937,"b":0.0002045091,"c":0.9999978542,"d":-0.0021496094,"shortest_distance":0.9972581462,"num_points":684,"plane_center_x":-0.2286589146,"plane_center_y":0.5773284435,"plane_center_z":0.0015610796,"color_id":0},"1":{"ros_timestamp":"1696255487.8620143","wall_type":"left","a":0.9999010563,"b":0.0139480857,"c":0.0018268682,"d":1.3239059448,"shortest_distance":1.6443177735,"num_points":1499,"plane_center_x":-1.3190579414,"plane_center_y":-0.519697547,"plane_center_z":1.0771517754,"color_id":1},"2":{"ros_timestamp":"1696255487.8620143","wall_type":"right","a":0.9999042749,"b":0.0138331214,"c":-0.0000010248,"d":-1.3271507025,"shortest_distance":1.0086101356,"num_points":384,"plane_center_x":1.294510603,"plane_center_y":2.3685977459,"plane_center_z":1.1670194864,"color_id":2},"3":{"ros_timestamp":"1696255487.8620143","wall_type":"front","a":0.0117954584,"b":-0.9999304414,"c":0.0000249189,"d":2.9276750088,"shortest_distance":2.5453357623,"num_points":350,"plane_center_x":-0.0396289155,"plane_center_y":2.9274425507,"plane_center_z":1.262856245,"color_id":3}}