{"0":{"ros_timestamp":"1696255441.076881","wall_type":"floor","a":0.0016860737,"b":-0.0001760174,"c":0.9999985695,"d":-0.0006205812,"shortest_distance":0.9996847124,"num_points":359,"plane_center_x":-0.0038095019,"plane_center_y":2.1862721443,"plane_center_z":0.0010118276,"color_id":0},"1":{"ros_timestamp":"1696255441.076881","wall_type":"left","a":0.9998748302,"b":0.0158217251,"c":-0.0001490299,"d":1.3190125227,"shortest_distance":1.4582535086,"num_points":326,"plane_center_x":-1.3462777138,"plane_center_y":1.7230966091,"plane_center_z":1.1120123863,"color_id":1},"2":{"ros_timestamp":"1696255441.076881","wall_type":"right","a":0.999904871,"b":0.0121656433,"c":-0.0064960807,"d":-1.313450098,"shortest_distance":1.1788151008,"num_points":397,"plane_center_x":1.2942341566,"plane_center_y":2.3688106537,"plane_center_z":1.1298636198,"color_id":2}}