{"0":{"ros_timestamp":"1696255488.0950656","wall_type":"floor","a":-0.0021181004,"b":0.0002273407,"c":0.999997735,"d":-0.0021710338,"shortest_distance":0.9972353399,"num_points":689,"plane_center_x":-0.2276100814,"plane_center_y":0.5509421229,"plane_center_z":0.0015636849,"color_id":0},"1":{"ros_timestamp":"1696255488.0950656","wall_type":"left","a":0.9998908639,"b":0.014239491,"c":0.0039286921,"d":1.3203140497,"shortest_distance":1.6391053199,"num_points":1501,"plane_center_x":-1.3182945251,"plane_center_y":-0.5192433596,"plane_center_z":1.0772202015,"color_id":1},"2":{"ros_timestamp":"1696255488.0950656","wall_type":"right","a":0.9999042749,"b":0.0138331214,"c":-0.0000010248,"d":-1.3271507025,"shortest_distance":1.0124431568,"num_points":384,"plane_center_x":1.294510603,"plane_center_y":2.3685977459,"plane_center_z":1.1670194864,"color_id":2},"3":{"ros_timestamp":"1696255488.0950656","wall_type":"front","a":0.0117954584,"b":-0.9999304414,"c":0.0000249189,"d":2.9276750088,"shortest_distance":2.5421773022,"num_points":350,"plane_center_x":-0.0396289155,"plane_center_y":2.9274425507,"plane_center_z":1.262856245,"color_id":3}}