{"0":{"ros_timestamp":"1696255488.1755826","wall_type":"floor","a":-0.0020850364,"b":0.0002193092,"c":0.9999977946,"d":-0.0021508895,"shortest_distance":0.9972626581,"num_points":693,"plane_center_x":-0.2272255868,"plane_center_y":0.5289277434,"plane_center_z":0.0015611206,"color_id":0},"1":{"ros_timestamp":"1696255488.1755826","wall_type":"left","a":0.9999079704,"b":0.0131723648,"c":0.0032263016,"d":1.3212602139,"shortest_distance":1.6389391344,"num_points":1501,"plane_center_x":-1.3187996149,"plane_center_y":-0.5161704421,"plane_center_z":1.0771670341,"color_id":1},"2":{"ros_timestamp":"1696255488.1755826","wall_type":"right","a":0.9999042749,"b":0.0138331214,"c":-0.0000010248,"d":-1.3271507025,"shortest_distance":1.0124431568,"num_points":384,"plane_center_x":1.294510603,"plane_center_y":2.3685977459,"plane_center_z":1.1670194864,"color_id":2},"3":{"ros_timestamp":"1696255488.1755826","wall_type":"front","a":0.0117954584,"b":-0.9999304414,"c":0.0000249189,"d":2.9276750088,"shortest_distance":2.5421773022,"num_points":350,"plane_center_x":-0.0396289155,"plane_center_y":2.9274425507,"plane_center_z":1.262856245,"color_id":3}}