{"0":{"ros_timestamp":"1696255488.3850732","wall_type":"floor","a":-0.0020271321,"b":0.0001776597,"c":0.9999979138,"d":-0.0020926225,"shortest_distance":0.9973312223,"num_points":697,"plane_center_x":-0.2287583798,"plane_center_y":0.5219953656,"plane_center_z":0.0015361645,"color_id":0},"1":{"ros_timestamp":"1696255488.3850732","wall_type":"left","a":0.9999046922,"b":0.0137849599,"c":0.0007935611,"d":1.3247535229,"shortest_distance":1.636372382,"num_points":1500,"plane_center_x":-1.3184403181,"plane_center_y":-0.5188539624,"plane_center_z":1.077886343,"color_id":1},"2":{"ros_timestamp":"1696255488.3850732","wall_type":"right","a":0.9999042749,"b":0.0138331214,"c":-0.0000010248,"d":-1.3271507025,"shortest_distance":1.0163076487,"num_points":384,"plane_center_x":1.294510603,"plane_center_y":2.3685977459,"plane_center_z":1.1670194864,"color_id":2},"3":{"ros_timestamp":"1696255488.3850732","wall_type":"front","a":0.0117954584,"b":-0.9999304414,"c":0.0000249189,"d":2.9276750088,"shortest_distance":2.5390573939,"num_points":350,"plane_center_x":-0.0396289155,"plane_center_y":2.9274425507,"plane_center_z":1.262856245,"color_id":3}}