{"0":{"ros_timestamp":"1696255488.5617933","wall_type":"floor","a":-0.0019984725,"b":0.0001581602,"c":0.999998033,"d":-0.0020532971,"shortest_distance":0.9973800635,"num_points":703,"plane_center_x":-0.2286190093,"plane_center_y":0.4968897104,"plane_center_z":0.0015178231,"color_id":0},"1":{"ros_timestamp":"1696255488.5617933","wall_type":"left","a":0.9999043345,"b":0.013791576,"c":0.0011215663,"d":1.3246814013,"shortest_distance":1.6327349636,"num_points":1500,"plane_center_x":-1.3188918829,"plane_center_y":-0.519085288,"plane_center_z":1.077901721,"color_id":1},"2":{"ros_timestamp":"1696255488.5617933","wall_type":"right","a":0.9999042749,"b":0.0138331214,"c":-0.0000010248,"d":-1.3271507025,"shortest_distance":1.0202032247,"num_points":384,"plane_center_x":1.294510603,"plane_center_y":2.3685977459,"plane_center_z":1.1670194864,"color_id":2},"3":{"ros_timestamp":"1696255488.5617933","wall_type":"front","a":0.0117954584,"b":-0.9999304414,"c":0.0000249189,"d":2.9276750088,"shortest_distance":2.5359763497,"num_points":350,"plane_center_x":-0.0396289155,"plane_center_y":2.9274425507,"plane_center_z":1.262856245,"color_id":3}}