{"0":{"ros_timestamp":"1696255488.6749327","wall_type":"floor","a":-0.0021212522,"b":0.0002201765,"c":0.9999976754,"d":-0.0021495589,"shortest_distance":0.9972710332,"num_points":705,"plane_center_x":-0.2264133096,"plane_center_y":0.4826828837,"plane_center_z":0.0015630075,"color_id":0},"1":{"ros_timestamp":"1696255488.6749327","wall_type":"left","a":0.9999060631,"b":0.013474619,"c":0.0025285261,"d":1.3220486641,"shortest_distance":1.6313844182,"num_points":1501,"plane_center_x":-1.3183968067,"plane_center_y":-0.5187659264,"plane_center_z":1.0772112608,"color_id":1},"2":{"ros_timestamp":"1696255488.6749327","wall_type":"right","a":0.9999042749,"b":0.0138331214,"c":-0.0000010248,"d":-1.3271507025,"shortest_distance":1.0202032247,"num_points":384,"plane_center_x":1.294510603,"plane_center_y":2.3685977459,"plane_center_z":1.1670194864,"color_id":2},"3":{"ros_timestamp":"1696255488.6749327","wall_type":"front","a":0.0117954584,"b":-0.9999304414,"c":0.0000249189,"d":2.9276750088,"shortest_distance":2.5359763497,"num_points":350,"plane_center_x":-0.0396289155,"plane_center_y":2.9274425507,"plane_center_z":1.262856245,"color_id":3}}