{"0":{"ros_timestamp":"1696255489.0616844","wall_type":"floor","a":-0.0020345307,"b":0.0001810305,"c":0.9999978542,"d":-0.0020931517,"shortest_distance":0.9973555851,"num_points":713,"plane_center_x":-0.2264903635,"plane_center_y":0.454492718,"plane_center_z":0.0015500764,"color_id":0},"1":{"ros_timestamp":"1696255489.0616844","wall_type":"left","a":0.99990201,"b":0.0139604583,"c":0.0010651395,"d":1.3243567944,"shortest_distance":1.6245379937,"num_points":1500,"plane_center_x":-1.3184098005,"plane_center_y":-0.5184115171,"plane_center_z":1.077938199,"color_id":1},"2":{"ros_timestamp":"1696255489.0616844","wall_type":"right","a":0.9999042749,"b":0.0138331214,"c":-0.0000010248,"d":-1.3271507025,"shortest_distance":1.0280860679,"num_points":384,"plane_center_x":1.294510603,"plane_center_y":2.3685977459,"plane_center_z":1.1670194864,"color_id":2},"3":{"ros_timestamp":"1696255489.0616844","wall_type":"front","a":0.0117954584,"b":-0.9999304414,"c":0.0000249189,"d":2.9276750088,"shortest_distance":2.5299320814,"num_points":350,"plane_center_x":-0.0396289155,"plane_center_y":2.9274425507,"plane_center_z":1.262856245,"color_id":3}}