{"0":{"ros_timestamp":"1696255489.3616538","wall_type":"floor","a":-0.0021917482,"b":0.0002509727,"c":0.9999975562,"d":-0.0021933552,"shortest_distance":0.997256119,"num_points":712,"plane_center_x":-0.2231214046,"plane_center_y":0.4472164512,"plane_center_z":0.0015920942,"color_id":0},"1":{"ros_timestamp":"1696255489.3616538","wall_type":"left","a":0.9999072552,"b":0.013168239,"c":0.0034874382,"d":1.3206195831,"shortest_distance":1.6149003176,"num_points":1502,"plane_center_x":-1.3185094595,"plane_center_y":-0.5172421336,"plane_center_z":1.0765060186,"color_id":1},"2":{"ros_timestamp":"1696255489.3616538","wall_type":"right","a":0.9999042749,"b":0.0138331214,"c":-0.0000010248,"d":-1.3271507025,"shortest_distance":1.0360885334,"num_points":384,"plane_center_x":1.294510603,"plane_center_y":2.3685977459,"plane_center_z":1.1670194864,"color_id":2},"3":{"ros_timestamp":"1696255489.3616538","wall_type":"front","a":0.0117954584,"b":-0.9999304414,"c":0.0000249189,"d":2.9276750088,"shortest_distance":2.5240469149,"num_points":350,"plane_center_x":-0.0396289155,"plane_center_y":2.9274425507,"plane_center_z":1.262856245,"color_id":3}}