{"0":{"ros_timestamp":"1696255489.6618314","wall_type":"floor","a":-0.0021368463,"b":0.0002397368,"c":0.9999976754,"d":-0.0022017278,"shortest_distance":0.9972683745,"num_points":719,"plane_center_x":-0.2276473194,"plane_center_y":0.4318951666,"plane_center_z":0.0016117431,"color_id":0},"1":{"ros_timestamp":"1696255489.6618314","wall_type":"left","a":0.9999061227,"b":0.0136845103,"c":0.0006407803,"d":1.3255212307,"shortest_distance":1.6131198037,"num_points":1499,"plane_center_x":-1.3191416264,"plane_center_y":-0.5185105205,"plane_center_z":1.0786132812,"color_id":1},"2":{"ros_timestamp":"1696255489.6618314","wall_type":"right","a":0.9999042749,"b":0.0138331214,"c":-0.0000010248,"d":-1.3271507025,"shortest_distance":1.0401336261,"num_points":384,"plane_center_x":1.294510603,"plane_center_y":2.3685977459,"plane_center_z":1.1670194864,"color_id":2},"3":{"ros_timestamp":"1696255489.6618314","wall_type":"front","a":0.0117954584,"b":-0.9999304414,"c":0.0000249189,"d":2.9276750088,"shortest_distance":2.521164733,"num_points":350,"plane_center_x":-0.0396289155,"plane_center_y":2.9274425507,"plane_center_z":1.262856245,"color_id":3}}