{"0":{"ros_timestamp":"1696255489.7845514","wall_type":"floor","a":-0.0020031503,"b":0.000253234,"c":0.999998033,"d":-0.0022550847,"shortest_distance":0.9972673883,"num_points":730,"plane_center_x":-0.2318900973,"plane_center_y":0.3912517428,"plane_center_z":0.0016914991,"color_id":0},"1":{"ros_timestamp":"1696255489.7845514","wall_type":"left","a":0.9999058843,"b":0.0137164444,"c":-0.0000067204,"d":1.326554656,"shortest_distance":1.6094446496,"num_points":1495,"plane_center_x":-1.319370389,"plane_center_y":-0.5147936344,"plane_center_z":1.081433177,"color_id":1},"2":{"ros_timestamp":"1696255489.7845514","wall_type":"right","a":0.9999042749,"b":0.0138331214,"c":-0.0000010248,"d":-1.3271507025,"shortest_distance":1.0442074203,"num_points":384,"plane_center_x":1.294510603,"plane_center_y":2.3685977459,"plane_center_z":1.1670194864,"color_id":2},"3":{"ros_timestamp":"1696255489.7845514","wall_type":"front","a":0.0117954584,"b":-0.9999304414,"c":0.0000249189,"d":2.9276750088,"shortest_distance":2.5183232043,"num_points":350,"plane_center_x":-0.0396289155,"plane_center_y":2.9274425507,"plane_center_z":1.262856245,"color_id":3}}