{"0":{"ros_timestamp":"1696255489.8617342","wall_type":"floor","a":-0.0020739578,"b":0.0002359901,"c":0.9999978542,"d":-0.0022067265,"shortest_distance":0.9972888579,"num_points":728,"plane_center_x":-0.2289657444,"plane_center_y":0.3989726603,"plane_center_z":0.001637711,"color_id":0},"1":{"ros_timestamp":"1696255489.8617342","wall_type":"left","a":0.9999065995,"b":0.013646571,"c":0.0007407258,"d":1.3254817724,"shortest_distance":1.6090905031,"num_points":1497,"plane_center_x":-1.3193112612,"plane_center_y":-0.5175181627,"plane_center_z":1.0800058842,"color_id":1},"2":{"ros_timestamp":"1696255489.8617342","wall_type":"right","a":0.9999042749,"b":0.0138331214,"c":-0.0000010248,"d":-1.3271507025,"shortest_distance":1.0442074203,"num_points":384,"plane_center_x":1.294510603,"plane_center_y":2.3685977459,"plane_center_z":1.1670194864,"color_id":2},"3":{"ros_timestamp":"1696255489.8617342","wall_type":"front","a":0.0117954584,"b":-0.9999304414,"c":0.0000249189,"d":2.9276750088,"shortest_distance":2.5183232043,"num_points":350,"plane_center_x":-0.0396289155,"plane_center_y":2.9274425507,"plane_center_z":1.262856245,"color_id":3}}