{"0":{"ros_timestamp":"1696255490.689919","wall_type":"floor","a":-0.0021261119,"b":0.0002275839,"c":0.999997735,"d":-0.0021663315,"shortest_distance":0.997349222,"num_points":743,"plane_center_x":-0.2198525071,"plane_center_y":0.3389692903,"plane_center_z":0.0016217601,"color_id":0},"1":{"ros_timestamp":"1696255490.689919","wall_type":"left","a":0.9999062419,"b":0.013660714,"c":0.0009210267,"d":1.3250317574,"shortest_distance":1.5922506552,"num_points":1500,"plane_center_x":-1.3190569878,"plane_center_y":-0.5194669366,"plane_center_z":1.0779266357,"color_id":1},"2":{"ros_timestamp":"1696255490.689919","wall_type":"right","a":0.9999042749,"b":0.0138331214,"c":-0.0000010248,"d":-1.3271507025,"shortest_distance":1.0607814234,"num_points":384,"plane_center_x":1.294510603,"plane_center_y":2.3685977459,"plane_center_z":1.1670194864,"color_id":2},"3":{"ros_timestamp":"1696255490.689919","wall_type":"front","a":0.0117954584,"b":-0.9999304414,"c":0.0000249189,"d":2.9276750088,"shortest_distance":2.5073692425,"num_points":350,"plane_center_x":-0.0396289155,"plane_center_y":2.9274425507,"plane_center_z":1.262856245,"color_id":3}}