{"0":{"ros_timestamp":"1696255491.1774178","wall_type":"floor","a":-0.0021406524,"b":0.0002100381,"c":0.9999976754,"d":-0.0022498514,"shortest_distance":0.9972737725,"num_points":753,"plane_center_x":-0.2157534659,"plane_center_y":0.3012724221,"plane_center_z":0.001657219,"color_id":0},"1":{"ros_timestamp":"1696255491.1774178","wall_type":"left","a":0.9999057055,"b":0.013638325,"c":0.0016438952,"d":1.3241032362,"shortest_distance":1.5835857328,"num_points":1500,"plane_center_x":-1.3191608191,"plane_center_y":-0.5209955573,"plane_center_z":1.0778969526,"color_id":1},"2":{"ros_timestamp":"1696255491.1774178","wall_type":"right","a":0.9999042749,"b":0.0138331214,"c":-0.0000010248,"d":-1.3271507025,"shortest_distance":1.0692299101,"num_points":384,"plane_center_x":1.294510603,"plane_center_y":2.3685977459,"plane_center_z":1.1670194864,"color_id":2},"3":{"ros_timestamp":"1696255491.1774178","wall_type":"front","a":0.0117954584,"b":-0.9999304414,"c":0.0000249189,"d":2.9276750088,"shortest_distance":2.5021433729,"num_points":350,"plane_center_x":-0.0396289155,"plane_center_y":2.9274425507,"plane_center_z":1.262856245,"color_id":3}}