{"0":{"ros_timestamp":"1696255441.4786208","wall_type":"floor","a":0.0015139462,"b":-0.0002457135,"c":0.9999987483,"d":-0.0004553659,"shortest_distance":0.9998715925,"num_points":368,"plane_center_x":0.0048408355,"plane_center_y":2.1921403408,"plane_center_z":0.0009866768,"color_id":0},"1":{"ros_timestamp":"1696255441.4786208","wall_type":"left","a":0.9998894334,"b":0.0148705179,"c":-0.0001387009,"d":1.3227642775,"shortest_distance":1.4719828123,"num_points":343,"plane_center_x":-1.3478674889,"plane_center_y":1.6884480715,"plane_center_z":1.1094168425,"color_id":1},"2":{"ros_timestamp":"1696255441.4786208","wall_type":"right","a":0.9999261498,"b":0.0121240597,"c":-0.0009040633,"d":-1.3217718601,"shortest_distance":1.1720167029,"num_points":396,"plane_center_x":1.2943643332,"plane_center_y":2.3691358566,"plane_center_z":1.1326671839,"color_id":2}}