{"0":{"ros_timestamp":"1696255491.9883592","wall_type":"floor","a":-0.0020934253,"b":0.0001972546,"c":0.9999977946,"d":-0.0020667715,"shortest_distance":0.9975015975,"num_points":789,"plane_center_x":-0.2037528604,"plane_center_y":0.176797688,"plane_center_z":0.0016053596,"color_id":0},"1":{"ros_timestamp":"1696255491.9883592","wall_type":"left","a":0.9999036193,"b":0.013484126,"c":0.0033220479,"d":1.3214770555,"shortest_distance":1.5653646373,"num_points":1501,"plane_center_x":-1.3189649582,"plane_center_y":-0.5196399689,"plane_center_z":1.0771535635,"color_id":1},"2":{"ros_timestamp":"1696255491.9883592","wall_type":"right","a":0.9999042749,"b":0.0138331214,"c":-0.0000010248,"d":-1.3271507025,"shortest_distance":1.086432959,"num_points":384,"plane_center_x":1.294510603,"plane_center_y":2.3685977459,"plane_center_z":1.1670194864,"color_id":2},"3":{"ros_timestamp":"1696255491.9883592","wall_type":"front","a":0.0117954584,"b":-0.9999304414,"c":0.0000249189,"d":2.9276750088,"shortest_distance":2.4922043066,"num_points":350,"plane_center_x":-0.0396289155,"plane_center_y":2.9274425507,"plane_center_z":1.262856245,"color_id":3}}