{"0":{"ros_timestamp":"1696255492.2892067","wall_type":"floor","a":-0.0019806817,"b":0.0001668008,"c":0.9999980927,"d":-0.002033046,"shortest_distance":0.9975577612,"num_points":797,"plane_center_x":-0.2030150145,"plane_center_y":0.1553827077,"plane_center_z":0.0016050228,"color_id":0},"1":{"ros_timestamp":"1696255492.2892067","wall_type":"left","a":0.9999058843,"b":0.0137018757,"c":0.0006790258,"d":1.3253743649,"shortest_distance":1.562352723,"num_points":1499,"plane_center_x":-1.3190301657,"plane_center_y":-0.5183885098,"plane_center_z":1.0785534382,"color_id":1},"2":{"ros_timestamp":"1696255492.2892067","wall_type":"right","a":0.9999042749,"b":0.0138331214,"c":-0.0000010248,"d":-1.3271507025,"shortest_distance":1.0907949818,"num_points":384,"plane_center_x":1.294510603,"plane_center_y":2.3685977459,"plane_center_z":1.1670194864,"color_id":2},"3":{"ros_timestamp":"1696255492.2892067","wall_type":"front","a":0.0117954584,"b":-0.9999304414,"c":0.0000249189,"d":2.9276750088,"shortest_distance":2.4898278026,"num_points":350,"plane_center_x":-0.0396289155,"plane_center_y":2.9274425507,"plane_center_z":1.262856245,"color_id":3}}