{"0":{"ros_timestamp":"1696255492.7616632","wall_type":"floor","a":-0.0019251371,"b":0.0001343378,"c":0.9999981523,"d":-0.0019626271,"shortest_distance":0.9976533251,"num_points":813,"plane_center_x":-0.1917302459,"plane_center_y":0.1039715409,"plane_center_z":0.0015795557,"color_id":0},"1":{"ros_timestamp":"1696255492.7616632","wall_type":"left","a":0.9999056458,"b":0.0136495475,"c":0.0015141537,"d":1.3236933947,"shortest_distance":1.5482564334,"num_points":1500,"plane_center_x":-1.3184690475,"plane_center_y":-0.5211261511,"plane_center_z":1.0778700113,"color_id":1},"2":{"ros_timestamp":"1696255492.7616632","wall_type":"right","a":0.9999042749,"b":0.0138331214,"c":-0.0000010248,"d":-1.3271507025,"shortest_distance":1.1040211067,"num_points":384,"plane_center_x":1.294510603,"plane_center_y":2.3685977459,"plane_center_z":1.1670194864,"color_id":2},"3":{"ros_timestamp":"1696255492.7616632","wall_type":"front","a":0.0117954584,"b":-0.9999304414,"c":0.0000249189,"d":2.9276750088,"shortest_distance":2.4829619403,"num_points":350,"plane_center_x":-0.0396289155,"plane_center_y":2.9274425507,"plane_center_z":1.262856245,"color_id":3}}