{"0":{"ros_timestamp":"1696255492.861611","wall_type":"floor","a":-0.0018790616,"b":0.0000185378,"c":0.9999982715,"d":-0.0020375988,"shortest_distance":0.9975366461,"num_points":814,"plane_center_x":-0.1910924017,"plane_center_y":0.1004542261,"plane_center_z":0.0015831152,"color_id":0},"1":{"ros_timestamp":"1696255492.861611","wall_type":"left","a":0.9999046326,"b":0.0137766171,"c":0.0010061117,"d":1.3249183893,"shortest_distance":1.5490298825,"num_points":1500,"plane_center_x":-1.3189394474,"plane_center_y":-0.5218365192,"plane_center_z":1.0778710842,"color_id":1},"2":{"ros_timestamp":"1696255492.861611","wall_type":"right","a":0.9999042749,"b":0.0138331214,"c":-0.0000010248,"d":-1.3271507025,"shortest_distance":1.1040211067,"num_points":384,"plane_center_x":1.294510603,"plane_center_y":2.3685977459,"plane_center_z":1.1670194864,"color_id":2},"3":{"ros_timestamp":"1696255492.861611","wall_type":"front","a":0.0117954584,"b":-0.9999304414,"c":0.0000249189,"d":2.9276750088,"shortest_distance":2.4829619403,"num_points":350,"plane_center_x":-0.0396289155,"plane_center_y":2.9274425507,"plane_center_z":1.262856245,"color_id":3}}