{"0":{"ros_timestamp":"1696255493.1616514","wall_type":"floor","a":-0.0018979767,"b":0.0001237947,"c":0.9999982119,"d":-0.0019401917,"shortest_distance":0.997694578,"num_points":820,"plane_center_x":-0.1882369071,"plane_center_y":0.0835359991,"plane_center_z":0.0015725839,"color_id":0},"1":{"ros_timestamp":"1696255493.1616514","wall_type":"left","a":0.9999039769,"b":0.0137920175,"c":0.0013433123,"d":1.3240289688,"shortest_distance":1.5395545867,"num_points":1500,"plane_center_x":-1.3185231686,"plane_center_y":-0.5211375952,"plane_center_z":1.0778602362,"color_id":1},"2":{"ros_timestamp":"1696255493.1616514","wall_type":"right","a":0.9999042749,"b":0.0138331214,"c":-0.0000010248,"d":-1.3271507025,"shortest_distance":1.1129508225,"num_points":384,"plane_center_x":1.294510603,"plane_center_y":2.3685977459,"plane_center_z":1.1670194864,"color_id":2},"3":{"ros_timestamp":"1696255493.1616514","wall_type":"front","a":0.0117954584,"b":-0.9999304414,"c":0.0000249189,"d":2.9276750088,"shortest_distance":2.4786066845,"num_points":350,"plane_center_x":-0.0396289155,"plane_center_y":2.9274425507,"plane_center_z":1.262856245,"color_id":3},"4":{"ros_timestamp":"1696255493.1616514","wall_type":"back","a":0.0131399576,"b":-0.9999136925,"c":0.0000266495,"d":-2.9246428013,"shortest_distance":3.3734220974,"num_points":279,"plane_center_x":-0.1414387822,"plane_center_y":-2.926721096,"plane_center_z":1.2226885557,"color_id":4}}