{"0":{"ros_timestamp":"1696255493.387099","wall_type":"floor","a":-0.0018764163,"b":0.0001149713,"c":0.9999982715,"d":-0.0019216642,"shortest_distance":0.9977223762,"num_points":825,"plane_center_x":-0.186817646,"plane_center_y":0.0701216459,"plane_center_z":0.0015630572,"color_id":0},"1":{"ros_timestamp":"1696255493.387099","wall_type":"left","a":0.9999046922,"b":0.0137785757,"c":0.0009027952,"d":1.3246690035,"shortest_distance":1.5352508143,"num_points":1500,"plane_center_x":-1.3184807301,"plane_center_y":-0.5223348141,"plane_center_z":1.0778484344,"color_id":1},"2":{"ros_timestamp":"1696255493.387099","wall_type":"right","a":0.9999042749,"b":0.0138331214,"c":-0.0000010248,"d":-1.3271507025,"shortest_distance":1.117448034,"num_points":384,"plane_center_x":1.294510603,"plane_center_y":2.3685977459,"plane_center_z":1.1670194864,"color_id":2},"3":{"ros_timestamp":"1696255493.387099","wall_type":"front","a":0.0117954584,"b":-0.9999304414,"c":0.0000249189,"d":2.9276750088,"shortest_distance":2.4764963122,"num_points":350,"plane_center_x":-0.0396289155,"plane_center_y":2.9274425507,"plane_center_z":1.262856245,"color_id":3},"4":{"ros_timestamp":"1696255493.387099","wall_type":"back","a":0.0131421005,"b":-0.9999136329,"c":0.000033501,"d":-2.9246542454,"shortest_distance":3.3755427557,"num_points":279,"plane_center_x":-0.1385855377,"plane_center_y":-2.9266872406,"plane_center_z":1.2227261066,"color_id":4}}