{"0":{"ros_timestamp":"1696255493.861817","wall_type":"floor","a":-0.0016513699,"b":-0.0000164295,"c":0.9999986291,"d":-0.0019731331,"shortest_distance":0.9976724711,"num_points":844,"plane_center_x":-0.1749924421,"plane_center_y":0.0137171233,"plane_center_z":0.0015396626,"color_id":0},"1":{"ros_timestamp":"1696255493.861817","wall_type":"left","a":0.9999064803,"b":0.0136440387,"c":0.0009010812,"d":1.3250448704,"shortest_distance":1.5265067358,"num_points":1499,"plane_center_x":-1.3189991713,"plane_center_y":-0.5215792656,"plane_center_z":1.0785217285,"color_id":1},"2":{"ros_timestamp":"1696255493.861817","wall_type":"right","a":0.9999042749,"b":0.0138331214,"c":-0.0000010248,"d":-1.3271507025,"shortest_distance":1.126504916,"num_points":384,"plane_center_x":1.294510603,"plane_center_y":2.3685977459,"plane_center_z":1.1670194864,"color_id":2},"3":{"ros_timestamp":"1696255493.861817","wall_type":"front","a":0.0117954584,"b":-0.9999304414,"c":0.0000249189,"d":2.9276750088,"shortest_distance":2.4724111341,"num_points":350,"plane_center_x":-0.0396289155,"plane_center_y":2.9274425507,"plane_center_z":1.262856245,"color_id":3},"4":{"ros_timestamp":"1696255493.861817","wall_type":"back","a":0.0126639772,"b":-0.9999198318,"c":-0.0000133518,"d":-2.9248037338,"shortest_distance":3.3799321347,"num_points":295,"plane_center_x":-0.1016605645,"plane_center_y":-2.9263422489,"plane_center_z":1.2379126549,"color_id":4}}