{"0":{"ros_timestamp":"1696255494.0843208","wall_type":"floor","a":-0.0017301935,"b":0.0000624132,"c":0.9999984503,"d":-0.0018212538,"shortest_distance":0.9978530306,"num_points":844,"plane_center_x":-0.1726424843,"plane_center_y":0.0133714508,"plane_center_z":0.0015217167,"color_id":0},"1":{"ros_timestamp":"1696255494.0843208","wall_type":"left","a":0.9999060631,"b":0.0136885149,"c":0.0007451239,"d":1.3253041506,"shortest_distance":1.5220711891,"num_points":1500,"plane_center_x":-1.3190147877,"plane_center_y":-0.5223808885,"plane_center_z":1.0778214931,"color_id":1},"2":{"ros_timestamp":"1696255494.0843208","wall_type":"right","a":0.9999042749,"b":0.0138331214,"c":-0.0000010248,"d":-1.3271507025,"shortest_distance":1.1310636806,"num_points":384,"plane_center_x":1.294510603,"plane_center_y":2.3685977459,"plane_center_z":1.1670194864,"color_id":2},"3":{"ros_timestamp":"1696255494.0843208","wall_type":"front","a":0.0117954584,"b":-0.9999304414,"c":0.0000249189,"d":2.9276750088,"shortest_distance":2.4704367368,"num_points":350,"plane_center_x":-0.0396289155,"plane_center_y":2.9274425507,"plane_center_z":1.262856245,"color_id":3},"4":{"ros_timestamp":"1696255494.0843208","wall_type":"back","a":0.0126358038,"b":-0.9999201298,"c":-0.0000433851,"d":-2.9247763157,"shortest_distance":3.3819187864,"num_points":296,"plane_center_x":-0.0971469581,"plane_center_y":-2.9262912273,"plane_center_z":1.2361166477,"color_id":4}}