{"0":{"ros_timestamp":"1696255494.1616368","wall_type":"floor","a":-0.0017788111,"b":0.0000729943,"c":0.9999984503,"d":-0.0018116758,"shortest_distance":0.9978664878,"num_points":842,"plane_center_x":-0.1699738353,"plane_center_y":0.0100224987,"plane_center_z":0.0015085953,"color_id":0},"1":{"ros_timestamp":"1696255494.1616368","wall_type":"left","a":0.9999098778,"b":0.0130013656,"c":0.0033581113,"d":1.3213348389,"shortest_distance":1.5158197905,"num_points":1502,"plane_center_x":-1.3191394806,"plane_center_y":-0.5198475718,"plane_center_z":1.0763875246,"color_id":1},"2":{"ros_timestamp":"1696255494.1616368","wall_type":"right","a":0.9999042749,"b":0.0138331214,"c":-0.0000010248,"d":-1.3271507025,"shortest_distance":1.1356420539,"num_points":384,"plane_center_x":1.294510603,"plane_center_y":2.3685977459,"plane_center_z":1.1670194864,"color_id":2},"3":{"ros_timestamp":"1696255494.1616368","wall_type":"front","a":0.0117954584,"b":-0.9999304414,"c":0.0000249189,"d":2.9276750088,"shortest_distance":2.4685080655,"num_points":350,"plane_center_x":-0.0396289155,"plane_center_y":2.9274425507,"plane_center_z":1.262856245,"color_id":3},"4":{"ros_timestamp":"1696255494.1616368","wall_type":"back","a":0.0122691682,"b":-0.9999247193,"c":-0.0000797125,"d":-2.9248723984,"shortest_distance":3.3840536278,"num_points":296,"plane_center_x":-0.0967304558,"plane_center_y":-2.9263780117,"plane_center_z":1.2361278534,"color_id":4}}