{"0":{"ros_timestamp":"1696255494.277519","wall_type":"floor","a":-0.0016991479,"b":0.000051586,"c":0.9999985695,"d":-0.0018001737,"shortest_distance":0.997883001,"num_points":849,"plane_center_x":-0.169312045,"plane_center_y":-0.0004882975,"plane_center_z":0.0015125148,"color_id":0},"1":{"ros_timestamp":"1696255494.277519","wall_type":"left","a":0.9998990893,"b":0.0140445391,"c":0.0021403034,"d":1.323235631,"shortest_distance":1.516982179,"num_points":1500,"plane_center_x":-1.3187426329,"plane_center_y":-0.5220245123,"plane_center_z":1.077816844,"color_id":1},"2":{"ros_timestamp":"1696255494.277519","wall_type":"right","a":0.9999042749,"b":0.0138331214,"c":-0.0000010248,"d":-1.3271507025,"shortest_distance":1.1356420539,"num_points":384,"plane_center_x":1.294510603,"plane_center_y":2.3685977459,"plane_center_z":1.1670194864,"color_id":2},"3":{"ros_timestamp":"1696255494.277519","wall_type":"front","a":0.0117954584,"b":-0.9999304414,"c":0.0000249189,"d":2.9276750088,"shortest_distance":2.4685080655,"num_points":350,"plane_center_x":-0.0396289155,"plane_center_y":2.9274425507,"plane_center_z":1.262856245,"color_id":3},"4":{"ros_timestamp":"1696255494.277519","wall_type":"back","a":0.0128947254,"b":-0.9999168515,"c":-0.0000142871,"d":-2.9247210026,"shortest_distance":3.3837173578,"num_points":296,"plane_center_x":-0.0967559591,"plane_center_y":-2.9262297153,"plane_center_z":1.2361233234,"color_id":4}}