{"0":{"ros_timestamp":"1696255494.480852","wall_type":"floor","a":-0.0016633008,"b":0.0000358339,"c":0.9999985695,"d":-0.0017515048,"shortest_distance":0.9979388548,"num_points":858,"plane_center_x":-0.1597381681,"plane_center_y":-0.0308545381,"plane_center_z":0.0014869199,"color_id":0},"1":{"ros_timestamp":"1696255494.480852","wall_type":"left","a":0.9998969436,"b":0.0140236197,"c":0.0030755165,"d":1.322496891,"shortest_distance":1.5125714382,"num_points":1501,"plane_center_x":-1.3190290928,"plane_center_y":-0.5206816196,"plane_center_z":1.0771026611,"color_id":1},"2":{"ros_timestamp":"1696255494.480852","wall_type":"right","a":0.9999042749,"b":0.0138331214,"c":-0.0000010248,"d":-1.3271507025,"shortest_distance":1.1402395781,"num_points":384,"plane_center_x":1.294510603,"plane_center_y":2.3685977459,"plane_center_z":1.1670194864,"color_id":2},"3":{"ros_timestamp":"1696255494.480852","wall_type":"front","a":0.0117954584,"b":-0.9999304414,"c":0.0000249189,"d":2.9276750088,"shortest_distance":2.466625313,"num_points":350,"plane_center_x":-0.0396289155,"plane_center_y":2.9274425507,"plane_center_z":1.262856245,"color_id":3},"4":{"ros_timestamp":"1696255494.480852","wall_type":"back","a":0.0127762565,"b":-0.9999184012,"c":-0.0000214978,"d":-2.924757719,"shortest_distance":3.3856711001,"num_points":312,"plane_center_x":-0.0595093928,"plane_center_y":-2.9257836342,"plane_center_z":1.2497092485,"color_id":4}}