{"0":{"ros_timestamp":"1696255494.8618522","wall_type":"floor","a":-0.0016413371,"b":0.0000297486,"c":0.9999986887,"d":-0.0017414606,"shortest_distance":0.9979654511,"num_points":867,"plane_center_x":-0.1539864689,"plane_center_y":-0.0534402952,"plane_center_z":0.0014903087,"color_id":0},"1":{"ros_timestamp":"1696255494.8618522","wall_type":"left","a":0.9998988509,"b":0.0139260059,"c":0.0028953934,"d":1.3219627142,"shortest_distance":1.5025619786,"num_points":1501,"plane_center_x":-1.3185315132,"plane_center_y":-0.521566689,"plane_center_z":1.0770519972,"color_id":1},"2":{"ros_timestamp":"1696255494.8618522","wall_type":"right","a":0.9999225736,"b":0.0124330269,"c":-0.0006260921,"d":-1.3233991861,"shortest_distance":1.1470140186,"num_points":384,"plane_center_x":1.294510603,"plane_center_y":2.3685977459,"plane_center_z":1.1670194864,"color_id":2},"3":{"ros_timestamp":"1696255494.8618522","wall_type":"front","a":0.0117954584,"b":-0.9999304414,"c":0.0000249189,"d":2.9276750088,"shortest_distance":2.4629983127,"num_points":350,"plane_center_x":-0.0396289155,"plane_center_y":2.9274425507,"plane_center_z":1.262856245,"color_id":3},"4":{"ros_timestamp":"1696255494.8618522","wall_type":"back","a":0.0139721874,"b":-0.9999023676,"c":0.0000575706,"d":-2.9244670868,"shortest_distance":3.3887253509,"num_points":328,"plane_center_x":-0.0195546802,"plane_center_y":-2.9249532223,"plane_center_z":1.2619775534,"color_id":4}}