{"0":{"ros_timestamp":"1696255441.7628772","wall_type":"floor","a":0.0015708642,"b":0.0000293166,"c":0.9999987483,"d":-0.0011175284,"shortest_distance":0.9991033498,"num_points":372,"plane_center_x":0.0110226767,"plane_center_y":2.196539402,"plane_center_z":0.0010358194,"color_id":0},"1":{"ros_timestamp":"1696255441.7628772","wall_type":"left","a":0.9998783469,"b":0.0155970519,"c":-0.0001444571,"d":1.3201655149,"shortest_distance":1.4784894982,"num_points":343,"plane_center_x":-1.3464496136,"plane_center_y":1.6849639416,"plane_center_z":1.1094270945,"color_id":1},"2":{"ros_timestamp":"1696255441.7628772","wall_type":"right","a":0.9999078512,"b":0.0135251163,"c":-0.0011687343,"d":-1.3246833086,"shortest_distance":1.166407553,"num_points":396,"plane_center_x":1.2943643332,"plane_center_y":2.3691358566,"plane_center_z":1.1326671839,"color_id":2}}