{"0":{"ros_timestamp":"1696255495.062035","wall_type":"floor","a":-0.0016069226,"b":0.000017694,"c":0.9999986887,"d":-0.0017088903,"shortest_distance":0.9980058873,"num_points":873,"plane_center_x":-0.1462230533,"plane_center_y":-0.0745185837,"plane_center_z":0.0014752416,"color_id":0},"1":{"ros_timestamp":"1696255495.062035","wall_type":"left","a":0.99990803,"b":0.0129345153,"c":0.0040757046,"d":1.3201016188,"shortest_distance":1.4967662451,"num_points":1502,"plane_center_x":-1.3187032938,"plane_center_y":-0.5195587873,"plane_center_z":1.0763436556,"color_id":1},"2":{"ros_timestamp":"1696255495.062035","wall_type":"right","a":0.9999042749,"b":0.0138331214,"c":-0.0000010248,"d":-1.3271507025,"shortest_distance":1.1541424486,"num_points":384,"plane_center_x":1.294510603,"plane_center_y":2.3685977459,"plane_center_z":1.1670194864,"color_id":2},"3":{"ros_timestamp":"1696255495.062035","wall_type":"front","a":0.0117954584,"b":-0.9999304414,"c":0.0000249189,"d":2.9276750088,"shortest_distance":2.4612544278,"num_points":350,"plane_center_x":-0.0396289155,"plane_center_y":2.9274425507,"plane_center_z":1.262856245,"color_id":3},"4":{"ros_timestamp":"1696255495.062035","wall_type":"back","a":0.0131652476,"b":-0.9999132752,"c":0.0000002789,"d":-2.924664259,"shortest_distance":3.3908734806,"num_points":328,"plane_center_x":-0.0189978518,"plane_center_y":-2.925167799,"plane_center_z":1.2619843483,"color_id":4}}