{"0":{"ros_timestamp":"1696255495.5733848","wall_type":"floor","a":-0.0015348247,"b":-0.0000668253,"c":0.9999988675,"d":-0.0018636743,"shortest_distance":0.9978378432,"num_points":883,"plane_center_x":-0.1397855878,"plane_center_y":-0.0964553952,"plane_center_z":0.0015044421,"color_id":0},"1":{"ros_timestamp":"1696255495.5733848","wall_type":"left","a":0.9998900294,"b":0.0143324779,"c":0.0038083484,"d":1.32094419,"shortest_distance":1.4886392184,"num_points":1501,"plane_center_x":-1.3186330795,"plane_center_y":-0.5208569169,"plane_center_z":1.0770139694,"color_id":1},"2":{"ros_timestamp":"1696255495.5733848","wall_type":"right","a":0.9999042749,"b":0.0138331214,"c":-0.0000010248,"d":-1.3271507025,"shortest_distance":1.1634983053,"num_points":384,"plane_center_x":1.294510603,"plane_center_y":2.3685977459,"plane_center_z":1.1670194864,"color_id":2},"3":{"ros_timestamp":"1696255495.5733848","wall_type":"front","a":0.0117954584,"b":-0.9999304414,"c":0.0000249189,"d":2.9276750088,"shortest_distance":2.4579067601,"num_points":350,"plane_center_x":-0.0396289155,"plane_center_y":2.9274425507,"plane_center_z":1.262856245,"color_id":3},"4":{"ros_timestamp":"1696255495.5733848","wall_type":"back","a":0.0137947034,"b":-0.999904871,"c":0.0000265817,"d":-2.9245228767,"shortest_distance":3.3939631297,"num_points":344,"plane_center_x":0.0216216091,"plane_center_y":-2.9244689941,"plane_center_z":1.2731159925,"color_id":4}}