{"0":{"ros_timestamp":"1696255495.6731153","wall_type":"floor","a":-0.0015343513,"b":-0.0000001555,"c":0.9999988079,"d":-0.0016936947,"shortest_distance":0.9980465956,"num_points":890,"plane_center_x":-0.133583948,"plane_center_y":-0.1146343946,"plane_center_z":0.001488714,"color_id":0},"1":{"ros_timestamp":"1696255495.6731153","wall_type":"left","a":0.9999026656,"b":0.0137814106,"c":0.0021879727,"d":1.3229218721,"shortest_distance":1.4840357953,"num_points":1501,"plane_center_x":-1.318603158,"plane_center_y":-0.5196399093,"plane_center_z":1.0770287514,"color_id":1},"2":{"ros_timestamp":"1696255495.6731153","wall_type":"right","a":0.9999042749,"b":0.0138331214,"c":-0.0000010248,"d":-1.3271507025,"shortest_distance":1.1682010158,"num_points":384,"plane_center_x":1.294510603,"plane_center_y":2.3685977459,"plane_center_z":1.1670194864,"color_id":2},"3":{"ros_timestamp":"1696255495.6731153","wall_type":"front","a":0.0117954584,"b":-0.9999304414,"c":0.0000249189,"d":2.9276750088,"shortest_distance":2.456303312,"num_points":350,"plane_center_x":-0.0396289155,"plane_center_y":2.9274425507,"plane_center_z":1.262856245,"color_id":3},"4":{"ros_timestamp":"1696255495.6731153","wall_type":"back","a":0.0132872695,"b":-0.9999117255,"c":-0.000005711,"d":-2.924639225,"shortest_distance":3.3958052699,"num_points":344,"plane_center_x":0.0226316769,"plane_center_y":-2.9246039391,"plane_center_z":1.2731006145,"color_id":4}}