{"0":{"ros_timestamp":"1696255495.8619366","wall_type":"floor","a":-0.0014771862,"b":-0.0000029889,"c":0.9999989271,"d":-0.0016896288,"shortest_distance":0.9980581199,"num_points":895,"plane_center_x":-0.1312716305,"plane_center_y":-0.1328851432,"plane_center_z":0.0014953206,"color_id":0},"1":{"ros_timestamp":"1696255495.8619366","wall_type":"left","a":0.9998933077,"b":0.0133209145,"c":0.0059901285,"d":1.3180485964,"shortest_distance":1.4827453103,"num_points":1500,"plane_center_x":-1.319072485,"plane_center_y":-0.515494287,"plane_center_z":1.0776606798,"color_id":1},"2":{"ros_timestamp":"1696255495.8619366","wall_type":"right","a":0.9999042749,"b":0.0138331214,"c":-0.0000010248,"d":-1.3271507025,"shortest_distance":1.1682010158,"num_points":384,"plane_center_x":1.294510603,"plane_center_y":2.3685977459,"plane_center_z":1.1670194864,"color_id":2},"3":{"ros_timestamp":"1696255495.8619366","wall_type":"front","a":0.0117954584,"b":-0.9999304414,"c":0.0000249189,"d":2.9276750088,"shortest_distance":2.456303312,"num_points":350,"plane_center_x":-0.0396289155,"plane_center_y":2.9274425507,"plane_center_z":1.262856245,"color_id":3},"4":{"ros_timestamp":"1696255495.8619366","wall_type":"back","a":0.0124598909,"b":-0.9999223948,"c":-0.000040197,"d":-2.9248354435,"shortest_distance":3.3961670704,"num_points":344,"plane_center_x":0.0233809669,"plane_center_y":-2.9248223305,"plane_center_z":1.2730710506,"color_id":4}}