{"0":{"ros_timestamp":"1696255496.2616553","wall_type":"floor","a":-0.001420661,"b":-0.0000316723,"c":0.9999989867,"d":-0.0016526438,"shortest_distance":0.9981036228,"num_points":903,"plane_center_x":-0.121529907,"plane_center_y":-0.1440692246,"plane_center_z":0.0014754295,"color_id":0},"1":{"ros_timestamp":"1696255496.2616553","wall_type":"left","a":0.9999077916,"b":0.0135142701,"c":0.0013706172,"d":1.3242756128,"shortest_distance":1.4749929179,"num_points":1502,"plane_center_x":-1.3189375401,"plane_center_y":-0.5229482055,"plane_center_z":1.0762877464,"color_id":1},"2":{"ros_timestamp":"1696255496.2616553","wall_type":"right","a":0.9999042749,"b":0.0138331214,"c":-0.0000010248,"d":-1.3271507025,"shortest_distance":1.1776536497,"num_points":384,"plane_center_x":1.294510603,"plane_center_y":2.3685977459,"plane_center_z":1.1670194864,"color_id":2},"3":{"ros_timestamp":"1696255496.2616553","wall_type":"front","a":0.0117954584,"b":-0.9999304414,"c":0.0000249189,"d":2.9276750088,"shortest_distance":2.4532379895,"num_points":350,"plane_center_x":-0.0396289155,"plane_center_y":2.9274425507,"plane_center_z":1.262856245,"color_id":3},"4":{"ros_timestamp":"1696255496.2616553","wall_type":"back","a":0.0130282212,"b":-0.9999150634,"c":-0.0000205025,"d":-2.9246997833,"shortest_distance":3.3989989047,"num_points":344,"plane_center_x":0.0241831616,"plane_center_y":-2.9246592522,"plane_center_z":1.2730660439,"color_id":4}}