{"0":{"ros_timestamp":"1696255496.3764226","wall_type":"floor","a":-0.0014117904,"b":-0.0000356773,"c":0.9999989867,"d":-0.0016441499,"shortest_distance":0.9981181724,"num_points":907,"plane_center_x":-0.120434545,"plane_center_y":-0.1527200192,"plane_center_z":0.0014686745,"color_id":0},"1":{"ros_timestamp":"1696255496.3764226","wall_type":"left","a":0.9999063015,"b":0.0136214923,"c":0.0013715493,"d":1.3241170645,"shortest_distance":1.4701369109,"num_points":1502,"plane_center_x":-1.3187044859,"plane_center_y":-0.5237314105,"plane_center_z":1.0763010979,"color_id":1},"2":{"ros_timestamp":"1696255496.3764226","wall_type":"right","a":0.9999042749,"b":0.0138331214,"c":-0.0000010248,"d":-1.3271507025,"shortest_distance":1.182402628,"num_points":384,"plane_center_x":1.294510603,"plane_center_y":2.3685977459,"plane_center_z":1.1670194864,"color_id":2},"3":{"ros_timestamp":"1696255496.3764226","wall_type":"front","a":0.0117954584,"b":-0.9999304414,"c":0.0000249189,"d":2.9276750088,"shortest_distance":2.4517764214,"num_points":350,"plane_center_x":-0.0396289155,"plane_center_y":2.9274425507,"plane_center_z":1.262856245,"color_id":3},"4":{"ros_timestamp":"1696255496.3764226","wall_type":"back","a":0.0130282212,"b":-0.9999150634,"c":-0.0000205025,"d":-2.9246997833,"shortest_distance":3.4004663302,"num_points":344,"plane_center_x":0.0241831616,"plane_center_y":-2.9246592522,"plane_center_z":1.2730660439,"color_id":4}}