{"0":{"ros_timestamp":"1696255496.6769538","wall_type":"floor","a":-0.0013950429,"b":-0.0000416542,"c":0.9999990463,"d":-0.0016161281,"shortest_distance":0.9981522922,"num_points":917,"plane_center_x":-0.111134395,"plane_center_y":-0.1798160225,"plane_center_z":0.0014536022,"color_id":0},"1":{"ros_timestamp":"1696255496.6769538","wall_type":"left","a":0.9999109507,"b":0.0131141711,"c":0.0024937559,"d":1.32315135,"shortest_distance":1.4652872149,"num_points":1503,"plane_center_x":-1.3190196753,"plane_center_y":-0.5248476863,"plane_center_z":1.0755380392,"color_id":1},"2":{"ros_timestamp":"1696255496.6769538","wall_type":"right","a":0.9999042749,"b":0.0138331214,"c":-0.0000010248,"d":-1.3271507025,"shortest_distance":1.187166081,"num_points":384,"plane_center_x":1.294510603,"plane_center_y":2.3685977459,"plane_center_z":1.1670194864,"color_id":2},"3":{"ros_timestamp":"1696255496.6769538","wall_type":"front","a":0.0117954584,"b":-0.9999304414,"c":0.0000249189,"d":2.9276750088,"shortest_distance":2.4503624453,"num_points":350,"plane_center_x":-0.0396289155,"plane_center_y":2.9274425507,"plane_center_z":1.262856245,"color_id":3},"4":{"ros_timestamp":"1696255496.6769538","wall_type":"back","a":0.0130282212,"b":-0.9999150634,"c":-0.0000205025,"d":-2.9246997833,"shortest_distance":3.4018861814,"num_points":344,"plane_center_x":0.0241831616,"plane_center_y":-2.9246592522,"plane_center_z":1.2730660439,"color_id":4}}