{"0":{"ros_timestamp":"1696255496.9752629","wall_type":"floor","a":-0.0013092961,"b":-0.0000550454,"c":0.9999991655,"d":-0.0016205347,"shortest_distance":0.9981654578,"num_points":933,"plane_center_x":-0.1001792848,"plane_center_y":-0.2126086354,"plane_center_z":0.0014776685,"color_id":0},"1":{"ros_timestamp":"1696255496.9752629","wall_type":"left","a":0.9999041557,"b":0.013774883,"c":0.0014065504,"d":1.324187994,"shortest_distance":1.4559836924,"num_points":1501,"plane_center_x":-1.3186770678,"plane_center_y":-0.5267903805,"plane_center_z":1.0769585371,"color_id":1},"2":{"ros_timestamp":"1696255496.9752629","wall_type":"right","a":0.9999042749,"b":0.0138331214,"c":-0.0000010248,"d":-1.3271507025,"shortest_distance":1.1967345046,"num_points":384,"plane_center_x":1.294510603,"plane_center_y":2.3685977459,"plane_center_z":1.1670194864,"color_id":2},"3":{"ros_timestamp":"1696255496.9752629","wall_type":"front","a":0.0117954584,"b":-0.9999304414,"c":0.0000249189,"d":2.9276750088,"shortest_distance":2.4476778298,"num_points":350,"plane_center_x":-0.0396289155,"plane_center_y":2.9274425507,"plane_center_z":1.262856245,"color_id":3},"4":{"ros_timestamp":"1696255496.9752629","wall_type":"back","a":0.0130282212,"b":-0.9999150634,"c":-0.0000205025,"d":-2.9246997833,"shortest_distance":3.4045825982,"num_points":344,"plane_center_x":0.0241831616,"plane_center_y":-2.9246592522,"plane_center_z":1.2730660439,"color_id":4}}