{"0":{"ros_timestamp":"1696255497.177788","wall_type":"floor","a":-0.0013180289,"b":-0.0000576272,"c":0.9999991655,"d":-0.0016132026,"shortest_distance":0.9981767389,"num_points":932,"plane_center_x":-0.0970098749,"plane_center_y":-0.2107819915,"plane_center_z":0.0014731953,"color_id":0},"1":{"ros_timestamp":"1696255497.177788","wall_type":"left","a":0.9999060035,"b":0.0136779975,"c":0.0009531793,"d":1.3251539469,"shortest_distance":1.4516456772,"num_points":1504,"plane_center_x":-1.3189781904,"plane_center_y":-0.5307006836,"plane_center_z":1.0748153925,"color_id":1},"2":{"ros_timestamp":"1696255497.177788","wall_type":"right","a":0.9998357296,"b":0.0178429503,"c":-0.0031912308,"d":-1.3314090967,"shortest_distance":1.2070594564,"num_points":384,"plane_center_x":1.294510603,"plane_center_y":2.3685977459,"plane_center_z":1.1670194864,"color_id":2},"3":{"ros_timestamp":"1696255497.177788","wall_type":"front","a":0.0117954584,"b":-0.9999304414,"c":0.0000249189,"d":2.9276750088,"shortest_distance":2.4464074588,"num_points":350,"plane_center_x":-0.0396289155,"plane_center_y":2.9274425507,"plane_center_z":1.262856245,"color_id":3},"4":{"ros_timestamp":"1696255497.177788","wall_type":"back","a":0.0130282212,"b":-0.9999150634,"c":-0.0000205025,"d":-2.9246997833,"shortest_distance":3.4058588941,"num_points":344,"plane_center_x":0.0241831616,"plane_center_y":-2.9246592522,"plane_center_z":1.2730660439,"color_id":4}}