{"0":{"ros_timestamp":"1696255497.7775247","wall_type":"floor","a":-0.0011877044,"b":-0.0000938083,"c":0.9999993443,"d":-0.0015129185,"shortest_distance":0.9982864998,"num_points":946,"plane_center_x":-0.073401995,"plane_center_y":-0.2514312565,"plane_center_z":0.0014021533,"color_id":0},"1":{"ros_timestamp":"1696255497.7775247","wall_type":"left","a":0.9999037981,"b":0.0131555879,"c":0.004388608,"d":1.3200032711,"shortest_distance":1.4400311857,"num_points":1508,"plane_center_x":-1.3189225197,"plane_center_y":-0.5279186368,"plane_center_z":1.0719041824,"color_id":1},"2":{"ros_timestamp":"1696255497.7775247","wall_type":"right","a":0.9999042749,"b":0.0138331214,"c":-0.0000010248,"d":-1.3271507025,"shortest_distance":1.211183748,"num_points":384,"plane_center_x":1.294510603,"plane_center_y":2.3685977459,"plane_center_z":1.1670194864,"color_id":2},"3":{"ros_timestamp":"1696255497.7775247","wall_type":"front","a":0.0117954584,"b":-0.9999304414,"c":0.0000249189,"d":2.9276750088,"shortest_distance":2.4440112256,"num_points":350,"plane_center_x":-0.0396289155,"plane_center_y":2.9274425507,"plane_center_z":1.262856245,"color_id":3},"4":{"ros_timestamp":"1696255497.7775247","wall_type":"back","a":0.0130282212,"b":-0.9999150634,"c":-0.0000205025,"d":-2.9246997833,"shortest_distance":3.4082670227,"num_points":344,"plane_center_x":0.0241831616,"plane_center_y":-2.9246592522,"plane_center_z":1.2730660439,"color_id":4}}