{"0":{"ros_timestamp":"1696255497.8616686","wall_type":"floor","a":-0.0012693275,"b":-0.0001709499,"c":0.9999991655,"d":-0.0016756371,"shortest_distance":0.9980833177,"num_points":956,"plane_center_x":-0.0699128211,"plane_center_y":-0.272161752,"plane_center_z":0.0014034003,"color_id":0},"1":{"ros_timestamp":"1696255497.8616686","wall_type":"left","a":0.9999039173,"b":0.0131058227,"c":0.0045043486,"d":1.3196414709,"shortest_distance":1.4349200012,"num_points":1506,"plane_center_x":-1.3188966513,"plane_center_y":-0.5231964588,"plane_center_z":1.0732963085,"color_id":1},"2":{"ros_timestamp":"1696255497.8616686","wall_type":"right","a":0.9998633862,"b":0.0164069962,"c":0.0020040506,"d":-1.3353461027,"shortest_distance":1.2209674844,"num_points":384,"plane_center_x":1.294510603,"plane_center_y":2.3685977459,"plane_center_z":1.1670194864,"color_id":2},"3":{"ros_timestamp":"1696255497.8616686","wall_type":"front","a":0.0117954584,"b":-0.9999304414,"c":0.0000249189,"d":2.9276750088,"shortest_distance":2.442885603,"num_points":350,"plane_center_x":-0.0396289155,"plane_center_y":2.9274425507,"plane_center_z":1.262856245,"color_id":3},"4":{"ros_timestamp":"1696255497.8616686","wall_type":"back","a":0.0130282212,"b":-0.9999150634,"c":-0.0000205025,"d":-2.9246997833,"shortest_distance":3.4093986146,"num_points":344,"plane_center_x":0.0241831616,"plane_center_y":-2.9246592522,"plane_center_z":1.2730660439,"color_id":4}}