{"0":{"ros_timestamp":"1696255498.473176","wall_type":"floor","a":-0.0011429953,"b":-0.0000895229,"c":0.9999993443,"d":-0.0015517761,"shortest_distance":0.9982710692,"num_points":973,"plane_center_x":-0.0601402819,"plane_center_y":-0.3034000397,"plane_center_z":0.0014558757,"color_id":0},"1":{"ros_timestamp":"1696255498.473176","wall_type":"left","a":0.9999064207,"b":0.0135092502,"c":0.0021644547,"d":1.3232791424,"shortest_distance":1.426700075,"num_points":1502,"plane_center_x":-1.3191422224,"plane_center_y":-0.5194200873,"plane_center_z":1.0761157274,"color_id":1},"2":{"ros_timestamp":"1696255498.473176","wall_type":"right","a":0.9999042749,"b":0.0138331214,"c":-0.0000010248,"d":-1.3271507025,"shortest_distance":1.2257373548,"num_points":384,"plane_center_x":1.294510603,"plane_center_y":2.3685977459,"plane_center_z":1.1670194864,"color_id":2},"3":{"ros_timestamp":"1696255498.473176","wall_type":"front","a":0.0117954584,"b":-0.9999304414,"c":0.0000249189,"d":2.9276750088,"shortest_distance":2.4407799086,"num_points":350,"plane_center_x":-0.0396289155,"plane_center_y":2.9274425507,"plane_center_z":1.262856245,"color_id":3},"4":{"ros_timestamp":"1696255498.473176","wall_type":"back","a":0.0130282212,"b":-0.9999150634,"c":-0.0000205025,"d":-2.9246997833,"shortest_distance":3.4115162879,"num_points":344,"plane_center_x":0.0241831616,"plane_center_y":-2.9246592522,"plane_center_z":1.2730660439,"color_id":4}}