{"0":{"ros_timestamp":"1696255442.1853902","wall_type":"floor","a":-0.0000786961,"b":0.0003238851,"c":0.9999999404,"d":-0.0028670854,"shortest_distance":0.9969437788,"num_points":400,"plane_center_x":0.048719801,"plane_center_y":2.2081143856,"plane_center_z":0.0021557442,"color_id":0},"1":{"ros_timestamp":"1696255442.1853902","wall_type":"left","a":0.9999125004,"b":0.0132258916,"c":0.0000340671,"d":1.3297839165,"shortest_distance":1.4987881457,"num_points":346,"plane_center_x":-1.3522014618,"plane_center_y":1.6831617355,"plane_center_z":1.1113334894,"color_id":1},"2":{"ros_timestamp":"1696255442.1853902","wall_type":"right","a":0.9999042749,"b":0.0138331214,"c":-0.0000010248,"d":-1.3271507025,"shortest_distance":1.1584656467,"num_points":384,"plane_center_x":1.294510603,"plane_center_y":2.3685977459,"plane_center_z":1.1670194864,"color_id":2}}