{"0":{"ros_timestamp":"1696255499.361721","wall_type":"floor","a":-0.001080436,"b":-0.0001264371,"c":0.999999404,"d":-0.001479635,"shortest_distance":0.9983571439,"num_points":988,"plane_center_x":-0.0367523208,"plane_center_y":-0.3299021721,"plane_center_z":0.0013982154,"color_id":0},"1":{"ros_timestamp":"1696255499.361721","wall_type":"left","a":0.9999024272,"b":0.0138730751,"c":0.0016507199,"d":1.3240586519,"shortest_distance":1.402690937,"num_points":1506,"plane_center_x":-1.3186511993,"plane_center_y":-0.5347480774,"plane_center_z":1.0732768774,"color_id":1},"2":{"ros_timestamp":"1696255499.361721","wall_type":"right","a":0.9998633862,"b":0.0164069962,"c":0.0020040506,"d":-1.3353461027,"shortest_distance":1.2551160245,"num_points":384,"plane_center_x":1.294510603,"plane_center_y":2.3685977459,"plane_center_z":1.1670194864,"color_id":2},"3":{"ros_timestamp":"1696255499.361721","wall_type":"front","a":0.0117954584,"b":-0.9999304414,"c":0.0000249189,"d":2.9276750088,"shortest_distance":2.4363694048,"num_points":350,"plane_center_x":-0.0396289155,"plane_center_y":2.9274425507,"plane_center_z":1.262856245,"color_id":3},"4":{"ros_timestamp":"1696255499.361721","wall_type":"back","a":0.0130282212,"b":-0.9999150634,"c":-0.0000205025,"d":-2.9246997833,"shortest_distance":3.4159569458,"num_points":344,"plane_center_x":0.0241831616,"plane_center_y":-2.9246592522,"plane_center_z":1.2730660439,"color_id":4}}