{"0":{"ros_timestamp":"1696255499.7852898","wall_type":"floor","a":-0.001220701,"b":-0.0000905754,"c":0.9999991655,"d":-0.0015451972,"shortest_distance":0.9983111484,"num_points":1002,"plane_center_x":-0.0281986091,"plane_center_y":-0.3560281098,"plane_center_z":0.0014785291,"color_id":0},"1":{"ros_timestamp":"1696255499.7852898","wall_type":"left","a":0.9999054074,"b":0.0137195596,"c":0.0009590577,"d":1.3249720335,"shortest_distance":1.3929989907,"num_points":1503,"plane_center_x":-1.3188306093,"plane_center_y":-0.5345494747,"plane_center_z":1.0754100084,"color_id":1},"2":{"ros_timestamp":"1696255499.7852898","wall_type":"right","a":0.9999016523,"b":0.0140221883,"c":-0.0000010716,"d":-1.3275998831,"shortest_distance":1.260383973,"num_points":428,"plane_center_x":1.3018295765,"plane_center_y":1.8470475674,"plane_center_z":1.1704089642,"color_id":2},"3":{"ros_timestamp":"1696255499.7852898","wall_type":"front","a":0.0117954584,"b":-0.9999304414,"c":0.0000249189,"d":2.9276750088,"shortest_distance":2.4349485485,"num_points":350,"plane_center_x":-0.0396289155,"plane_center_y":2.9274425507,"plane_center_z":1.262856245,"color_id":3},"4":{"ros_timestamp":"1696255499.7852898","wall_type":"back","a":0.0130282212,"b":-0.9999150634,"c":-0.0000205025,"d":-2.9246997833,"shortest_distance":3.4173899337,"num_points":344,"plane_center_x":0.0241831616,"plane_center_y":-2.9246592522,"plane_center_z":1.2730660439,"color_id":4}}