{"0":{"ros_timestamp":"1696255500.28367","wall_type":"floor","a":-0.0011906562,"b":-0.0000955045,"c":0.9999992847,"d":-0.0015344392,"shortest_distance":0.9983329812,"num_points":1024,"plane_center_x":-0.0050396924,"plane_center_y":-0.3962062597,"plane_center_z":0.0014906002,"color_id":0},"1":{"ros_timestamp":"1696255500.28367","wall_type":"left","a":0.9999080896,"b":0.013485495,"c":0.0013495595,"d":1.3242754936,"shortest_distance":1.3827121637,"num_points":1503,"plane_center_x":-1.318960309,"plane_center_y":-0.5251006484,"plane_center_z":1.0753389597,"color_id":1},"2":{"ros_timestamp":"1696255500.28367","wall_type":"right","a":0.99992311,"b":0.0123991147,"c":0.0000332562,"d":-1.3238068819,"shortest_distance":1.2672231673,"num_points":450,"plane_center_x":1.3035796881,"plane_center_y":1.6362842321,"plane_center_z":1.1717832088,"color_id":2},"3":{"ros_timestamp":"1696255500.28367","wall_type":"front","a":0.0117954584,"b":-0.9999304414,"c":0.0000249189,"d":2.9276750088,"shortest_distance":2.4337247862,"num_points":350,"plane_center_x":-0.0396289155,"plane_center_y":2.9274425507,"plane_center_z":1.262856245,"color_id":3},"4":{"ros_timestamp":"1696255500.28367","wall_type":"back","a":0.0130282212,"b":-0.9999150634,"c":-0.0000205025,"d":-2.9246997833,"shortest_distance":3.4186258605,"num_points":344,"plane_center_x":0.0241831616,"plane_center_y":-2.9246592522,"plane_center_z":1.2730660439,"color_id":4}}