{"0":{"ros_timestamp":"1696255500.4828532","wall_type":"floor","a":-0.0012792436,"b":-0.0000753726,"c":0.9999991655,"d":-0.0015522306,"shortest_distance":0.9983268669,"num_points":1026,"plane_center_x":-0.0020851393,"plane_center_y":-0.4030835927,"plane_center_z":0.0015191829,"color_id":0},"1":{"ros_timestamp":"1696255500.4828532","wall_type":"left","a":0.9999008775,"b":0.0138565172,"c":0.0024773071,"d":1.3228596449,"shortest_distance":1.3776658074,"num_points":1504,"plane_center_x":-1.318936944,"plane_center_y":-0.5241926908,"plane_center_z":1.0746135712,"color_id":1},"2":{"ros_timestamp":"1696255500.4828532","wall_type":"right","a":0.9999213815,"b":0.0125408443,"c":0.0000600642,"d":-1.3241635561,"shortest_distance":1.2724250494,"num_points":472,"plane_center_x":1.306068778,"plane_center_y":1.4454346895,"plane_center_z":1.1730206013,"color_id":2},"3":{"ros_timestamp":"1696255500.4828532","wall_type":"front","a":0.0117954584,"b":-0.9999304414,"c":0.0000249189,"d":2.9276750088,"shortest_distance":2.4331869713,"num_points":350,"plane_center_x":-0.0396289155,"plane_center_y":2.9274425507,"plane_center_z":1.262856245,"color_id":3},"4":{"ros_timestamp":"1696255500.4828532","wall_type":"back","a":0.0130282212,"b":-0.9999150634,"c":-0.0000205025,"d":-2.9246997833,"shortest_distance":3.4191697683,"num_points":344,"plane_center_x":0.0241831616,"plane_center_y":-2.9246592522,"plane_center_z":1.2730660439,"color_id":4}}