{"0":{"ros_timestamp":"1696255500.7618713","wall_type":"floor","a":-0.0013280463,"b":-0.0000645353,"c":0.9999991059,"d":-0.0015888382,"shortest_distance":0.9982998926,"num_points":1031,"plane_center_x":0.0077285771,"plane_center_y":-0.4079091549,"plane_center_z":0.0015727789,"color_id":0},"1":{"ros_timestamp":"1696255500.7618713","wall_type":"left","a":0.9999018908,"b":0.0139048602,"c":0.0016711116,"d":1.3240741491,"shortest_distance":1.3731515353,"num_points":1505,"plane_center_x":-1.3188765049,"plane_center_y":-0.5297946334,"plane_center_z":1.0739257336,"color_id":1},"2":{"ros_timestamp":"1696255500.7618713","wall_type":"right","a":0.9999030232,"b":0.0139263468,"c":0.0000612779,"d":-1.3274694681,"shortest_distance":1.2799912303,"num_points":493,"plane_center_x":1.3096798658,"plane_center_y":1.2813698053,"plane_center_z":1.1720678806,"color_id":2},"3":{"ros_timestamp":"1696255500.7618713","wall_type":"front","a":0.0117954584,"b":-0.9999304414,"c":0.0000249189,"d":2.9276750088,"shortest_distance":2.4326986074,"num_points":350,"plane_center_x":-0.0396289155,"plane_center_y":2.9274425507,"plane_center_z":1.262856245,"color_id":3},"4":{"ros_timestamp":"1696255500.7618713","wall_type":"back","a":0.0130282212,"b":-0.9999150634,"c":-0.0000205025,"d":-2.9246997833,"shortest_distance":3.4196642316,"num_points":344,"plane_center_x":0.0241831616,"plane_center_y":-2.9246592522,"plane_center_z":1.2730660439,"color_id":4}}