{"0":{"ros_timestamp":"1696255500.985163","wall_type":"floor","a":-0.0013612076,"b":-0.0001208777,"c":0.9999990463,"d":-0.0017523775,"shortest_distance":0.998113743,"num_points":1034,"plane_center_x":0.010381652,"plane_center_y":-0.4189413488,"plane_center_z":0.0015979076,"color_id":0},"1":{"ros_timestamp":"1696255500.985163","wall_type":"left","a":0.9998955727,"b":0.0133480346,"c":0.0055365427,"d":1.3182451725,"shortest_distance":1.3659602041,"num_points":1504,"plane_center_x":-1.318870306,"plane_center_y":-0.5259693265,"plane_center_z":1.0745306015,"color_id":1},"2":{"ros_timestamp":"1696255500.985163","wall_type":"right","a":0.9999229908,"b":0.0124092177,"c":0.000073907,"d":-1.3238563538,"shortest_distance":1.282068428,"num_points":514,"plane_center_x":1.3097814322,"plane_center_y":1.1353821754,"plane_center_z":1.171137929,"color_id":2},"3":{"ros_timestamp":"1696255500.985163","wall_type":"front","a":0.0117954584,"b":-0.9999304414,"c":0.0000249189,"d":2.9276750088,"shortest_distance":2.4322597431,"num_points":350,"plane_center_x":-0.0396289155,"plane_center_y":2.9274425507,"plane_center_z":1.262856245,"color_id":3},"4":{"ros_timestamp":"1696255500.985163","wall_type":"back","a":0.0130282212,"b":-0.9999150634,"c":-0.0000205025,"d":-2.9246997833,"shortest_distance":3.420109201,"num_points":344,"plane_center_x":0.0241831616,"plane_center_y":-2.9246592522,"plane_center_z":1.2730660439,"color_id":4}}