{"0":{"ros_timestamp":"1696255501.0616512","wall_type":"floor","a":-0.0013854952,"b":-0.0000551267,"c":0.9999990463,"d":-0.0015658325,"shortest_distance":0.9983388569,"num_points":1038,"plane_center_x":0.0157087985,"plane_center_y":-0.4251884818,"plane_center_z":0.0015641593,"color_id":0},"1":{"ros_timestamp":"1696255501.0616512","wall_type":"left","a":0.9998961091,"b":0.013645893,"c":0.0046565277,"d":1.3196645975,"shortest_distance":1.3616916565,"num_points":1505,"plane_center_x":-1.3187868595,"plane_center_y":-0.5288760662,"plane_center_z":1.0738190413,"color_id":1},"2":{"ros_timestamp":"1696255501.0616512","wall_type":"right","a":0.9999163747,"b":0.0129348626,"c":0.0000547147,"d":-1.3250972033,"shortest_distance":1.2880239263,"num_points":515,"plane_center_x":1.3105169535,"plane_center_y":1.1307204962,"plane_center_z":1.1731543541,"color_id":2},"3":{"ros_timestamp":"1696255501.0616512","wall_type":"front","a":0.0117954584,"b":-0.9999304414,"c":0.0000249189,"d":2.9276750088,"shortest_distance":2.4318704224,"num_points":350,"plane_center_x":-0.0396289155,"plane_center_y":2.9274425507,"plane_center_z":1.262856245,"color_id":3},"4":{"ros_timestamp":"1696255501.0616512","wall_type":"back","a":0.0130282212,"b":-0.9999150634,"c":-0.0000205025,"d":-2.9246997833,"shortest_distance":3.4205046319,"num_points":344,"plane_center_x":0.0241831616,"plane_center_y":-2.9246592522,"plane_center_z":1.2730660439,"color_id":4}}