{"0":{"ros_timestamp":"1696255501.1793656","wall_type":"floor","a":-0.0013853731,"b":-0.0000509566,"c":0.9999990463,"d":-0.0015748827,"shortest_distance":0.9983318802,"num_points":1040,"plane_center_x":0.0132111609,"plane_center_y":-0.4286216497,"plane_center_z":0.0015713454,"color_id":0},"1":{"ros_timestamp":"1696255501.1793656","wall_type":"left","a":0.999896884,"b":0.0136242229,"c":0.0045591122,"d":1.3197957277,"shortest_distance":1.3617146028,"num_points":1503,"plane_center_x":-1.318898201,"plane_center_y":-0.5269904137,"plane_center_z":1.0752272606,"color_id":1},"2":{"ros_timestamp":"1696255501.1793656","wall_type":"right","a":0.9999220967,"b":0.012482537,"c":0.0000740124,"d":-1.3240373135,"shortest_distance":1.2871690524,"num_points":515,"plane_center_x":1.3099317551,"plane_center_y":1.1312499046,"plane_center_z":1.1731548309,"color_id":2},"3":{"ros_timestamp":"1696255501.1793656","wall_type":"front","a":0.0117954584,"b":-0.9999304414,"c":0.0000249189,"d":2.9276750088,"shortest_distance":2.4318704224,"num_points":350,"plane_center_x":-0.0396289155,"plane_center_y":2.9274425507,"plane_center_z":1.262856245,"color_id":3},"4":{"ros_timestamp":"1696255501.1793656","wall_type":"back","a":0.0130282212,"b":-0.9999150634,"c":-0.0000205025,"d":-2.9246997833,"shortest_distance":3.4205046319,"num_points":344,"plane_center_x":0.0241831616,"plane_center_y":-2.9246592522,"plane_center_z":1.2730660439,"color_id":4}}