{"0":{"ros_timestamp":"1696255501.5785513","wall_type":"floor","a":-0.001395545,"b":-0.0000621684,"c":0.9999990463,"d":-0.0015559003,"shortest_distance":0.9983587988,"num_points":1044,"plane_center_x":0.0155554954,"plane_center_y":-0.4295074642,"plane_center_z":0.0015509085,"color_id":0},"1":{"ros_timestamp":"1696255501.5785513","wall_type":"left","a":0.9999077916,"b":0.0133242058,"c":0.002611585,"d":1.3224056959,"shortest_distance":1.3523065003,"num_points":1505,"plane_center_x":-1.3187646866,"plane_center_y":-0.5353263617,"plane_center_z":1.0738521814,"color_id":1},"2":{"ros_timestamp":"1696255501.5785513","wall_type":"right","a":0.9998909831,"b":0.0147667918,"c":0.0000690623,"d":-1.3295084238,"shortest_distance":1.3014338496,"num_points":536,"plane_center_x":1.3147119284,"plane_center_y":1.0062332153,"plane_center_z":1.1721827984,"color_id":2},"3":{"ros_timestamp":"1696255501.5785513","wall_type":"front","a":0.0117954584,"b":-0.9999304414,"c":0.0000249189,"d":2.9276750088,"shortest_distance":2.4312405626,"num_points":350,"plane_center_x":-0.0396289155,"plane_center_y":2.9274425507,"plane_center_z":1.262856245,"color_id":3},"4":{"ros_timestamp":"1696255501.5785513","wall_type":"back","a":0.0130282212,"b":-0.9999150634,"c":-0.0000205025,"d":-2.9246997833,"shortest_distance":3.4211467251,"num_points":344,"plane_center_x":0.0241831616,"plane_center_y":-2.9246592522,"plane_center_z":1.2730660439,"color_id":4}}