{"0":{"ros_timestamp":"1696255501.6616306","wall_type":"floor","a":-0.0013551776,"b":-0.0000760441,"c":0.9999991059,"d":-0.0015500966,"shortest_distance":0.9983653182,"num_points":1047,"plane_center_x":0.0164709501,"plane_center_y":-0.4296480119,"plane_center_z":0.0015397468,"color_id":0},"1":{"ros_timestamp":"1696255501.6616306","wall_type":"left","a":0.9999052882,"b":0.0137265148,"c":0.0009446356,"d":1.3250427246,"shortest_distance":1.3485110847,"num_points":1504,"plane_center_x":-1.318819046,"plane_center_y":-0.5344270468,"plane_center_z":1.0745187998,"color_id":1},"2":{"ros_timestamp":"1696255501.6616306","wall_type":"right","a":0.9998971224,"b":0.0143493256,"c":0.0000821061,"d":-1.3285293579,"shortest_distance":1.3056141105,"num_points":536,"plane_center_x":1.3140814304,"plane_center_y":1.0095912218,"plane_center_z":1.1721756458,"color_id":2},"3":{"ros_timestamp":"1696255501.6616306","wall_type":"front","a":0.0117954584,"b":-0.9999304414,"c":0.0000249189,"d":2.9276750088,"shortest_distance":2.4310000865,"num_points":350,"plane_center_x":-0.0396289155,"plane_center_y":2.9274425507,"plane_center_z":1.262856245,"color_id":3},"4":{"ros_timestamp":"1696255501.6616306","wall_type":"back","a":0.0130282212,"b":-0.9999150634,"c":-0.0000205025,"d":-2.9246997833,"shortest_distance":3.4213933232,"num_points":344,"plane_center_x":0.0241831616,"plane_center_y":-2.9246592522,"plane_center_z":1.2730660439,"color_id":4}}