{"0":{"ros_timestamp":"1696255501.7618072","wall_type":"floor","a":-0.0014234568,"b":-0.0000653916,"c":0.9999989867,"d":-0.0015701039,"shortest_distance":0.9983494379,"num_points":1049,"plane_center_x":0.0197930522,"plane_center_y":-0.4323360324,"plane_center_z":0.001570009,"color_id":0},"1":{"ros_timestamp":"1696255501.7618072","wall_type":"left","a":0.9999036789,"b":0.0137951868,"c":0.0015462956,"d":1.3242391348,"shortest_distance":1.3483431244,"num_points":1504,"plane_center_x":-1.318832159,"plane_center_y":-0.5351216197,"plane_center_z":1.0745055676,"color_id":1},"2":{"ros_timestamp":"1696255501.7618072","wall_type":"right","a":0.9999153018,"b":0.0130145065,"c":0.0000302533,"d":-1.3252401352,"shortest_distance":1.3030398665,"num_points":556,"plane_center_x":1.3135905266,"plane_center_y":0.900952518,"plane_center_z":1.1695641279,"color_id":2},"3":{"ros_timestamp":"1696255501.7618072","wall_type":"front","a":0.0117954584,"b":-0.9999304414,"c":0.0000249189,"d":2.9276750088,"shortest_distance":2.4310000865,"num_points":350,"plane_center_x":-0.0396289155,"plane_center_y":2.9274425507,"plane_center_z":1.262856245,"color_id":3},"4":{"ros_timestamp":"1696255501.7618072","wall_type":"back","a":0.0130282212,"b":-0.9999150634,"c":-0.0000205025,"d":-2.9246997833,"shortest_distance":3.4213933232,"num_points":344,"plane_center_x":0.0241831616,"plane_center_y":-2.9246592522,"plane_center_z":1.2730660439,"color_id":4}}