{"0":{"ros_timestamp":"1696255502.6615794","wall_type":"floor","a":-0.0015551408,"b":-0.0000492747,"c":0.9999987483,"d":-0.0015833201,"shortest_distance":0.9983806126,"num_points":1057,"plane_center_x":0.0469950847,"plane_center_y":-0.4472027123,"plane_center_z":0.0016343704,"color_id":0},"1":{"ros_timestamp":"1696255502.6615794","wall_type":"left","a":0.9999065995,"b":0.01335759,"c":0.0028798822,"d":1.3220858574,"shortest_distance":1.3224553432,"num_points":1517,"plane_center_x":-1.3185305595,"plane_center_y":-0.5441928506,"plane_center_z":1.0653420687,"color_id":1},"2":{"ros_timestamp":"1696255502.6615794","wall_type":"right","a":0.9999014139,"b":0.0140369097,"c":0.0001159293,"d":-1.3278791904,"shortest_distance":1.3299359879,"num_points":598,"plane_center_x":1.3180711269,"plane_center_y":0.698346138,"plane_center_z":1.1682685614,"color_id":2},"3":{"ros_timestamp":"1696255502.6615794","wall_type":"front","a":0.0117954584,"b":-0.9999304414,"c":0.0000249189,"d":2.9276750088,"shortest_distance":2.4305430566,"num_points":350,"plane_center_x":-0.0396289155,"plane_center_y":2.9274425507,"plane_center_z":1.262856245,"color_id":3},"4":{"ros_timestamp":"1696255502.6615794","wall_type":"back","a":0.0130282212,"b":-0.9999150634,"c":-0.0000205025,"d":-2.9246997833,"shortest_distance":3.4218809913,"num_points":344,"plane_center_x":0.0241831616,"plane_center_y":-2.9246592522,"plane_center_z":1.2730660439,"color_id":4}}