{"0":{"ros_timestamp":"1696255502.989649","wall_type":"floor","a":-0.0016577716,"b":-0.0000266564,"c":0.9999986291,"d":-0.0016508598,"shortest_distance":0.9983333339,"num_points":1065,"plane_center_x":0.0445740409,"plane_center_y":-0.4564987421,"plane_center_z":0.0017125871,"color_id":0},"1":{"ros_timestamp":"1696255502.989649","wall_type":"left","a":0.999904573,"b":0.0137852421,"c":0.0009116639,"d":1.3251339197,"shortest_distance":1.3187763477,"num_points":1509,"plane_center_x":-1.3186979294,"plane_center_y":-0.5413514376,"plane_center_z":1.0708533525,"color_id":1},"2":{"ros_timestamp":"1696255502.989649","wall_type":"right","a":0.999917984,"b":0.0128063448,"c":0.0000076517,"d":-1.3247172832,"shortest_distance":1.3324655169,"num_points":618,"plane_center_x":1.316832304,"plane_center_y":0.6234428287,"plane_center_z":1.1628301144,"color_id":2},"3":{"ros_timestamp":"1696255502.989649","wall_type":"front","a":0.0117954584,"b":-0.9999304414,"c":0.0000249189,"d":2.9276750088,"shortest_distance":2.4306007847,"num_points":350,"plane_center_x":-0.0396289155,"plane_center_y":2.9274425507,"plane_center_z":1.262856245,"color_id":3},"4":{"ros_timestamp":"1696255502.989649","wall_type":"back","a":0.0130282212,"b":-0.9999150634,"c":-0.0000205025,"d":-2.9246997833,"shortest_distance":3.4218293922,"num_points":344,"plane_center_x":0.0241831616,"plane_center_y":-2.9246592522,"plane_center_z":1.2730660439,"color_id":4}}