{"0":{"ros_timestamp":"1696255503.0616636","wall_type":"floor","a":-0.0017093896,"b":-0.0000146821,"c":0.9999985099,"d":-0.0016774795,"shortest_distance":0.9983133074,"num_points":1066,"plane_center_x":0.0416367389,"plane_center_y":-0.4578353763,"plane_center_z":0.0017419335,"color_id":0},"1":{"ros_timestamp":"1696255503.0616636","wall_type":"left","a":0.9998999834,"b":0.0139829982,"c":0.0021117397,"d":1.3235197067,"shortest_distance":1.3184605627,"num_points":1509,"plane_center_x":-1.3187350035,"plane_center_y":-0.5420756936,"plane_center_z":1.0708807707,"color_id":1},"2":{"ros_timestamp":"1696255503.0616636","wall_type":"right","a":0.999902904,"b":0.0139367152,"c":0.0001019575,"d":-1.3276168108,"shortest_distance":1.334708716,"num_points":618,"plane_center_x":1.3189045191,"plane_center_y":0.6258103251,"plane_center_z":1.1628290415,"color_id":2},"3":{"ros_timestamp":"1696255503.0616636","wall_type":"front","a":0.0117954584,"b":-0.9999304414,"c":0.0000249189,"d":2.9276750088,"shortest_distance":2.4306007847,"num_points":350,"plane_center_x":-0.0396289155,"plane_center_y":2.9274425507,"plane_center_z":1.262856245,"color_id":3},"4":{"ros_timestamp":"1696255503.0616636","wall_type":"back","a":0.0130282212,"b":-0.9999150634,"c":-0.0000205025,"d":-2.9246997833,"shortest_distance":3.4218293922,"num_points":344,"plane_center_x":0.0241831616,"plane_center_y":-2.9246592522,"plane_center_z":1.2730660439,"color_id":4}}