{"0":{"ros_timestamp":"1696255503.1721032","wall_type":"floor","a":-0.0016081141,"b":-0.0000329238,"c":0.9999986887,"d":-0.001620902,"shortest_distance":0.9983675528,"num_points":1065,"plane_center_x":0.0377300531,"plane_center_y":-0.4597103,"plane_center_z":0.0016664431,"color_id":0},"1":{"ros_timestamp":"1696255503.1721032","wall_type":"left","a":0.9999095798,"b":0.0132369949,"c":0.0023564089,"d":1.3227636814,"shortest_distance":1.3126077092,"num_points":1510,"plane_center_x":-1.3187651634,"plane_center_y":-0.5415641665,"plane_center_z":1.0701721907,"color_id":1},"2":{"ros_timestamp":"1696255503.1721032","wall_type":"right","a":0.9999160171,"b":0.0129620982,"c":0.0000672247,"d":-1.3251862526,"shortest_distance":1.3377680437,"num_points":618,"plane_center_x":1.3170928955,"plane_center_y":0.626886785,"plane_center_z":1.1628314257,"color_id":2},"3":{"ros_timestamp":"1696255503.1721032","wall_type":"front","a":0.0117954584,"b":-0.9999304414,"c":0.0000249189,"d":2.9276750088,"shortest_distance":2.4307082223,"num_points":350,"plane_center_x":-0.0396289155,"plane_center_y":2.9274425507,"plane_center_z":1.262856245,"color_id":3},"4":{"ros_timestamp":"1696255503.1721032","wall_type":"back","a":0.0130282212,"b":-0.9999150634,"c":-0.0000205025,"d":-2.9246997833,"shortest_distance":3.4217280826,"num_points":344,"plane_center_x":0.0241831616,"plane_center_y":-2.9246592522,"plane_center_z":1.2730660439,"color_id":4}}