{"0":{"ros_timestamp":"1696255503.6737516","wall_type":"floor","a":-0.0016509315,"b":-0.0000554621,"c":0.9999986291,"d":-0.0016917767,"shortest_distance":0.9983026506,"num_points":1065,"plane_center_x":0.0407236405,"plane_center_y":-0.4616941512,"plane_center_z":0.0016858745,"color_id":0},"1":{"ros_timestamp":"1696255503.6737516","wall_type":"left","a":0.9999046922,"b":0.0129240351,"c":0.0048566,"d":1.3193933964,"shortest_distance":1.3016453084,"num_points":1511,"plane_center_x":-1.3188666105,"plane_center_y":-0.5331193805,"plane_center_z":1.0693784952,"color_id":1},"2":{"ros_timestamp":"1696255503.6737516","wall_type":"right","a":0.9999179244,"b":0.0128134592,"c":0.0001123479,"d":-1.3248958588,"shortest_distance":1.3474433046,"num_points":637,"plane_center_x":1.3178417683,"plane_center_y":0.5487961173,"plane_center_z":1.159558773,"color_id":2},"3":{"ros_timestamp":"1696255503.6737516","wall_type":"front","a":0.0117954584,"b":-0.9999304414,"c":0.0000249189,"d":2.9276750088,"shortest_distance":2.431072178,"num_points":350,"plane_center_x":-0.0396289155,"plane_center_y":2.9274425507,"plane_center_z":1.262856245,"color_id":3},"4":{"ros_timestamp":"1696255503.6737516","wall_type":"back","a":0.0130282212,"b":-0.9999150634,"c":-0.0000205025,"d":-2.9246997833,"shortest_distance":3.4213763774,"num_points":344,"plane_center_x":0.0241831616,"plane_center_y":-2.9246592522,"plane_center_z":1.2730660439,"color_id":4}}