{"0":{"ros_timestamp":"1696255503.762052","wall_type":"floor","a":-0.001678556,"b":-0.0000214,"c":0.9999985695,"d":-0.0016423558,"shortest_distance":0.9983780694,"num_points":1067,"plane_center_x":0.0464181527,"plane_center_y":-0.4605263472,"plane_center_z":0.0017104185,"color_id":0},"1":{"ros_timestamp":"1696255503.762052","wall_type":"left","a":0.9999110103,"b":0.0131673589,"c":0.0021583315,"d":1.3230639696,"shortest_distance":1.2977728546,"num_points":1511,"plane_center_x":-1.3188582659,"plane_center_y":-0.536360085,"plane_center_z":1.0693889856,"color_id":1},"2":{"ros_timestamp":"1696255503.762052","wall_type":"right","a":0.9999169707,"b":0.0128840413,"c":0.0000932571,"d":-1.3250415325,"shortest_distance":1.3525383876,"num_points":638,"plane_center_x":1.318026185,"plane_center_y":0.544595778,"plane_center_z":1.1609436274,"color_id":2},"3":{"ros_timestamp":"1696255503.762052","wall_type":"front","a":0.0117954584,"b":-0.9999304414,"c":0.0000249189,"d":2.9276750088,"shortest_distance":2.4313286598,"num_points":350,"plane_center_x":-0.0396289155,"plane_center_y":2.9274425507,"plane_center_z":1.262856245,"color_id":3},"4":{"ros_timestamp":"1696255503.762052","wall_type":"back","a":0.0130282212,"b":-0.9999150634,"c":-0.0000205025,"d":-2.9246997833,"shortest_distance":3.4211260171,"num_points":344,"plane_center_x":0.0241831616,"plane_center_y":-2.9246592522,"plane_center_z":1.2730660439,"color_id":4}}