{"0":{"ros_timestamp":"1696255504.0791667","wall_type":"floor","a":-0.0017130062,"b":-0.000014292,"c":0.9999985695,"d":-0.0016570797,"shortest_distance":0.9983764824,"num_points":1069,"plane_center_x":0.0476682447,"plane_center_y":-0.4628432095,"plane_center_z":0.0017321232,"color_id":0},"1":{"ros_timestamp":"1696255504.0791667","wall_type":"left","a":0.9999091029,"b":0.0132437591,"c":0.0025249431,"d":1.3225765228,"shortest_distance":1.2927273763,"num_points":1511,"plane_center_x":-1.3188364506,"plane_center_y":-0.5376565456,"plane_center_z":1.0693849325,"color_id":1},"2":{"ros_timestamp":"1696255504.0791667","wall_type":"right","a":0.9999060631,"b":0.0137044108,"c":0.0002141591,"d":-1.3272755146,"shortest_distance":1.3592069667,"num_points":659,"plane_center_x":1.3206163645,"plane_center_y":0.4768841267,"plane_center_z":1.1575182676,"color_id":2},"3":{"ros_timestamp":"1696255504.0791667","wall_type":"front","a":0.0117954584,"b":-0.9999304414,"c":0.0000249189,"d":2.9276750088,"shortest_distance":2.4316347783,"num_points":350,"plane_center_x":-0.0396289155,"plane_center_y":2.9274425507,"plane_center_z":1.262856245,"color_id":3},"4":{"ros_timestamp":"1696255504.0791667","wall_type":"back","a":0.0130282212,"b":-0.9999150634,"c":-0.0000205025,"d":-2.9246997833,"shortest_distance":3.4208260166,"num_points":344,"plane_center_x":0.0241831616,"plane_center_y":-2.9246592522,"plane_center_z":1.2730660439,"color_id":4}}