{"0":{"ros_timestamp":"1696255504.2838683","wall_type":"floor","a":-0.0015883396,"b":-0.0000368902,"c":0.9999987483,"d":-0.0016151429,"shortest_distance":0.9984104535,"num_points":1072,"plane_center_x":0.0485704504,"plane_center_y":-0.4663091004,"plane_center_z":0.0016750891,"color_id":0},"1":{"ros_timestamp":"1696255504.2838683","wall_type":"left","a":0.9999116063,"b":0.0132045671,"c":0.0015530996,"d":1.3239364624,"shortest_distance":1.2881365651,"num_points":1512,"plane_center_x":-1.318756938,"plane_center_y":-0.5410661101,"plane_center_z":1.0686370134,"color_id":1},"2":{"ros_timestamp":"1696255504.2838683","wall_type":"right","a":0.9999166727,"b":0.0129061164,"c":0.0000819765,"d":-1.3250902891,"shortest_distance":1.3625093505,"num_points":660,"plane_center_x":1.3189561367,"plane_center_y":0.4764475822,"plane_center_z":1.1591229439,"color_id":2},"3":{"ros_timestamp":"1696255504.2838683","wall_type":"front","a":0.0117954584,"b":-0.9999304414,"c":0.0000249189,"d":2.9276750088,"shortest_distance":2.4319905028,"num_points":350,"plane_center_x":-0.0396289155,"plane_center_y":2.9274425507,"plane_center_z":1.262856245,"color_id":3},"4":{"ros_timestamp":"1696255504.2838683","wall_type":"back","a":0.0130282212,"b":-0.9999150634,"c":-0.0000205025,"d":-2.9246997833,"shortest_distance":3.4204764059,"num_points":344,"plane_center_x":0.0241831616,"plane_center_y":-2.9246592522,"plane_center_z":1.2730660439,"color_id":4}}