{"0":{"ros_timestamp":"1696255504.3617191","wall_type":"floor","a":-0.0015351335,"b":-0.0000483761,"c":0.9999988675,"d":-0.0016090758,"shortest_distance":0.998416201,"num_points":1075,"plane_center_x":0.0493776947,"plane_center_y":-0.4670331478,"plane_center_z":0.0016622859,"color_id":0},"1":{"ros_timestamp":"1696255504.3617191","wall_type":"left","a":0.9999068379,"b":0.0136271939,"c":0.0008400977,"d":1.325193882,"shortest_distance":1.2839346014,"num_points":1511,"plane_center_x":-1.3187214136,"plane_center_y":-0.5429440141,"plane_center_z":1.0693223476,"color_id":1},"2":{"ros_timestamp":"1696255504.3617191","wall_type":"right","a":0.9999038577,"b":0.0138653964,"c":0.000186015,"d":-1.3276258707,"shortest_distance":1.3694211546,"num_points":660,"plane_center_x":1.3208979368,"plane_center_y":0.4788366556,"plane_center_z":1.1591246128,"color_id":2},"3":{"ros_timestamp":"1696255504.3617191","wall_type":"front","a":0.0117954584,"b":-0.9999304414,"c":0.0000249189,"d":2.9276750088,"shortest_distance":2.4323957979,"num_points":350,"plane_center_x":-0.0396289155,"plane_center_y":2.9274425507,"plane_center_z":1.262856245,"color_id":3},"4":{"ros_timestamp":"1696255504.3617191","wall_type":"back","a":0.0130282212,"b":-0.9999150634,"c":-0.0000205025,"d":-2.9246997833,"shortest_distance":3.4200772201,"num_points":344,"plane_center_x":0.0241831616,"plane_center_y":-2.9246592522,"plane_center_z":1.2730660439,"color_id":4}}