{"0":{"ros_timestamp":"1696255505.0616539","wall_type":"floor","a":-0.0015211189,"b":-0.0000521687,"c":0.9999989271,"d":-0.0015993556,"shortest_distance":0.9984460105,"num_points":1079,"plane_center_x":0.0485573262,"plane_center_y":-0.4725296795,"plane_center_z":0.0016485675,"color_id":0},"1":{"ros_timestamp":"1696255505.0616539","wall_type":"left","a":0.9999068975,"b":0.0135679096,"c":0.0014705105,"d":1.324318409,"shortest_distance":1.2688200295,"num_points":1508,"plane_center_x":-1.3188927174,"plane_center_y":-0.5385519862,"plane_center_z":1.0713179111,"color_id":1},"2":{"ros_timestamp":"1696255505.0616539","wall_type":"right","a":0.9999169111,"b":0.0128897801,"c":0.0000953316,"d":-1.3250695467,"shortest_distance":1.3822780532,"num_points":680,"plane_center_x":1.3195035458,"plane_center_y":0.4317871928,"plane_center_z":1.1544668674,"color_id":2},"3":{"ros_timestamp":"1696255505.0616539","wall_type":"front","a":0.0117954584,"b":-0.9999304414,"c":0.0000249189,"d":2.9276750088,"shortest_distance":2.4339086763,"num_points":350,"plane_center_x":-0.0396289155,"plane_center_y":2.9274425507,"plane_center_z":1.262856245,"color_id":3},"4":{"ros_timestamp":"1696255505.0616539","wall_type":"back","a":0.0130282212,"b":-0.9999150634,"c":-0.0000205025,"d":-2.9246997833,"shortest_distance":3.4185826354,"num_points":344,"plane_center_x":0.0241831616,"plane_center_y":-2.9246592522,"plane_center_z":1.2730660439,"color_id":4}}