{"0":{"ros_timestamp":"1696255436.6055264","wall_type":"floor","a":0.0020394782,"b":-0.0014502532,"c":0.9999969006,"d":0.0016757115,"shortest_distance":1.0024285087,"num_points":237,"plane_center_x":-0.0414983444,"plane_center_y":2.1379489899,"plane_center_z":0.0015094954,"color_id":0},"1":{"ros_timestamp":"1696255436.6055264","wall_type":"left","a":0.999863565,"b":0.0165210105,"c":-0.0000497595,"d":1.3180238008,"shortest_distance":1.3395831912,"num_points":188,"plane_center_x":-1.3524359465,"plane_center_y":2.0751848221,"plane_center_z":1.1349248886,"color_id":1},"2":{"ros_timestamp":"1696255436.6055264","wall_type":"right","a":0.9999086261,"b":0.0128479023,"c":-0.0041980469,"d":-1.3188291788,"shortest_distance":1.2995937329,"num_points":309,"plane_center_x":1.2955031395,"plane_center_y":2.2466654778,"plane_center_z":1.109864831,"color_id":2}}