{"0":{"ros_timestamp":"1696255506.091702","wall_type":"floor","a":-0.0015584483,"b":-0.0000405824,"c":0.9999988079,"d":-0.0016273578,"shortest_distance":0.9984644764,"num_points":1089,"plane_center_x":0.0512249395,"plane_center_y":-0.4864137173,"plane_center_z":0.0016874514,"color_id":0},"1":{"ros_timestamp":"1696255506.091702","wall_type":"left","a":0.9999092817,"b":0.0134689491,"c":0.0001591679,"d":1.3261996508,"shortest_distance":1.2447282215,"num_points":1505,"plane_center_x":-1.3189967871,"plane_center_y":-0.5386331677,"plane_center_z":1.0734194517,"color_id":1},"2":{"ros_timestamp":"1696255506.091702","wall_type":"right","a":0.9999174476,"b":0.0128491558,"c":0.000086163,"d":-1.3249782324,"shortest_distance":1.4068266223,"num_points":720,"plane_center_x":1.3208261728,"plane_center_y":0.3239011467,"plane_center_z":1.1519753933,"color_id":2},"3":{"ros_timestamp":"1696255506.091702","wall_type":"front","a":0.0117954584,"b":-0.9999304414,"c":0.0000249189,"d":2.9276750088,"shortest_distance":2.4374167952,"num_points":350,"plane_center_x":-0.0396289155,"plane_center_y":2.9274425507,"plane_center_z":1.262856245,"color_id":3},"4":{"ros_timestamp":"1696255506.091702","wall_type":"back","a":0.0130282212,"b":-0.9999150634,"c":-0.0000205025,"d":-2.9246997833,"shortest_distance":3.4151048561,"num_points":344,"plane_center_x":0.0241831616,"plane_center_y":-2.9246592522,"plane_center_z":1.2730660439,"color_id":4}}