{"0":{"ros_timestamp":"1696255506.1618128","wall_type":"floor","a":-0.0015638792,"b":-0.0000392494,"c":0.9999988079,"d":-0.0016309306,"shortest_distance":0.9984620266,"num_points":1089,"plane_center_x":0.0512306914,"plane_center_y":-0.4865444005,"plane_center_z":0.0016919547,"color_id":0},"1":{"ros_timestamp":"1696255506.1618128","wall_type":"left","a":0.9999092817,"b":0.0134689491,"c":0.0001591679,"d":1.3261996508,"shortest_distance":1.2447282215,"num_points":1505,"plane_center_x":-1.3190054893,"plane_center_y":-0.5386288762,"plane_center_z":1.0734195709,"color_id":1},"2":{"ros_timestamp":"1696255506.1618128","wall_type":"right","a":0.999922514,"b":0.0124448733,"c":0.0000303566,"d":-1.3238674402,"shortest_distance":1.4059699587,"num_points":720,"plane_center_x":1.3198975325,"plane_center_y":0.3244139254,"plane_center_z":1.1519744396,"color_id":2},"3":{"ros_timestamp":"1696255506.1618128","wall_type":"front","a":0.0117954584,"b":-0.9999304414,"c":0.0000249189,"d":2.9276750088,"shortest_distance":2.4374167952,"num_points":350,"plane_center_x":-0.0396289155,"plane_center_y":2.9274425507,"plane_center_z":1.262856245,"color_id":3},"4":{"ros_timestamp":"1696255506.1618128","wall_type":"back","a":0.0130282212,"b":-0.9999150634,"c":-0.0000205025,"d":-2.9246997833,"shortest_distance":3.4151048561,"num_points":344,"plane_center_x":0.0241831616,"plane_center_y":-2.9246592522,"plane_center_z":1.2730660439,"color_id":4}}