{"0":{"ros_timestamp":"1696255506.2870836","wall_type":"floor","a":-0.0015831104,"b":-0.0000374987,"c":0.9999986887,"d":-0.0016350185,"shortest_distance":0.9984682343,"num_points":1088,"plane_center_x":0.0548398569,"plane_center_y":-0.4843598008,"plane_center_z":0.0017036754,"color_id":0},"1":{"ros_timestamp":"1696255506.2870836","wall_type":"left","a":0.9999066591,"b":0.0135672353,"c":0.0015949677,"d":1.3241945505,"shortest_distance":1.2393071318,"num_points":1507,"plane_center_x":-1.3189083338,"plane_center_y":-0.5408357382,"plane_center_z":1.0719895363,"color_id":1},"2":{"ros_timestamp":"1696255506.2870836","wall_type":"right","a":0.9999083281,"b":0.0135356309,"c":0.0002036018,"d":-1.3269034624,"shortest_distance":1.4131978966,"num_points":720,"plane_center_x":1.3223743439,"plane_center_y":0.3262362182,"plane_center_z":1.1519742012,"color_id":2},"3":{"ros_timestamp":"1696255506.2870836","wall_type":"front","a":0.0117954584,"b":-0.9999304414,"c":0.0000249189,"d":2.9276750088,"shortest_distance":2.4382658079,"num_points":350,"plane_center_x":-0.0396289155,"plane_center_y":2.9274425507,"plane_center_z":1.262856245,"color_id":3},"4":{"ros_timestamp":"1696255506.2870836","wall_type":"back","a":0.0130282212,"b":-0.9999150634,"c":-0.0000205025,"d":-2.9246997833,"shortest_distance":3.4142618833,"num_points":344,"plane_center_x":0.0241831616,"plane_center_y":-2.9246592522,"plane_center_z":1.2730660439,"color_id":4}}