{"0":{"ros_timestamp":"1696255506.987456","wall_type":"floor","a":-0.0017451817,"b":0.0000077021,"c":0.9999985099,"d":-0.0016120694,"shortest_distance":0.9985535494,"num_points":1096,"plane_center_x":0.0587084964,"plane_center_y":-0.502186954,"plane_center_z":0.0016418563,"color_id":0},"1":{"ros_timestamp":"1696255506.987456","wall_type":"left","a":0.9999122024,"b":0.012719891,"c":0.0037251832,"d":1.3207814693,"shortest_distance":1.2229657569,"num_points":1507,"plane_center_x":-1.318962574,"plane_center_y":-0.53529495,"plane_center_z":1.0719915628,"color_id":1},"2":{"ros_timestamp":"1696255506.987456","wall_type":"right","a":0.9999193549,"b":0.012698384,"c":-0.0001494667,"d":-1.3243484497,"shortest_distance":1.4260498826,"num_points":739,"plane_center_x":1.320997715,"plane_center_y":0.2938150764,"plane_center_z":1.1494480371,"color_id":2},"3":{"ros_timestamp":"1696255506.987456","wall_type":"front","a":0.0117954584,"b":-0.9999304414,"c":0.0000249189,"d":2.9276750088,"shortest_distance":2.4411061401,"num_points":350,"plane_center_x":-0.0396289155,"plane_center_y":2.9274425507,"plane_center_z":1.262856245,"color_id":3},"4":{"ros_timestamp":"1696255506.987456","wall_type":"back","a":0.0130282212,"b":-0.9999150634,"c":-0.0000205025,"d":-2.9246997833,"shortest_distance":3.4114396043,"num_points":344,"plane_center_x":0.0241831616,"plane_center_y":-2.9246592522,"plane_center_z":1.2730660439,"color_id":4}}