{"0":{"ros_timestamp":"1696255507.6866963","wall_type":"floor","a":-0.0015941449,"b":-0.0000371253,"c":0.9999987483,"d":-0.0016298537,"shortest_distance":0.998528967,"num_points":1104,"plane_center_x":0.0599193014,"plane_center_y":-0.5060473084,"plane_center_z":0.0017065888,"color_id":0},"1":{"ros_timestamp":"1696255507.6866963","wall_type":"left","a":0.9999061823,"b":0.0136255845,"c":0.0013650607,"d":1.3245556355,"shortest_distance":1.205435104,"num_points":1505,"plane_center_x":-1.3189985752,"plane_center_y":-0.5379056931,"plane_center_z":1.0734068155,"color_id":1},"2":{"ros_timestamp":"1696255507.6866963","wall_type":"right","a":0.9999075532,"b":0.013596043,"c":0.0002878003,"d":-1.3272414207,"shortest_distance":1.4474535877,"num_points":757,"plane_center_x":1.3236244917,"plane_center_y":0.2507138848,"plane_center_z":1.148706913,"color_id":2},"3":{"ros_timestamp":"1696255507.6866963","wall_type":"front","a":0.0117954584,"b":-0.9999304414,"c":0.0000249189,"d":2.9276750088,"shortest_distance":2.4455739312,"num_points":350,"plane_center_x":-0.0396289155,"plane_center_y":2.9274425507,"plane_center_z":1.262856245,"color_id":3},"4":{"ros_timestamp":"1696255507.6866963","wall_type":"back","a":0.0130282212,"b":-0.9999150634,"c":-0.0000205025,"d":-2.9246997833,"shortest_distance":3.4069957056,"num_points":344,"plane_center_x":0.0241831616,"plane_center_y":-2.9246592522,"plane_center_z":1.2730660439,"color_id":4}}