{"0":{"ros_timestamp":"1696255508.1616216","wall_type":"floor","a":-0.0016107345,"b":-0.0000334224,"c":0.9999986887,"d":-0.0016199739,"shortest_distance":0.9985582383,"num_points":1103,"plane_center_x":0.0618880317,"plane_center_y":-0.5084173679,"plane_center_z":0.0017026687,"color_id":0},"1":{"ros_timestamp":"1696255508.1616216","wall_type":"left","a":0.9999009371,"b":0.0138298851,"c":0.0025953301,"d":1.3229079247,"shortest_distance":1.1954938168,"num_points":1506,"plane_center_x":-1.3189809322,"plane_center_y":-0.5366281271,"plane_center_z":1.0727002621,"color_id":1},"2":{"ros_timestamp":"1696255508.1616216","wall_type":"right","a":0.9999085665,"b":0.013523954,"c":0.0002294319,"d":-1.3269976377,"shortest_distance":1.4569248724,"num_points":776,"plane_center_x":1.3238277435,"plane_center_y":0.22388421,"plane_center_z":1.1466782093,"color_id":2},"3":{"ros_timestamp":"1696255508.1616216","wall_type":"front","a":0.0117954584,"b":-0.9999304414,"c":0.0000249189,"d":2.9276750088,"shortest_distance":2.4480975588,"num_points":350,"plane_center_x":-0.0396289155,"plane_center_y":2.9274425507,"plane_center_z":1.262856245,"color_id":3},"4":{"ros_timestamp":"1696255508.1616216","wall_type":"back","a":0.0130282212,"b":-0.9999150634,"c":-0.0000205025,"d":-2.9246997833,"shortest_distance":3.4044839371,"num_points":344,"plane_center_x":0.0241831616,"plane_center_y":-2.9246592522,"plane_center_z":1.2730660439,"color_id":4}}