{"0":{"ros_timestamp":"1696255508.4894547","wall_type":"floor","a":-0.0016226693,"b":-0.0000371523,"c":0.9999986887,"d":-0.0016028943,"shortest_distance":0.9985907194,"num_points":1103,"plane_center_x":0.0660659745,"plane_center_y":-0.5100860596,"plane_center_z":0.0016911488,"color_id":0},"1":{"ros_timestamp":"1696255508.4894547","wall_type":"left","a":0.9998974204,"b":0.0136099225,"c":0.0044730157,"d":1.3200975657,"shortest_distance":1.1848862812,"num_points":1508,"plane_center_x":-1.3189064264,"plane_center_y":-0.5367219448,"plane_center_z":1.0712856054,"color_id":1},"2":{"ros_timestamp":"1696255508.4894547","wall_type":"right","a":0.9999181628,"b":0.0127919512,"c":0.0001103333,"d":-1.3249126673,"shortest_distance":1.4648782181,"num_points":776,"plane_center_x":1.3219931126,"plane_center_y":0.2268056571,"plane_center_z":1.1466771364,"color_id":2},"3":{"ros_timestamp":"1696255508.4894547","wall_type":"front","a":0.0117954584,"b":-0.9999304414,"c":0.0000249189,"d":2.9276750088,"shortest_distance":2.450813021,"num_points":350,"plane_center_x":-0.0396289155,"plane_center_y":2.9274425507,"plane_center_z":1.262856245,"color_id":3},"4":{"ros_timestamp":"1696255508.4894547","wall_type":"back","a":0.0130282212,"b":-0.9999150634,"c":-0.0000205025,"d":-2.9246997833,"shortest_distance":3.4017802695,"num_points":344,"plane_center_x":0.0241831616,"plane_center_y":-2.9246592522,"plane_center_z":1.2730660439,"color_id":4}}