{"0":{"ros_timestamp":"1696255508.6616518","wall_type":"floor","a":-0.0016270727,"b":-0.0000362555,"c":0.9999986887,"d":-0.0016057126,"shortest_distance":0.9985967374,"num_points":1103,"plane_center_x":0.0659926161,"plane_center_y":-0.5101179481,"plane_center_z":0.001694595,"color_id":0},"1":{"ros_timestamp":"1696255508.6616518","wall_type":"left","a":0.9998974204,"b":0.0136099225,"c":0.0044730157,"d":1.3200975657,"shortest_distance":1.1801219811,"num_points":1508,"plane_center_x":-1.3189064264,"plane_center_y":-0.5367219448,"plane_center_z":1.0712856054,"color_id":1},"2":{"ros_timestamp":"1696255508.6616518","wall_type":"right","a":0.9999229908,"b":0.0124136368,"c":0.0000443039,"d":-1.3238223791,"shortest_distance":1.4687970013,"num_points":776,"plane_center_x":1.3210524321,"plane_center_y":0.2272405177,"plane_center_z":1.1466782093,"color_id":2},"3":{"ros_timestamp":"1696255508.6616518","wall_type":"front","a":0.0117954584,"b":-0.9999304414,"c":0.0000249189,"d":2.9276750088,"shortest_distance":2.4522423536,"num_points":350,"plane_center_x":-0.0396289155,"plane_center_y":2.9274425507,"plane_center_z":1.262856245,"color_id":3},"4":{"ros_timestamp":"1696255508.6616518","wall_type":"back","a":0.0130282212,"b":-0.9999150634,"c":-0.0000205025,"d":-2.9246997833,"shortest_distance":3.4003568086,"num_points":344,"plane_center_x":0.0241831616,"plane_center_y":-2.9246592522,"plane_center_z":1.2730660439,"color_id":4}}