{"0":{"ros_timestamp":"1696255443.1820118","wall_type":"floor","a":0.0000888148,"b":-0.0011029224,"c":0.999999404,"d":0.0000754069,"shortest_distance":1.0005706928,"num_points":417,"plane_center_x":0.0452955924,"plane_center_y":2.2183749676,"plane_center_z":0.0023672672,"color_id":0},"1":{"ros_timestamp":"1696255443.1820118","wall_type":"left","a":0.9999005795,"b":0.0140987001,"c":-0.0000577387,"d":1.3237581253,"shortest_distance":1.5154279696,"num_points":364,"plane_center_x":-1.3469126225,"plane_center_y":1.6373659372,"plane_center_z":1.1117864847,"color_id":1},"2":{"ros_timestamp":"1696255443.1820118","wall_type":"right","a":0.9999042749,"b":0.0138331214,"c":-0.0000010248,"d":-1.3271507025,"shortest_distance":1.1353024092,"num_points":384,"plane_center_x":1.294510603,"plane_center_y":2.3685977459,"plane_center_z":1.1670194864,"color_id":2}}