{"0":{"ros_timestamp":"1696255509.6617668","wall_type":"floor","a":-0.0016478682,"b":-0.0000461879,"c":0.9999987483,"d":-0.0016249884,"shortest_distance":0.9986149397,"num_points":1111,"plane_center_x":0.0657117814,"plane_center_y":-0.5145730972,"plane_center_z":0.0017095078,"color_id":0},"1":{"ros_timestamp":"1696255509.6617668","wall_type":"left","a":0.9999052882,"b":0.0136689842,"c":0.0015997561,"d":1.3242440224,"shortest_distance":1.1578260813,"num_points":1505,"plane_center_x":-1.3189985752,"plane_center_y":-0.5379056931,"plane_center_z":1.0734068155,"color_id":1},"2":{"ros_timestamp":"1696255509.6617668","wall_type":"right","a":0.9999108911,"b":0.013345778,"c":0.0002169652,"d":-1.3265548944,"shortest_distance":1.4945070945,"num_points":795,"plane_center_x":1.3237874508,"plane_center_y":0.1975542605,"plane_center_z":1.1470667124,"color_id":2},"3":{"ros_timestamp":"1696255509.6617668","wall_type":"front","a":0.0117954584,"b":-0.9999304414,"c":0.0000249189,"d":2.9276750088,"shortest_distance":2.4600991722,"num_points":350,"plane_center_x":-0.0396289155,"plane_center_y":2.9274425507,"plane_center_z":1.262856245,"color_id":3},"4":{"ros_timestamp":"1696255509.6617668","wall_type":"back","a":0.0136100287,"b":-0.999907434,"c":-0.0000527679,"d":-2.9248232841,"shortest_distance":3.3927823353,"num_points":366,"plane_center_x":-0.0274401102,"plane_center_y":-2.9255344868,"plane_center_z":1.2686790228,"color_id":4}}