{"0":{"ros_timestamp":"1696255509.98295","wall_type":"floor","a":-0.0016190551,"b":-0.0000320233,"c":0.9999986291,"d":-0.0016471563,"shortest_distance":0.9986019692,"num_points":1116,"plane_center_x":0.0677709132,"plane_center_y":-0.5204738379,"plane_center_z":0.0017402162,"color_id":0},"1":{"ros_timestamp":"1696255509.98295","wall_type":"left","a":0.9999092221,"b":0.0134565812,"c":0.0006551824,"d":1.3254780769,"shortest_distance":1.153345702,"num_points":1504,"plane_center_x":-1.3190463781,"plane_center_y":-0.536889255,"plane_center_z":1.0741205215,"color_id":1},"2":{"ros_timestamp":"1696255509.98295","wall_type":"right","a":0.9999228716,"b":0.0124235963,"c":0.0000014155,"d":-1.3237968683,"shortest_distance":1.4970644967,"num_points":812,"plane_center_x":1.3216930628,"plane_center_y":0.1774085611,"plane_center_z":1.1451135874,"color_id":2},"3":{"ros_timestamp":"1696255509.98295","wall_type":"front","a":0.0117954584,"b":-0.9999304414,"c":0.0000249189,"d":2.9276750088,"shortest_distance":2.4618114671,"num_points":350,"plane_center_x":-0.0396289155,"plane_center_y":2.9274425507,"plane_center_z":1.262856245,"color_id":3},"4":{"ros_timestamp":"1696255509.98295","wall_type":"back","a":0.012993806,"b":-0.9999155402,"c":-0.0000204062,"d":-2.9246928692,"shortest_distance":3.3908094796,"num_points":366,"plane_center_x":-0.0261531193,"plane_center_y":-2.9253056049,"plane_center_z":1.2686796188,"color_id":4}}