{"0":{"ros_timestamp":"1696255510.0781648","wall_type":"floor","a":-0.0017534603,"b":0.0000066267,"c":0.9999983907,"d":-0.0016340389,"shortest_distance":0.9986568513,"num_points":1115,"plane_center_x":0.0690297708,"plane_center_y":-0.5191019177,"plane_center_z":0.0017420014,"color_id":0},"1":{"ros_timestamp":"1696255510.0781648","wall_type":"left","a":0.9999043941,"b":0.0136758648,"c":0.0020462084,"d":1.3236094713,"shortest_distance":1.1529706281,"num_points":1505,"plane_center_x":-1.3189985752,"plane_center_y":-0.5379056931,"plane_center_z":1.0734068155,"color_id":1},"2":{"ros_timestamp":"1696255510.0781648","wall_type":"right","a":0.9999114275,"b":0.0133039113,"c":0.0002297278,"d":-1.3264839649,"shortest_distance":1.4991130785,"num_points":813,"plane_center_x":1.3240002394,"plane_center_y":0.1757622957,"plane_center_z":1.1438426971,"color_id":2},"3":{"ros_timestamp":"1696255510.0781648","wall_type":"front","a":0.0117954584,"b":-0.9999304414,"c":0.0000249189,"d":2.9276750088,"shortest_distance":2.4618114671,"num_points":350,"plane_center_x":-0.0396289155,"plane_center_y":2.9274425507,"plane_center_z":1.262856245,"color_id":3},"4":{"ros_timestamp":"1696255510.0781648","wall_type":"back","a":0.013846281,"b":-0.9999041557,"c":-0.0000706045,"d":-2.9249045849,"shortest_distance":3.3912185434,"num_points":366,"plane_center_x":-0.028765155,"plane_center_y":-2.9256727695,"plane_center_z":1.2686854601,"color_id":4}}