{"0":{"ros_timestamp":"1696255510.2718694","wall_type":"floor","a":-0.0017088033,"b":-0.000002614,"c":0.9999985099,"d":-0.0016161005,"shortest_distance":0.998678384,"num_points":1115,"plane_center_x":0.0688695759,"plane_center_y":-0.5191026926,"plane_center_z":0.0017180231,"color_id":0},"1":{"ros_timestamp":"1696255510.2718694","wall_type":"left","a":0.9999043941,"b":0.0136758648,"c":0.0020462084,"d":1.3236094713,"shortest_distance":1.143681525,"num_points":1505,"plane_center_x":-1.3189985752,"plane_center_y":-0.5379056931,"plane_center_z":1.0734068155,"color_id":1},"2":{"ros_timestamp":"1696255510.2718694","wall_type":"right","a":0.9999222755,"b":0.0124704586,"c":0.0000299186,"d":-1.3239247799,"shortest_distance":1.5064269224,"num_points":813,"plane_center_x":1.3218113184,"plane_center_y":0.174976781,"plane_center_z":1.1438539028,"color_id":2},"3":{"ros_timestamp":"1696255510.2718694","wall_type":"front","a":0.0117954584,"b":-0.9999304414,"c":0.0000249189,"d":2.9276750088,"shortest_distance":2.4653756464,"num_points":350,"plane_center_x":-0.0396289155,"plane_center_y":2.9274425507,"plane_center_z":1.262856245,"color_id":3},"4":{"ros_timestamp":"1696255510.2718694","wall_type":"back","a":0.0132357711,"b":-0.9999124408,"c":-0.0000303786,"d":-2.9247620106,"shortest_distance":3.3873794211,"num_points":366,"plane_center_x":-0.0283541158,"plane_center_y":-2.9254319668,"plane_center_z":1.2686840296,"color_id":4}}