{"0":{"ros_timestamp":"1696255443.3744113","wall_type":"floor","a":0.0001017981,"b":-0.0019350313,"c":0.9999981523,"d":0.0018600516,"shortest_distance":1.0027291349,"num_points":420,"plane_center_x":0.0436911546,"plane_center_y":2.2200202942,"plane_center_z":0.0024313137,"color_id":0},"1":{"ros_timestamp":"1696255443.3744113","wall_type":"left","a":0.999887526,"b":0.0149961682,"c":0.0000677171,"d":1.3225181103,"shortest_distance":1.5230403967,"num_points":381,"plane_center_x":-1.346689105,"plane_center_y":1.5966949463,"plane_center_z":1.1099859476,"color_id":1},"2":{"ros_timestamp":"1696255443.3744113","wall_type":"right","a":0.9999042749,"b":0.0138331214,"c":-0.0000010248,"d":-1.3271507025,"shortest_distance":1.1261681773,"num_points":384,"plane_center_x":1.294510603,"plane_center_y":2.3685977459,"plane_center_z":1.1670194864,"color_id":2}}