{"0":{"ros_timestamp":"1696255510.9617226","wall_type":"floor","a":-0.0015879932,"b":-0.0000262478,"c":0.9999987483,"d":-0.001658011,"shortest_distance":0.9986249875,"num_points":1116,"plane_center_x":0.0704434738,"plane_center_y":-0.5202209353,"plane_center_z":0.0017562222,"color_id":0},"1":{"ros_timestamp":"1696255510.9617226","wall_type":"left","a":0.9999021292,"b":0.0137941819,"c":0.0023404094,"d":1.3232530355,"shortest_distance":1.1298774579,"num_points":1505,"plane_center_x":-1.3189985752,"plane_center_y":-0.5379056931,"plane_center_z":1.0734068155,"color_id":1},"2":{"ros_timestamp":"1696255510.9617226","wall_type":"right","a":0.9999119043,"b":0.0132652102,"c":0.0002393872,"d":-1.3264394999,"shortest_distance":1.5221584323,"num_points":814,"plane_center_x":1.3239744902,"plane_center_y":0.1739482284,"plane_center_z":1.1452144384,"color_id":2},"3":{"ros_timestamp":"1696255510.9617226","wall_type":"front","a":0.0117954584,"b":-0.9999304414,"c":0.0000249189,"d":2.9276750088,"shortest_distance":2.4710681811,"num_points":350,"plane_center_x":-0.0396289155,"plane_center_y":2.9274425507,"plane_center_z":1.262856245,"color_id":3},"4":{"ros_timestamp":"1696255510.9617226","wall_type":"back","a":0.0139189865,"b":-0.9999031425,"c":-0.0000606191,"d":-2.9250023365,"shortest_distance":3.3821111687,"num_points":366,"plane_center_x":-0.0284513198,"plane_center_y":-2.9257588387,"plane_center_z":1.2686706781,"color_id":4}}