{"0":{"ros_timestamp":"1696255511.1619737","wall_type":"floor","a":-0.0015860997,"b":-0.0000273392,"c":0.9999987483,"d":-0.0016572485,"shortest_distance":0.9986321198,"num_points":1117,"plane_center_x":0.0713416189,"plane_center_y":-0.5214773417,"plane_center_z":0.0017561488,"color_id":0},"1":{"ros_timestamp":"1696255511.1619737","wall_type":"left","a":0.9999061227,"b":0.0136142233,"c":0.0015728669,"d":1.3242526054,"shortest_distance":1.1254669029,"num_points":1505,"plane_center_x":-1.3189985752,"plane_center_y":-0.5379056931,"plane_center_z":1.0734068155,"color_id":1},"2":{"ros_timestamp":"1696255511.1619737","wall_type":"right","a":0.9999084473,"b":0.0135273142,"c":0.0002375401,"d":-1.3271087408,"shortest_distance":1.5272695188,"num_points":830,"plane_center_x":1.324831605,"plane_center_y":0.1572454572,"plane_center_z":1.1424212456,"color_id":2},"3":{"ros_timestamp":"1696255511.1619737","wall_type":"front","a":0.0117954584,"b":-0.9999304414,"c":0.0000249189,"d":2.9276750088,"shortest_distance":2.4730572759,"num_points":350,"plane_center_x":-0.0396289155,"plane_center_y":2.9274425507,"plane_center_z":1.262856245,"color_id":3},"4":{"ros_timestamp":"1696255511.1619737","wall_type":"back","a":0.0141590005,"b":-0.9998998046,"c":-0.0000605195,"d":-2.9251351357,"shortest_distance":3.3803124078,"num_points":366,"plane_center_x":-0.0304230787,"plane_center_y":-2.9259359837,"plane_center_z":1.2686616182,"color_id":4}}