{"0":{"ros_timestamp":"1696255511.3724687","wall_type":"floor","a":-0.0015476726,"b":-0.0000242967,"c":0.9999988675,"d":-0.0016618916,"shortest_distance":0.9986280102,"num_points":1117,"plane_center_x":0.0712077692,"plane_center_y":-0.5216658115,"plane_center_z":0.0017594252,"color_id":0},"1":{"ros_timestamp":"1696255511.3724687","wall_type":"left","a":0.9999061227,"b":0.0136142233,"c":0.0015728669,"d":1.3242526054,"shortest_distance":1.1209269241,"num_points":1505,"plane_center_x":-1.3189985752,"plane_center_y":-0.5379056931,"plane_center_z":1.0734068155,"color_id":1},"2":{"ros_timestamp":"1696255511.3724687","wall_type":"right","a":0.999909997,"b":0.0134147322,"c":0.0001841923,"d":-1.3267058134,"shortest_distance":1.5315107186,"num_points":830,"plane_center_x":1.3245171309,"plane_center_y":0.1563564837,"plane_center_z":1.1424256563,"color_id":2},"3":{"ros_timestamp":"1696255511.3724687","wall_type":"front","a":0.0117954584,"b":-0.9999304414,"c":0.0000249189,"d":2.9276750088,"shortest_distance":2.4750918346,"num_points":350,"plane_center_x":-0.0396289155,"plane_center_y":2.9274425507,"plane_center_z":1.262856245,"color_id":3},"4":{"ros_timestamp":"1696255511.3724687","wall_type":"back","a":0.0142080896,"b":-0.9998990893,"c":-0.0000603393,"d":-2.9251830578,"shortest_distance":3.3783464216,"num_points":366,"plane_center_x":-0.0276769754,"plane_center_y":-2.9259479046,"plane_center_z":1.2686532736,"color_id":4}}