{"0":{"ros_timestamp":"1696255511.6858509","wall_type":"floor","a":-0.0015575617,"b":-0.0000537001,"c":0.9999987483,"d":-0.001730002,"shortest_distance":0.9985558437,"num_points":1118,"plane_center_x":0.0723886713,"plane_center_y":-0.5224602222,"plane_center_z":0.0017694497,"color_id":0},"1":{"ros_timestamp":"1696255511.6858509","wall_type":"left","a":0.9999097586,"b":0.0133574996,"c":0.0014613947,"d":1.3242712021,"shortest_distance":1.1161987571,"num_points":1505,"plane_center_x":-1.3189985752,"plane_center_y":-0.5379056931,"plane_center_z":1.0734068155,"color_id":1},"2":{"ros_timestamp":"1696255511.6858509","wall_type":"right","a":0.9999219179,"b":0.0124981087,"c":0.000000862,"d":-1.3239524364,"shortest_distance":1.5338729399,"num_points":831,"plane_center_x":1.3220986128,"plane_center_y":0.1565156281,"plane_center_z":1.1432468891,"color_id":2},"3":{"ros_timestamp":"1696255511.6858509","wall_type":"front","a":0.0117954584,"b":-0.9999304414,"c":0.0000249189,"d":2.9276750088,"shortest_distance":2.4771716536,"num_points":350,"plane_center_x":-0.0396289155,"plane_center_y":2.9274425507,"plane_center_z":1.262856245,"color_id":3},"4":{"ros_timestamp":"1696255511.6858509","wall_type":"back","a":0.014089535,"b":-0.9999006987,"c":-0.000054402,"d":-2.9251496792,"shortest_distance":3.3762135881,"num_points":366,"plane_center_x":-0.0298536438,"plane_center_y":-2.9259300232,"plane_center_z":1.2686494589,"color_id":4}}