{"0":{"ros_timestamp":"1696255511.8784113","wall_type":"floor","a":-0.0015494346,"b":-0.0000241297,"c":0.9999987483,"d":-0.0016420301,"shortest_distance":0.9986623032,"num_points":1117,"plane_center_x":0.0736506805,"plane_center_y":-0.52423805,"plane_center_z":0.0017434995,"color_id":0},"1":{"ros_timestamp":"1696255511.8784113","wall_type":"left","a":0.9999018312,"b":0.0136667481,"c":0.0031144521,"d":1.3220754862,"shortest_distance":1.1112976347,"num_points":1506,"plane_center_x":-1.3189809322,"plane_center_y":-0.5366281271,"plane_center_z":1.0727002621,"color_id":1},"2":{"ros_timestamp":"1696255511.8784113","wall_type":"right","a":0.9999194741,"b":0.012688309,"c":0.0001131208,"d":-1.3246650696,"shortest_distance":1.5388842326,"num_points":833,"plane_center_x":1.3226835728,"plane_center_y":0.1543660462,"plane_center_z":1.1431325674,"color_id":2},"3":{"ros_timestamp":"1696255511.8784113","wall_type":"front","a":0.0117954584,"b":-0.9999304414,"c":0.0000249189,"d":2.9276750088,"shortest_distance":2.4792965251,"num_points":350,"plane_center_x":-0.0396289155,"plane_center_y":2.9274425507,"plane_center_z":1.262856245,"color_id":3},"4":{"ros_timestamp":"1696255511.8784113","wall_type":"back","a":0.014213413,"b":-0.9998989701,"c":-0.000050967,"d":-2.925236702,"shortest_distance":3.3742090227,"num_points":366,"plane_center_x":-0.0274216775,"plane_center_y":-2.9259867668,"plane_center_z":1.2686473131,"color_id":4}}