{"0":{"ros_timestamp":"1696255512.2728295","wall_type":"floor","a":-0.0015636147,"b":-0.0000190597,"c":0.9999988675,"d":-0.0016770912,"shortest_distance":0.9986465586,"num_points":1120,"plane_center_x":0.0726228133,"plane_center_y":-0.5249077082,"plane_center_z":0.001823041,"color_id":0},"1":{"ros_timestamp":"1696255512.2728295","wall_type":"left","a":0.99990803,"b":0.0135353236,"c":0.0008433271,"d":1.3252526522,"shortest_distance":1.1032117303,"num_points":1504,"plane_center_x":-1.3190463781,"plane_center_y":-0.536889255,"plane_center_z":1.0741205215,"color_id":1},"2":{"ros_timestamp":"1696255512.2728295","wall_type":"right","a":0.9999185205,"b":0.0127634974,"c":0.0000489211,"d":-1.3247197866,"shortest_distance":1.5478981835,"num_points":832,"plane_center_x":1.322781086,"plane_center_y":0.1559459567,"plane_center_z":1.1444510221,"color_id":2},"3":{"ros_timestamp":"1696255512.2728295","wall_type":"front","a":0.0117954584,"b":-0.9999304414,"c":0.0000249189,"d":2.9276750088,"shortest_distance":2.4836805711,"num_points":350,"plane_center_x":-0.0396289155,"plane_center_y":2.9274425507,"plane_center_z":1.262856245,"color_id":3},"4":{"ros_timestamp":"1696255512.2728295","wall_type":"back","a":0.0143191898,"b":-0.9998974204,"c":-0.0000453664,"d":-2.925347805,"shortest_distance":3.3699757366,"num_points":366,"plane_center_x":-0.0302178543,"plane_center_y":-2.9261381626,"plane_center_z":1.2686308622,"color_id":4}}