{"0":{"ros_timestamp":"1696255512.6755354","wall_type":"floor","a":-0.0016495228,"b":-0.0000168068,"c":0.9999986291,"d":-0.0016891569,"shortest_distance":0.998669574,"num_points":1119,"plane_center_x":0.0740968063,"plane_center_y":-0.5239292979,"plane_center_z":0.0018025781,"color_id":0},"1":{"ros_timestamp":"1696255512.6755354","wall_type":"left","a":0.9998996854,"b":0.0139410859,"c":0.0024828403,"d":1.32313025,"shortest_distance":1.0940650359,"num_points":1505,"plane_center_x":-1.3189985752,"plane_center_y":-0.5379056931,"plane_center_z":1.0734068155,"color_id":1},"2":{"ros_timestamp":"1696255512.6755354","wall_type":"right","a":0.9999179244,"b":0.0128094563,"c":0.0000845504,"d":-1.3249346018,"shortest_distance":1.5568966449,"num_points":850,"plane_center_x":1.3231334686,"plane_center_y":0.1415451169,"plane_center_z":1.14141047,"color_id":2},"3":{"ros_timestamp":"1696255512.6755354","wall_type":"front","a":0.0117954584,"b":-0.9999304414,"c":0.0000249189,"d":2.9276750088,"shortest_distance":2.4882422189,"num_points":350,"plane_center_x":-0.0396289155,"plane_center_y":2.9274425507,"plane_center_z":1.262856245,"color_id":3},"4":{"ros_timestamp":"1696255512.6755354","wall_type":"back","a":0.0143538211,"b":-0.9998970032,"c":-0.0000340781,"d":-2.9254257679,"shortest_distance":3.3655108603,"num_points":366,"plane_center_x":-0.0249850582,"plane_center_y":-2.9261291027,"plane_center_z":1.2686241865,"color_id":4}}