{"0":{"ros_timestamp":"1696255512.7835097","wall_type":"floor","a":-0.0016500411,"b":-0.000013749,"c":0.9999986291,"d":-0.0016964341,"shortest_distance":0.9986709732,"num_points":1119,"plane_center_x":0.0742102787,"plane_center_y":-0.5241400599,"plane_center_z":0.0018116802,"color_id":0},"1":{"ros_timestamp":"1696255512.7835097","wall_type":"left","a":0.9999080896,"b":0.0135173732,"c":0.0011377385,"d":1.3248214722,"shortest_distance":1.0898370866,"num_points":1505,"plane_center_x":-1.3189985752,"plane_center_y":-0.5379056931,"plane_center_z":1.0734068155,"color_id":1},"2":{"ros_timestamp":"1696255512.7835097","wall_type":"right","a":0.9999120831,"b":0.0132550299,"c":0.0002225659,"d":-1.3264009953,"shortest_distance":1.5624153827,"num_points":850,"plane_center_x":1.3243957758,"plane_center_y":0.1409040987,"plane_center_z":1.1414304972,"color_id":2},"3":{"ros_timestamp":"1696255512.7835097","wall_type":"front","a":0.0117954584,"b":-0.9999304414,"c":0.0000249189,"d":2.9276750088,"shortest_distance":2.490589076,"num_points":350,"plane_center_x":-0.0396289155,"plane_center_y":2.9274425507,"plane_center_z":1.262856245,"color_id":3},"4":{"ros_timestamp":"1696255512.7835097","wall_type":"back","a":0.0144265844,"b":-0.9998959303,"c":-0.00000955,"d":-2.9256076813,"shortest_distance":3.3633498427,"num_points":366,"plane_center_x":-0.0281137116,"plane_center_y":-2.9263298512,"plane_center_z":1.2686126232,"color_id":4}}