{"0":{"ros_timestamp":"1696255513.4934933","wall_type":"floor","a":-0.0015976758,"b":-0.0000222224,"c":0.9999987483,"d":-0.0016741145,"shortest_distance":0.9986978287,"num_points":1121,"plane_center_x":0.0759948269,"plane_center_y":-0.5260459781,"plane_center_z":0.0017838419,"color_id":0},"1":{"ros_timestamp":"1696255513.4934933","wall_type":"left","a":0.999905169,"b":0.0136912409,"c":0.0015079342,"d":1.324387908,"shortest_distance":1.0768314177,"num_points":1505,"plane_center_x":-1.3189985752,"plane_center_y":-0.5379056931,"plane_center_z":1.0734068155,"color_id":1},"2":{"ros_timestamp":"1696255513.4934933","wall_type":"right","a":0.9999100566,"b":0.0134053398,"c":0.0002674738,"d":-1.3268840313,"shortest_distance":1.5758042728,"num_points":864,"plane_center_x":1.3249689341,"plane_center_y":0.1290240884,"plane_center_z":1.1391694546,"color_id":2},"3":{"ros_timestamp":"1696255513.4934933","wall_type":"front","a":0.0117954584,"b":-0.9999304414,"c":0.0000249189,"d":2.9276750088,"shortest_distance":2.4978909512,"num_points":350,"plane_center_x":-0.0396289155,"plane_center_y":2.9274425507,"plane_center_z":1.262856245,"color_id":3},"4":{"ros_timestamp":"1696255513.4934933","wall_type":"back","a":0.0144261038,"b":-0.9998959303,"c":0.0000183478,"d":-2.9257917404,"shortest_distance":3.3562382753,"num_points":366,"plane_center_x":-0.0289928801,"plane_center_y":-2.9264912605,"plane_center_z":1.2685899734,"color_id":4}}