{"0":{"ros_timestamp":"1696255513.6812947","wall_type":"floor","a":-0.0016201045,"b":-0.0000170163,"c":0.9999987483,"d":-0.0016636762,"shortest_distance":0.9987231091,"num_points":1120,"plane_center_x":0.0773379058,"plane_center_y":-0.527749896,"plane_center_z":0.0017799935,"color_id":0},"1":{"ros_timestamp":"1696255513.6812947","wall_type":"left","a":0.9999058843,"b":0.0135355368,"c":0.0022345595,"d":1.3232625723,"shortest_distance":1.0720762033,"num_points":1506,"plane_center_x":-1.3189809322,"plane_center_y":-0.5366281271,"plane_center_z":1.0727002621,"color_id":1},"2":{"ros_timestamp":"1696255513.6812947","wall_type":"right","a":0.999909699,"b":0.0134354644,"c":0.0002594138,"d":-1.3269406557,"shortest_distance":1.5801455891,"num_points":864,"plane_center_x":1.3250094652,"plane_center_y":0.1306494176,"plane_center_z":1.1391670704,"color_id":2},"3":{"ros_timestamp":"1696255513.6812947","wall_type":"front","a":0.0117954584,"b":-0.9999304414,"c":0.0000249189,"d":2.9276750088,"shortest_distance":2.5004111995,"num_points":350,"plane_center_x":-0.0396289155,"plane_center_y":2.9274425507,"plane_center_z":1.262856245,"color_id":3},"4":{"ros_timestamp":"1696255513.6812947","wall_type":"back","a":0.0144409258,"b":-0.9998956919,"c":0.0000265729,"d":-2.9258568287,"shortest_distance":3.3537899958,"num_points":366,"plane_center_x":-0.030173406,"plane_center_y":-2.9265639782,"plane_center_z":1.2685796022,"color_id":4}}