{"0":{"ros_timestamp":"1696255514.562053","wall_type":"floor","a":-0.0018253153,"b":-0.000021472,"c":0.9999982715,"d":-0.0018524941,"shortest_distance":0.9986160547,"num_points":1124,"plane_center_x":0.0797746405,"plane_center_y":-0.5286851525,"plane_center_z":0.0018274328,"color_id":0},"1":{"ros_timestamp":"1696255514.562053","wall_type":"left","a":0.9999057055,"b":0.0136607774,"c":0.0013842741,"d":1.3245478868,"shortest_distance":1.0556612119,"num_points":1505,"plane_center_x":-1.3189985752,"plane_center_y":-0.5379056931,"plane_center_z":1.0734068155,"color_id":1},"2":{"ros_timestamp":"1696255514.562053","wall_type":"right","a":0.9999204278,"b":0.0126183759,"c":0.0001003296,"d":-1.3245095015,"shortest_distance":1.595115193,"num_points":867,"plane_center_x":1.3229073286,"plane_center_y":0.1262530833,"plane_center_z":1.1399663687,"color_id":2},"3":{"ros_timestamp":"1696255514.562053","wall_type":"front","a":0.0117954584,"b":-0.9999304414,"c":0.0000249189,"d":2.9276750088,"shortest_distance":2.5109168937,"num_points":350,"plane_center_x":-0.0396289155,"plane_center_y":2.9274425507,"plane_center_z":1.262856245,"color_id":3},"4":{"ros_timestamp":"1696255514.562053","wall_type":"back","a":0.014326686,"b":-0.9998973012,"c":0.0000662791,"d":-2.9260518551,"shortest_distance":3.3434535777,"num_points":366,"plane_center_x":-0.0272832196,"plane_center_y":-2.9266593456,"plane_center_z":1.2685456276,"color_id":4}}