{"0":{"ros_timestamp":"1696255515.5747824","wall_type":"floor","a":-0.0004878378,"b":0.0000512528,"c":0.9999997616,"d":-0.0022370103,"shortest_distance":0.9979032695,"num_points":1167,"plane_center_x":0.0275685322,"plane_center_y":-0.5290359855,"plane_center_z":0.0023200528,"color_id":0},"1":{"ros_timestamp":"1696255515.5747824","wall_type":"left","a":0.9999068379,"b":0.0136517547,"c":0.0002257413,"d":1.326198101,"shortest_distance":1.0356309897,"num_points":1461,"plane_center_x":-1.319237709,"plane_center_y":-0.5371361971,"plane_center_z":1.1052540541,"color_id":1},"2":{"ros_timestamp":"1696255515.5747824","wall_type":"right","a":0.9999116659,"b":0.0132864024,"c":0.0001967508,"d":-1.3264701366,"shortest_distance":1.617213555,"num_points":886,"plane_center_x":1.3248561621,"plane_center_y":0.1134405807,"plane_center_z":1.1381224394,"color_id":2},"3":{"ros_timestamp":"1696255515.5747824","wall_type":"front","a":0.0117954584,"b":-0.9999304414,"c":0.0000249189,"d":2.9276750088,"shortest_distance":2.5249845767,"num_points":350,"plane_center_x":-0.0396289155,"plane_center_y":2.9274425507,"plane_center_z":1.262856245,"color_id":3},"4":{"ros_timestamp":"1696255515.5747824","wall_type":"back","a":0.0141832139,"b":-0.9998993874,"c":0.0001080864,"d":-2.9262778759,"shortest_distance":3.3295802064,"num_points":366,"plane_center_x":-0.0251054429,"plane_center_y":-2.9267911911,"plane_center_z":1.2684921026,"color_id":4}}