{"0":{"ros_timestamp":"1696255515.8833852","wall_type":"floor","a":-0.0016429381,"b":-0.0000072646,"c":0.9999986291,"d":-0.0017076129,"shortest_distance":0.9987633615,"num_points":1126,"plane_center_x":0.0789552256,"plane_center_y":-0.5317758322,"plane_center_z":0.0018334709,"color_id":0},"1":{"ros_timestamp":"1696255515.8833852","wall_type":"left","a":0.9999082685,"b":0.0135387229,"c":0.0001404672,"d":1.3262594938,"shortest_distance":1.0275559289,"num_points":1503,"plane_center_x":-1.3190960884,"plane_center_y":-0.5356912017,"plane_center_z":1.0748332739,"color_id":1},"2":{"ros_timestamp":"1696255515.8833852","wall_type":"right","a":0.9999197125,"b":0.0126717957,"c":0.0001295776,"d":-1.3247048855,"shortest_distance":1.623763787,"num_points":885,"plane_center_x":1.3232423067,"plane_center_y":0.1121558845,"plane_center_z":1.1393530369,"color_id":2},"3":{"ros_timestamp":"1696255515.8833852","wall_type":"front","a":0.0117954584,"b":-0.9999304414,"c":0.0000249189,"d":2.9276750088,"shortest_distance":2.5308955465,"num_points":350,"plane_center_x":-0.0396289155,"plane_center_y":2.9274425507,"plane_center_z":1.262856245,"color_id":3},"4":{"ros_timestamp":"1696255515.8833852","wall_type":"back","a":0.0140122874,"b":-0.9999017715,"c":0.0001638001,"d":-2.9265062809,"shortest_distance":3.3238100417,"num_points":366,"plane_center_x":-0.0280126333,"plane_center_y":-2.9269785881,"plane_center_z":1.2684147358,"color_id":4}}