{"0":{"ros_timestamp":"1696255515.9768357","wall_type":"floor","a":-0.0005370454,"b":0.0000585924,"c":0.9999998808,"d":-0.002263821,"shortest_distance":0.9978978469,"num_points":1168,"plane_center_x":0.0287346505,"plane_center_y":-0.5301975608,"plane_center_z":0.0023528079,"color_id":0},"1":{"ros_timestamp":"1696255515.9768357","wall_type":"left","a":0.9999068379,"b":0.0136517547,"c":0.0002257413,"d":1.326198101,"shortest_distance":1.0276245671,"num_points":1461,"plane_center_x":-1.319237709,"plane_center_y":-0.5371361971,"plane_center_z":1.1052540541,"color_id":1},"2":{"ros_timestamp":"1696255515.9768357","wall_type":"right","a":0.9999100566,"b":0.0134091126,"c":0.0002311798,"d":-1.3268498182,"shortest_distance":1.625514273,"num_points":885,"plane_center_x":1.3251678944,"plane_center_y":0.1146756858,"plane_center_z":1.1393523216,"color_id":2},"3":{"ros_timestamp":"1696255515.9768357","wall_type":"front","a":0.0117954584,"b":-0.9999304414,"c":0.0000249189,"d":2.9276750088,"shortest_distance":2.5308955465,"num_points":350,"plane_center_x":-0.0396289155,"plane_center_y":2.9274425507,"plane_center_z":1.262856245,"color_id":3},"4":{"ros_timestamp":"1696255515.9768357","wall_type":"back","a":0.0140425861,"b":-0.9999014139,"c":0.0001577175,"d":-2.9264566898,"shortest_distance":3.3237753884,"num_points":366,"plane_center_x":-0.0268989373,"plane_center_y":-2.9269227982,"plane_center_z":1.268402338,"color_id":4}}