{"0":{"ros_timestamp":"1696255516.8615737","wall_type":"floor","a":-0.0017385805,"b":0.0000171067,"c":0.9999983907,"d":-0.0017237784,"shortest_distance":0.9988189526,"num_points":1123,"plane_center_x":0.0850117728,"plane_center_y":-0.5338078737,"plane_center_z":0.001880713,"color_id":0},"1":{"ros_timestamp":"1696255516.8615737","wall_type":"left","a":0.9999032617,"b":0.0131009892,"c":0.0046667154,"d":1.319540143,"shortest_distance":1.0057144821,"num_points":1507,"plane_center_x":-1.318962574,"plane_center_y":-0.53529495,"plane_center_z":1.0719915628,"color_id":1},"2":{"ros_timestamp":"1696255516.8615737","wall_type":"right","a":0.999923408,"b":0.0123787364,"c":0.0000775364,"d":-1.3238244057,"shortest_distance":1.6425183116,"num_points":903,"plane_center_x":1.3225437403,"plane_center_y":0.1045273319,"plane_center_z":1.1365827322,"color_id":2},"3":{"ros_timestamp":"1696255516.8615737","wall_type":"front","a":0.0117954584,"b":-0.9999304414,"c":0.0000249189,"d":2.9276750088,"shortest_distance":2.5463620275,"num_points":350,"plane_center_x":-0.0396289155,"plane_center_y":2.9274425507,"plane_center_z":1.262856245,"color_id":3},"4":{"ros_timestamp":"1696255516.8615737","wall_type":"back","a":0.0134810517,"b":-0.9999090433,"c":0.0003023932,"d":-2.9270381927,"shortest_distance":3.3086109634,"num_points":368,"plane_center_x":-0.0213970356,"plane_center_y":-2.9272112846,"plane_center_z":1.2623482943,"color_id":4}}