{"0":{"ros_timestamp":"1696255443.9825597","wall_type":"floor","a":0.0001368105,"b":-0.0022408834,"c":0.9999974966,"d":0.0025238774,"shortest_distance":1.0035252467,"num_points":428,"plane_center_x":0.0369082093,"plane_center_y":2.2227942944,"plane_center_z":0.002452102,"color_id":0},"1":{"ros_timestamp":"1696255443.9825597","wall_type":"left","a":0.9998939633,"b":0.0145644257,"c":-0.0000536378,"d":1.3231920004,"shortest_distance":1.5373433315,"num_points":383,"plane_center_x":-1.3464488983,"plane_center_y":1.5911040306,"plane_center_z":1.1094353199,"color_id":1},"2":{"ros_timestamp":"1696255443.9825597","wall_type":"right","a":0.9999042749,"b":0.0138331214,"c":-0.0000010248,"d":-1.3271507025,"shortest_distance":1.1126186952,"num_points":384,"plane_center_x":1.294510603,"plane_center_y":2.3685977459,"plane_center_z":1.1670194864,"color_id":2},"3":{"ros_timestamp":"1696255443.9825597","wall_type":"front","a":0.0074253343,"b":-0.9999724627,"c":0.000002769,"d":2.9302465916,"shortest_distance":3.3773642294,"num_points":110,"plane_center_x":0.5287135243,"plane_center_y":2.9342565536,"plane_center_z":1.1998355389,"color_id":3}}