{"0":{"ros_timestamp":"1696255517.0755892","wall_type":"floor","a":-0.0019557178,"b":0.0000128295,"c":0.9999982119,"d":-0.0019135944,"shortest_distance":0.9987046687,"num_points":1124,"plane_center_x":0.0839117542,"plane_center_y":-0.5320827961,"plane_center_z":0.0018670735,"color_id":0},"1":{"ros_timestamp":"1696255517.0755892","wall_type":"left","a":0.999910295,"b":0.0131642008,"c":0.0024877153,"d":1.3226964474,"shortest_distance":1.0029116189,"num_points":1506,"plane_center_x":-1.3189809322,"plane_center_y":-0.5366281271,"plane_center_z":1.0727002621,"color_id":1},"2":{"ros_timestamp":"1696255517.0755892","wall_type":"right","a":0.9999195337,"b":0.01268302,"c":0.0000971232,"d":-1.3246477842,"shortest_distance":1.6470062787,"num_points":903,"plane_center_x":1.3232917786,"plane_center_y":0.1066057757,"plane_center_z":1.136572361,"color_id":2},"3":{"ros_timestamp":"1696255517.0755892","wall_type":"front","a":0.0117954584,"b":-0.9999304414,"c":0.0000249189,"d":2.9276750088,"shortest_distance":2.5495709808,"num_points":350,"plane_center_x":-0.0396289155,"plane_center_y":2.9274425507,"plane_center_z":1.262856245,"color_id":3},"4":{"ros_timestamp":"1696255517.0755892","wall_type":"back","a":0.0135059245,"b":-0.9999088049,"c":0.0002914014,"d":-2.9270086288,"shortest_distance":3.305397583,"num_points":368,"plane_center_x":-0.021659568,"plane_center_y":-2.9272003174,"plane_center_z":1.262337327,"color_id":4}}