{"0":{"ros_timestamp":"1696255517.3744874","wall_type":"floor","a":-0.00171361,"b":0.0000239034,"c":0.9999985099,"d":-0.0017362747,"shortest_distance":0.9988136595,"num_points":1124,"plane_center_x":0.0842740387,"plane_center_y":-0.5324410796,"plane_center_z":0.0018934174,"color_id":0},"1":{"ros_timestamp":"1696255517.3744874","wall_type":"left","a":0.9999108911,"b":0.0131357461,"c":0.0023892086,"d":1.3228222132,"shortest_distance":0.9991586288,"num_points":1506,"plane_center_x":-1.3189809322,"plane_center_y":-0.5366281271,"plane_center_z":1.0727002621,"color_id":1},"2":{"ros_timestamp":"1696255517.3744874","wall_type":"right","a":0.9999188185,"b":0.0127457418,"c":0.0000973624,"d":-1.3248296976,"shortest_distance":1.6509322774,"num_points":903,"plane_center_x":1.3234786987,"plane_center_y":0.1057431549,"plane_center_z":1.1365683079,"color_id":2},"3":{"ros_timestamp":"1696255517.3744874","wall_type":"front","a":0.0117954584,"b":-0.9999304414,"c":0.0000249189,"d":2.9276750088,"shortest_distance":2.5528177468,"num_points":350,"plane_center_x":-0.0396289155,"plane_center_y":2.9274425507,"plane_center_z":1.262856245,"color_id":3},"4":{"ros_timestamp":"1696255517.3744874","wall_type":"back","a":0.0132515151,"b":-0.9999121428,"c":0.0003035266,"d":-2.9271624088,"shortest_distance":3.3022161642,"num_points":373,"plane_center_x":-0.016252026,"plane_center_y":-2.9272556305,"plane_center_z":1.2499783039,"color_id":4}}