{"0":{"ros_timestamp":"1696255517.6618948","wall_type":"floor","a":-0.0017892779,"b":0.000047443,"c":0.9999983907,"d":-0.0017786756,"shortest_distance":0.9988113519,"num_points":1125,"plane_center_x":0.0849837661,"plane_center_y":-0.5348070264,"plane_center_z":0.0019561113,"color_id":0},"1":{"ros_timestamp":"1696255517.6618948","wall_type":"left","a":0.9999048114,"b":0.0133702485,"c":0.0034124511,"d":1.3214855194,"shortest_distance":0.9951965912,"num_points":1506,"plane_center_x":-1.3189809322,"plane_center_y":-0.5366281271,"plane_center_z":1.0727002621,"color_id":1},"2":{"ros_timestamp":"1696255517.6618948","wall_type":"right","a":0.9999083281,"b":0.0135379005,"c":0.0001785756,"d":-1.3270219564,"shortest_distance":1.6564842197,"num_points":903,"plane_center_x":1.325507164,"plane_center_y":0.1058701575,"plane_center_z":1.1365870237,"color_id":2},"3":{"ros_timestamp":"1696255517.6618948","wall_type":"front","a":0.0117954584,"b":-0.9999304414,"c":0.0000249189,"d":2.9276750088,"shortest_distance":2.5561020006,"num_points":350,"plane_center_x":-0.0396289155,"plane_center_y":2.9274425507,"plane_center_z":1.262856245,"color_id":3},"4":{"ros_timestamp":"1696255517.6618948","wall_type":"back","a":0.0132345157,"b":-0.9999124408,"c":0.0002359681,"d":-2.9270837307,"shortest_distance":3.2989204682,"num_points":377,"plane_center_x":-0.0116576543,"plane_center_y":-2.9272015095,"plane_center_z":1.2408673763,"color_id":4}}