{"0":{"ros_timestamp":"1696255517.8846457","wall_type":"floor","a":-0.0017558264,"b":0.0000439418,"c":0.9999983907,"d":-0.0017867287,"shortest_distance":0.9987971548,"num_points":1126,"plane_center_x":0.0835408941,"plane_center_y":-0.533198297,"plane_center_z":0.0019568449,"color_id":0},"1":{"ros_timestamp":"1696255517.8846457","wall_type":"left","a":0.9999060035,"b":0.0136478217,"c":0.0012729502,"d":1.3246999979,"shortest_distance":0.9926678033,"num_points":1505,"plane_center_x":-1.3189985752,"plane_center_y":-0.5379056931,"plane_center_z":1.0734068155,"color_id":1},"2":{"ros_timestamp":"1696255517.8846457","wall_type":"right","a":0.9999230504,"b":0.0124035124,"c":0.0000723288,"d":-1.3238731623,"shortest_distance":1.6575651158,"num_points":903,"plane_center_x":1.3225777149,"plane_center_y":0.1060143188,"plane_center_z":1.1365756989,"color_id":2},"3":{"ros_timestamp":"1696255517.8846457","wall_type":"front","a":0.0117954584,"b":-0.9999304414,"c":0.0000249189,"d":2.9276750088,"shortest_distance":2.5594234139,"num_points":350,"plane_center_x":-0.0396289155,"plane_center_y":2.9274425507,"plane_center_z":1.262856245,"color_id":3},"4":{"ros_timestamp":"1696255517.8846457","wall_type":"back","a":0.0125143686,"b":-0.9999216199,"c":0.0002877832,"d":-2.9275259972,"shortest_distance":3.2957548092,"num_points":377,"plane_center_x":-0.0125687215,"plane_center_y":-2.9275555611,"plane_center_z":1.2408163548,"color_id":4}}