{"0":{"ros_timestamp":"1696255444.0807428","wall_type":"floor","a":0.0000825534,"b":-0.0022947586,"c":0.9999973774,"d":0.0026743882,"shortest_distance":1.0036876666,"num_points":429,"plane_center_x":0.0369259343,"plane_center_y":2.2233963013,"plane_center_z":0.0024247272,"color_id":0},"1":{"ros_timestamp":"1696255444.0807428","wall_type":"left","a":0.9998995066,"b":0.0141802626,"c":-0.0000061315,"d":1.3274867535,"shortest_distance":1.5418579226,"num_points":383,"plane_center_x":-1.350156188,"plane_center_y":1.5895761251,"plane_center_z":1.1094481945,"color_id":1},"2":{"ros_timestamp":"1696255444.0807428","wall_type":"right","a":0.9999042749,"b":0.0138331214,"c":-0.0000010248,"d":-1.3271507025,"shortest_distance":1.1126186952,"num_points":384,"plane_center_x":1.294510603,"plane_center_y":2.3685977459,"plane_center_z":1.1670194864,"color_id":2},"3":{"ros_timestamp":"1696255444.0807428","wall_type":"front","a":0.0055184569,"b":-0.9999847412,"c":-0.0000038302,"d":2.931419611,"shortest_distance":3.3781154522,"num_points":110,"plane_center_x":0.5276465416,"plane_center_y":2.9343717098,"plane_center_z":1.199808836,"color_id":3}}