{"0":{"ros_timestamp":"1696255517.9837124","wall_type":"floor","a":-0.0017395095,"b":0.0000420107,"c":0.9999985099,"d":-0.0017789965,"shortest_distance":0.9988048568,"num_points":1126,"plane_center_x":0.0837311223,"plane_center_y":-0.5331539512,"plane_center_z":0.0019470487,"color_id":0},"1":{"ros_timestamp":"1696255517.9837124","wall_type":"left","a":0.9999063015,"b":0.0135899289,"c":0.0016748395,"d":1.324093461,"shortest_distance":0.988769833,"num_points":1505,"plane_center_x":-1.3189985752,"plane_center_y":-0.5379056931,"plane_center_z":1.0734068155,"color_id":1},"2":{"ros_timestamp":"1696255517.9837124","wall_type":"right","a":0.9999101162,"b":0.0134041719,"c":0.0001617946,"d":-1.3266464472,"shortest_distance":1.6635514291,"num_points":903,"plane_center_x":1.3251641989,"plane_center_y":0.1057424545,"plane_center_z":1.1365798712,"color_id":2},"3":{"ros_timestamp":"1696255517.9837124","wall_type":"front","a":0.0117954584,"b":-0.9999304414,"c":0.0000249189,"d":2.9276750088,"shortest_distance":2.5627816545,"num_points":350,"plane_center_x":-0.0396289155,"plane_center_y":2.9274425507,"plane_center_z":1.262856245,"color_id":3},"4":{"ros_timestamp":"1696255517.9837124","wall_type":"back","a":0.0129143745,"b":-0.9999165535,"c":0.0002450006,"d":-2.9272561073,"shortest_distance":3.2923070167,"num_points":377,"plane_center_x":-0.0110543594,"plane_center_y":-2.9273393154,"plane_center_z":1.2408077717,"color_id":4}}