{"0":{"ros_timestamp":"1696255518.2753878","wall_type":"floor","a":-0.0016808118,"b":0.0000250534,"c":0.9999986291,"d":-0.0017317325,"shortest_distance":0.9988319822,"num_points":1125,"plane_center_x":0.0847671255,"plane_center_y":-0.5350036621,"plane_center_z":0.0018876162,"color_id":0},"1":{"ros_timestamp":"1696255518.2753878","wall_type":"left","a":0.9999075532,"b":0.0134126432,"c":0.0022233517,"d":1.3232111931,"shortest_distance":0.9847340079,"num_points":1506,"plane_center_x":-1.3189809322,"plane_center_y":-0.5366281271,"plane_center_z":1.0727002621,"color_id":1},"2":{"ros_timestamp":"1696255518.2753878","wall_type":"right","a":0.9999190569,"b":0.0127218477,"c":0.0001283789,"d":-1.3248261213,"shortest_distance":1.665649179,"num_points":917,"plane_center_x":1.3235046864,"plane_center_y":0.1008477807,"plane_center_z":1.1344870329,"color_id":2},"3":{"ros_timestamp":"1696255518.2753878","wall_type":"front","a":0.0117954584,"b":-0.9999304414,"c":0.0000249189,"d":2.9276750088,"shortest_distance":2.5661763867,"num_points":350,"plane_center_x":-0.0396289155,"plane_center_y":2.9274425507,"plane_center_z":1.262856245,"color_id":3},"4":{"ros_timestamp":"1696255518.2753878","wall_type":"back","a":0.0127747441,"b":-0.9999183416,"c":0.0002628157,"d":-2.9273512363,"shortest_distance":3.2889460619,"num_points":377,"plane_center_x":-0.0091221575,"plane_center_y":-2.9273808002,"plane_center_z":1.2407962084,"color_id":4}}