{"0":{"ros_timestamp":"1696255518.3829598","wall_type":"floor","a":-0.0016859206,"b":0.0000373549,"c":0.9999986291,"d":-0.0017667187,"shortest_distance":0.9988090175,"num_points":1128,"plane_center_x":0.0829158872,"plane_center_y":-0.5367437601,"plane_center_z":0.001926561,"color_id":0},"1":{"ros_timestamp":"1696255518.3829598","wall_type":"left","a":0.9999085069,"b":0.0134887025,"c":0.0010347392,"d":1.3249530792,"shortest_distance":0.9817102172,"num_points":1504,"plane_center_x":-1.3190463781,"plane_center_y":-0.536889255,"plane_center_z":1.0741205215,"color_id":1},"2":{"ros_timestamp":"1696255518.3829598","wall_type":"right","a":0.9999096394,"b":0.0134418197,"c":0.0001561612,"d":-1.3267177343,"shortest_distance":1.6708561312,"num_points":917,"plane_center_x":1.325301528,"plane_center_y":0.101090543,"plane_center_z":1.1344840527,"color_id":2},"3":{"ros_timestamp":"1696255518.3829598","wall_type":"front","a":0.0117954584,"b":-0.9999304414,"c":0.0000249189,"d":2.9276750088,"shortest_distance":2.5696072709,"num_points":350,"plane_center_x":-0.0396289155,"plane_center_y":2.9274425507,"plane_center_z":1.262856245,"color_id":3},"4":{"ros_timestamp":"1696255518.3829598","wall_type":"back","a":0.0128021194,"b":-0.9999180436,"c":0.0002510862,"d":-2.9273252487,"shortest_distance":3.2855137345,"num_points":378,"plane_center_x":-0.0072356057,"plane_center_y":-2.9273469448,"plane_center_z":1.2378898859,"color_id":4}}