{"0":{"ros_timestamp":"1696255518.58648","wall_type":"floor","a":-0.0017594409,"b":0.0000475506,"c":0.9999983907,"d":-0.0017917186,"shortest_distance":0.9988191951,"num_points":1128,"plane_center_x":0.0830611065,"plane_center_y":-0.5368350744,"plane_center_z":0.0019633898,"color_id":0},"1":{"ros_timestamp":"1696255518.58648","wall_type":"left","a":0.9999087453,"b":0.0134937773,"c":0.0006514685,"d":1.3255039454,"shortest_distance":0.9783100466,"num_points":1504,"plane_center_x":-1.3190463781,"plane_center_y":-0.536889255,"plane_center_z":1.0741205215,"color_id":1},"2":{"ros_timestamp":"1696255518.58648","wall_type":"right","a":0.9999079704,"b":0.0135620199,"c":0.0001574955,"d":-1.3270281553,"shortest_distance":1.6746919022,"num_points":917,"plane_center_x":1.3255983591,"plane_center_y":0.1012389287,"plane_center_z":1.1344863176,"color_id":2},"3":{"ros_timestamp":"1696255518.58648","wall_type":"front","a":0.0117954584,"b":-0.9999304414,"c":0.0000249189,"d":2.9276750088,"shortest_distance":2.5730739641,"num_points":350,"plane_center_x":-0.0396289155,"plane_center_y":2.9274425507,"plane_center_z":1.262856245,"color_id":3},"4":{"ros_timestamp":"1696255518.58648","wall_type":"back","a":0.0127295721,"b":-0.9999188781,"c":0.0002585576,"d":-2.9273715019,"shortest_distance":3.2820644194,"num_points":378,"plane_center_x":-0.0062527903,"plane_center_y":-2.9273684025,"plane_center_z":1.2378771305,"color_id":4}}