{"0":{"ros_timestamp":"1696255518.9618328","wall_type":"floor","a":-0.0018400153,"b":0.0000609026,"c":0.9999983311,"d":-0.0018191825,"shortest_distance":0.9988370103,"num_points":1128,"plane_center_x":0.0833189413,"plane_center_y":-0.5367685556,"plane_center_z":0.0020051845,"color_id":0},"1":{"ros_timestamp":"1696255518.9618328","wall_type":"left","a":0.9999108315,"b":0.0133009693,"c":0.0011847501,"d":1.3246355057,"shortest_distance":0.9708736254,"num_points":1504,"plane_center_x":-1.3190463781,"plane_center_y":-0.536889255,"plane_center_z":1.0741205215,"color_id":1},"2":{"ros_timestamp":"1696255518.9618328","wall_type":"right","a":0.999919951,"b":0.0126541322,"c":0.0001097379,"d":-1.3246040344,"shortest_distance":1.6796662483,"num_points":917,"plane_center_x":1.3232998848,"plane_center_y":0.1016031504,"plane_center_z":1.1344655752,"color_id":2},"3":{"ros_timestamp":"1696255518.9618328","wall_type":"front","a":0.0117954584,"b":-0.9999304414,"c":0.0000249189,"d":2.9276750088,"shortest_distance":2.5801133872,"num_points":350,"plane_center_x":-0.0396289155,"plane_center_y":2.9274425507,"plane_center_z":1.262856245,"color_id":3},"4":{"ros_timestamp":"1696255518.9618328","wall_type":"back","a":0.0124409785,"b":-0.9999225736,"c":0.0002922994,"d":-2.9275493622,"shortest_distance":3.2750729482,"num_points":378,"plane_center_x":-0.0043936856,"plane_center_y":-2.9274690151,"plane_center_z":1.2378673553,"color_id":4}}