{"0":{"ros_timestamp":"1696255519.9740007","wall_type":"floor","a":-0.0018429939,"b":0.0000539785,"c":0.9999982715,"d":-0.0018302547,"shortest_distance":0.9988486118,"num_points":1129,"plane_center_x":0.0856941789,"plane_center_y":-0.5402395725,"plane_center_z":0.0019654073,"color_id":0},"1":{"ros_timestamp":"1696255519.9740007","wall_type":"left","a":0.9999097586,"b":0.0133574996,"c":0.0014613947,"d":1.3242712021,"shortest_distance":0.9571676867,"num_points":1505,"plane_center_x":-1.3189985752,"plane_center_y":-0.5379056931,"plane_center_z":1.0734068155,"color_id":1},"2":{"ros_timestamp":"1696255519.9740007","wall_type":"right","a":0.9999238849,"b":0.0123400129,"c":0.0000667367,"d":-1.3237639666,"shortest_distance":1.6926017522,"num_points":937,"plane_center_x":1.322634697,"plane_center_y":0.0935629383,"plane_center_z":1.1315766573,"color_id":2},"3":{"ros_timestamp":"1696255519.9740007","wall_type":"front","a":0.0117954584,"b":-0.9999304414,"c":0.0000249189,"d":2.9276750088,"shortest_distance":2.5946064519,"num_points":350,"plane_center_x":-0.0396289155,"plane_center_y":2.9274425507,"plane_center_z":1.262856245,"color_id":3},"4":{"ros_timestamp":"1696255519.9740007","wall_type":"back","a":0.0112219257,"b":-0.9999370575,"c":0.0001405329,"d":-2.9278399944,"shortest_distance":3.2605810514,"num_points":387,"plane_center_x":0.0119070625,"plane_center_y":-2.9277191162,"plane_center_z":1.2201178074,"color_id":4}}