{"0":{"ros_timestamp":"1696255520.076277","wall_type":"floor","a":-0.0017048648,"b":0.0000414807,"c":0.9999985099,"d":-0.0017751616,"shortest_distance":0.9988537385,"num_points":1130,"plane_center_x":0.0845687985,"plane_center_y":-0.5415509343,"plane_center_z":0.0019418069,"color_id":0},"1":{"ros_timestamp":"1696255520.076277","wall_type":"left","a":0.9999092221,"b":0.0134565812,"c":0.0006551824,"d":1.3254780769,"shortest_distance":0.9542826189,"num_points":1504,"plane_center_x":-1.3190463781,"plane_center_y":-0.536889255,"plane_center_z":1.0741205215,"color_id":1},"2":{"ros_timestamp":"1696255520.076277","wall_type":"right","a":0.9999096394,"b":0.0134398025,"c":0.0001257372,"d":-1.3266452551,"shortest_distance":1.6983758319,"num_points":937,"plane_center_x":1.3253619671,"plane_center_y":0.0938069895,"plane_center_z":1.131585598,"color_id":2},"3":{"ros_timestamp":"1696255520.076277","wall_type":"front","a":0.0117954584,"b":-0.9999304414,"c":0.0000249189,"d":2.9276750088,"shortest_distance":2.598313905,"num_points":350,"plane_center_x":-0.0396289155,"plane_center_y":2.9274425507,"plane_center_z":1.262856245,"color_id":3},"4":{"ros_timestamp":"1696255520.076277","wall_type":"back","a":0.0117428368,"b":-0.999931097,"c":0.0001598378,"d":-2.9276692867,"shortest_distance":3.2568756682,"num_points":387,"plane_center_x":0.0122958589,"plane_center_y":-2.9275314808,"plane_center_z":1.2200987339,"color_id":4}}