{"0":{"ros_timestamp":"1696255520.5615933","wall_type":"floor","a":-0.0017710229,"b":0.0000571813,"c":0.9999983907,"d":-0.0018160701,"shortest_distance":0.9988536516,"num_points":1131,"plane_center_x":0.0837104321,"plane_center_y":-0.5434694886,"plane_center_z":0.0019954026,"color_id":0},"1":{"ros_timestamp":"1696255520.5615933","wall_type":"left","a":0.9999086261,"b":0.0135068242,"c":0.0004826627,"d":1.3257522583,"shortest_distance":0.9478752003,"num_points":1503,"plane_center_x":-1.3190960884,"plane_center_y":-0.5356912017,"plane_center_z":1.0748332739,"color_id":1},"2":{"ros_timestamp":"1696255520.5615933","wall_type":"right","a":0.9999074936,"b":0.0136004742,"c":0.0000401194,"d":-1.3268376589,"shortest_distance":1.7051271528,"num_points":939,"plane_center_x":1.3256399632,"plane_center_y":0.0937426016,"plane_center_z":1.1312758923,"color_id":2},"3":{"ros_timestamp":"1696255520.5615933","wall_type":"front","a":0.0117954584,"b":-0.9999304414,"c":0.0000249189,"d":2.9276750088,"shortest_distance":2.6058272523,"num_points":350,"plane_center_x":-0.0396289155,"plane_center_y":2.9274425507,"plane_center_z":1.262856245,"color_id":3},"4":{"ros_timestamp":"1696255520.5615933","wall_type":"back","a":0.0115642315,"b":-0.9999331236,"c":0.0000836155,"d":-2.9276409149,"shortest_distance":3.2493423299,"num_points":389,"plane_center_x":0.0178243537,"plane_center_y":-2.9275288582,"plane_center_z":1.2170456648,"color_id":4}}