{"0":{"ros_timestamp":"1696255520.7615974","wall_type":"floor","a":-0.001831607,"b":0.0000662182,"c":0.9999982715,"d":-0.0018154124,"shortest_distance":0.9988857756,"num_points":1129,"plane_center_x":0.0886508152,"plane_center_y":-0.5429455638,"plane_center_z":0.0020137422,"color_id":0},"1":{"ros_timestamp":"1696255520.7615974","wall_type":"left","a":0.9999010563,"b":0.0138056884,"c":0.0026938359,"d":1.3227536678,"shortest_distance":0.943978097,"num_points":1506,"plane_center_x":-1.3189809322,"plane_center_y":-0.5366281271,"plane_center_z":1.0727002621,"color_id":1},"2":{"ros_timestamp":"1696255520.7615974","wall_type":"right","a":0.9999055862,"b":0.0137448004,"c":0.0000481553,"d":-1.3272017241,"shortest_distance":1.708643672,"num_points":939,"plane_center_x":1.3259819746,"plane_center_y":0.0938835368,"plane_center_z":1.1312639713,"color_id":2},"3":{"ros_timestamp":"1696255520.7615974","wall_type":"front","a":0.0117954584,"b":-0.9999304414,"c":0.0000249189,"d":2.9276750088,"shortest_distance":2.6096323951,"num_points":350,"plane_center_x":-0.0396289155,"plane_center_y":2.9274425507,"plane_center_z":1.262856245,"color_id":3},"4":{"ros_timestamp":"1696255520.7615974","wall_type":"back","a":0.0112465518,"b":-0.9999366999,"c":0.0000427924,"d":-2.9277014732,"shortest_distance":3.2455165383,"num_points":389,"plane_center_x":0.0179366842,"plane_center_y":-2.9276328087,"plane_center_z":1.2170618773,"color_id":4}}