{"0":{"ros_timestamp":"1696255520.861666","wall_type":"floor","a":-0.0017602859,"b":0.0000557397,"c":0.9999983907,"d":-0.0017729281,"shortest_distance":0.9989028543,"num_points":1129,"plane_center_x":0.0886383429,"plane_center_y":-0.542879343,"plane_center_z":0.0020434004,"color_id":0},"1":{"ros_timestamp":"1696255520.861666","wall_type":"left","a":0.9999010563,"b":0.0138056884,"c":0.0026938359,"d":1.3227536678,"shortest_distance":0.9408088843,"num_points":1506,"plane_center_x":-1.3189809322,"plane_center_y":-0.5366281271,"plane_center_z":1.0727002621,"color_id":1},"2":{"ros_timestamp":"1696255520.861666","wall_type":"right","a":0.9999231696,"b":0.0123960199,"c":0.0000263174,"d":-1.3238412142,"shortest_distance":1.7088985806,"num_points":939,"plane_center_x":1.3227502108,"plane_center_y":0.0938091502,"plane_center_z":1.1312333345,"color_id":2},"3":{"ros_timestamp":"1696255520.861666","wall_type":"front","a":0.0117954584,"b":-0.9999304414,"c":0.0000249189,"d":2.9276750088,"shortest_distance":2.6134693443,"num_points":350,"plane_center_x":-0.0396289155,"plane_center_y":2.9274425507,"plane_center_z":1.262856245,"color_id":3},"4":{"ros_timestamp":"1696255520.861666","wall_type":"back","a":0.0103650019,"b":-0.9999462962,"c":-0.000062336,"d":-2.9278671741,"shortest_distance":3.2416085417,"num_points":389,"plane_center_x":0.0177560411,"plane_center_y":-2.9279162884,"plane_center_z":1.2170920372,"color_id":4}}