{"0":{"ros_timestamp":"1696255521.1616645","wall_type":"floor","a":-0.0017606206,"b":0.0000500237,"c":0.9999983907,"d":-0.0017908608,"shortest_distance":0.9988885037,"num_points":1130,"plane_center_x":0.085917972,"plane_center_y":-0.5410534739,"plane_center_z":0.0019691985,"color_id":0},"1":{"ros_timestamp":"1696255521.1616645","wall_type":"left","a":0.9999092221,"b":0.0134565812,"c":0.0006551824,"d":1.3254780769,"shortest_distance":0.9382540039,"num_points":1504,"plane_center_x":-1.3190463781,"plane_center_y":-0.536889255,"plane_center_z":1.0741205215,"color_id":1},"2":{"ros_timestamp":"1696255521.1616645","wall_type":"right","a":0.9999180436,"b":0.0127992965,"c":0.0000222778,"d":-1.3248281479,"shortest_distance":1.7128896288,"num_points":953,"plane_center_x":1.3237317801,"plane_center_y":0.0921707898,"plane_center_z":1.1293182373,"color_id":2},"3":{"ros_timestamp":"1696255521.1616645","wall_type":"front","a":0.0117954584,"b":-0.9999304414,"c":0.0000249189,"d":2.9276750088,"shortest_distance":2.6173377164,"num_points":350,"plane_center_x":-0.0396289155,"plane_center_y":2.9274425507,"plane_center_z":1.262856245,"color_id":3},"4":{"ros_timestamp":"1696255521.1616645","wall_type":"back","a":0.0108666476,"b":-0.9999409318,"c":-0.0000069272,"d":-2.9277734756,"shortest_distance":3.2377817514,"num_points":389,"plane_center_x":0.0194301736,"plane_center_y":-2.9277436733,"plane_center_z":1.2170842886,"color_id":4}}