{"0":{"ros_timestamp":"1696255521.4870265","wall_type":"floor","a":-0.0018155702,"b":0.0000585392,"c":0.9999983311,"d":-0.0018100708,"shortest_distance":0.9989038375,"num_points":1129,"plane_center_x":0.0870678127,"plane_center_y":-0.5400469303,"plane_center_z":0.0019997656,"color_id":0},"1":{"ros_timestamp":"1696255521.4870265","wall_type":"left","a":0.9999063015,"b":0.0135899289,"c":0.0016748395,"d":1.324093461,"shortest_distance":0.931787685,"num_points":1505,"plane_center_x":-1.3189985752,"plane_center_y":-0.5379056931,"plane_center_z":1.0734068155,"color_id":1},"2":{"ros_timestamp":"1696255521.4870265","wall_type":"right","a":0.9999232888,"b":0.0123829152,"c":0.0000085525,"d":-1.3238208294,"shortest_distance":1.7181591528,"num_points":953,"plane_center_x":1.3227798939,"plane_center_y":0.091475673,"plane_center_z":1.1292977333,"color_id":2},"3":{"ros_timestamp":"1696255521.4870265","wall_type":"front","a":0.0117954584,"b":-0.9999304414,"c":0.0000249189,"d":2.9276750088,"shortest_distance":2.6251671784,"num_points":350,"plane_center_x":-0.0396289155,"plane_center_y":2.9274425507,"plane_center_z":1.262856245,"color_id":3},"4":{"ros_timestamp":"1696255521.4870265","wall_type":"back","a":0.0108666476,"b":-0.9999409318,"c":-0.0000069272,"d":-2.9277734756,"shortest_distance":3.2299465995,"num_points":389,"plane_center_x":0.0194301736,"plane_center_y":-2.9277436733,"plane_center_z":1.2170842886,"color_id":4}}