{"0":{"ros_timestamp":"1696255521.5751147","wall_type":"floor","a":-0.0018247548,"b":0.0000599071,"c":0.9999982715,"d":-0.0017949895,"shortest_distance":0.9989229655,"num_points":1128,"plane_center_x":0.0884895176,"plane_center_y":-0.5415828228,"plane_center_z":0.0019889092,"color_id":0},"1":{"ros_timestamp":"1696255521.5751147","wall_type":"left","a":0.9999070168,"b":0.0134832729,"c":0.0019922897,"d":1.3235803843,"shortest_distance":0.931560134,"num_points":1506,"plane_center_x":-1.3189809322,"plane_center_y":-0.5366281271,"plane_center_z":1.0727002621,"color_id":1},"2":{"ros_timestamp":"1696255521.5751147","wall_type":"right","a":0.9999180436,"b":0.0128026707,"c":-0.0000046519,"d":-1.3247733116,"shortest_distance":1.7189976531,"num_points":953,"plane_center_x":1.3237184286,"plane_center_y":0.0912795439,"plane_center_z":1.1292952299,"color_id":2},"3":{"ros_timestamp":"1696255521.5751147","wall_type":"front","a":0.0117954584,"b":-0.9999304414,"c":0.0000249189,"d":2.9276750088,"shortest_distance":2.6251671784,"num_points":350,"plane_center_x":-0.0396289155,"plane_center_y":2.9274425507,"plane_center_z":1.262856245,"color_id":3},"4":{"ros_timestamp":"1696255521.5751147","wall_type":"back","a":0.0108666476,"b":-0.9999409318,"c":-0.0000069272,"d":-2.9277734756,"shortest_distance":3.2299465995,"num_points":389,"plane_center_x":0.0194301736,"plane_center_y":-2.9277436733,"plane_center_z":1.2170842886,"color_id":4}}