{"0":{"ros_timestamp":"1696255521.7878976","wall_type":"floor","a":-0.0017806126,"b":0.0000519844,"c":0.9999984503,"d":-0.0017978877,"shortest_distance":0.9989052765,"num_points":1130,"plane_center_x":0.0861760974,"plane_center_y":-0.5412853956,"plane_center_z":0.0019794754,"color_id":0},"1":{"ros_timestamp":"1696255521.7878976","wall_type":"left","a":0.9999092221,"b":0.0134565812,"c":0.0006551824,"d":1.3254780769,"shortest_distance":0.9290997286,"num_points":1504,"plane_center_x":-1.3190463781,"plane_center_y":-0.536889255,"plane_center_z":1.0741205215,"color_id":1},"2":{"ros_timestamp":"1696255521.7878976","wall_type":"right","a":0.9999030828,"b":0.0139167728,"c":-0.0000266118,"d":-1.3273706436,"shortest_distance":1.7242932196,"num_points":955,"plane_center_x":1.3262605667,"plane_center_y":0.0911547765,"plane_center_z":1.1290231943,"color_id":2},"3":{"ros_timestamp":"1696255521.7878976","wall_type":"front","a":0.0117954584,"b":-0.9999304414,"c":0.0000249189,"d":2.9276750088,"shortest_distance":2.6291274854,"num_points":350,"plane_center_x":-0.0396289155,"plane_center_y":2.9274425507,"plane_center_z":1.262856245,"color_id":3},"4":{"ros_timestamp":"1696255521.7878976","wall_type":"back","a":0.0108666476,"b":-0.9999409318,"c":-0.0000069272,"d":-2.9277734756,"shortest_distance":3.2259835024,"num_points":389,"plane_center_x":0.0194301736,"plane_center_y":-2.9277436733,"plane_center_z":1.2170842886,"color_id":4}}