{"0":{"ros_timestamp":"1696255522.0616176","wall_type":"floor","a":-0.0018027886,"b":0.0000632031,"c":0.9999984503,"d":-0.0018209578,"shortest_distance":0.9988993631,"num_points":1130,"plane_center_x":0.0862290636,"plane_center_y":-0.5416163206,"plane_center_z":0.0020106453,"color_id":0},"1":{"ros_timestamp":"1696255522.0616176","wall_type":"left","a":0.9999092221,"b":0.0134565812,"c":0.0006551824,"d":1.3254780769,"shortest_distance":0.9261273066,"num_points":1504,"plane_center_x":-1.3190463781,"plane_center_y":-0.536889255,"plane_center_z":1.0741205215,"color_id":1},"2":{"ros_timestamp":"1696255522.0616176","wall_type":"right","a":0.9999223948,"b":0.0124560511,"c":-0.0000197691,"d":-1.3239337206,"shortest_distance":1.7242547999,"num_points":957,"plane_center_x":1.322966814,"plane_center_y":0.0876577497,"plane_center_z":1.128718853,"color_id":2},"3":{"ros_timestamp":"1696255522.0616176","wall_type":"front","a":0.0117954584,"b":-0.9999304414,"c":0.0000249189,"d":2.9276750088,"shortest_distance":2.6331176495,"num_points":350,"plane_center_x":-0.0396289155,"plane_center_y":2.9274425507,"plane_center_z":1.262856245,"color_id":3},"4":{"ros_timestamp":"1696255522.0616176","wall_type":"back","a":0.0108666476,"b":-0.9999409318,"c":-0.0000069272,"d":-2.9277734756,"shortest_distance":3.2219905853,"num_points":389,"plane_center_x":0.0194301736,"plane_center_y":-2.9277436733,"plane_center_z":1.2170842886,"color_id":4}}