{"0":{"ros_timestamp":"1696255522.3799162","wall_type":"floor","a":-0.0011468737,"b":-0.0002467702,"c":0.9999993443,"d":-0.0016561109,"shortest_distance":0.9987189176,"num_points":1128,"plane_center_x":0.0889550671,"plane_center_y":-0.5419749618,"plane_center_z":0.0020257758,"color_id":0},"1":{"ros_timestamp":"1696255522.3799162","wall_type":"left","a":0.9999048114,"b":0.0133702485,"c":0.0034124511,"d":1.3214855194,"shortest_distance":0.9190448507,"num_points":1506,"plane_center_x":-1.3189809322,"plane_center_y":-0.5366281271,"plane_center_z":1.0727002621,"color_id":1},"2":{"ros_timestamp":"1696255522.3799162","wall_type":"right","a":0.9999066591,"b":0.0136625329,"c":0.0000015904,"d":-1.3268338442,"shortest_distance":1.7326036984,"num_points":957,"plane_center_x":1.325681448,"plane_center_y":0.0932695046,"plane_center_z":1.1286969185,"color_id":2},"3":{"ros_timestamp":"1696255522.3799162","wall_type":"front","a":0.0117954584,"b":-0.9999304414,"c":0.0000249189,"d":2.9276750088,"shortest_distance":2.6411859495,"num_points":350,"plane_center_x":-0.0396289155,"plane_center_y":2.9274425507,"plane_center_z":1.262856245,"color_id":3},"4":{"ros_timestamp":"1696255522.3799162","wall_type":"back","a":0.0108666476,"b":-0.9999409318,"c":-0.0000069272,"d":-2.9277734756,"shortest_distance":3.2139168909,"num_points":389,"plane_center_x":0.0194301736,"plane_center_y":-2.9277436733,"plane_center_z":1.2170842886,"color_id":4}}