{"0":{"ros_timestamp":"1696255522.580521","wall_type":"floor","a":-0.0018027833,"b":0.0000590762,"c":0.9999984503,"d":-0.0018162562,"shortest_distance":0.9989174886,"num_points":1130,"plane_center_x":0.0866661519,"plane_center_y":-0.5418180227,"plane_center_z":0.0020474116,"color_id":0},"1":{"ros_timestamp":"1696255522.580521","wall_type":"left","a":0.9999101758,"b":0.0133540183,"c":0.0011646686,"d":1.3246934414,"shortest_distance":0.9171471467,"num_points":1504,"plane_center_x":-1.3190463781,"plane_center_y":-0.536889255,"plane_center_z":1.0741205215,"color_id":1},"2":{"ros_timestamp":"1696255522.580521","wall_type":"right","a":0.9999015331,"b":0.0140313981,"c":-0.0000790385,"d":-1.3274376392,"shortest_distance":1.7360360229,"num_points":971,"plane_center_x":1.3263874054,"plane_center_y":0.0905109346,"plane_center_z":1.1268296242,"color_id":2},"3":{"ros_timestamp":"1696255522.580521","wall_type":"front","a":0.0117954584,"b":-0.9999304414,"c":0.0000249189,"d":2.9276750088,"shortest_distance":2.6452632787,"num_points":350,"plane_center_x":-0.0396289155,"plane_center_y":2.9274425507,"plane_center_z":1.262856245,"color_id":3},"4":{"ros_timestamp":"1696255522.580521","wall_type":"back","a":0.0108666476,"b":-0.9999409318,"c":-0.0000069272,"d":-2.9277734756,"shortest_distance":3.209836921,"num_points":389,"plane_center_x":0.0194301736,"plane_center_y":-2.9277436733,"plane_center_z":1.2170842886,"color_id":4}}