{"0":{"ros_timestamp":"1696255523.5784414","wall_type":"floor","a":-0.0018037676,"b":0.0000555383,"c":0.9999983907,"d":-0.0017620801,"shortest_distance":0.9989895865,"num_points":1124,"plane_center_x":0.0907040313,"plane_center_y":-0.5397203565,"plane_center_z":0.0019986059,"color_id":0},"1":{"ros_timestamp":"1696255523.5784414","wall_type":"left","a":0.9999013543,"b":0.013157377,"c":0.0049183262,"d":1.3192102909,"shortest_distance":0.9043769971,"num_points":1508,"plane_center_x":-1.3189064264,"plane_center_y":-0.5367219448,"plane_center_z":1.0712856054,"color_id":1},"2":{"ros_timestamp":"1696255523.5784414","wall_type":"right","a":0.9999180436,"b":0.0128034912,"c":-0.0000596663,"d":-1.3247197866,"shortest_distance":1.744630299,"num_points":971,"plane_center_x":1.3237390518,"plane_center_y":0.0903259367,"plane_center_z":1.126726985,"color_id":2},"3":{"ros_timestamp":"1696255523.5784414","wall_type":"front","a":0.0117954584,"b":-0.9999304414,"c":0.0000249189,"d":2.9276750088,"shortest_distance":2.6618509104,"num_points":350,"plane_center_x":-0.0396289155,"plane_center_y":2.9274425507,"plane_center_z":1.262856245,"color_id":3},"4":{"ros_timestamp":"1696255523.5784414","wall_type":"back","a":0.0108666476,"b":-0.9999409318,"c":-0.0000069272,"d":-2.9277734756,"shortest_distance":3.1932391095,"num_points":389,"plane_center_x":0.0194301736,"plane_center_y":-2.9277436733,"plane_center_z":1.2170842886,"color_id":4}}