{"0":{"ros_timestamp":"1696255523.7616909","wall_type":"floor","a":-0.0017801515,"b":0.0000577817,"c":0.9999983907,"d":-0.0017760292,"shortest_distance":0.9989706307,"num_points":1125,"plane_center_x":0.0873461813,"plane_center_y":-0.5391753912,"plane_center_z":0.0019626764,"color_id":0},"1":{"ros_timestamp":"1696255523.7616909","wall_type":"left","a":0.9999070168,"b":0.0134832729,"c":0.0019922897,"d":1.3235803843,"shortest_distance":0.9032593002,"num_points":1506,"plane_center_x":-1.3189809322,"plane_center_y":-0.5366281271,"plane_center_z":1.0727002621,"color_id":1},"2":{"ros_timestamp":"1696255523.7616909","wall_type":"right","a":0.9999229908,"b":0.0124158198,"c":-0.0000503342,"d":-1.3238477707,"shortest_distance":1.7464921318,"num_points":973,"plane_center_x":1.3229198456,"plane_center_y":0.0875120014,"plane_center_z":1.1261882782,"color_id":2},"3":{"ros_timestamp":"1696255523.7616909","wall_type":"front","a":0.0117954584,"b":-0.9999304414,"c":0.0000249189,"d":2.9276750088,"shortest_distance":2.6660653235,"num_points":350,"plane_center_x":-0.0396289155,"plane_center_y":2.9274425507,"plane_center_z":1.262856245,"color_id":3},"4":{"ros_timestamp":"1696255523.7616909","wall_type":"back","a":0.0108666476,"b":-0.9999409318,"c":-0.0000069272,"d":-2.9277734756,"shortest_distance":3.1890222483,"num_points":389,"plane_center_x":0.0194301736,"plane_center_y":-2.9277436733,"plane_center_z":1.2170842886,"color_id":4}}