{"0":{"ros_timestamp":"1696255523.8618631","wall_type":"floor","a":-0.0017585792,"b":0.0000531845,"c":0.9999983907,"d":-0.0017670861,"shortest_distance":0.9989734951,"num_points":1125,"plane_center_x":0.0874775499,"plane_center_y":-0.5391296148,"plane_center_z":0.0019495988,"color_id":0},"1":{"ros_timestamp":"1696255523.8618631","wall_type":"left","a":0.9999070168,"b":0.0134832729,"c":0.0019922897,"d":1.3235803843,"shortest_distance":0.9006569866,"num_points":1506,"plane_center_x":-1.3189809322,"plane_center_y":-0.5366281271,"plane_center_z":1.0727002621,"color_id":1},"2":{"ros_timestamp":"1696255523.8618631","wall_type":"right","a":0.9999008775,"b":0.0140759917,"c":-0.0001381417,"d":-1.3273215294,"shortest_distance":1.7522232563,"num_points":973,"plane_center_x":1.3263593912,"plane_center_y":0.0887458101,"plane_center_z":1.126199007,"color_id":2},"3":{"ros_timestamp":"1696255523.8618631","wall_type":"front","a":0.0117954584,"b":-0.9999304414,"c":0.0000249189,"d":2.9276750088,"shortest_distance":2.6703058999,"num_points":350,"plane_center_x":-0.0396289155,"plane_center_y":2.9274425507,"plane_center_z":1.262856245,"color_id":3},"4":{"ros_timestamp":"1696255523.8618631","wall_type":"back","a":0.0108666476,"b":-0.9999409318,"c":-0.0000069272,"d":-2.9277734756,"shortest_distance":3.1847792631,"num_points":389,"plane_center_x":0.0194301736,"plane_center_y":-2.9277436733,"plane_center_z":1.2170842886,"color_id":4}}