{"0":{"ros_timestamp":"1696255524.0864217","wall_type":"floor","a":-0.0017088304,"b":0.0000442223,"c":0.9999985099,"d":-0.001748533,"shortest_distance":0.9989726487,"num_points":1126,"plane_center_x":0.0883134082,"plane_center_y":-0.5410859585,"plane_center_z":0.0019233767,"color_id":0},"1":{"ros_timestamp":"1696255524.0864217","wall_type":"left","a":0.9999016523,"b":0.0136996973,"c":0.0030029039,"d":1.3222529888,"shortest_distance":0.8978362649,"num_points":1506,"plane_center_x":-1.3189809322,"plane_center_y":-0.5366281271,"plane_center_z":1.0727002621,"color_id":1},"2":{"ros_timestamp":"1696255524.0864217","wall_type":"right","a":0.9999006987,"b":0.0140905101,"c":-0.0001563406,"d":-1.3273079395,"shortest_distance":1.7547864898,"num_points":973,"plane_center_x":1.3263576031,"plane_center_y":0.0892857835,"plane_center_z":1.1261758804,"color_id":2},"3":{"ros_timestamp":"1696255524.0864217","wall_type":"front","a":0.0117954584,"b":-0.9999304414,"c":0.0000249189,"d":2.9276750088,"shortest_distance":2.6745722155,"num_points":350,"plane_center_x":-0.0396289155,"plane_center_y":2.9274425507,"plane_center_z":1.262856245,"color_id":3},"4":{"ros_timestamp":"1696255524.0864217","wall_type":"back","a":0.0108666476,"b":-0.9999409318,"c":-0.0000069272,"d":-2.9277734756,"shortest_distance":3.1805105783,"num_points":389,"plane_center_x":0.0194301736,"plane_center_y":-2.9277436733,"plane_center_z":1.2170842886,"color_id":4}}