{"0":{"ros_timestamp":"1696255524.4904118","wall_type":"floor","a":-0.0010926994,"b":-0.0003353114,"c":0.9999993443,"d":-0.0012142075,"shortest_distance":0.9991563999,"num_points":1127,"plane_center_x":0.0872565731,"plane_center_y":-0.5394502282,"plane_center_z":0.0019200969,"color_id":0},"1":{"ros_timestamp":"1696255524.4904118","wall_type":"left","a":0.9999043941,"b":0.0136758648,"c":0.0020462084,"d":1.3236094713,"shortest_distance":0.8932361748,"num_points":1505,"plane_center_x":-1.3189985752,"plane_center_y":-0.5379056931,"plane_center_z":1.0734068155,"color_id":1},"2":{"ros_timestamp":"1696255524.4904118","wall_type":"right","a":0.9998970032,"b":0.0143475104,"c":-0.0002067626,"d":-1.3277579546,"shortest_distance":1.760220229,"num_points":988,"plane_center_x":1.3268247843,"plane_center_y":0.0907685086,"plane_center_z":1.1250377893,"color_id":2},"3":{"ros_timestamp":"1696255524.4904118","wall_type":"front","a":0.0117954584,"b":-0.9999304414,"c":0.0000249189,"d":2.9276750088,"shortest_distance":2.6831803552,"num_points":350,"plane_center_x":-0.0396289155,"plane_center_y":2.9274425507,"plane_center_z":1.262856245,"color_id":3},"4":{"ros_timestamp":"1696255524.4904118","wall_type":"back","a":0.0108666476,"b":-0.9999409318,"c":-0.0000069272,"d":-2.9277734756,"shortest_distance":3.1718978197,"num_points":389,"plane_center_x":0.0194301736,"plane_center_y":-2.9277436733,"plane_center_z":1.2170842886,"color_id":4}}