{"0":{"ros_timestamp":"1696255524.5830503","wall_type":"floor","a":-0.0012370963,"b":-0.0003099795,"c":0.9999992251,"d":-0.0012640763,"shortest_distance":0.9991753543,"num_points":1127,"plane_center_x":0.0871362314,"plane_center_y":-0.5394505262,"plane_center_z":0.0019060347,"color_id":0},"1":{"ros_timestamp":"1696255524.5830503","wall_type":"left","a":0.9999057651,"b":0.0136756366,"c":0.001196948,"d":1.3248239756,"shortest_distance":0.8936007961,"num_points":1505,"plane_center_x":-1.3189985752,"plane_center_y":-0.5379056931,"plane_center_z":1.0734068155,"color_id":1},"2":{"ros_timestamp":"1696255524.5830503","wall_type":"right","a":0.9999172688,"b":0.0128607862,"c":-0.0000927215,"d":-1.3248391151,"shortest_distance":1.7575520612,"num_points":988,"plane_center_x":1.3239029646,"plane_center_y":0.0894219428,"plane_center_z":1.1250137091,"color_id":2},"3":{"ros_timestamp":"1696255524.5830503","wall_type":"front","a":0.0117954584,"b":-0.9999304414,"c":0.0000249189,"d":2.9276750088,"shortest_distance":2.6831803552,"num_points":350,"plane_center_x":-0.0396289155,"plane_center_y":2.9274425507,"plane_center_z":1.262856245,"color_id":3},"4":{"ros_timestamp":"1696255524.5830503","wall_type":"back","a":0.0108666476,"b":-0.9999409318,"c":-0.0000069272,"d":-2.9277734756,"shortest_distance":3.1718978197,"num_points":389,"plane_center_x":0.0194301736,"plane_center_y":-2.9277436733,"plane_center_z":1.2170842886,"color_id":4}}