{"0":{"ros_timestamp":"1696255524.9779854","wall_type":"floor","a":-0.0017429362,"b":0.0000516243,"c":0.9999985099,"d":-0.0017608277,"shortest_distance":0.9989926151,"num_points":1126,"plane_center_x":0.0886492357,"plane_center_y":-0.5412715673,"plane_center_z":0.0019432834,"color_id":0},"1":{"ros_timestamp":"1696255524.9779854","wall_type":"left","a":0.9999060631,"b":0.0135024767,"c":0.0023488572,"d":1.3230810165,"shortest_distance":0.8881498118,"num_points":1506,"plane_center_x":-1.3189809322,"plane_center_y":-0.5366281271,"plane_center_z":1.0727002621,"color_id":1},"2":{"ros_timestamp":"1696255524.9779854","wall_type":"right","a":0.9999167323,"b":0.0129042091,"c":-0.0001142943,"d":-1.324878335,"shortest_distance":1.7624153218,"num_points":989,"plane_center_x":1.3239830732,"plane_center_y":0.0878847241,"plane_center_z":1.1241000891,"color_id":2},"3":{"ros_timestamp":"1696255524.9779854","wall_type":"front","a":0.0117954584,"b":-0.9999304414,"c":0.0000249189,"d":2.9276750088,"shortest_distance":2.6918862994,"num_points":350,"plane_center_x":-0.0396289155,"plane_center_y":2.9274425507,"plane_center_z":1.262856245,"color_id":3},"4":{"ros_timestamp":"1696255524.9779854","wall_type":"back","a":0.0108666476,"b":-0.9999409318,"c":-0.0000069272,"d":-2.9277734756,"shortest_distance":3.1631874174,"num_points":389,"plane_center_x":0.0194301736,"plane_center_y":-2.9277436733,"plane_center_z":1.2170842886,"color_id":4}}