{"0":{"ros_timestamp":"1696255525.0740762","wall_type":"floor","a":-0.0017160283,"b":0.0000463947,"c":0.9999985099,"d":-0.0017687655,"shortest_distance":0.9989753817,"num_points":1128,"plane_center_x":0.0863548294,"plane_center_y":-0.5408806205,"plane_center_z":0.0019420497,"color_id":0},"1":{"ros_timestamp":"1696255525.0740762","wall_type":"left","a":0.9999074936,"b":0.0135887908,"c":0.0005386689,"d":1.32571733,"shortest_distance":0.8866511915,"num_points":1504,"plane_center_x":-1.3190463781,"plane_center_y":-0.536889255,"plane_center_z":1.0741205215,"color_id":1},"2":{"ros_timestamp":"1696255525.0740762","wall_type":"right","a":0.9998975992,"b":0.0143084815,"c":-0.0001350909,"d":-1.327781558,"shortest_distance":1.7673543135,"num_points":990,"plane_center_x":1.3268053532,"plane_center_y":0.0883498862,"plane_center_z":1.1246818304,"color_id":2},"3":{"ros_timestamp":"1696255525.0740762","wall_type":"front","a":0.0117954584,"b":-0.9999304414,"c":0.0000249189,"d":2.9276750088,"shortest_distance":2.6962748615,"num_points":350,"plane_center_x":-0.0396289155,"plane_center_y":2.9274425507,"plane_center_z":1.262856245,"color_id":3},"4":{"ros_timestamp":"1696255525.0740762","wall_type":"back","a":0.0108666476,"b":-0.9999409318,"c":-0.0000069272,"d":-2.9277734756,"shortest_distance":3.1587966871,"num_points":389,"plane_center_x":0.0194301736,"plane_center_y":-2.9277436733,"plane_center_z":1.2170842886,"color_id":4}}