{"0":{"ros_timestamp":"1696255525.1881912","wall_type":"floor","a":-0.0017316767,"b":0.0000485375,"c":0.9999985099,"d":-0.0017768695,"shortest_distance":0.9989746633,"num_points":1127,"plane_center_x":0.0875391886,"plane_center_y":-0.5395510793,"plane_center_z":0.0019546505,"color_id":0},"1":{"ros_timestamp":"1696255525.1881912","wall_type":"left","a":0.9999060035,"b":0.0136478217,"c":0.0012729502,"d":1.3246999979,"shortest_distance":0.8863821548,"num_points":1505,"plane_center_x":-1.3189985752,"plane_center_y":-0.5379056931,"plane_center_z":1.0734068155,"color_id":1},"2":{"ros_timestamp":"1696255525.1881912","wall_type":"right","a":0.9999230504,"b":0.0124009224,"c":-0.0001435879,"d":-1.3237769604,"shortest_distance":1.7638010495,"num_points":990,"plane_center_x":1.322939992,"plane_center_y":0.0887259245,"plane_center_z":1.1246430874,"color_id":2},"3":{"ros_timestamp":"1696255525.1881912","wall_type":"front","a":0.0117954584,"b":-0.9999304414,"c":0.0000249189,"d":2.9276750088,"shortest_distance":2.6962748615,"num_points":350,"plane_center_x":-0.0396289155,"plane_center_y":2.9274425507,"plane_center_z":1.262856245,"color_id":3},"4":{"ros_timestamp":"1696255525.1881912","wall_type":"back","a":0.0108666476,"b":-0.9999409318,"c":-0.0000069272,"d":-2.9277734756,"shortest_distance":3.1587966871,"num_points":389,"plane_center_x":0.0194301736,"plane_center_y":-2.9277436733,"plane_center_z":1.2170842886,"color_id":4}}