{"0":{"ros_timestamp":"1696255525.2907972","wall_type":"floor","a":-0.001987756,"b":0.0001015331,"c":0.9999980927,"d":-0.001958308,"shortest_distance":0.9989221065,"num_points":1127,"plane_center_x":0.0876211748,"plane_center_y":-0.5394449234,"plane_center_z":0.0019181826,"color_id":0},"1":{"ros_timestamp":"1696255525.2907972","wall_type":"left","a":0.999905169,"b":0.0136912409,"c":0.0015079342,"d":1.324387908,"shortest_distance":0.8840145901,"num_points":1505,"plane_center_x":-1.3189985752,"plane_center_y":-0.5379056931,"plane_center_z":1.0734068155,"color_id":1},"2":{"ros_timestamp":"1696255525.2907972","wall_type":"right","a":0.9999030828,"b":0.0139245046,"c":-0.0001421629,"d":-1.3270072937,"shortest_distance":1.7689778981,"num_points":991,"plane_center_x":1.3260335922,"plane_center_y":0.0906301737,"plane_center_z":1.1238039732,"color_id":2},"3":{"ros_timestamp":"1696255525.2907972","wall_type":"front","a":0.0117954584,"b":-0.9999304414,"c":0.0000249189,"d":2.9276750088,"shortest_distance":2.700686566,"num_points":350,"plane_center_x":-0.0396289155,"plane_center_y":2.9274425507,"plane_center_z":1.262856245,"color_id":3},"4":{"ros_timestamp":"1696255525.2907972","wall_type":"back","a":0.0108666476,"b":-0.9999409318,"c":-0.0000069272,"d":-2.9277734756,"shortest_distance":3.1543828554,"num_points":389,"plane_center_x":0.0194301736,"plane_center_y":-2.9277436733,"plane_center_z":1.2170842886,"color_id":4}}