{"0":{"ros_timestamp":"1696255525.3805912","wall_type":"floor","a":-0.0016311003,"b":0.0000357758,"c":0.9999986291,"d":-0.0017405017,"shortest_distance":0.9989672815,"num_points":1128,"plane_center_x":0.0863917619,"plane_center_y":-0.5407875776,"plane_center_z":0.0019426134,"color_id":0},"1":{"ros_timestamp":"1696255525.3805912","wall_type":"left","a":0.9999090433,"b":0.0134788956,"c":0.0005599132,"d":1.3256266117,"shortest_distance":0.8842564702,"num_points":1504,"plane_center_x":-1.3190463781,"plane_center_y":-0.536889255,"plane_center_z":1.0741205215,"color_id":1},"2":{"ros_timestamp":"1696255525.3805912","wall_type":"right","a":0.9999183416,"b":0.0127716735,"c":-0.0002201938,"d":-1.3244949579,"shortest_distance":1.7668062621,"num_points":991,"plane_center_x":1.3237419128,"plane_center_y":0.0894508213,"plane_center_z":1.1237828732,"color_id":2},"3":{"ros_timestamp":"1696255525.3805912","wall_type":"front","a":0.0117954584,"b":-0.9999304414,"c":0.0000249189,"d":2.9276750088,"shortest_distance":2.700686566,"num_points":350,"plane_center_x":-0.0396289155,"plane_center_y":2.9274425507,"plane_center_z":1.262856245,"color_id":3},"4":{"ros_timestamp":"1696255525.3805912","wall_type":"back","a":0.0108666476,"b":-0.9999409318,"c":-0.0000069272,"d":-2.9277734756,"shortest_distance":3.1543828554,"num_points":389,"plane_center_x":0.0194301736,"plane_center_y":-2.9277436733,"plane_center_z":1.2170842886,"color_id":4}}