{"0":{"ros_timestamp":"1696255525.5618393","wall_type":"floor","a":-0.0016787885,"b":0.0000435611,"c":0.9999986291,"d":-0.0017281547,"shortest_distance":0.9990059867,"num_points":1125,"plane_center_x":0.0902395323,"plane_center_y":-0.5429309607,"plane_center_z":0.0019466567,"color_id":0},"1":{"ros_timestamp":"1696255525.5618393","wall_type":"left","a":0.9999088645,"b":0.0129422713,"c":0.0038503739,"d":1.3210318089,"shortest_distance":0.8805800766,"num_points":1507,"plane_center_x":-1.318962574,"plane_center_y":-0.53529495,"plane_center_z":1.0719915628,"color_id":1},"2":{"ros_timestamp":"1696255525.5618393","wall_type":"right","a":0.9999135137,"b":0.0131484754,"c":-0.0002088441,"d":-1.3251646757,"shortest_distance":1.7696327988,"num_points":991,"plane_center_x":1.3243236542,"plane_center_y":0.090530619,"plane_center_z":1.1237572432,"color_id":2},"3":{"ros_timestamp":"1696255525.5618393","wall_type":"front","a":0.0117954584,"b":-0.9999304414,"c":0.0000249189,"d":2.9276750088,"shortest_distance":2.7051209715,"num_points":350,"plane_center_x":-0.0396289155,"plane_center_y":2.9274425507,"plane_center_z":1.262856245,"color_id":3},"4":{"ros_timestamp":"1696255525.5618393","wall_type":"back","a":0.0108666476,"b":-0.9999409318,"c":-0.0000069272,"d":-2.9277734756,"shortest_distance":3.1499463637,"num_points":389,"plane_center_x":0.0194301736,"plane_center_y":-2.9277436733,"plane_center_z":1.2170842886,"color_id":4}}