{"0":{"ros_timestamp":"1696255525.7618961","wall_type":"floor","a":-0.0016373029,"b":0.0000093037,"c":0.9999986291,"d":-0.0017882321,"shortest_distance":0.9989234635,"num_points":1126,"plane_center_x":0.0890315399,"plane_center_y":-0.5412692428,"plane_center_z":0.0019370713,"color_id":0},"1":{"ros_timestamp":"1696255525.7618961","wall_type":"left","a":0.9999106526,"b":0.0132453116,"c":0.0018133151,"d":1.3237062693,"shortest_distance":0.8790726161,"num_points":1506,"plane_center_x":-1.3189809322,"plane_center_y":-0.5366281271,"plane_center_z":1.0727002621,"color_id":1},"2":{"ros_timestamp":"1696255525.7618961","wall_type":"right","a":0.9999117255,"b":0.0132783633,"c":0.0004851728,"d":-1.3256812096,"shortest_distance":1.7716363943,"num_points":991,"plane_center_x":1.324280858,"plane_center_y":0.0896820948,"plane_center_z":1.123734355,"color_id":2},"3":{"ros_timestamp":"1696255525.7618961","wall_type":"front","a":0.0117954584,"b":-0.9999304414,"c":0.0000249189,"d":2.9276750088,"shortest_distance":2.7095776348,"num_points":350,"plane_center_x":-0.0396289155,"plane_center_y":2.9274425507,"plane_center_z":1.262856245,"color_id":3},"4":{"ros_timestamp":"1696255525.7618961","wall_type":"back","a":0.0108666476,"b":-0.9999409318,"c":-0.0000069272,"d":-2.9277734756,"shortest_distance":3.1454876556,"num_points":389,"plane_center_x":0.0194301736,"plane_center_y":-2.9277436733,"plane_center_z":1.2170842886,"color_id":4}}