{"0":{"ros_timestamp":"1696255444.8629677","wall_type":"floor","a":0.000369044,"b":-0.0026057826,"c":0.9999965429,"d":0.0030863513,"shortest_distance":1.004283175,"num_points":438,"plane_center_x":0.0321017131,"plane_center_y":2.2247774601,"plane_center_z":0.0026990976,"color_id":0},"1":{"ros_timestamp":"1696255444.8629677","wall_type":"left","a":0.9999079704,"b":0.0135628982,"c":-0.0000233576,"d":1.3274937868,"shortest_distance":1.5598859355,"num_points":400,"plane_center_x":-1.3485304117,"plane_center_y":1.5438038111,"plane_center_z":1.1072394848,"color_id":1},"2":{"ros_timestamp":"1696255444.8629677","wall_type":"right","a":0.9999042749,"b":0.0138331214,"c":-0.0000010248,"d":-1.3271507025,"shortest_distance":1.0948551255,"num_points":384,"plane_center_x":1.294510603,"plane_center_y":2.3685977459,"plane_center_z":1.1670194864,"color_id":2},"3":{"ros_timestamp":"1696255444.8629677","wall_type":"front","a":0.0085042957,"b":-0.99996382,"c":0.0000085204,"d":2.9294037819,"shortest_distance":3.3677293055,"num_points":154,"plane_center_x":0.4330217838,"plane_center_y":2.9332027435,"plane_center_z":1.1997629404,"color_id":3}}