{"0":{"ros_timestamp":"1696255436.7845721","wall_type":"floor","a":0.0018538473,"b":-0.0003865059,"c":0.9999981523,"d":-0.0003969632,"shortest_distance":0.9998328016,"num_points":251,"plane_center_x":-0.0587568171,"plane_center_y":2.1353023052,"plane_center_z":0.0013311987,"color_id":0},"1":{"ros_timestamp":"1696255436.7845721","wall_type":"left","a":0.9999038577,"b":0.0138666295,"c":-0.000121973,"d":1.3243175745,"shortest_distance":1.3520884585,"num_points":210,"plane_center_x":-1.3523408175,"plane_center_y":2.021487236,"plane_center_z":1.1318691969,"color_id":1},"2":{"ros_timestamp":"1696255436.7845721","wall_type":"right","a":0.9999102354,"b":0.0131673291,"c":-0.0024583556,"d":-1.3220978975,"shortest_distance":1.2963163475,"num_points":311,"plane_center_x":1.295560956,"plane_center_y":2.255838871,"plane_center_z":1.1029806137,"color_id":2}}