{"0":{"ros_timestamp":"1696255525.9893527","wall_type":"floor","a":-0.00162854,"b":0.0000366874,"c":0.9999986291,"d":-0.0017369222,"shortest_distance":0.9989799424,"num_points":1127,"plane_center_x":0.0879092291,"plane_center_y":-0.5395168662,"plane_center_z":0.0019432569,"color_id":0},"1":{"ros_timestamp":"1696255525.9893527","wall_type":"left","a":0.9999061823,"b":0.0136255845,"c":0.0013650607,"d":1.3245556355,"shortest_distance":0.8773897086,"num_points":1505,"plane_center_x":-1.3189985752,"plane_center_y":-0.5379056931,"plane_center_z":1.0734068155,"color_id":1},"2":{"ros_timestamp":"1696255525.9893527","wall_type":"right","a":0.9999014139,"b":0.0140390294,"c":-0.0001737688,"d":-1.3271249533,"shortest_distance":1.7757414653,"num_points":1006,"plane_center_x":1.3261376619,"plane_center_y":0.093513824,"plane_center_z":1.1210860014,"color_id":2},"3":{"ros_timestamp":"1696255525.9893527","wall_type":"front","a":0.0117954584,"b":-0.9999304414,"c":0.0000249189,"d":2.9276750088,"shortest_distance":2.7140561101,"num_points":350,"plane_center_x":-0.0396289155,"plane_center_y":2.9274425507,"plane_center_z":1.262856245,"color_id":3},"4":{"ros_timestamp":"1696255525.9893527","wall_type":"back","a":0.0108666476,"b":-0.9999409318,"c":-0.0000069272,"d":-2.9277734756,"shortest_distance":3.1410071769,"num_points":389,"plane_center_x":0.0194301736,"plane_center_y":-2.9277436733,"plane_center_z":1.2170842886,"color_id":4}}