{"0":{"ros_timestamp":"1696255526.3798685","wall_type":"floor","a":-0.0016913668,"b":0.0000475438,"c":0.9999985099,"d":-0.0017585467,"shortest_distance":0.9989952987,"num_points":1126,"plane_center_x":0.0868192986,"plane_center_y":-0.5386591554,"plane_center_z":0.0019310027,"color_id":0},"1":{"ros_timestamp":"1696255526.3798685","wall_type":"left","a":0.9999002218,"b":0.0139628202,"c":0.002137532,"d":1.3236606121,"shortest_distance":0.8731377038,"num_points":1505,"plane_center_x":-1.3189985752,"plane_center_y":-0.5379056931,"plane_center_z":1.0734068155,"color_id":1},"2":{"ros_timestamp":"1696255526.3798685","wall_type":"right","a":0.9999130964,"b":0.0131846722,"c":-0.0003341683,"d":-1.3250216246,"shortest_distance":1.7781769699,"num_points":1007,"plane_center_x":1.3243005276,"plane_center_y":0.0918019935,"plane_center_z":1.1199579239,"color_id":2},"3":{"ros_timestamp":"1696255526.3798685","wall_type":"front","a":0.0117954584,"b":-0.9999304414,"c":0.0000249189,"d":2.9276750088,"shortest_distance":2.7230767034,"num_points":350,"plane_center_x":-0.0396289155,"plane_center_y":2.9274425507,"plane_center_z":1.262856245,"color_id":3},"4":{"ros_timestamp":"1696255526.3798685","wall_type":"back","a":0.0108666476,"b":-0.9999409318,"c":-0.0000069272,"d":-2.9277734756,"shortest_distance":3.1319827022,"num_points":389,"plane_center_x":0.0194301736,"plane_center_y":-2.9277436733,"plane_center_z":1.2170842886,"color_id":4}}