{"0":{"ros_timestamp":"1696255526.4620063","wall_type":"floor","a":-0.001717038,"b":0.0000510783,"c":0.9999985099,"d":-0.0017477551,"shortest_distance":0.9990215927,"num_points":1125,"plane_center_x":0.0881152824,"plane_center_y":-0.5403914452,"plane_center_z":0.0019266576,"color_id":0},"1":{"ros_timestamp":"1696255526.4620063","wall_type":"left","a":0.9999023676,"b":0.0136799254,"c":0.002875878,"d":1.3224240541,"shortest_distance":0.8705499606,"num_points":1506,"plane_center_x":-1.3189809322,"plane_center_y":-0.5366281271,"plane_center_z":1.0727002621,"color_id":1},"2":{"ros_timestamp":"1696255526.4620063","wall_type":"right","a":0.9998998642,"b":0.0141462423,"c":-0.0001463374,"d":-1.3274271488,"shortest_distance":1.7822314892,"num_points":1008,"plane_center_x":1.326420188,"plane_center_y":0.0921640545,"plane_center_z":1.1205351353,"color_id":2},"3":{"ros_timestamp":"1696255526.4620063","wall_type":"front","a":0.0117954584,"b":-0.9999304414,"c":0.0000249189,"d":2.9276750088,"shortest_distance":2.7276179193,"num_points":350,"plane_center_x":-0.0396289155,"plane_center_y":2.9274425507,"plane_center_z":1.262856245,"color_id":3},"4":{"ros_timestamp":"1696255526.4620063","wall_type":"back","a":0.0108666476,"b":-0.9999409318,"c":-0.0000069272,"d":-2.9277734756,"shortest_distance":3.1274396087,"num_points":389,"plane_center_x":0.0194301736,"plane_center_y":-2.9277436733,"plane_center_z":1.2170842886,"color_id":4}}