{"0":{"ros_timestamp":"1696255526.5777767","wall_type":"floor","a":-0.0016242557,"b":0.0000395787,"c":0.9999986291,"d":-0.0017337537,"shortest_distance":0.9989910666,"num_points":1126,"plane_center_x":0.0868501961,"plane_center_y":-0.538708806,"plane_center_z":0.001937777,"color_id":0},"1":{"ros_timestamp":"1696255526.5777767","wall_type":"left","a":0.9999080896,"b":0.0135173732,"c":0.0011377385,"d":1.3248214722,"shortest_distance":0.8711749954,"num_points":1505,"plane_center_x":-1.3189985752,"plane_center_y":-0.5379056931,"plane_center_z":1.0734068155,"color_id":1},"2":{"ros_timestamp":"1696255526.5777767","wall_type":"right","a":0.9999118447,"b":0.0132711222,"c":-0.0003293581,"d":-1.3252295256,"shortest_distance":1.7803927015,"num_points":1008,"plane_center_x":1.3244889975,"plane_center_y":0.0924002901,"plane_center_z":1.1205165386,"color_id":2},"3":{"ros_timestamp":"1696255526.5777767","wall_type":"front","a":0.0117954584,"b":-0.9999304414,"c":0.0000249189,"d":2.9276750088,"shortest_distance":2.7276179193,"num_points":350,"plane_center_x":-0.0396289155,"plane_center_y":2.9274425507,"plane_center_z":1.262856245,"color_id":3},"4":{"ros_timestamp":"1696255526.5777767","wall_type":"back","a":0.0108666476,"b":-0.9999409318,"c":-0.0000069272,"d":-2.9277734756,"shortest_distance":3.1274396087,"num_points":389,"plane_center_x":0.0194301736,"plane_center_y":-2.9277436733,"plane_center_z":1.2170842886,"color_id":4}}