{"0":{"ros_timestamp":"1696255444.983589","wall_type":"floor","a":0.0003674355,"b":-0.0028376158,"c":0.9999958873,"d":0.0036212618,"shortest_distance":1.0049129954,"num_points":438,"plane_center_x":0.03219698,"plane_center_y":2.2248487473,"plane_center_z":0.0026801846,"color_id":0},"1":{"ros_timestamp":"1696255444.983589","wall_type":"left","a":0.9999006987,"b":0.0140928552,"c":-0.0000978618,"d":1.3231604099,"shortest_distance":1.559629536,"num_points":400,"plane_center_x":-1.3449398279,"plane_center_y":1.5436387062,"plane_center_z":1.1072400808,"color_id":1},"2":{"ros_timestamp":"1696255444.983589","wall_type":"right","a":0.9999042749,"b":0.0138331214,"c":-0.0000010248,"d":-1.3271507025,"shortest_distance":1.0904712022,"num_points":384,"plane_center_x":1.294510603,"plane_center_y":2.3685977459,"plane_center_z":1.1670194864,"color_id":2},"3":{"ros_timestamp":"1696255444.983589","wall_type":"front","a":0.010367726,"b":-0.9999462962,"c":0.000010753,"d":2.9282557964,"shortest_distance":3.3646597765,"num_points":154,"plane_center_x":0.4346752763,"plane_center_y":2.9329328537,"plane_center_z":1.1997549534,"color_id":3}}