{"0":{"ros_timestamp":"1696255527.0877473","wall_type":"floor","a":-0.0016484152,"b":0.0000433532,"c":0.9999986291,"d":-0.0017408504,"shortest_distance":0.9990044061,"num_points":1126,"plane_center_x":0.086987026,"plane_center_y":-0.5387332439,"plane_center_z":0.0019514228,"color_id":0},"1":{"ros_timestamp":"1696255527.0877473","wall_type":"left","a":0.9999050498,"b":0.0136421304,"c":0.0019188331,"d":1.3237729073,"shortest_distance":0.8651111943,"num_points":1505,"plane_center_x":-1.3189985752,"plane_center_y":-0.5379056931,"plane_center_z":1.0734068155,"color_id":1},"2":{"ros_timestamp":"1696255527.0877473","wall_type":"right","a":0.9999021292,"b":0.0139915738,"c":-0.0001106481,"d":-1.3272076845,"shortest_distance":1.7878342697,"num_points":1009,"plane_center_x":1.326146245,"plane_center_y":0.0939925537,"plane_center_z":1.1196552515,"color_id":2},"3":{"ros_timestamp":"1696255527.0877473","wall_type":"front","a":0.0117954584,"b":-0.9999304414,"c":0.0000249189,"d":2.9276750088,"shortest_distance":2.7413597887,"num_points":350,"plane_center_x":-0.0396289155,"plane_center_y":2.9274425507,"plane_center_z":1.262856245,"color_id":3},"4":{"ros_timestamp":"1696255527.0877473","wall_type":"back","a":0.0108666476,"b":-0.9999409318,"c":-0.0000069272,"d":-2.9277734756,"shortest_distance":3.1136923608,"num_points":389,"plane_center_x":0.0194301736,"plane_center_y":-2.9277436733,"plane_center_z":1.2170842886,"color_id":4}}