{"0":{"ros_timestamp":"1696255527.161684","wall_type":"floor","a":-0.0016694912,"b":0.0000480024,"c":0.9999986291,"d":-0.0017301955,"shortest_distance":0.999025627,"num_points":1124,"plane_center_x":0.0870572478,"plane_center_y":-0.53966856,"plane_center_z":0.0019014447,"color_id":0},"1":{"ros_timestamp":"1696255527.161684","wall_type":"left","a":0.9999070168,"b":0.0134832729,"c":0.0019922897,"d":1.3235803843,"shortest_distance":0.8649625175,"num_points":1506,"plane_center_x":-1.3189809322,"plane_center_y":-0.5366281271,"plane_center_z":1.0727002621,"color_id":1},"2":{"ros_timestamp":"1696255527.161684","wall_type":"right","a":0.9999112487,"b":0.0133128399,"c":-0.0003573809,"d":-1.3252673149,"shortest_distance":1.7862677869,"num_points":1010,"plane_center_x":1.3245520592,"plane_center_y":0.092579864,"plane_center_z":1.1185926199,"color_id":2},"3":{"ros_timestamp":"1696255527.161684","wall_type":"front","a":0.0117954584,"b":-0.9999304414,"c":0.0000249189,"d":2.9276750088,"shortest_distance":2.7413597887,"num_points":350,"plane_center_x":-0.0396289155,"plane_center_y":2.9274425507,"plane_center_z":1.262856245,"color_id":3},"4":{"ros_timestamp":"1696255527.161684","wall_type":"back","a":0.0108666476,"b":-0.9999409318,"c":-0.0000069272,"d":-2.9277734756,"shortest_distance":3.1136923608,"num_points":389,"plane_center_x":0.0194301736,"plane_center_y":-2.9277436733,"plane_center_z":1.2170842886,"color_id":4}}