{"0":{"ros_timestamp":"1696255527.2618961","wall_type":"floor","a":-0.0016536957,"b":0.0000450065,"c":0.9999985099,"d":-0.0017436952,"shortest_distance":0.999007041,"num_points":1125,"plane_center_x":0.0858195424,"plane_center_y":-0.5379735827,"plane_center_z":0.0019098297,"color_id":0},"1":{"ros_timestamp":"1696255527.2618961","wall_type":"left","a":0.9999060035,"b":0.0136478217,"c":0.0012729502,"d":1.3246999979,"shortest_distance":0.8635441302,"num_points":1505,"plane_center_x":-1.3189985752,"plane_center_y":-0.5379056931,"plane_center_z":1.0734068155,"color_id":1},"2":{"ros_timestamp":"1696255527.2618961","wall_type":"right","a":0.999915123,"b":0.0130236335,"c":-0.0004753357,"d":-1.3244239092,"shortest_distance":1.7874422321,"num_points":1010,"plane_center_x":1.3238612413,"plane_center_y":0.0926556736,"plane_center_z":1.118588686,"color_id":2},"3":{"ros_timestamp":"1696255527.2618961","wall_type":"front","a":0.0117954584,"b":-0.9999304414,"c":0.0000249189,"d":2.9276750088,"shortest_distance":2.7459782922,"num_points":350,"plane_center_x":-0.0396289155,"plane_center_y":2.9274425507,"plane_center_z":1.262856245,"color_id":3},"4":{"ros_timestamp":"1696255527.2618961","wall_type":"back","a":0.0108666476,"b":-0.9999409318,"c":-0.0000069272,"d":-2.9277734756,"shortest_distance":3.1090721498,"num_points":389,"plane_center_x":0.0194301736,"plane_center_y":-2.9277436733,"plane_center_z":1.2170842886,"color_id":4}}