{"0":{"ros_timestamp":"1696255527.4835575","wall_type":"floor","a":-0.0016172838,"b":0.0000446298,"c":0.9999987483,"d":-0.0017052072,"shortest_distance":0.9990285953,"num_points":1124,"plane_center_x":0.0871736631,"plane_center_y":-0.5460388064,"plane_center_z":0.001913128,"color_id":0},"1":{"ros_timestamp":"1696255527.4835575","wall_type":"left","a":0.9999383688,"b":0.0110304765,"c":0.0013006418,"d":1.3208928108,"shortest_distance":0.8592881915,"num_points":1506,"plane_center_x":-1.3190382719,"plane_center_y":-0.5318126678,"plane_center_z":1.0727014542,"color_id":1},"2":{"ros_timestamp":"1696255527.4835575","wall_type":"right","a":0.9999153018,"b":0.0130068287,"c":-0.0004782581,"d":-1.3243951797,"shortest_distance":1.7874195387,"num_points":1024,"plane_center_x":1.3237812519,"plane_center_y":0.0968968272,"plane_center_z":1.1169490814,"color_id":2},"3":{"ros_timestamp":"1696255527.4835575","wall_type":"front","a":0.0117954584,"b":-0.9999304414,"c":0.0000249189,"d":2.9276750088,"shortest_distance":2.7459782922,"num_points":350,"plane_center_x":-0.0396289155,"plane_center_y":2.9274425507,"plane_center_z":1.262856245,"color_id":3},"4":{"ros_timestamp":"1696255527.4835575","wall_type":"back","a":0.0108666476,"b":-0.9999409318,"c":-0.0000069272,"d":-2.9277734756,"shortest_distance":3.1090721498,"num_points":389,"plane_center_x":0.0194301736,"plane_center_y":-2.9277436733,"plane_center_z":1.2170842886,"color_id":4}}