{"0":{"ros_timestamp":"1696255527.5867243","wall_type":"floor","a":-0.0016546459,"b":0.0000409181,"c":0.9999986291,"d":-0.0016955803,"shortest_distance":0.999057563,"num_points":1120,"plane_center_x":0.0919404998,"plane_center_y":-0.5360857844,"plane_center_z":0.0019114431,"color_id":0},"1":{"ros_timestamp":"1696255527.5867243","wall_type":"left","a":0.9998834133,"b":0.0144369593,"c":0.0049733659,"d":1.3196743727,"shortest_distance":0.8605621048,"num_points":1510,"plane_center_x":-1.3187953234,"plane_center_y":-0.5392204523,"plane_center_z":1.0698691607,"color_id":1},"2":{"ros_timestamp":"1696255527.5867243","wall_type":"right","a":0.9999035597,"b":0.0138842929,"c":-0.0001591821,"d":-1.32685709,"shortest_distance":1.7912060785,"num_points":1024,"plane_center_x":1.3258156776,"plane_center_y":0.0970229059,"plane_center_z":1.1169496775,"color_id":2},"3":{"ros_timestamp":"1696255527.5867243","wall_type":"front","a":0.0117954584,"b":-0.9999304414,"c":0.0000249189,"d":2.9276750088,"shortest_distance":2.7506149677,"num_points":350,"plane_center_x":-0.0396289155,"plane_center_y":2.9274425507,"plane_center_z":1.262856245,"color_id":3},"4":{"ros_timestamp":"1696255527.5867243","wall_type":"back","a":0.0108666476,"b":-0.9999409318,"c":-0.0000069272,"d":-2.9277734756,"shortest_distance":3.1044338098,"num_points":389,"plane_center_x":0.0194301736,"plane_center_y":-2.9277436733,"plane_center_z":1.2170842886,"color_id":4}}