{"0":{"ros_timestamp":"1696255527.9841788","wall_type":"floor","a":-0.0016280292,"b":0.0000420708,"c":0.9999986291,"d":-0.0017335744,"shortest_distance":0.9990124313,"num_points":1124,"plane_center_x":0.0848447829,"plane_center_y":-0.5369143486,"plane_center_z":0.0018942952,"color_id":0},"1":{"ros_timestamp":"1696255527.9841788","wall_type":"left","a":0.999905169,"b":0.0136912409,"c":0.0015079342,"d":1.324387908,"shortest_distance":0.8582059267,"num_points":1505,"plane_center_x":-1.3189985752,"plane_center_y":-0.5379056931,"plane_center_z":1.0734068155,"color_id":1},"2":{"ros_timestamp":"1696255527.9841788","wall_type":"right","a":0.99991256,"b":0.0132125085,"c":-0.0004479573,"d":-1.3248564005,"shortest_distance":1.7930754222,"num_points":1025,"plane_center_x":1.3241746426,"plane_center_y":0.0981932431,"plane_center_z":1.115883112,"color_id":2},"3":{"ros_timestamp":"1696255527.9841788","wall_type":"front","a":0.0117954584,"b":-0.9999304414,"c":0.0000249189,"d":2.9276750088,"shortest_distance":2.7599409784,"num_points":350,"plane_center_x":-0.0396289155,"plane_center_y":2.9274425507,"plane_center_z":1.262856245,"color_id":3},"4":{"ros_timestamp":"1696255527.9841788","wall_type":"back","a":0.0108666476,"b":-0.9999409318,"c":-0.0000069272,"d":-2.9277734756,"shortest_distance":3.0951045999,"num_points":389,"plane_center_x":0.0194301736,"plane_center_y":-2.9277436733,"plane_center_z":1.2170842886,"color_id":4}}