{"0":{"ros_timestamp":"1696255528.0616598","wall_type":"floor","a":-0.0016331823,"b":0.0000424098,"c":0.9999986291,"d":-0.0017348614,"shortest_distance":0.9990136126,"num_points":1125,"plane_center_x":0.0836763903,"plane_center_y":-0.5382439494,"plane_center_z":0.0018943496,"color_id":0},"1":{"ros_timestamp":"1696255528.0616598","wall_type":"left","a":0.9999083281,"b":0.0135160135,"c":0.0007469494,"d":1.3253798485,"shortest_distance":0.8584070612,"num_points":1504,"plane_center_x":-1.3190463781,"plane_center_y":-0.536889255,"plane_center_z":1.0741205215,"color_id":1},"2":{"ros_timestamp":"1696255528.0616598","wall_type":"right","a":0.9999027252,"b":0.0139467688,"c":-0.0001348747,"d":-1.3269811869,"shortest_distance":1.7947633127,"num_points":1026,"plane_center_x":1.3258641958,"plane_center_y":0.1001328006,"plane_center_z":1.1164572239,"color_id":2},"3":{"ros_timestamp":"1696255528.0616598","wall_type":"front","a":0.0117954584,"b":-0.9999304414,"c":0.0000249189,"d":2.9276750088,"shortest_distance":2.7599409784,"num_points":350,"plane_center_x":-0.0396289155,"plane_center_y":2.9274425507,"plane_center_z":1.262856245,"color_id":3},"4":{"ros_timestamp":"1696255528.0616598","wall_type":"back","a":0.0108666476,"b":-0.9999409318,"c":-0.0000069272,"d":-2.9277734756,"shortest_distance":3.0951045999,"num_points":389,"plane_center_x":0.0194301736,"plane_center_y":-2.9277436733,"plane_center_z":1.2170842886,"color_id":4}}