{"0":{"ros_timestamp":"1696255528.675564","wall_type":"floor","a":-0.0015671833,"b":0.0000343743,"c":0.9999987483,"d":-0.0017103236,"shortest_distance":0.9990127438,"num_points":1124,"plane_center_x":0.0848666281,"plane_center_y":-0.5369565487,"plane_center_z":0.0019057504,"color_id":0},"1":{"ros_timestamp":"1696255528.675564","wall_type":"left","a":0.9999064803,"b":0.0135576651,"c":0.0017795579,"d":1.3239257336,"shortest_distance":0.8531468543,"num_points":1505,"plane_center_x":-1.3189985752,"plane_center_y":-0.5379056931,"plane_center_z":1.0734068155,"color_id":1},"2":{"ros_timestamp":"1696255528.675564","wall_type":"right","a":0.9999032617,"b":0.013910301,"c":-0.0001791648,"d":-1.3268090487,"shortest_distance":1.7994928322,"num_points":1042,"plane_center_x":1.3256852627,"plane_center_y":0.1043621674,"plane_center_z":1.1146452427,"color_id":2},"3":{"ros_timestamp":"1696255528.675564","wall_type":"front","a":0.0117954584,"b":-0.9999304414,"c":0.0000249189,"d":2.9276750088,"shortest_distance":2.7740546363,"num_points":350,"plane_center_x":-0.0396289155,"plane_center_y":2.9274425507,"plane_center_z":1.262856245,"color_id":3},"4":{"ros_timestamp":"1696255528.675564","wall_type":"back","a":0.0108666476,"b":-0.9999409318,"c":-0.0000069272,"d":-2.9277734756,"shortest_distance":3.0809864696,"num_points":389,"plane_center_x":0.0194301736,"plane_center_y":-2.9277436733,"plane_center_z":1.2170842886,"color_id":4}}