{"0":{"ros_timestamp":"1696255528.7750201","wall_type":"floor","a":-0.0015265131,"b":0.0000302113,"c":0.9999988675,"d":-0.0016679516,"shortest_distance":0.9990352601,"num_points":1121,"plane_center_x":0.0861778185,"plane_center_y":-0.5394256711,"plane_center_z":0.0018577476,"color_id":0},"1":{"ros_timestamp":"1696255528.7750201","wall_type":"left","a":0.9999089241,"b":0.0131164938,"c":0.0031803611,"d":1.3216784,"shortest_distance":0.8522337825,"num_points":1507,"plane_center_x":-1.318962574,"plane_center_y":-0.53529495,"plane_center_z":1.0719915628,"color_id":1},"2":{"ros_timestamp":"1696255528.7750201","wall_type":"right","a":0.9999117851,"b":0.0132760545,"c":-0.0005281778,"d":-1.3248478174,"shortest_distance":1.7979785112,"num_points":1044,"plane_center_x":1.3241760731,"plane_center_y":0.103678681,"plane_center_z":1.1128431559,"color_id":2},"3":{"ros_timestamp":"1696255528.7750201","wall_type":"front","a":0.0117954584,"b":-0.9999304414,"c":0.0000249189,"d":2.9276750088,"shortest_distance":2.7740546363,"num_points":350,"plane_center_x":-0.0396289155,"plane_center_y":2.9274425507,"plane_center_z":1.262856245,"color_id":3},"4":{"ros_timestamp":"1696255528.7750201","wall_type":"back","a":0.0108666476,"b":-0.9999409318,"c":-0.0000069272,"d":-2.9277734756,"shortest_distance":3.0809864696,"num_points":389,"plane_center_x":0.0194301736,"plane_center_y":-2.9277436733,"plane_center_z":1.2170842886,"color_id":4}}