{"0":{"ros_timestamp":"1696255529.9810495","wall_type":"floor","a":-0.0015034159,"b":0.0000252014,"c":0.9999988675,"d":-0.0016880918,"shortest_distance":0.9990130818,"num_points":1122,"plane_center_x":0.0826038346,"plane_center_y":-0.5348352194,"plane_center_z":0.0018257604,"color_id":0},"1":{"ros_timestamp":"1696255529.9810495","wall_type":"left","a":0.9999060035,"b":0.0136478217,"c":0.0012729502,"d":1.3246999979,"shortest_distance":0.846295855,"num_points":1505,"plane_center_x":-1.3189985752,"plane_center_y":-0.5379056931,"plane_center_z":1.0734068155,"color_id":1},"2":{"ros_timestamp":"1696255529.9810495","wall_type":"right","a":0.999910295,"b":0.0133882789,"c":-0.0005063188,"d":-1.325116992,"shortest_distance":1.8053346008,"num_points":1049,"plane_center_x":1.3244137764,"plane_center_y":0.1034275666,"plane_center_z":1.1113945246,"color_id":2},"3":{"ros_timestamp":"1696255529.9810495","wall_type":"front","a":0.0117954584,"b":-0.9999304414,"c":0.0000249189,"d":2.9276750088,"shortest_distance":2.797878338,"num_points":350,"plane_center_x":-0.0396289155,"plane_center_y":2.9274425507,"plane_center_z":1.262856245,"color_id":3},"4":{"ros_timestamp":"1696255529.9810495","wall_type":"back","a":0.0108666476,"b":-0.9999409318,"c":-0.0000069272,"d":-2.9277734756,"shortest_distance":3.0571561942,"num_points":389,"plane_center_x":0.0194301736,"plane_center_y":-2.9277436733,"plane_center_z":1.2170842886,"color_id":4}}