{"0":{"ros_timestamp":"1696255530.9832604","wall_type":"floor","a":-0.0015034159,"b":0.0000252014,"c":0.9999988675,"d":-0.0016880918,"shortest_distance":0.9990208957,"num_points":1122,"plane_center_x":0.0826038346,"plane_center_y":-0.5348352194,"plane_center_z":0.0018257604,"color_id":0},"1":{"ros_timestamp":"1696255530.9832604","wall_type":"left","a":0.9999042749,"b":0.0136841377,"c":0.0020683976,"d":1.3235976696,"shortest_distance":0.840060024,"num_points":1505,"plane_center_x":-1.3189985752,"plane_center_y":-0.5379056931,"plane_center_z":1.0734068155,"color_id":1},"2":{"ros_timestamp":"1696255530.9832604","wall_type":"right","a":0.9999100566,"b":0.0134065934,"c":-0.0004749714,"d":-1.3252022266,"shortest_distance":1.8113136163,"num_points":1065,"plane_center_x":1.3243966103,"plane_center_y":0.1082901955,"plane_center_z":1.1097261906,"color_id":2},"3":{"ros_timestamp":"1696255530.9832604","wall_type":"front","a":0.0117954584,"b":-0.9999304414,"c":0.0000249189,"d":2.9276750088,"shortest_distance":2.822026526,"num_points":350,"plane_center_x":-0.0396289155,"plane_center_y":2.9274425507,"plane_center_z":1.262856245,"color_id":3},"4":{"ros_timestamp":"1696255530.9832604","wall_type":"back","a":0.0108666476,"b":-0.9999409318,"c":-0.0000069272,"d":-2.9277734756,"shortest_distance":3.0330025469,"num_points":389,"plane_center_x":0.0194301736,"plane_center_y":-2.9277436733,"plane_center_z":1.2170842886,"color_id":4}}