{"0":{"ros_timestamp":"1696255531.5799568","wall_type":"floor","a":-0.0015034159,"b":0.0000252014,"c":0.9999988675,"d":-0.0016880918,"shortest_distance":0.9990247036,"num_points":1122,"plane_center_x":0.0826038346,"plane_center_y":-0.5348352194,"plane_center_z":0.0018257604,"color_id":0},"1":{"ros_timestamp":"1696255531.5799568","wall_type":"left","a":0.9999018312,"b":0.0138405357,"c":0.0021576069,"d":1.3235405684,"shortest_distance":0.8371280193,"num_points":1505,"plane_center_x":-1.3189985752,"plane_center_y":-0.5379056931,"plane_center_z":1.0734068155,"color_id":1},"2":{"ros_timestamp":"1696255531.5799568","wall_type":"right","a":0.9999080896,"b":0.0135521051,"c":-0.0003877853,"d":-1.3256675005,"shortest_distance":1.8146530916,"num_points":1065,"plane_center_x":1.3246560097,"plane_center_y":0.1153718457,"plane_center_z":1.1097252369,"color_id":2},"3":{"ros_timestamp":"1696255531.5799568","wall_type":"front","a":0.0117954584,"b":-0.9999304414,"c":0.0000249189,"d":2.9276750088,"shortest_distance":2.8366461126,"num_points":350,"plane_center_x":-0.0396289155,"plane_center_y":2.9274425507,"plane_center_z":1.262856245,"color_id":3},"4":{"ros_timestamp":"1696255531.5799568","wall_type":"back","a":0.0108666476,"b":-0.9999409318,"c":-0.0000069272,"d":-2.9277734756,"shortest_distance":3.0183802254,"num_points":389,"plane_center_x":0.0194301736,"plane_center_y":-2.9277436733,"plane_center_z":1.2170842886,"color_id":4}}