{"0":{"ros_timestamp":"1696255532.2618353","wall_type":"floor","a":-0.0001653247,"b":0.0000927492,"c":1.0,"d":-0.0010485523,"shortest_distance":0.9990150767,"num_points":1084,"plane_center_x":0.0391765125,"plane_center_y":-0.5327342153,"plane_center_z":0.00110444,"color_id":0},"1":{"ros_timestamp":"1696255532.2618353","wall_type":"left","a":0.9999075532,"b":0.0135393431,"c":0.0012445217,"d":1.3246805668,"shortest_distance":0.8355861477,"num_points":1505,"plane_center_x":-1.3189985752,"plane_center_y":-0.5379056931,"plane_center_z":1.0734068155,"color_id":1},"2":{"ros_timestamp":"1696255532.2618353","wall_type":"right","a":0.9998965859,"b":0.0131734982,"c":-0.0057626823,"d":-1.3180186749,"shortest_distance":1.8141424175,"num_points":1119,"plane_center_x":1.3246244192,"plane_center_y":0.0901467204,"plane_center_z":1.0712349415,"color_id":2},"3":{"ros_timestamp":"1696255532.2618353","wall_type":"front","a":0.0117954584,"b":-0.9999304414,"c":0.0000249189,"d":2.9276750088,"shortest_distance":2.8464388424,"num_points":350,"plane_center_x":-0.0396289155,"plane_center_y":2.9274425507,"plane_center_z":1.262856245,"color_id":3},"4":{"ros_timestamp":"1696255532.2618353","wall_type":"back","a":0.0108666476,"b":-0.9999409318,"c":-0.0000069272,"d":-2.9277734756,"shortest_distance":3.0085858992,"num_points":389,"plane_center_x":0.0194301736,"plane_center_y":-2.9277436733,"plane_center_z":1.2170842886,"color_id":4}}