{"0":{"ros_timestamp":"1696255533.5864909","wall_type":"floor","a":-0.0001968237,"b":0.0000839053,"c":1.0,"d":-0.0010691041,"shortest_distance":0.9990075642,"num_points":1085,"plane_center_x":0.0402857251,"plane_center_y":-0.5301787257,"plane_center_z":0.0011215181,"color_id":0},"1":{"ros_timestamp":"1696255533.5864909","wall_type":"left","a":0.9999063015,"b":0.0135899289,"c":0.0016748395,"d":1.324093461,"shortest_distance":0.8313905608,"num_points":1505,"plane_center_x":-1.3189985752,"plane_center_y":-0.5379056931,"plane_center_z":1.0734068155,"color_id":1},"2":{"ros_timestamp":"1696255533.5864909","wall_type":"right","a":0.9999092221,"b":0.0134107238,"c":-0.0012840721,"d":-1.3244768381,"shortest_distance":1.8201482464,"num_points":1134,"plane_center_x":1.3246183395,"plane_center_y":0.0978953615,"plane_center_z":1.0711578131,"color_id":2},"3":{"ros_timestamp":"1696255533.5864909","wall_type":"front","a":0.0117954584,"b":-0.9999304414,"c":0.0000249189,"d":2.9276750088,"shortest_distance":2.8759963206,"num_points":350,"plane_center_x":-0.0396289155,"plane_center_y":2.9274425507,"plane_center_z":1.262856245,"color_id":3},"4":{"ros_timestamp":"1696255533.5864909","wall_type":"back","a":0.0108666476,"b":-0.9999409318,"c":-0.0000069272,"d":-2.9277734756,"shortest_distance":2.9790247274,"num_points":389,"plane_center_x":0.0194301736,"plane_center_y":-2.9277436733,"plane_center_z":1.2170842886,"color_id":4}}