{"0":{"ros_timestamp":"1696255534.0616663","wall_type":"floor","a":-0.0001922751,"b":0.000083545,"c":1.0,"d":-0.0010688214,"shortest_distance":0.9990045589,"num_points":1088,"plane_center_x":0.0390892923,"plane_center_y":-0.5351994634,"plane_center_z":0.0011210506,"color_id":0},"1":{"ros_timestamp":"1696255534.0616663","wall_type":"left","a":0.9999076128,"b":0.0135881649,"c":0.0003889974,"d":1.3259307146,"shortest_distance":0.8305862969,"num_points":1503,"plane_center_x":-1.3190960884,"plane_center_y":-0.5356912017,"plane_center_z":1.0748332739,"color_id":1},"2":{"ros_timestamp":"1696255534.0616663","wall_type":"right","a":0.9999064803,"b":0.0136042563,"c":-0.0013730776,"d":-1.3246793747,"shortest_distance":1.8217848168,"num_points":1133,"plane_center_x":1.3248592615,"plane_center_y":0.1073416099,"plane_center_z":1.0721033812,"color_id":2},"3":{"ros_timestamp":"1696255534.0616663","wall_type":"front","a":0.0117954584,"b":-0.9999304414,"c":0.0000249189,"d":2.9276750088,"shortest_distance":2.8908515177,"num_points":350,"plane_center_x":-0.0396289155,"plane_center_y":2.9274425507,"plane_center_z":1.262856245,"color_id":3},"4":{"ros_timestamp":"1696255534.0616663","wall_type":"back","a":0.0108666476,"b":-0.9999409318,"c":-0.0000069272,"d":-2.9277734756,"shortest_distance":2.9641683028,"num_points":389,"plane_center_x":0.0194301736,"plane_center_y":-2.9277436733,"plane_center_z":1.2170842886,"color_id":4}}