{"0":{"ros_timestamp":"1696255534.1825328","wall_type":"floor","a":-0.0001885178,"b":0.0000514354,"c":0.9999999404,"d":-0.0011349088,"shortest_distance":0.9989356147,"num_points":1087,"plane_center_x":0.0379195735,"plane_center_y":-0.5332549214,"plane_center_z":0.0011220956,"color_id":0},"1":{"ros_timestamp":"1696255534.1825328","wall_type":"left","a":0.9999081492,"b":0.0135518322,"c":0.0003498076,"d":1.3259670734,"shortest_distance":0.8305820505,"num_points":1503,"plane_center_x":-1.3190960884,"plane_center_y":-0.5356912017,"plane_center_z":1.0748332739,"color_id":1},"2":{"ros_timestamp":"1696255534.1825328","wall_type":"right","a":0.9999086857,"b":0.0134429345,"c":-0.0013784874,"d":-1.3244146109,"shortest_distance":1.8215315011,"num_points":1150,"plane_center_x":1.3244376183,"plane_center_y":0.1170300841,"plane_center_z":1.0701704025,"color_id":2},"3":{"ros_timestamp":"1696255534.1825328","wall_type":"front","a":0.0117954584,"b":-0.9999304414,"c":0.0000249189,"d":2.9276750088,"shortest_distance":2.8908515177,"num_points":350,"plane_center_x":-0.0396289155,"plane_center_y":2.9274425507,"plane_center_z":1.262856245,"color_id":3},"4":{"ros_timestamp":"1696255534.1825328","wall_type":"back","a":0.0108666476,"b":-0.9999409318,"c":-0.0000069272,"d":-2.9277734756,"shortest_distance":2.9641683028,"num_points":389,"plane_center_x":0.0194301736,"plane_center_y":-2.9277436733,"plane_center_z":1.2170842886,"color_id":4}}