{"0":{"ros_timestamp":"1696255534.5885456","wall_type":"floor","a":-0.0001827603,"b":0.0000961101,"c":1.0,"d":-0.0010381045,"shortest_distance":0.9990300855,"num_points":1083,"plane_center_x":0.0404061154,"plane_center_y":-0.5345060229,"plane_center_z":0.0010968606,"color_id":0},"1":{"ros_timestamp":"1696255534.5885456","wall_type":"left","a":0.9999084473,"b":0.0132393483,"c":0.0028044716,"d":1.3222842216,"shortest_distance":0.8286918947,"num_points":1506,"plane_center_x":-1.3189809322,"plane_center_y":-0.5366281271,"plane_center_z":1.0727002621,"color_id":1},"2":{"ros_timestamp":"1696255534.5885456","wall_type":"right","a":0.9999015927,"b":0.0137174884,"c":-0.0029405116,"d":-1.3222059011,"shortest_distance":1.8215295615,"num_points":1151,"plane_center_x":1.3242217302,"plane_center_y":0.1267647147,"plane_center_z":1.0692573786,"color_id":2},"3":{"ros_timestamp":"1696255534.5885456","wall_type":"front","a":0.0117954584,"b":-0.9999304414,"c":0.0000249189,"d":2.9276750088,"shortest_distance":2.9007742318,"num_points":350,"plane_center_x":-0.0396289155,"plane_center_y":2.9274425507,"plane_center_z":1.262856245,"color_id":3},"4":{"ros_timestamp":"1696255534.5885456","wall_type":"back","a":0.0108666476,"b":-0.9999409318,"c":-0.0000069272,"d":-2.9277734756,"shortest_distance":2.9542450006,"num_points":389,"plane_center_x":0.0194301736,"plane_center_y":-2.9277436733,"plane_center_z":1.2170842886,"color_id":4}}