{"0":{"ros_timestamp":"1696255535.3773086","wall_type":"floor","a":-0.0001938175,"b":0.0000832441,"c":0.9999999404,"d":-0.0010681401,"shortest_distance":0.9990037015,"num_points":1086,"plane_center_x":0.0414554328,"plane_center_y":-0.5321296453,"plane_center_z":0.0011204716,"color_id":0},"1":{"ros_timestamp":"1696255535.3773086","wall_type":"left","a":0.9999064803,"b":0.0135576651,"c":0.0017795579,"d":1.3239257336,"shortest_distance":0.828601579,"num_points":1505,"plane_center_x":-1.3189985752,"plane_center_y":-0.5379056931,"plane_center_z":1.0734068155,"color_id":1},"2":{"ros_timestamp":"1696255535.3773086","wall_type":"right","a":0.9999060035,"b":0.0136508886,"c":-0.0012975147,"d":-1.32457757,"shortest_distance":1.8229783538,"num_points":1149,"plane_center_x":1.324518919,"plane_center_y":0.115481928,"plane_center_z":1.0710980892,"color_id":2},"3":{"ros_timestamp":"1696255535.3773086","wall_type":"front","a":0.0117954584,"b":-0.9999304414,"c":0.0000249189,"d":2.9276750088,"shortest_distance":2.9206479966,"num_points":350,"plane_center_x":-0.0396289155,"plane_center_y":2.9274425507,"plane_center_z":1.262856245,"color_id":3},"4":{"ros_timestamp":"1696255535.3773086","wall_type":"back","a":0.0108666476,"b":-0.9999409318,"c":-0.0000069272,"d":-2.9277734756,"shortest_distance":2.9343706131,"num_points":389,"plane_center_x":0.0194301736,"plane_center_y":-2.9277436733,"plane_center_z":1.2170842886,"color_id":4}}