{"0":{"ros_timestamp":"1696255535.6619337","wall_type":"floor","a":-0.0001938175,"b":0.0000832441,"c":0.9999999404,"d":-0.0010681401,"shortest_distance":0.9990032851,"num_points":1086,"plane_center_x":0.0414554328,"plane_center_y":-0.5321296453,"plane_center_z":0.0011204716,"color_id":0},"1":{"ros_timestamp":"1696255535.6619337","wall_type":"left","a":0.9999060035,"b":0.0136478217,"c":0.0012729502,"d":1.3246999979,"shortest_distance":0.8288147401,"num_points":1505,"plane_center_x":-1.3189985752,"plane_center_y":-0.5379056931,"plane_center_z":1.0734068155,"color_id":1},"2":{"ros_timestamp":"1696255535.6619337","wall_type":"right","a":0.9999036193,"b":0.0137952799,"c":-0.0015671245,"d":-1.324169755,"shortest_distance":1.8228944198,"num_points":1165,"plane_center_x":1.3242598772,"plane_center_y":0.1307962239,"plane_center_z":1.0701287985,"color_id":2},"3":{"ros_timestamp":"1696255535.6619337","wall_type":"front","a":0.0117954584,"b":-0.9999304414,"c":0.0000249189,"d":2.9276750088,"shortest_distance":2.9256194432,"num_points":350,"plane_center_x":-0.0396289155,"plane_center_y":2.9274425507,"plane_center_z":1.262856245,"color_id":3},"4":{"ros_timestamp":"1696255535.6619337","wall_type":"back","a":0.0108666476,"b":-0.9999409318,"c":-0.0000069272,"d":-2.9277734756,"shortest_distance":2.9293991262,"num_points":389,"plane_center_x":0.0194301736,"plane_center_y":-2.9277436733,"plane_center_z":1.2170842886,"color_id":4}}