{"0":{"ros_timestamp":"1696255445.8837938","wall_type":"floor","a":0.0004605812,"b":-0.0033348659,"c":0.9999943376,"d":0.0047037397,"shortest_distance":1.0062066418,"num_points":448,"plane_center_x":0.0300633442,"plane_center_y":2.2325308323,"plane_center_z":0.0027276203,"color_id":0},"1":{"ros_timestamp":"1696255445.8837938","wall_type":"left","a":0.9999037981,"b":0.013874297,"c":-0.0000266197,"d":1.3241580725,"shortest_distance":1.5780890342,"num_points":415,"plane_center_x":-1.3451976776,"plane_center_y":1.5092362165,"plane_center_z":1.106093049,"color_id":1},"2":{"ros_timestamp":"1696255445.8837938","wall_type":"right","a":0.9999042749,"b":0.0138331214,"c":-0.0000010248,"d":-1.3271507025,"shortest_distance":1.0731765355,"num_points":384,"plane_center_x":1.294510603,"plane_center_y":2.3685977459,"plane_center_z":1.1670194864,"color_id":2},"3":{"ros_timestamp":"1696255445.8837938","wall_type":"front","a":0.0106720198,"b":-0.999943018,"c":0.0000045068,"d":2.9280798435,"shortest_distance":3.3546812177,"num_points":176,"plane_center_x":0.3817729652,"plane_center_y":2.9323265553,"plane_center_z":1.1997202635,"color_id":3}}