{"0":{"ros_timestamp":"1695917980.1907833","wall_type":"floor","a":-0.0016612108,"b":0.0000480145,"c":0.9999986291,"d":-0.0017294625,"shortest_distance":0.9989799044,"num_points":1127,"plane_center_x":0.0871552378,"plane_center_y":-0.5391924977,"plane_center_z":0.0019001373,"color_id":0},"1":{"ros_timestamp":"1695917980.1907833","wall_type":"left","a":0.9999014139,"b":0.0139985932,"c":0.0011033864,"d":1.3256281614,"shortest_distance":0.8943906239,"num_points":1505,"plane_center_x":-1.3195205927,"plane_center_y":-0.5380103588,"plane_center_z":1.0734112263,"color_id":1},"2":{"ros_timestamp":"1695917980.1907833","wall_type":"right","a":0.9998877645,"b":0.014979993,"c":-0.000247783,"d":-1.3290417194,"shortest_distance":1.7613894921,"num_points":987,"plane_center_x":1.3281165361,"plane_center_y":0.0903090462,"plane_center_z":1.1243698597,"color_id":2},"3":{"ros_timestamp":"1695917980.1907833","wall_type":"front","a":0.0121219158,"b":-0.9999265671,"c":0.0000276852,"d":2.9275135994,"shortest_distance":2.68288031,"num_points":350,"plane_center_x":-0.0394017845,"plane_center_y":2.9272859097,"plane_center_z":1.2628341913,"color_id":3},"4":{"ros_timestamp":"1695917980.1907833","wall_type":"back","a":0.0113122901,"b":-0.9999360442,"c":-0.0000007202,"d":-2.9278321266,"shortest_distance":3.1721431024,"num_points":389,"plane_center_x":0.0190594662,"plane_center_y":-2.9278044701,"plane_center_z":1.2170633078,"color_id":4}}