{"0":{"ros_timestamp":"1695917980.3782568","wall_type":"floor","a":-0.001624922,"b":0.0000426809,"c":0.9999986291,"d":-0.0017166343,"shortest_distance":0.9989793714,"num_points":1128,"plane_center_x":0.0859680846,"plane_center_y":-0.5407118201,"plane_center_z":0.0018794063,"color_id":0},"1":{"ros_timestamp":"1695917980.3782568","wall_type":"left","a":0.9999045134,"b":0.0138128679,"c":0.0004613385,"d":1.3264448643,"shortest_distance":0.8920872056,"num_points":1504,"plane_center_x":-1.3195685148,"plane_center_y":-0.5369938612,"plane_center_z":1.0741249323,"color_id":1},"2":{"ros_timestamp":"1695917980.3782568","wall_type":"right","a":0.9998805523,"b":0.0154532064,"c":-0.0003239273,"d":-1.329881072,"shortest_distance":1.7646279133,"num_points":988,"plane_center_x":1.3289874792,"plane_center_y":0.0916814283,"plane_center_z":1.1250402927,"color_id":2},"3":{"ros_timestamp":"1695917980.3782568","wall_type":"front","a":0.0121219158,"b":-0.9999265671,"c":0.0000276852,"d":2.9275135994,"shortest_distance":2.6872204819,"num_points":350,"plane_center_x":-0.0394017845,"plane_center_y":2.9272859097,"plane_center_z":1.2628341913,"color_id":3},"4":{"ros_timestamp":"1695917980.3782568","wall_type":"back","a":0.0113122901,"b":-0.9999360442,"c":-0.0000007202,"d":-2.9278321266,"shortest_distance":3.1678009686,"num_points":389,"plane_center_x":0.0190594662,"plane_center_y":-2.9278044701,"plane_center_z":1.2170633078,"color_id":4}}