{"0":{"ros_timestamp":"1695917980.768224","wall_type":"floor","a":-0.0016149008,"b":0.0000498631,"c":0.9999987483,"d":-0.0017117639,"shortest_distance":0.9989850964,"num_points":1127,"plane_center_x":0.0872478709,"plane_center_y":-0.5394260287,"plane_center_z":0.001920688,"color_id":0},"1":{"ros_timestamp":"1695917980.768224","wall_type":"left","a":0.9999018312,"b":0.0139315808,"c":0.0015156841,"d":1.3250014782,"shortest_distance":0.8893379113,"num_points":1505,"plane_center_x":-1.3195205927,"plane_center_y":-0.5380103588,"plane_center_z":1.0734112263,"color_id":1},"2":{"ros_timestamp":"1695917980.768224","wall_type":"right","a":0.9999160171,"b":0.0129634822,"c":-0.0001510814,"d":-1.3249539137,"shortest_distance":1.762513602,"num_points":989,"plane_center_x":1.3240875006,"plane_center_y":0.0885156319,"plane_center_z":1.1240997314,"color_id":2},"3":{"ros_timestamp":"1695917980.768224","wall_type":"front","a":0.0121219158,"b":-0.9999265671,"c":0.0000276852,"d":2.9275135994,"shortest_distance":2.6915846856,"num_points":350,"plane_center_x":-0.0394017845,"plane_center_y":2.9272859097,"plane_center_z":1.2628341913,"color_id":3},"4":{"ros_timestamp":"1695917980.768224","wall_type":"back","a":0.0113122901,"b":-0.9999360442,"c":-0.0000007202,"d":-2.9278321266,"shortest_distance":3.1634348382,"num_points":389,"plane_center_x":0.0190594662,"plane_center_y":-2.9278044701,"plane_center_z":1.2170633078,"color_id":4}}