{"0":{"ros_timestamp":"1695917890.0052657","wall_type":"floor","a":0.0001613415,"b":-0.0009848634,"c":0.9999995232,"d":-0.0001532463,"shortest_distance":1.0003014562,"num_points":417,"plane_center_x":0.0448007882,"plane_center_y":2.2186145782,"plane_center_z":0.0023310515,"color_id":0},"1":{"ros_timestamp":"1695917890.0052657","wall_type":"left","a":0.9999062419,"b":0.0136914365,"c":-0.0000750628,"d":1.3222401142,"shortest_distance":1.5186561099,"num_points":364,"plane_center_x":-1.344706893,"plane_center_y":1.6378234625,"plane_center_z":1.1117954254,"color_id":1},"2":{"ros_timestamp":"1695917890.0052657","wall_type":"right","a":0.999904573,"b":0.0138126621,"c":-0.0000048616,"d":-1.3270956278,"shortest_distance":1.1306648688,"num_points":384,"plane_center_x":1.2944871187,"plane_center_y":2.3701245785,"plane_center_z":1.1670171022,"color_id":2}}