{"0":{"ros_timestamp":"1695917980.9782717","wall_type":"floor","a":-0.0016865957,"b":0.0000559135,"c":0.9999985099,"d":-0.0017363968,"shortest_distance":0.9989969229,"num_points":1127,"plane_center_x":0.0874104574,"plane_center_y":-0.5393826962,"plane_center_z":0.0019139845,"color_id":0},"1":{"ros_timestamp":"1695917980.9782717","wall_type":"left","a":0.9999064207,"b":0.0136251263,"c":0.0012022073,"d":1.3252819777,"shortest_distance":0.8868880567,"num_points":1505,"plane_center_x":-1.3195205927,"plane_center_y":-0.5380103588,"plane_center_z":1.0734112263,"color_id":1},"2":{"ros_timestamp":"1695917980.9782717","wall_type":"right","a":0.9998887181,"b":0.0149122048,"c":-0.0001755361,"d":-1.3290005922,"shortest_distance":1.7684733808,"num_points":990,"plane_center_x":1.3280161619,"plane_center_y":0.0891652703,"plane_center_z":1.1246803999,"color_id":2},"3":{"ros_timestamp":"1695917980.9782717","wall_type":"front","a":0.0121219158,"b":-0.9999265671,"c":0.0000276852,"d":2.9275135994,"shortest_distance":2.6959724847,"num_points":350,"plane_center_x":-0.0394017845,"plane_center_y":2.9272859097,"plane_center_z":1.2628341913,"color_id":3},"4":{"ros_timestamp":"1695917980.9782717","wall_type":"back","a":0.0113122901,"b":-0.9999360442,"c":-0.0000007202,"d":-2.9278321266,"shortest_distance":3.1590451477,"num_points":389,"plane_center_x":0.0190594662,"plane_center_y":-2.9278044701,"plane_center_z":1.2170633078,"color_id":4}}