{"0":{"ros_timestamp":"1695917981.3783278","wall_type":"floor","a":-0.0019231972,"b":0.0001163218,"c":0.9999982119,"d":-0.0019085701,"shortest_distance":0.9989502264,"num_points":1127,"plane_center_x":0.0875489786,"plane_center_y":-0.5392572284,"plane_center_z":0.0019275174,"color_id":0},"1":{"ros_timestamp":"1695917981.3783278","wall_type":"left","a":0.9999004006,"b":0.0140857855,"c":0.0008380535,"d":1.3260550499,"shortest_distance":0.8828434268,"num_points":1505,"plane_center_x":-1.3195205927,"plane_center_y":-0.5380103588,"plane_center_z":1.0734112263,"color_id":1},"2":{"ros_timestamp":"1695917981.3783278","wall_type":"right","a":0.9998977184,"b":0.0142998518,"c":-0.0001714662,"d":-1.3277426958,"shortest_distance":1.7719161609,"num_points":991,"plane_center_x":1.3267679214,"plane_center_y":0.0911220536,"plane_center_z":1.1237792969,"color_id":2},"3":{"ros_timestamp":"1695917981.3783278","wall_type":"front","a":0.0121219158,"b":-0.9999265671,"c":0.0000276852,"d":2.9275135994,"shortest_distance":2.704817112,"num_points":350,"plane_center_x":-0.0394017845,"plane_center_y":2.9272859097,"plane_center_z":1.2628341913,"color_id":3},"4":{"ros_timestamp":"1695917981.3783278","wall_type":"back","a":0.0113122901,"b":-0.9999360442,"c":-0.0000007202,"d":-2.9278321266,"shortest_distance":3.1501968449,"num_points":389,"plane_center_x":0.0190594662,"plane_center_y":-2.9278044701,"plane_center_z":1.2170633078,"color_id":4}}