{"0":{"ros_timestamp":"1695917981.7010937","wall_type":"floor","a":-0.001526354,"b":0.0000350804,"c":0.9999988675,"d":-0.0016613852,"shortest_distance":0.9990091779,"num_points":1126,"plane_center_x":0.0889233351,"plane_center_y":-0.5410782695,"plane_center_z":0.0018581789,"color_id":0},"1":{"ros_timestamp":"1695917981.7010937","wall_type":"left","a":0.9999042153,"b":0.0135762934,"c":0.0026862528,"d":1.3231316805,"shortest_distance":0.8772774978,"num_points":1506,"plane_center_x":-1.3195025921,"plane_center_y":-0.5367327332,"plane_center_z":1.0727046728,"color_id":1},"2":{"ros_timestamp":"1695917981.7010937","wall_type":"right","a":0.9998842478,"b":0.0152129801,"c":-0.0001458642,"d":-1.3296991587,"shortest_distance":1.7780354417,"num_points":991,"plane_center_x":1.3286453485,"plane_center_y":0.0901511163,"plane_center_z":1.1237580776,"color_id":2},"3":{"ros_timestamp":"1695917981.7010937","wall_type":"front","a":0.0121219158,"b":-0.9999265671,"c":0.0000276852,"d":2.9275135994,"shortest_distance":2.7137508258,"num_points":350,"plane_center_x":-0.0394017845,"plane_center_y":2.9272859097,"plane_center_z":1.2628341913,"color_id":3},"4":{"ros_timestamp":"1695917981.7010937","wall_type":"back","a":0.0113122901,"b":-0.9999360442,"c":-0.0000007202,"d":-2.9278321266,"shortest_distance":3.1412595995,"num_points":389,"plane_center_x":0.0190594662,"plane_center_y":-2.9278044701,"plane_center_z":1.2170633078,"color_id":4}}