{"0":{"ros_timestamp":"1695917890.1006129","wall_type":"floor","a":0.0001799563,"b":-0.0017409032,"c":0.9999985099,"d":0.0014867557,"shortest_distance":1.0022874088,"num_points":420,"plane_center_x":0.0432177,"plane_center_y":2.2201952934,"plane_center_z":0.0023706157,"color_id":0},"1":{"ros_timestamp":"1695917890.1006129","wall_type":"left","a":0.9999165535,"b":0.0129155135,"c":0.0000665679,"d":1.3292416334,"shortest_distance":1.5261536025,"num_points":381,"plane_center_x":-1.3500425816,"plane_center_y":1.5960918665,"plane_center_z":1.1099877357,"color_id":1},"2":{"ros_timestamp":"1695917890.1006129","wall_type":"right","a":0.999904573,"b":0.0138126621,"c":-0.0000048616,"d":-1.3270956278,"shortest_distance":1.1306648688,"num_points":384,"plane_center_x":1.2944871187,"plane_center_y":2.3701245785,"plane_center_z":1.1670171022,"color_id":2}}