{"0":{"ros_timestamp":"1695917982.278371","wall_type":"floor","a":-0.0016847125,"b":0.0000622246,"c":0.9999986291,"d":-0.0017058901,"shortest_distance":0.9990478602,"num_points":1124,"plane_center_x":0.0890851989,"plane_center_y":-0.5419992208,"plane_center_z":0.0018897012,"color_id":0},"1":{"ros_timestamp":"1695917982.278371","wall_type":"left","a":0.9999058843,"b":0.0130919684,"c":0.0040976242,"d":1.3210880756,"shortest_distance":0.8723491091,"num_points":1507,"plane_center_x":-1.3194836378,"plane_center_y":-0.5353993177,"plane_center_z":1.0719960928,"color_id":1},"2":{"ros_timestamp":"1695917982.278371","wall_type":"right","a":0.9999094605,"b":0.0134439543,"c":-0.000428361,"d":-1.3253817558,"shortest_distance":1.7785782321,"num_points":1007,"plane_center_x":1.3247387409,"plane_center_y":0.0924331769,"plane_center_z":1.1199586391,"color_id":2},"3":{"ros_timestamp":"1695917982.278371","wall_type":"front","a":0.0121219158,"b":-0.9999265671,"c":0.0000276852,"d":2.9275135994,"shortest_distance":2.722770053,"num_points":350,"plane_center_x":-0.0394017845,"plane_center_y":2.9272859097,"plane_center_z":1.2628341913,"color_id":3},"4":{"ros_timestamp":"1695917982.278371","wall_type":"back","a":0.0113122901,"b":-0.9999360442,"c":-0.0000007202,"d":-2.9278321266,"shortest_distance":3.1322369861,"num_points":389,"plane_center_x":0.0190594662,"plane_center_y":-2.9278044701,"plane_center_z":1.2170633078,"color_id":4}}