{"0":{"ros_timestamp":"1695917982.3781936","wall_type":"floor","a":-0.0016630782,"b":0.0000564414,"c":0.9999986291,"d":-0.001726531,"shortest_distance":0.9990192677,"num_points":1126,"plane_center_x":0.0866996124,"plane_center_y":-0.5385205746,"plane_center_z":0.0019011167,"color_id":0},"1":{"ros_timestamp":"1695917982.3781936","wall_type":"left","a":0.9999037385,"b":0.0136787416,"c":0.002328865,"d":1.3236993551,"shortest_distance":0.8712774645,"num_points":1505,"plane_center_x":-1.3195205927,"plane_center_y":-0.5380103588,"plane_center_z":1.0734112263,"color_id":1},"2":{"ros_timestamp":"1695917982.3781936","wall_type":"right","a":0.9998968244,"b":0.0143611766,"c":-0.0002503862,"d":-1.3276746273,"shortest_distance":1.7825396961,"num_points":1008,"plane_center_x":1.3267592192,"plane_center_y":0.0928103998,"plane_center_z":1.1205348969,"color_id":2},"3":{"ros_timestamp":"1695917982.3781936","wall_type":"front","a":0.0121219158,"b":-0.9999265671,"c":0.0000276852,"d":2.9275135994,"shortest_distance":2.727310608,"num_points":350,"plane_center_x":-0.0394017845,"plane_center_y":2.9272859097,"plane_center_z":1.2628341913,"color_id":3},"4":{"ros_timestamp":"1695917982.3781936","wall_type":"back","a":0.0113122901,"b":-0.9999360442,"c":-0.0000007202,"d":-2.9278321266,"shortest_distance":3.127694793,"num_points":389,"plane_center_x":0.0190594662,"plane_center_y":-2.9278044701,"plane_center_z":1.2170633078,"color_id":4}}