{"0":{"ros_timestamp":"1695917982.4781842","wall_type":"floor","a":-0.0015893261,"b":0.0000486766,"c":0.9999987483,"d":-0.0017003132,"shortest_distance":0.9990103555,"num_points":1126,"plane_center_x":0.0866509899,"plane_center_y":-0.538549602,"plane_center_z":0.001905886,"color_id":0},"1":{"ros_timestamp":"1695917982.4781842","wall_type":"left","a":0.9999037981,"b":0.0136478525,"c":0.002448447,"d":1.3235113621,"shortest_distance":0.8712030761,"num_points":1505,"plane_center_x":-1.3195205927,"plane_center_y":-0.5380103588,"plane_center_z":1.0734112263,"color_id":1},"2":{"ros_timestamp":"1695917982.4781842","wall_type":"right","a":0.9999092221,"b":0.0134672206,"c":-0.0004432575,"d":-1.3254184723,"shortest_distance":1.7806560878,"num_points":1008,"plane_center_x":1.3247822523,"plane_center_y":0.093052052,"plane_center_z":1.1205158234,"color_id":2},"3":{"ros_timestamp":"1695917982.4781842","wall_type":"front","a":0.0121219158,"b":-0.9999265671,"c":0.0000276852,"d":2.9275135994,"shortest_distance":2.727310608,"num_points":350,"plane_center_x":-0.0394017845,"plane_center_y":2.9272859097,"plane_center_z":1.2628341913,"color_id":3},"4":{"ros_timestamp":"1695917982.4781842","wall_type":"back","a":0.0113122901,"b":-0.9999360442,"c":-0.0000007202,"d":-2.9278321266,"shortest_distance":3.127694793,"num_points":389,"plane_center_x":0.0190594662,"plane_center_y":-2.9278044701,"plane_center_z":1.2170633078,"color_id":4}}