{"0":{"ros_timestamp":"1695917982.901486","wall_type":"floor","a":-0.0016993156,"b":0.0000617206,"c":0.9999985099,"d":-0.0017407449,"shortest_distance":0.9990284915,"num_points":1127,"plane_center_x":0.0855285674,"plane_center_y":-0.5398516655,"plane_center_z":0.0019194077,"color_id":0},"1":{"ros_timestamp":"1695917982.901486","wall_type":"left","a":0.9999040365,"b":0.0138392346,"c":0.0006039832,"d":1.326254487,"shortest_distance":0.868209862,"num_points":1504,"plane_center_x":-1.3195685148,"plane_center_y":-0.5369938612,"plane_center_z":1.0741249323,"color_id":1},"2":{"ros_timestamp":"1695917982.901486","wall_type":"right","a":0.9999069571,"b":0.0136343213,"c":-0.0004140198,"d":-1.325830102,"shortest_distance":1.7849320881,"num_points":1009,"plane_center_x":1.3251245022,"plane_center_y":0.094792217,"plane_center_z":1.1196703911,"color_id":2},"3":{"ros_timestamp":"1695917982.901486","wall_type":"front","a":0.0121219158,"b":-0.9999265671,"c":0.0000276852,"d":2.9275135994,"shortest_distance":2.7364513306,"num_points":350,"plane_center_x":-0.0394017845,"plane_center_y":2.9272859097,"plane_center_z":1.2628341913,"color_id":3},"4":{"ros_timestamp":"1695917982.901486","wall_type":"back","a":0.0113122901,"b":-0.9999360442,"c":-0.0000007202,"d":-2.9278321266,"shortest_distance":3.1185509048,"num_points":389,"plane_center_x":0.0190594662,"plane_center_y":-2.9278044701,"plane_center_z":1.2170633078,"color_id":4}}