{"0":{"ros_timestamp":"1695917890.1700408","wall_type":"floor","a":0.0001709083,"b":-0.0019673249,"c":0.9999980927,"d":0.0019714523,"shortest_distance":1.0028693802,"num_points":420,"plane_center_x":0.0431549102,"plane_center_y":2.2203524113,"plane_center_z":0.0023893311,"color_id":0},"1":{"ros_timestamp":"1695917890.1700408","wall_type":"left","a":0.9998900294,"b":0.0148293879,"c":0.0000734541,"d":1.320825696,"shortest_distance":1.5214295826,"num_points":381,"plane_center_x":-1.3447409868,"plane_center_y":1.5972219706,"plane_center_z":1.1099905968,"color_id":1},"2":{"ros_timestamp":"1695917890.1700408","wall_type":"right","a":0.999904573,"b":0.0138126621,"c":-0.0000048616,"d":-1.3270956278,"shortest_distance":1.1261076147,"num_points":384,"plane_center_x":1.2944871187,"plane_center_y":2.3701245785,"plane_center_z":1.1670171022,"color_id":2}}