{"0":{"ros_timestamp":"1695917983.699899","wall_type":"floor","a":-0.0015602636,"b":0.0000465514,"c":0.9999987483,"d":-0.0016882349,"shortest_distance":0.9990219861,"num_points":1125,"plane_center_x":0.0857208669,"plane_center_y":-0.537648797,"plane_center_z":0.0018904682,"color_id":0},"1":{"ros_timestamp":"1695917983.699899","wall_type":"left","a":0.9999014139,"b":0.0139985932,"c":0.0011033864,"d":1.3256281614,"shortest_distance":0.8625623828,"num_points":1505,"plane_center_x":-1.3195205927,"plane_center_y":-0.5380103588,"plane_center_z":1.0734112263,"color_id":1},"2":{"ros_timestamp":"1695917983.699899","wall_type":"right","a":0.9999061823,"b":0.0136862323,"c":-0.0004979627,"d":-1.32576406,"shortest_distance":1.7904870244,"num_points":1024,"plane_center_x":1.325081706,"plane_center_y":0.0995814577,"plane_center_z":1.1169358492,"color_id":2},"3":{"ros_timestamp":"1695917983.699899","wall_type":"front","a":0.0121219158,"b":-0.9999265671,"c":0.0000276852,"d":2.9275135994,"shortest_distance":2.7503045762,"num_points":350,"plane_center_x":-0.0394017845,"plane_center_y":2.9272859097,"plane_center_z":1.2628341913,"color_id":3},"4":{"ros_timestamp":"1695917983.699899","wall_type":"back","a":0.0113122901,"b":-0.9999360442,"c":-0.0000007202,"d":-2.9278321266,"shortest_distance":3.1046931901,"num_points":389,"plane_center_x":0.0190594662,"plane_center_y":-2.9278044701,"plane_center_z":1.2170633078,"color_id":4}}