{"0":{"ros_timestamp":"1695917983.8782845","wall_type":"floor","a":-0.0015783897,"b":0.0000505585,"c":0.9999987483,"d":-0.0016993496,"shortest_distance":0.9990224235,"num_points":1126,"plane_center_x":0.0822853073,"plane_center_y":-0.5397104621,"plane_center_z":0.0018565172,"color_id":0},"1":{"ros_timestamp":"1695917983.8782845","wall_type":"left","a":0.9999032617,"b":0.0139073171,"c":0.000029962,"d":1.3271142244,"shortest_distance":0.8612011346,"num_points":1503,"plane_center_x":-1.3196187019,"plane_center_y":-0.535795927,"plane_center_z":1.0748378038,"color_id":1},"2":{"ros_timestamp":"1695917983.8782845","wall_type":"right","a":0.9999053478,"b":0.0137509229,"c":-0.0004976792,"d":-1.3258786201,"shortest_distance":1.792346407,"num_points":1025,"plane_center_x":1.3251997232,"plane_center_y":0.0988804474,"plane_center_z":1.1158871651,"color_id":2},"3":{"ros_timestamp":"1695917983.8782845","wall_type":"front","a":0.0121219158,"b":-0.9999265671,"c":0.0000276852,"d":2.9275135994,"shortest_distance":2.7549583892,"num_points":350,"plane_center_x":-0.0394017845,"plane_center_y":2.9272859097,"plane_center_z":1.2628341913,"color_id":3},"4":{"ros_timestamp":"1695917983.8782845","wall_type":"back","a":0.0113122901,"b":-0.9999360442,"c":-0.0000007202,"d":-2.9278321266,"shortest_distance":3.1000379623,"num_points":389,"plane_center_x":0.0190594662,"plane_center_y":-2.9278044701,"plane_center_z":1.2170633078,"color_id":4}}