{"0":{"ros_timestamp":"1695917984.0781646","wall_type":"floor","a":-0.0015979168,"b":0.0000512056,"c":0.9999987483,"d":-0.0017007866,"shortest_distance":0.9990325977,"num_points":1124,"plane_center_x":0.0846586674,"plane_center_y":-0.5367347598,"plane_center_z":0.0018635503,"color_id":0},"1":{"ros_timestamp":"1695917984.0781646","wall_type":"left","a":0.9999014139,"b":0.0139985932,"c":0.0011033864,"d":1.3256281614,"shortest_distance":0.8590932916,"num_points":1505,"plane_center_x":-1.3195205927,"plane_center_y":-0.5380103588,"plane_center_z":1.0734112263,"color_id":1},"2":{"ros_timestamp":"1695917984.0781646","wall_type":"right","a":0.9998983145,"b":0.014254123,"c":-0.0002868368,"d":-1.3273061514,"shortest_distance":1.7951883814,"num_points":1026,"plane_center_x":1.3263239861,"plane_center_y":0.1008294895,"plane_center_z":1.1164573431,"color_id":2},"3":{"ros_timestamp":"1695917984.0781646","wall_type":"front","a":0.0121219158,"b":-0.9999265671,"c":0.0000276852,"d":2.9275135994,"shortest_distance":2.7596294605,"num_points":350,"plane_center_x":-0.0394017845,"plane_center_y":2.9272859097,"plane_center_z":1.2628341913,"color_id":3},"4":{"ros_timestamp":"1695917984.0781646","wall_type":"back","a":0.0113122901,"b":-0.9999360442,"c":-0.0000007202,"d":-2.9278321266,"shortest_distance":3.0953655141,"num_points":389,"plane_center_x":0.0190594662,"plane_center_y":-2.9278044701,"plane_center_z":1.2170633078,"color_id":4}}