{"0":{"ros_timestamp":"1695917984.6903636","wall_type":"floor","a":-0.0015398564,"b":0.0000442663,"c":0.9999988675,"d":-0.0016797411,"shortest_distance":0.9990318634,"num_points":1123,"plane_center_x":0.0835263655,"plane_center_y":-0.5357812643,"plane_center_z":0.0018320788,"color_id":0},"1":{"ros_timestamp":"1695917984.6903636","wall_type":"left","a":0.9998986721,"b":0.0141865332,"c":0.00122489,"d":1.3255575895,"shortest_distance":0.8543207995,"num_points":1505,"plane_center_x":-1.3195205927,"plane_center_y":-0.5380103588,"plane_center_z":1.0734112263,"color_id":1},"2":{"ros_timestamp":"1695917984.6903636","wall_type":"right","a":0.9999042749,"b":0.0138202682,"c":-0.0005503201,"d":-1.3258997202,"shortest_distance":1.7989686404,"num_points":1044,"plane_center_x":1.3252013922,"plane_center_y":0.1040214077,"plane_center_z":1.1128448248,"color_id":2},"3":{"ros_timestamp":"1695917984.6903636","wall_type":"front","a":0.0121219158,"b":-0.9999265671,"c":0.0000276852,"d":2.9275135994,"shortest_distance":2.7737415435,"num_points":350,"plane_center_x":-0.0394017845,"plane_center_y":2.9272859097,"plane_center_z":1.2628341913,"color_id":3},"4":{"ros_timestamp":"1695917984.6903636","wall_type":"back","a":0.0113122901,"b":-0.9999360442,"c":-0.0000007202,"d":-2.9278321266,"shortest_distance":3.0812495281,"num_points":389,"plane_center_x":0.0190594662,"plane_center_y":-2.9278044701,"plane_center_z":1.2170633078,"color_id":4}}