{"0":{"ros_timestamp":"1695917984.794694","wall_type":"floor","a":-0.0014623312,"b":0.0000334402,"c":0.9999989867,"d":-0.0016522723,"shortest_distance":0.9990230232,"num_points":1123,"plane_center_x":0.083522059,"plane_center_y":-0.5357699394,"plane_center_z":0.0018342322,"color_id":0},"1":{"ros_timestamp":"1695917984.794694","wall_type":"left","a":0.999900043,"b":0.014055755,"c":0.0015626436,"d":1.3250026703,"shortest_distance":0.8525601312,"num_points":1505,"plane_center_x":-1.3195205927,"plane_center_y":-0.5380103588,"plane_center_z":1.0734112263,"color_id":1},"2":{"ros_timestamp":"1695917984.794694","wall_type":"right","a":0.9999072552,"b":0.0136017362,"c":-0.0006711725,"d":-1.3252216578,"shortest_distance":1.7999664315,"num_points":1044,"plane_center_x":1.3246728182,"plane_center_y":0.10430222,"plane_center_z":1.1128431559,"color_id":2},"3":{"ros_timestamp":"1695917984.794694","wall_type":"front","a":0.0121219158,"b":-0.9999265671,"c":0.0000276852,"d":2.9275135994,"shortest_distance":2.7784769597,"num_points":350,"plane_center_x":-0.0394017845,"plane_center_y":2.9272859097,"plane_center_z":1.2628341913,"color_id":3},"4":{"ros_timestamp":"1695917984.794694","wall_type":"back","a":0.0113122901,"b":-0.9999360442,"c":-0.0000007202,"d":-2.9278321266,"shortest_distance":3.0765128874,"num_points":389,"plane_center_x":0.0190594662,"plane_center_y":-2.9278044701,"plane_center_z":1.2170633078,"color_id":4}}