{"0":{"ros_timestamp":"1695917984.8933976","wall_type":"floor","a":-0.0014635882,"b":0.0000335017,"c":0.9999989867,"d":-0.0016525589,"shortest_distance":0.999023342,"num_points":1123,"plane_center_x":0.0835364386,"plane_center_y":-0.5357660651,"plane_center_z":0.0018343006,"color_id":0},"1":{"ros_timestamp":"1695917984.8933976","wall_type":"left","a":0.9999007583,"b":0.0140494974,"c":0.0009649181,"d":1.3258535862,"shortest_distance":0.8528122083,"num_points":1505,"plane_center_x":-1.3195205927,"plane_center_y":-0.5380103588,"plane_center_z":1.0734112263,"color_id":1},"2":{"ros_timestamp":"1695917984.8933976","wall_type":"right","a":0.9998989105,"b":0.0142127452,"c":-0.000328241,"d":-1.3271141052,"shortest_distance":1.8014244554,"num_points":1045,"plane_center_x":1.3261396885,"plane_center_y":0.1037094295,"plane_center_z":1.1135035753,"color_id":2},"3":{"ros_timestamp":"1695917984.8933976","wall_type":"front","a":0.0121219158,"b":-0.9999265671,"c":0.0000276852,"d":2.9275135994,"shortest_distance":2.7784769597,"num_points":350,"plane_center_x":-0.0394017845,"plane_center_y":2.9272859097,"plane_center_z":1.2628341913,"color_id":3},"4":{"ros_timestamp":"1695917984.8933976","wall_type":"back","a":0.0113122901,"b":-0.9999360442,"c":-0.0000007202,"d":-2.9278321266,"shortest_distance":3.0765128874,"num_points":389,"plane_center_x":0.0190594662,"plane_center_y":-2.9278044701,"plane_center_z":1.2170633078,"color_id":4}}