{"0":{"ros_timestamp":"1695917890.3800933","wall_type":"floor","a":0.0002038566,"b":-0.0021516893,"c":0.999997735,"d":0.002353115,"shortest_distance":1.0033372125,"num_points":424,"plane_center_x":0.0459818877,"plane_center_y":2.2266633511,"plane_center_z":0.0024286043,"color_id":0},"1":{"ros_timestamp":"1695917890.3800933","wall_type":"left","a":0.999896884,"b":0.0143582458,"c":0.0000539212,"d":1.3231226206,"shortest_distance":1.5284596072,"num_points":381,"plane_center_x":-1.3462828398,"plane_center_y":1.5991853476,"plane_center_z":1.1099936962,"color_id":1},"2":{"ros_timestamp":"1695917890.3800933","wall_type":"right","a":0.999904573,"b":0.0138126621,"c":-0.0000048616,"d":-1.3270956278,"shortest_distance":1.1215704598,"num_points":384,"plane_center_x":1.2944871187,"plane_center_y":2.3701245785,"plane_center_z":1.1670171022,"color_id":2}}