{"0":{"ros_timestamp":"1695917985.5960479","wall_type":"floor","a":-0.0014858497,"b":0.0000376187,"c":0.9999988675,"d":-0.0016420515,"shortest_distance":0.9990522329,"num_points":1121,"plane_center_x":0.0836282223,"plane_center_y":-0.536398828,"plane_center_z":0.001786491,"color_id":0},"1":{"ros_timestamp":"1695917985.5960479","wall_type":"left","a":0.9999089241,"b":0.0131481998,"c":0.0030265888,"d":1.322409749,"shortest_distance":0.8456957697,"num_points":1506,"plane_center_x":-1.3195025921,"plane_center_y":-0.5367327332,"plane_center_z":1.0727046728,"color_id":1},"2":{"ros_timestamp":"1695917985.5960479","wall_type":"right","a":0.9998996854,"b":0.0141566619,"c":-0.0003306172,"d":-1.3270045519,"shortest_distance":1.8069461396,"num_points":1047,"plane_center_x":1.3260548115,"plane_center_y":0.1024439186,"plane_center_z":1.1116107702,"color_id":2},"3":{"ros_timestamp":"1695917985.5960479","wall_type":"front","a":0.0121219158,"b":-0.9999265671,"c":0.0000276852,"d":2.9275135994,"shortest_distance":2.7975629298,"num_points":350,"plane_center_x":-0.0394017845,"plane_center_y":2.9272859097,"plane_center_z":1.2628341913,"color_id":3},"4":{"ros_timestamp":"1695917985.5960479","wall_type":"back","a":0.0113122901,"b":-0.9999360442,"c":-0.0000007202,"d":-2.9278321266,"shortest_distance":3.0574224042,"num_points":389,"plane_center_x":0.0190594662,"plane_center_y":-2.9278044701,"plane_center_z":1.2170633078,"color_id":4}}