{"0":{"ros_timestamp":"1695917985.7007616","wall_type":"floor","a":-0.0014674607,"b":0.0000340222,"c":0.9999989867,"d":-0.0016540848,"shortest_distance":0.9990309277,"num_points":1122,"plane_center_x":0.0824017152,"plane_center_y":-0.5346854329,"plane_center_z":0.0017931991,"color_id":0},"1":{"ros_timestamp":"1695917985.7007616","wall_type":"left","a":0.9999014139,"b":0.0139985932,"c":0.0011033864,"d":1.3256281614,"shortest_distance":0.847100168,"num_points":1505,"plane_center_x":-1.3195205927,"plane_center_y":-0.5380103588,"plane_center_z":1.0734112263,"color_id":1},"2":{"ros_timestamp":"1695917985.7007616","wall_type":"right","a":0.999904871,"b":0.0137808071,"c":-0.0005850118,"d":-1.3257644176,"shortest_distance":1.8060094604,"num_points":1047,"plane_center_x":1.3251253366,"plane_center_y":0.1027075872,"plane_center_z":1.1116089821,"color_id":2},"3":{"ros_timestamp":"1695917985.7007616","wall_type":"front","a":0.0121219158,"b":-0.9999265671,"c":0.0000276852,"d":2.9275135994,"shortest_distance":2.7975629298,"num_points":350,"plane_center_x":-0.0394017845,"plane_center_y":2.9272859097,"plane_center_z":1.2628341913,"color_id":3},"4":{"ros_timestamp":"1695917985.7007616","wall_type":"back","a":0.0113122901,"b":-0.9999360442,"c":-0.0000007202,"d":-2.9278321266,"shortest_distance":3.0574224042,"num_points":389,"plane_center_x":0.0190594662,"plane_center_y":-2.9278044701,"plane_center_z":1.2170633078,"color_id":4}}