{"0":{"ros_timestamp":"1695917985.8785179","wall_type":"floor","a":-0.0014674607,"b":0.0000340222,"c":0.9999989867,"d":-0.0016540848,"shortest_distance":0.9990325502,"num_points":1122,"plane_center_x":0.0824017152,"plane_center_y":-0.5346854329,"plane_center_z":0.0017931991,"color_id":0},"1":{"ros_timestamp":"1695917985.8785179","wall_type":"left","a":0.9999011159,"b":0.0140249189,"c":0.0010308245,"d":1.3257461786,"shortest_distance":0.8458641333,"num_points":1505,"plane_center_x":-1.3195205927,"plane_center_y":-0.5380103588,"plane_center_z":1.0734112263,"color_id":1},"2":{"ros_timestamp":"1695917985.8785179","wall_type":"right","a":0.9998964071,"b":0.0143952733,"c":-0.0001977905,"d":-1.3276525736,"shortest_distance":1.8087166555,"num_points":1063,"plane_center_x":1.3264248371,"plane_center_y":0.1100877747,"plane_center_z":1.1099293232,"color_id":2},"3":{"ros_timestamp":"1695917985.8785179","wall_type":"front","a":0.0121219158,"b":-0.9999265671,"c":0.0000276852,"d":2.9275135994,"shortest_distance":2.802368113,"num_points":350,"plane_center_x":-0.0394017845,"plane_center_y":2.9272859097,"plane_center_z":1.2628341913,"color_id":3},"4":{"ros_timestamp":"1695917985.8785179","wall_type":"back","a":0.0113122901,"b":-0.9999360442,"c":-0.0000007202,"d":-2.9278321266,"shortest_distance":3.0526161897,"num_points":389,"plane_center_x":0.0190594662,"plane_center_y":-2.9278044701,"plane_center_z":1.2170633078,"color_id":4}}