{"0":{"ros_timestamp":"1695917986.0940945","wall_type":"floor","a":-0.0014674607,"b":0.0000340222,"c":0.9999989867,"d":-0.0016540848,"shortest_distance":0.9990341015,"num_points":1122,"plane_center_x":0.0824017152,"plane_center_y":-0.5346854329,"plane_center_z":0.0017931991,"color_id":0},"1":{"ros_timestamp":"1695917986.0940945","wall_type":"left","a":0.99989748,"b":0.0140117304,"c":0.002966031,"d":1.3229702711,"shortest_distance":0.8437867757,"num_points":1505,"plane_center_x":-1.3195205927,"plane_center_y":-0.5380103588,"plane_center_z":1.0734112263,"color_id":1},"2":{"ros_timestamp":"1695917986.0940945","wall_type":"right","a":0.9998952746,"b":0.0144688869,"c":-0.0001415274,"d":-1.3279089928,"shortest_distance":1.8101465827,"num_points":1063,"plane_center_x":1.3266121149,"plane_center_y":0.1100931168,"plane_center_z":1.1099288464,"color_id":2},"3":{"ros_timestamp":"1695917986.0940945","wall_type":"front","a":0.0121219158,"b":-0.9999265671,"c":0.0000276852,"d":2.9275135994,"shortest_distance":2.8071858133,"num_points":350,"plane_center_x":-0.0394017845,"plane_center_y":2.9272859097,"plane_center_z":1.2628341913,"color_id":3},"4":{"ros_timestamp":"1695917986.0940945","wall_type":"back","a":0.0113122901,"b":-0.9999360442,"c":-0.0000007202,"d":-2.9278321266,"shortest_distance":3.0477974969,"num_points":389,"plane_center_x":0.0190594662,"plane_center_y":-2.9278044701,"plane_center_z":1.2170633078,"color_id":4}}