{"0":{"ros_timestamp":"1695917890.5800598","wall_type":"floor","a":0.0002122028,"b":-0.0021152005,"c":0.999997735,"d":0.0022613176,"shortest_distance":1.0032308457,"num_points":424,"plane_center_x":0.0459927469,"plane_center_y":2.226670742,"plane_center_z":0.0024387834,"color_id":0},"1":{"ros_timestamp":"1695917890.5800598","wall_type":"left","a":0.9998896718,"b":0.01485446,"c":0.0000530915,"d":1.3207467794,"shortest_distance":1.5258581496,"num_points":381,"plane_center_x":-1.3447059393,"plane_center_y":1.5989706516,"plane_center_z":1.1099847555,"color_id":1},"2":{"ros_timestamp":"1695917890.5800598","wall_type":"right","a":0.999904573,"b":0.0138126621,"c":-0.0000048616,"d":-1.3270956278,"shortest_distance":1.1215704598,"num_points":384,"plane_center_x":1.2944871187,"plane_center_y":2.3701245785,"plane_center_z":1.1670171022,"color_id":2}}