{"0":{"ros_timestamp":"1695917890.7117643","wall_type":"floor","a":0.0002575002,"b":-0.0021150652,"c":0.9999976754,"d":0.002251599,"shortest_distance":1.0032272776,"num_points":427,"plane_center_x":0.0401398391,"plane_center_y":2.2246057987,"plane_center_z":0.002443257,"color_id":0},"1":{"ros_timestamp":"1695917890.7117643","wall_type":"left","a":0.999892652,"b":0.014650452,"c":0.0000726654,"d":1.3226730824,"shortest_distance":1.5324148077,"num_points":383,"plane_center_x":-1.3462700844,"plane_center_y":1.5953056812,"plane_center_z":1.1094212532,"color_id":1},"2":{"ros_timestamp":"1695917890.7117643","wall_type":"right","a":0.999904573,"b":0.0138126621,"c":-0.0000048616,"d":-1.3270956278,"shortest_distance":1.1170538577,"num_points":384,"plane_center_x":1.2944871187,"plane_center_y":2.3701245785,"plane_center_z":1.1670171022,"color_id":2},"3":{"ros_timestamp":"1695917890.7117643","wall_type":"front","a":0.0073175416,"b":-0.9999732375,"c":0.0000039231,"d":2.9304027557,"shortest_distance":3.3796502864,"num_points":110,"plane_center_x":0.5383299589,"plane_center_y":2.9344251156,"plane_center_z":1.1998556852,"color_id":3}}