{"0":{"ros_timestamp":"1695917988.2025597","wall_type":"floor","a":-0.0001471332,"b":0.0000942285,"c":1.0,"d":-0.0010281919,"shortest_distance":0.9990258922,"num_points":1084,"plane_center_x":0.0389704183,"plane_center_y":-0.5325980783,"plane_center_z":0.0010841116,"color_id":0},"1":{"ros_timestamp":"1695917988.2025597","wall_type":"left","a":0.9999014139,"b":0.0139985932,"c":0.0011033864,"d":1.3256281614,"shortest_distance":0.8348816078,"num_points":1505,"plane_center_x":-1.3195205927,"plane_center_y":-0.5380103588,"plane_center_z":1.0734112263,"color_id":1},"2":{"ros_timestamp":"1695917988.2025597","wall_type":"right","a":0.9998970628,"b":0.0135621252,"c":-0.0046966439,"d":-1.3203431368,"shortest_distance":1.8169159571,"num_points":1119,"plane_center_x":1.3252785206,"plane_center_y":0.0942203179,"plane_center_z":1.0712223053,"color_id":2},"3":{"ros_timestamp":"1695917988.2025597","wall_type":"front","a":0.0121219158,"b":-0.9999265671,"c":0.0000276852,"d":2.9275135994,"shortest_distance":2.8559447171,"num_points":350,"plane_center_x":-0.0394017845,"plane_center_y":2.9272859097,"plane_center_z":1.2628341913,"color_id":3},"4":{"ros_timestamp":"1695917988.2025597","wall_type":"back","a":0.0113122901,"b":-0.9999360442,"c":-0.0000007202,"d":-2.9278321266,"shortest_distance":2.9990308316,"num_points":389,"plane_center_x":0.0190594662,"plane_center_y":-2.9278044701,"plane_center_z":1.2170633078,"color_id":4}}