{"0":{"ros_timestamp":"1695917988.6784039","wall_type":"floor","a":-0.0001714448,"b":0.000084486,"c":1.0,"d":-0.0010475691,"shortest_distance":0.9990172281,"num_points":1089,"plane_center_x":0.0400462002,"plane_center_y":-0.5367078185,"plane_center_z":0.0010997792,"color_id":0},"1":{"ros_timestamp":"1695917988.6784039","wall_type":"left","a":0.9998983741,"b":0.0141043896,"c":-0.0020837011,"d":1.3286575079,"shortest_distance":0.8333794086,"num_points":1503,"plane_center_x":-1.3196187019,"plane_center_y":-0.535795927,"plane_center_z":1.0748378038,"color_id":1},"2":{"ros_timestamp":"1695917988.6784039","wall_type":"right","a":0.9998970628,"b":0.0142904958,"c":-0.0012870735,"d":-1.3258217573,"shortest_distance":1.8202921996,"num_points":1132,"plane_center_x":1.3256628513,"plane_center_y":0.1174725667,"plane_center_z":1.0730377436,"color_id":2},"3":{"ros_timestamp":"1695917988.6784039","wall_type":"front","a":0.0121219158,"b":-0.9999265671,"c":0.0000276852,"d":2.9275135994,"shortest_distance":2.8657980888,"num_points":350,"plane_center_x":-0.0394017845,"plane_center_y":2.9272859097,"plane_center_z":1.2628341913,"color_id":3},"4":{"ros_timestamp":"1695917988.6784039","wall_type":"back","a":0.0113122901,"b":-0.9999360442,"c":-0.0000007202,"d":-2.9278321266,"shortest_distance":2.9891763834,"num_points":389,"plane_center_x":0.0190594662,"plane_center_y":-2.9278044701,"plane_center_z":1.2170633078,"color_id":4}}