{"0":{"ros_timestamp":"1695917890.7802842","wall_type":"floor","a":0.000283286,"b":-0.0021310891,"c":0.9999976754,"d":0.002274907,"shortest_distance":1.0032632941,"num_points":427,"plane_center_x":0.040095482,"plane_center_y":2.2245738506,"plane_center_z":0.0024545058,"color_id":0},"1":{"ros_timestamp":"1695917890.7802842","wall_type":"left","a":0.9998879433,"b":0.0149708297,"c":0.0000660803,"d":1.3206228018,"shortest_distance":1.5302134437,"num_points":383,"plane_center_x":-1.3447415829,"plane_center_y":1.5960923433,"plane_center_z":1.1094152927,"color_id":1},"2":{"ros_timestamp":"1695917890.7802842","wall_type":"right","a":0.999904573,"b":0.0138126621,"c":-0.0000048616,"d":-1.3270956278,"shortest_distance":1.1170538577,"num_points":384,"plane_center_x":1.2944871187,"plane_center_y":2.3701245785,"plane_center_z":1.1670171022,"color_id":2},"3":{"ros_timestamp":"1695917890.7802842","wall_type":"front","a":0.0102872327,"b":-0.9999470115,"c":0.0000040759,"d":2.9283988476,"shortest_distance":3.3782772744,"num_points":110,"plane_center_x":0.538541019,"plane_center_y":2.9340991974,"plane_center_z":1.1998455524,"color_id":3}}