{"0":{"ros_timestamp":"1695917989.003282","wall_type":"floor","a":-0.0001664794,"b":0.0000514955,"c":1.0,"d":-0.0011119242,"shortest_distance":0.9989482434,"num_points":1087,"plane_center_x":0.0424120091,"plane_center_y":-0.5336434841,"plane_center_z":0.0010991532,"color_id":0},"1":{"ros_timestamp":"1695917989.003282","wall_type":"left","a":0.9998960495,"b":0.0141563788,"c":0.002763171,"d":1.3233399391,"shortest_distance":0.8317563817,"num_points":1505,"plane_center_x":-1.3195205927,"plane_center_y":-0.5380103588,"plane_center_z":1.0734112263,"color_id":1},"2":{"ros_timestamp":"1695917989.003282","wall_type":"right","a":0.9998990297,"b":0.0141295763,"c":-0.0014837793,"d":-1.3252030611,"shortest_distance":1.8210361838,"num_points":1132,"plane_center_x":1.3253960609,"plane_center_y":0.1123047099,"plane_center_z":1.0730382204,"color_id":2},"3":{"ros_timestamp":"1695917989.003282","wall_type":"front","a":0.0121219158,"b":-0.9999265671,"c":0.0000276852,"d":2.9275135994,"shortest_distance":2.8756761569,"num_points":350,"plane_center_x":-0.0394017845,"plane_center_y":2.9272859097,"plane_center_z":1.2628341913,"color_id":3},"4":{"ros_timestamp":"1695917989.003282","wall_type":"back","a":0.0113122901,"b":-0.9999360442,"c":-0.0000007202,"d":-2.9278321266,"shortest_distance":2.9792973987,"num_points":389,"plane_center_x":0.0190594662,"plane_center_y":-2.9278044701,"plane_center_z":1.2170633078,"color_id":4}}