{"0":{"ros_timestamp":"1695917989.5783067","wall_type":"floor","a":-0.0003873033,"b":0.0001051971,"c":0.9999998808,"d":-0.0022196951,"shortest_distance":0.9979510708,"num_points":1166,"plane_center_x":0.029794516,"plane_center_y":-0.5357496738,"plane_center_z":0.0023299549,"color_id":0},"1":{"ros_timestamp":"1695917989.5783067","wall_type":"left","a":0.9999014139,"b":0.01403696,"c":0.0001752427,"d":1.3269742727,"shortest_distance":0.8314331427,"num_points":1461,"plane_center_x":-1.3197565079,"plane_center_y":-0.5372611284,"plane_center_z":1.1052561998,"color_id":1},"2":{"ros_timestamp":"1695917989.5783067","wall_type":"right","a":0.9999002814,"b":0.0141165135,"c":-0.0004016087,"d":-1.3266513348,"shortest_distance":1.8227663047,"num_points":1097,"plane_center_x":1.3254094124,"plane_center_y":0.1288275123,"plane_center_z":1.106528163,"color_id":2},"3":{"ros_timestamp":"1695917989.5783067","wall_type":"front","a":0.0121219158,"b":-0.9999265671,"c":0.0000276852,"d":2.9275135994,"shortest_distance":2.8905309196,"num_points":350,"plane_center_x":-0.0394017845,"plane_center_y":2.9272859097,"plane_center_z":1.2628341913,"color_id":3},"4":{"ros_timestamp":"1695917989.5783067","wall_type":"back","a":0.0113122901,"b":-0.9999360442,"c":-0.0000007202,"d":-2.9278321266,"shortest_distance":2.9644415614,"num_points":389,"plane_center_x":0.0190594662,"plane_center_y":-2.9278044701,"plane_center_z":1.2170633078,"color_id":4}}