{"0":{"ros_timestamp":"1695917890.903003","wall_type":"floor","a":0.0002639379,"b":-0.0022189168,"c":0.9999974966,"d":0.0024976837,"shortest_distance":1.0035210192,"num_points":428,"plane_center_x":0.0362170488,"plane_center_y":2.222849369,"plane_center_z":0.0024250811,"color_id":0},"1":{"ros_timestamp":"1695917890.903003","wall_type":"left","a":0.9999118447,"b":0.0132779749,"c":0.0000723205,"d":1.3283888102,"shortest_distance":1.5387487235,"num_points":383,"plane_center_x":-1.3497622013,"plane_center_y":1.594686389,"plane_center_z":1.109437108,"color_id":1},"2":{"ros_timestamp":"1695917890.903003","wall_type":"right","a":0.999904573,"b":0.0138126621,"c":-0.0000048616,"d":-1.3270956278,"shortest_distance":1.1170538577,"num_points":384,"plane_center_x":1.2944871187,"plane_center_y":2.3701245785,"plane_center_z":1.1670171022,"color_id":2},"3":{"ros_timestamp":"1695917890.903003","wall_type":"front","a":0.0050173011,"b":-0.9999874234,"c":0.0000008528,"d":2.9320111275,"shortest_distance":3.3807645127,"num_points":110,"plane_center_x":0.5327796936,"plane_center_y":2.9347221851,"plane_center_z":1.1998404264,"color_id":3}}