{"0":{"ros_timestamp":"1695917990.6046255","wall_type":"floor","a":-0.0001415307,"b":0.0000930826,"c":1.0,"d":-0.0010263368,"shortest_distance":0.9990204373,"num_points":1086,"plane_center_x":0.041306816,"plane_center_y":-0.5361974835,"plane_center_z":0.0010820936,"color_id":0},"1":{"ros_timestamp":"1695917990.6046255","wall_type":"left","a":0.9999029636,"b":0.0137890605,"c":0.0019678548,"d":1.3242764473,"shortest_distance":0.8294028745,"num_points":1505,"plane_center_x":-1.3195205927,"plane_center_y":-0.5380103588,"plane_center_z":1.0734112263,"color_id":1},"2":{"ros_timestamp":"1695917990.6046255","wall_type":"right","a":0.9998930097,"b":0.014415659,"c":-0.0024654015,"d":-1.3238407373,"shortest_distance":1.8231356304,"num_points":1149,"plane_center_x":1.3251630068,"plane_center_y":0.124798663,"plane_center_z":1.0711067915,"color_id":2},"3":{"ros_timestamp":"1695917990.6046255","wall_type":"front","a":0.0121219158,"b":-0.9999265671,"c":0.0000276852,"d":2.9275135994,"shortest_distance":2.9103867651,"num_points":350,"plane_center_x":-0.0394017845,"plane_center_y":2.9272859097,"plane_center_z":1.2628341913,"color_id":3},"4":{"ros_timestamp":"1695917990.6046255","wall_type":"back","a":0.0113122901,"b":-0.9999360442,"c":-0.0000007202,"d":-2.9278321266,"shortest_distance":2.9445848452,"num_points":389,"plane_center_x":0.0190594662,"plane_center_y":-2.9278044701,"plane_center_z":1.2170633078,"color_id":4}}