{"0":{"ros_timestamp":"1695917991.7969933","wall_type":"floor","a":-0.0001490693,"b":0.0000939703,"c":1.0,"d":-0.0010272929,"shortest_distance":0.9990208915,"num_points":1085,"plane_center_x":0.0377849676,"plane_center_y":-0.5340121388,"plane_center_z":0.0010831067,"color_id":0},"1":{"ros_timestamp":"1695917991.7969933","wall_type":"left","a":0.9999043345,"b":0.013825126,"c":0.0005288295,"d":1.3263545036,"shortest_distance":0.8297628625,"num_points":1504,"plane_center_x":-1.3195685148,"plane_center_y":-0.5369938612,"plane_center_z":1.0741249323,"color_id":1},"2":{"ros_timestamp":"1695917991.7969933","wall_type":"right","a":0.999892354,"b":0.0136104338,"c":-0.0054887543,"d":-1.3197420835,"shortest_distance":1.8223421394,"num_points":1167,"plane_center_x":1.3247879744,"plane_center_y":0.1380461454,"plane_center_z":1.0683000088,"color_id":2},"3":{"ros_timestamp":"1695917991.7969933","wall_type":"front","a":0.0121219158,"b":-0.9999265671,"c":0.0000276852,"d":2.9275135994,"shortest_distance":2.9352414368,"num_points":350,"plane_center_x":-0.0394017845,"plane_center_y":2.9272859097,"plane_center_z":1.2628341913,"color_id":3},"4":{"ros_timestamp":"1695917991.7969933","wall_type":"back","a":0.0113122901,"b":-0.9999360442,"c":-0.0000007202,"d":-2.9278321266,"shortest_distance":2.9197299902,"num_points":389,"plane_center_x":0.0190594662,"plane_center_y":-2.9278044701,"plane_center_z":1.2170633078,"color_id":4}}