{"0":{"ros_timestamp":"1695917992.399573","wall_type":"floor","a":-0.0001415307,"b":0.0000930826,"c":1.0,"d":-0.0010263368,"shortest_distance":0.9990166376,"num_points":1086,"plane_center_x":0.041306816,"plane_center_y":-0.5361974835,"plane_center_z":0.0010820936,"color_id":0},"1":{"ros_timestamp":"1695917992.399573","wall_type":"left","a":0.9999023676,"b":0.0139470818,"c":0.0008927128,"d":1.3259010315,"shortest_distance":0.8301000238,"num_points":1505,"plane_center_x":-1.3195205927,"plane_center_y":-0.5380103588,"plane_center_z":1.0734112263,"color_id":1},"2":{"ros_timestamp":"1695917992.399573","wall_type":"right","a":0.9998958707,"b":0.0142480619,"c":-0.0022809585,"d":-1.3240140676,"shortest_distance":1.8229940682,"num_points":1167,"plane_center_x":1.3247766495,"plane_center_y":0.1471675485,"plane_center_z":1.0713999271,"color_id":2},"3":{"ros_timestamp":"1695917992.399573","wall_type":"front","a":0.0121219158,"b":-0.9999265671,"c":0.0000276852,"d":2.9275135994,"shortest_distance":2.9501489772,"num_points":350,"plane_center_x":-0.0394017845,"plane_center_y":2.9272859097,"plane_center_z":1.2628341913,"color_id":3},"4":{"ros_timestamp":"1695917992.399573","wall_type":"back","a":0.0113122901,"b":-0.9999360442,"c":-0.0000007202,"d":-2.9278321266,"shortest_distance":2.9048228228,"num_points":389,"plane_center_x":0.0190594662,"plane_center_y":-2.9278044701,"plane_center_z":1.2170633078,"color_id":4}}