{"0":{"ros_timestamp":"1695917992.4783657","wall_type":"floor","a":-0.0001463057,"b":0.0000934452,"c":1.0,"d":-0.0010263479,"shortest_distance":0.9990189855,"num_points":1086,"plane_center_x":0.038951546,"plane_center_y":-0.5356615186,"plane_center_z":0.0010821017,"color_id":0},"1":{"ros_timestamp":"1695917992.4783657","wall_type":"left","a":0.9999037385,"b":0.0138621116,"c":0.0005064033,"d":1.3264064789,"shortest_distance":0.8302209904,"num_points":1504,"plane_center_x":-1.3195685148,"plane_center_y":-0.5369938612,"plane_center_z":1.0741249323,"color_id":1},"2":{"ros_timestamp":"1695917992.4783657","wall_type":"right","a":0.9998962283,"b":0.0140267881,"c":-0.0032658083,"d":-1.3226162195,"shortest_distance":1.8225749606,"num_points":1190,"plane_center_x":1.3247509003,"plane_center_y":0.1490109265,"plane_center_z":1.0691761971,"color_id":2},"3":{"ros_timestamp":"1695917992.4783657","wall_type":"front","a":0.0121219158,"b":-0.9999265671,"c":0.0000276852,"d":2.9275135994,"shortest_distance":2.9501489772,"num_points":350,"plane_center_x":-0.0394017845,"plane_center_y":2.9272859097,"plane_center_z":1.2628341913,"color_id":3},"4":{"ros_timestamp":"1695917992.4783657","wall_type":"back","a":0.0113122901,"b":-0.9999360442,"c":-0.0000007202,"d":-2.9278321266,"shortest_distance":2.9048228228,"num_points":389,"plane_center_x":0.0190594662,"plane_center_y":-2.9278044701,"plane_center_z":1.2170633078,"color_id":4}}