{"0":{"ros_timestamp":"1695917992.5987663","wall_type":"floor","a":-0.0001728097,"b":0.0000992386,"c":1.0,"d":-0.0010127818,"shortest_distance":0.9990449898,"num_points":1082,"plane_center_x":0.0414300524,"plane_center_y":-0.536224544,"plane_center_z":0.0010731554,"color_id":0},"1":{"ros_timestamp":"1695917992.5987663","wall_type":"left","a":0.9999090433,"b":0.0123538803,"c":0.0054130079,"d":1.3208289146,"shortest_distance":0.829840156,"num_points":1507,"plane_center_x":-1.3194836378,"plane_center_y":-0.5353993177,"plane_center_z":1.0719960928,"color_id":1},"2":{"ros_timestamp":"1695917992.5987663","wall_type":"right","a":0.9998944998,"b":0.0138128996,"c":-0.0044920421,"d":-1.3207517862,"shortest_distance":1.8216871511,"num_points":1191,"plane_center_x":1.3246434927,"plane_center_y":0.1468411088,"plane_center_z":1.0682740211,"color_id":2},"3":{"ros_timestamp":"1695917992.5987663","wall_type":"front","a":0.0121219158,"b":-0.9999265671,"c":0.0000276852,"d":2.9275135994,"shortest_distance":2.9551142982,"num_points":350,"plane_center_x":-0.0394017845,"plane_center_y":2.9272859097,"plane_center_z":1.2628341913,"color_id":3},"4":{"ros_timestamp":"1695917992.5987663","wall_type":"back","a":0.0113122901,"b":-0.9999360442,"c":-0.0000007202,"d":-2.9278321266,"shortest_distance":2.8998577066,"num_points":389,"plane_center_x":0.0190594662,"plane_center_y":-2.9278044701,"plane_center_z":1.2170633078,"color_id":4}}