{"0":{"ros_timestamp":"1695917993.2082324","wall_type":"floor","a":-0.0001664794,"b":0.0000514955,"c":1.0,"d":-0.0011119242,"shortest_distance":0.9989433453,"num_points":1087,"plane_center_x":0.0424120091,"plane_center_y":-0.5336434841,"plane_center_z":0.0010991532,"color_id":0},"1":{"ros_timestamp":"1695917993.2082324","wall_type":"left","a":0.999896884,"b":0.0141941104,"c":0.0022015332,"d":1.3241645098,"shortest_distance":0.8309281388,"num_points":1505,"plane_center_x":-1.3195205927,"plane_center_y":-0.5380103588,"plane_center_z":1.0734112263,"color_id":1},"2":{"ros_timestamp":"1695917993.2082324","wall_type":"right","a":0.9999007583,"b":0.0140286973,"c":-0.0012723419,"d":-1.3254253864,"shortest_distance":1.8221294547,"num_points":1195,"plane_center_x":1.3246889114,"plane_center_y":0.1591362506,"plane_center_z":1.0698652267,"color_id":2},"3":{"ros_timestamp":"1695917993.2082324","wall_type":"front","a":0.0121219158,"b":-0.9999265671,"c":0.0000276852,"d":2.9275135994,"shortest_distance":2.9699917327,"num_points":350,"plane_center_x":-0.0394017845,"plane_center_y":2.9272859097,"plane_center_z":1.2628341913,"color_id":3},"4":{"ros_timestamp":"1695917993.2082324","wall_type":"back","a":0.0113122901,"b":-0.9999360442,"c":-0.0000007202,"d":-2.9278321266,"shortest_distance":2.8849811274,"num_points":389,"plane_center_x":0.0190594662,"plane_center_y":-2.9278044701,"plane_center_z":1.2170633078,"color_id":4}}