{"0":{"ros_timestamp":"1695917891.3060665","wall_type":"floor","a":0.0002253553,"b":-0.0020918299,"c":0.9999977946,"d":0.0022089339,"shortest_distance":1.0031600897,"num_points":430,"plane_center_x":0.036913041,"plane_center_y":2.225259304,"plane_center_z":0.0024376167,"color_id":0},"1":{"ros_timestamp":"1695917891.3060665","wall_type":"left","a":0.999897182,"b":0.0143364808,"c":-0.0000975731,"d":1.3234030008,"shortest_distance":1.5420880446,"num_points":383,"plane_center_x":-1.3462311029,"plane_center_y":1.5902041197,"plane_center_z":1.1094441414,"color_id":1},"2":{"ros_timestamp":"1695917891.3060665","wall_type":"right","a":0.999904573,"b":0.0138126621,"c":-0.0000048616,"d":-1.3270956278,"shortest_distance":1.1080841166,"num_points":384,"plane_center_x":1.2944871187,"plane_center_y":2.3701245785,"plane_center_z":1.1670171022,"color_id":2},"3":{"ros_timestamp":"1695917891.3060665","wall_type":"front","a":0.0104837986,"b":-0.9999450445,"c":0.000000608,"d":2.9282975197,"shortest_distance":3.3738932425,"num_points":110,"plane_center_x":0.5286477804,"plane_center_y":2.9340016842,"plane_center_z":1.199796319,"color_id":3}}