{"0":{"ros_timestamp":"1695917995.9914906","wall_type":"floor","a":-0.0001748438,"b":0.0000839363,"c":1.0,"d":-0.0010460187,"shortest_distance":0.9990046363,"num_points":1088,"plane_center_x":0.041226659,"plane_center_y":-0.5350524783,"plane_center_z":0.0010981372,"color_id":0},"1":{"ros_timestamp":"1695917995.9914906","wall_type":"left","a":0.9999031425,"b":0.0138992006,"c":0.0006938852,"d":1.3261592388,"shortest_distance":0.8409958632,"num_points":1504,"plane_center_x":-1.3195685148,"plane_center_y":-0.5369938612,"plane_center_z":1.0741249323,"color_id":1},"2":{"ros_timestamp":"1695917995.9914906","wall_type":"right","a":0.9999006987,"b":0.0139507828,"c":-0.0020032122,"d":-1.3238292933,"shortest_distance":1.8116942783,"num_points":1350,"plane_center_x":1.3222224712,"plane_center_y":0.2963479459,"plane_center_z":1.062530756,"color_id":2},"3":{"ros_timestamp":"1695917995.9914906","wall_type":"front","a":0.0121219158,"b":-0.9999265671,"c":0.0000276852,"d":2.9275135994,"shortest_distance":3.0338480718,"num_points":350,"plane_center_x":-0.0394017845,"plane_center_y":2.9272859097,"plane_center_z":1.2628341913,"color_id":3},"4":{"ros_timestamp":"1695917995.9914906","wall_type":"back","a":0.0113122901,"b":-0.9999360442,"c":-0.0000007202,"d":-2.9278321266,"shortest_distance":2.8211326493,"num_points":389,"plane_center_x":0.0190594662,"plane_center_y":-2.9278044701,"plane_center_z":1.2170633078,"color_id":4}}