{"0":{"ros_timestamp":"1695917996.6784298","wall_type":"floor","a":-0.0001415307,"b":0.0000930826,"c":1.0,"d":-0.0010263368,"shortest_distance":0.9990053068,"num_points":1086,"plane_center_x":0.041306816,"plane_center_y":-0.5361974835,"plane_center_z":0.0010820936,"color_id":0},"1":{"ros_timestamp":"1695917996.6784298","wall_type":"left","a":0.9998987317,"b":0.0141724376,"c":0.0012808359,"d":1.3254697323,"shortest_distance":0.8442422494,"num_points":1505,"plane_center_x":-1.3195205927,"plane_center_y":-0.5380103588,"plane_center_z":1.0734112263,"color_id":1},"2":{"ros_timestamp":"1695917996.6784298","wall_type":"right","a":0.9998936653,"b":0.0144390017,"c":-0.0020519828,"d":-1.3239150047,"shortest_distance":1.8085065307,"num_points":1356,"plane_center_x":1.3220061064,"plane_center_y":0.3090729117,"plane_center_z":1.0608661175,"color_id":2},"3":{"ros_timestamp":"1695917996.6784298","wall_type":"front","a":0.0121219158,"b":-0.9999265671,"c":0.0000276852,"d":2.9275135994,"shortest_distance":3.0483681278,"num_points":350,"plane_center_x":-0.0394017845,"plane_center_y":2.9272859097,"plane_center_z":1.2628341913,"color_id":3},"4":{"ros_timestamp":"1695917996.6784298","wall_type":"back","a":0.0113122901,"b":-0.9999360442,"c":-0.0000007202,"d":-2.9278321266,"shortest_distance":2.8066153568,"num_points":389,"plane_center_x":0.0190594662,"plane_center_y":-2.9278044701,"plane_center_z":1.2170633078,"color_id":4}}