{"0":{"ros_timestamp":"1695917996.8783815","wall_type":"floor","a":-0.0001664794,"b":0.0000514955,"c":1.0,"d":-0.0011119242,"shortest_distance":0.9989365184,"num_points":1087,"plane_center_x":0.0424120091,"plane_center_y":-0.5336434841,"plane_center_z":0.0010991532,"color_id":0},"1":{"ros_timestamp":"1695917996.8783815","wall_type":"left","a":0.9998987317,"b":0.0141724376,"c":0.0012808359,"d":1.3254697323,"shortest_distance":0.845464731,"num_points":1505,"plane_center_x":-1.3195205927,"plane_center_y":-0.5380103588,"plane_center_z":1.0734112263,"color_id":1},"2":{"ros_timestamp":"1695917996.8783815","wall_type":"right","a":0.9999009967,"b":0.0139746536,"c":-0.0016411322,"d":-1.3246259689,"shortest_distance":1.8075279739,"num_points":1355,"plane_center_x":1.3223729134,"plane_center_y":0.306807816,"plane_center_z":1.0616340637,"color_id":2},"3":{"ros_timestamp":"1695917996.8783815","wall_type":"front","a":0.0121219158,"b":-0.9999265671,"c":0.0000276852,"d":2.9275135994,"shortest_distance":3.0531846255,"num_points":350,"plane_center_x":-0.0394017845,"plane_center_y":2.9272859097,"plane_center_z":1.2628341913,"color_id":3},"4":{"ros_timestamp":"1695917996.8783815","wall_type":"back","a":0.0113122901,"b":-0.9999360442,"c":-0.0000007202,"d":-2.9278321266,"shortest_distance":2.8017998586,"num_points":389,"plane_center_x":0.0190594662,"plane_center_y":-2.9278044701,"plane_center_z":1.2170633078,"color_id":4}}