{"0":{"ros_timestamp":"1695917997.768605","wall_type":"floor","a":-0.0002128188,"b":0.0000865288,"c":1.0,"d":-0.0010250292,"shortest_distance":0.9990381645,"num_points":1083,"plane_center_x":0.0472410731,"plane_center_y":-0.533842802,"plane_center_z":0.0010812758,"color_id":0},"1":{"ros_timestamp":"1695917997.768605","wall_type":"left","a":0.9998965263,"b":0.0136055872,"c":0.0046759476,"d":1.3202973604,"shortest_distance":0.8491436471,"num_points":1509,"plane_center_x":-1.3193762302,"plane_center_y":-0.5378556848,"plane_center_z":1.0705816746,"color_id":1},"2":{"ros_timestamp":"1695917997.768605","wall_type":"right","a":0.9998970628,"b":0.0142860813,"c":-0.0013119427,"d":-1.3248682022,"shortest_distance":1.8021123788,"num_points":1401,"plane_center_x":1.3214478493,"plane_center_y":0.3492111266,"plane_center_z":1.0596175194,"color_id":2},"3":{"ros_timestamp":"1695917997.768605","wall_type":"front","a":0.0121219158,"b":-0.9999265671,"c":0.0000276852,"d":2.9275135994,"shortest_distance":3.0723201764,"num_points":350,"plane_center_x":-0.0394017845,"plane_center_y":2.9272859097,"plane_center_z":1.2628341913,"color_id":3},"4":{"ros_timestamp":"1695917997.768605","wall_type":"back","a":0.0113122901,"b":-0.9999360442,"c":-0.0000007202,"d":-2.9278321266,"shortest_distance":2.7826686936,"num_points":389,"plane_center_x":0.0190594662,"plane_center_y":-2.9278044701,"plane_center_z":1.2170633078,"color_id":4}}