{"0":{"ros_timestamp":"1695917998.19338","wall_type":"floor","a":-0.0001748438,"b":0.0000839363,"c":1.0,"d":-0.0010460187,"shortest_distance":0.9989989148,"num_points":1088,"plane_center_x":0.041226659,"plane_center_y":-0.5350524783,"plane_center_z":0.0010981372,"color_id":0},"1":{"ros_timestamp":"1695917998.19338","wall_type":"left","a":0.9999040365,"b":0.0138392346,"c":0.0006039832,"d":1.326254487,"shortest_distance":0.8524535964,"num_points":1504,"plane_center_x":-1.3195685148,"plane_center_y":-0.5369938612,"plane_center_z":1.0741249323,"color_id":1},"2":{"ros_timestamp":"1695917998.19338","wall_type":"right","a":0.9999012351,"b":0.0139607238,"c":-0.0015815502,"d":-1.3246541023,"shortest_distance":1.8006581299,"num_points":1439,"plane_center_x":1.3212316036,"plane_center_y":0.3859826922,"plane_center_z":1.058044672,"color_id":2},"3":{"ros_timestamp":"1695917998.19338","wall_type":"front","a":0.0121219158,"b":-0.9999265671,"c":0.0000276852,"d":2.9275135994,"shortest_distance":3.0770690623,"num_points":350,"plane_center_x":-0.0394017845,"plane_center_y":2.9272859097,"plane_center_z":1.2628341913,"color_id":3},"4":{"ros_timestamp":"1695917998.19338","wall_type":"back","a":0.0113122901,"b":-0.9999360442,"c":-0.0000007202,"d":-2.9278321266,"shortest_distance":2.7779210008,"num_points":389,"plane_center_x":0.0190594662,"plane_center_y":-2.9278044701,"plane_center_z":1.2170633078,"color_id":4}}