{"0":{"ros_timestamp":"1695917998.4960127","wall_type":"floor","a":-0.0001843827,"b":0.0000947897,"c":0.9999999404,"d":-0.0010031995,"shortest_distance":0.999043069,"num_points":1081,"plane_center_x":0.0473172702,"plane_center_y":-0.5343543887,"plane_center_z":0.0010625754,"color_id":0},"1":{"ros_timestamp":"1695917998.4960127","wall_type":"left","a":0.9998848438,"b":0.0137942918,"c":0.0063219392,"d":1.3180247545,"shortest_distance":0.8530270385,"num_points":1510,"plane_center_x":-1.3193173409,"plane_center_y":-0.5393235087,"plane_center_z":1.0698745251,"color_id":1},"2":{"ros_timestamp":"1695917998.4960127","wall_type":"right","a":0.9998918772,"b":0.0145339239,"c":-0.0022490579,"d":-1.3235652447,"shortest_distance":1.797258816,"num_points":1482,"plane_center_x":1.3201274872,"plane_center_y":0.4270901382,"plane_center_z":1.0570560694,"color_id":2},"3":{"ros_timestamp":"1695917998.4960127","wall_type":"front","a":0.0121219158,"b":-0.9999265671,"c":0.0000276852,"d":2.9275135994,"shortest_distance":3.0865215026,"num_points":350,"plane_center_x":-0.0394017845,"plane_center_y":2.9272859097,"plane_center_z":1.2628341913,"color_id":3},"4":{"ros_timestamp":"1695917998.4960127","wall_type":"back","a":0.0113122901,"b":-0.9999360442,"c":-0.0000007202,"d":-2.9278321266,"shortest_distance":2.7684710616,"num_points":389,"plane_center_x":0.0190594662,"plane_center_y":-2.9278044701,"plane_center_z":1.2170633078,"color_id":4}}