{"0":{"ros_timestamp":"1695918000.1781833","wall_type":"floor","a":-0.00019009,"b":0.0000875476,"c":0.9999999404,"d":-0.001036285,"shortest_distance":0.999008608,"num_points":1086,"plane_center_x":0.0436357073,"plane_center_y":-0.5356148481,"plane_center_z":0.0010914715,"color_id":0},"1":{"ros_timestamp":"1695918000.1781833","wall_type":"left","a":0.9999042153,"b":0.0135762934,"c":0.0026862528,"d":1.3231316805,"shortest_distance":0.8667509288,"num_points":1506,"plane_center_x":-1.3195025921,"plane_center_y":-0.5367327332,"plane_center_z":1.0727046728,"color_id":1},"2":{"ros_timestamp":"1695918000.1781833","wall_type":"right","a":0.9998980165,"b":0.0142362555,"c":-0.0011704054,"d":-1.3252499104,"shortest_distance":1.7856144025,"num_points":1492,"plane_center_x":1.3204456568,"plane_center_y":0.4363141656,"plane_center_z":1.0580984354,"color_id":2},"3":{"ros_timestamp":"1695918000.1781833","wall_type":"front","a":0.0121219158,"b":-0.9999265671,"c":0.0000276852,"d":2.9275135994,"shortest_distance":3.1190796941,"num_points":350,"plane_center_x":-0.0394017845,"plane_center_y":2.9272859097,"plane_center_z":1.2628341913,"color_id":3},"4":{"ros_timestamp":"1695918000.1781833","wall_type":"back","a":0.0113122901,"b":-0.9999360442,"c":-0.0000007202,"d":-2.9278321266,"shortest_distance":2.7359228181,"num_points":389,"plane_center_x":0.0190594662,"plane_center_y":-2.9278044701,"plane_center_z":1.2170633078,"color_id":4}}