{"0":{"ros_timestamp":"1695918000.2896433","wall_type":"floor","a":-0.0001468532,"b":0.0000942522,"c":1.0,"d":-0.0010280444,"shortest_distance":0.9989950771,"num_points":1084,"plane_center_x":0.0389759429,"plane_center_y":-0.5328086019,"plane_center_z":0.0010839866,"color_id":0},"1":{"ros_timestamp":"1695918000.2896433","wall_type":"left","a":0.9999018312,"b":0.0139505612,"c":0.0012977632,"d":1.3253233433,"shortest_distance":0.8694113754,"num_points":1505,"plane_center_x":-1.3195205927,"plane_center_y":-0.5380103588,"plane_center_z":1.0734112263,"color_id":1},"2":{"ros_timestamp":"1695918000.2896433","wall_type":"right","a":0.9998978376,"b":0.0135756265,"c":-0.0044704927,"d":-1.3198996782,"shortest_distance":1.7815023826,"num_points":1495,"plane_center_x":1.3199495077,"plane_center_y":0.4331964254,"plane_center_z":1.0560039282,"color_id":2},"3":{"ros_timestamp":"1695918000.2896433","wall_type":"front","a":0.0121219158,"b":-0.9999265671,"c":0.0000276852,"d":2.9275135994,"shortest_distance":3.1236579457,"num_points":350,"plane_center_x":-0.0394017845,"plane_center_y":2.9272859097,"plane_center_z":1.2628341913,"color_id":3},"4":{"ros_timestamp":"1695918000.2896433","wall_type":"back","a":0.0113122901,"b":-0.9999360442,"c":-0.0000007202,"d":-2.9278321266,"shortest_distance":2.7313461373,"num_points":389,"plane_center_x":0.0190594662,"plane_center_y":-2.9278044701,"plane_center_z":1.2170633078,"color_id":4}}