{"0":{"ros_timestamp":"1695918000.378172","wall_type":"floor","a":-0.0001412425,"b":0.0000931042,"c":1.0,"d":-0.0010261947,"shortest_distance":0.9989946095,"num_points":1086,"plane_center_x":0.0413218103,"plane_center_y":-0.5364133716,"plane_center_z":0.0010819733,"color_id":0},"1":{"ros_timestamp":"1695918000.378172","wall_type":"left","a":0.99990201,"b":0.013967935,"c":0.0009952225,"d":1.3257658482,"shortest_distance":0.8695476977,"num_points":1505,"plane_center_x":-1.3195205927,"plane_center_y":-0.5380103588,"plane_center_z":1.0734112263,"color_id":1},"2":{"ros_timestamp":"1695918000.378172","wall_type":"right","a":0.9998931289,"b":0.0145537835,"c":-0.0013880595,"d":-1.3250465393,"shortest_distance":1.7837619467,"num_points":1494,"plane_center_x":1.3203656673,"plane_center_y":0.4365593493,"plane_center_z":1.0580384731,"color_id":2},"3":{"ros_timestamp":"1695918000.378172","wall_type":"front","a":0.0121219158,"b":-0.9999265671,"c":0.0000276852,"d":2.9275135994,"shortest_distance":3.1236579457,"num_points":350,"plane_center_x":-0.0394017845,"plane_center_y":2.9272859097,"plane_center_z":1.2628341913,"color_id":3},"4":{"ros_timestamp":"1695918000.378172","wall_type":"back","a":0.0113122901,"b":-0.9999360442,"c":-0.0000007202,"d":-2.9278321266,"shortest_distance":2.7313461373,"num_points":389,"plane_center_x":0.0190594662,"plane_center_y":-2.9278044701,"plane_center_z":1.2170633078,"color_id":4}}