{"0":{"ros_timestamp":"1695918000.505994","wall_type":"floor","a":-0.0001745514,"b":0.0000839523,"c":1.0,"d":-0.0010458827,"shortest_distance":0.9989911628,"num_points":1088,"plane_center_x":0.0412463546,"plane_center_y":-0.5352706313,"plane_center_z":0.0010980194,"color_id":0},"1":{"ros_timestamp":"1695918000.505994","wall_type":"left","a":0.9999040365,"b":0.0138480049,"c":0.0004314266,"d":1.3265066147,"shortest_distance":0.8717240872,"num_points":1504,"plane_center_x":-1.3195685148,"plane_center_y":-0.5369938612,"plane_center_z":1.0741249323,"color_id":1},"2":{"ros_timestamp":"1695918000.505994","wall_type":"right","a":0.9998990297,"b":0.0141539415,"c":-0.001263358,"d":-1.325199604,"shortest_distance":1.7817376704,"num_points":1493,"plane_center_x":1.3205872774,"plane_center_y":0.4347933531,"plane_center_z":1.058727622,"color_id":2},"3":{"ros_timestamp":"1695918000.505994","wall_type":"front","a":0.0121219158,"b":-0.9999265671,"c":0.0000276852,"d":2.9275135994,"shortest_distance":3.1282165859,"num_points":350,"plane_center_x":-0.0394017845,"plane_center_y":2.9272859097,"plane_center_z":1.2628341913,"color_id":3},"4":{"ros_timestamp":"1695918000.505994","wall_type":"back","a":0.0113122901,"b":-0.9999360442,"c":-0.0000007202,"d":-2.9278321266,"shortest_distance":2.7267891051,"num_points":389,"plane_center_x":0.0190594662,"plane_center_y":-2.9278044701,"plane_center_z":1.2170633078,"color_id":4}}