{"0":{"ros_timestamp":"1695917892.0105526","wall_type":"floor","a":0.0003900256,"b":-0.0019769319,"c":0.9999979734,"d":0.0017816334,"shortest_distance":1.00271052,"num_points":437,"plane_center_x":0.0316804759,"plane_center_y":2.2234899998,"plane_center_z":0.0026017043,"color_id":0},"1":{"ros_timestamp":"1695917892.0105526","wall_type":"left","a":0.99990201,"b":0.0139994016,"c":-0.0000932226,"d":1.3238066435,"shortest_distance":1.5559369662,"num_points":400,"plane_center_x":-1.3454464674,"plane_center_y":1.5437239408,"plane_center_z":1.1071952581,"color_id":1},"2":{"ros_timestamp":"1695917892.0105526","wall_type":"right","a":0.999904573,"b":0.0138126621,"c":-0.0000048616,"d":-1.3270956278,"shortest_distance":1.0947948734,"num_points":384,"plane_center_x":1.2944871187,"plane_center_y":2.3701245785,"plane_center_z":1.1670171022,"color_id":2},"3":{"ros_timestamp":"1695917892.0105526","wall_type":"front","a":0.0108887684,"b":-0.9999406934,"c":-0.0000060702,"d":2.9280204773,"shortest_distance":3.366889686,"num_points":132,"plane_center_x":0.4747263193,"plane_center_y":2.9333565235,"plane_center_z":1.1997536421,"color_id":3}}