{"0":{"ros_timestamp":"1695917892.1025891","wall_type":"floor","a":0.0003306454,"b":-0.0025224003,"c":0.9999967217,"d":0.003098025,"shortest_distance":1.0042495435,"num_points":437,"plane_center_x":0.0315024778,"plane_center_y":2.2234015465,"plane_center_z":0.0026126786,"color_id":0},"1":{"ros_timestamp":"1695917892.1025891","wall_type":"left","a":0.999902904,"b":0.0139309438,"c":-0.0001432873,"d":1.3223552704,"shortest_distance":1.5544656986,"num_points":400,"plane_center_x":-1.3438258171,"plane_center_y":1.5432286263,"plane_center_z":1.1071903706,"color_id":1},"2":{"ros_timestamp":"1695917892.1025891","wall_type":"right","a":0.999904573,"b":0.0138126621,"c":-0.0000048616,"d":-1.3270956278,"shortest_distance":1.0947948734,"num_points":384,"plane_center_x":1.2944871187,"plane_center_y":2.3701245785,"plane_center_z":1.1670171022,"color_id":2},"3":{"ros_timestamp":"1695917892.1025891","wall_type":"front","a":0.0117232092,"b":-0.9999312758,"c":0.0000015883,"d":2.9274866581,"shortest_distance":3.3665582513,"num_points":132,"plane_center_x":0.4720132649,"plane_center_y":2.9332237244,"plane_center_z":1.1997483969,"color_id":3}}