{"0":{"ros_timestamp":"1695917892.2705185","wall_type":"floor","a":0.0004324348,"b":-0.0028023596,"c":0.9999959469,"d":0.0035938693,"shortest_distance":1.0048861544,"num_points":438,"plane_center_x":0.031700708,"plane_center_y":2.2251226902,"plane_center_z":0.0026280268,"color_id":0},"1":{"ros_timestamp":"1695917892.2705185","wall_type":"left","a":0.9999080896,"b":0.0135581866,"c":-0.0000990977,"d":1.323943615,"shortest_distance":1.5606452945,"num_points":400,"plane_center_x":-1.3448899984,"plane_center_y":1.5438940525,"plane_center_z":1.107242465,"color_id":1},"2":{"ros_timestamp":"1695917892.2705185","wall_type":"right","a":0.999904573,"b":0.0138126621,"c":-0.0000048616,"d":-1.3270956278,"shortest_distance":1.090410998,"num_points":384,"plane_center_x":1.2944871187,"plane_center_y":2.3701245785,"plane_center_z":1.1670171022,"color_id":2},"3":{"ros_timestamp":"1695917892.2705185","wall_type":"front","a":0.0106954426,"b":-0.9999428391,"c":0.0000061359,"d":2.9281182289,"shortest_distance":3.3645956494,"num_points":154,"plane_center_x":0.4358310103,"plane_center_y":2.9329545498,"plane_center_z":1.1997532845,"color_id":3}}