{"0":{"ros_timestamp":"1695917892.3945203","wall_type":"floor","a":0.0004448426,"b":-0.0027056534,"c":0.9999962449,"d":0.0033762178,"shortest_distance":1.0046298142,"num_points":440,"plane_center_x":0.0318358876,"plane_center_y":2.2278909683,"plane_center_z":0.0026375309,"color_id":0},"1":{"ros_timestamp":"1695917892.3945203","wall_type":"left","a":0.999907732,"b":0.0135852052,"c":-0.0000341166,"d":1.3242336512,"shortest_distance":1.5609884926,"num_points":401,"plane_center_x":-1.3453325033,"plane_center_y":1.5467282534,"plane_center_z":1.1097812653,"color_id":1},"2":{"ros_timestamp":"1695917892.3945203","wall_type":"right","a":0.999904573,"b":0.0138126621,"c":-0.0000048616,"d":-1.3270956278,"shortest_distance":1.090410998,"num_points":384,"plane_center_x":1.2944871187,"plane_center_y":2.3701245785,"plane_center_z":1.1670171022,"color_id":2},"3":{"ros_timestamp":"1695917892.3945203","wall_type":"front","a":0.0109148705,"b":-0.9999403954,"c":0.0000072138,"d":2.927983284,"shortest_distance":3.364514223,"num_points":154,"plane_center_x":0.4305024147,"plane_center_y":2.9328656197,"plane_center_z":1.1997442245,"color_id":3}}