{"0":{"ros_timestamp":"1695917892.5804527","wall_type":"floor","a":0.0004618035,"b":-0.0026766679,"c":0.9999963045,"d":0.0032960733,"shortest_distance":1.0045367235,"num_points":440,"plane_center_x":0.0318434201,"plane_center_y":2.2279355526,"plane_center_z":0.0026526744,"color_id":0},"1":{"ros_timestamp":"1695917892.5804527","wall_type":"left","a":0.9999042749,"b":0.0138357598,"c":-0.000058839,"d":1.3221541643,"shortest_distance":1.5631350227,"num_points":401,"plane_center_x":-1.3436326981,"plane_center_y":1.5478194952,"plane_center_z":1.1097924709,"color_id":1},"2":{"ros_timestamp":"1695917892.5804527","wall_type":"right","a":0.999904573,"b":0.0138126621,"c":-0.0000048616,"d":-1.3270956278,"shortest_distance":1.0860507914,"num_points":384,"plane_center_x":1.2944871187,"plane_center_y":2.3701245785,"plane_center_z":1.1670171022,"color_id":2},"3":{"ros_timestamp":"1695917892.5804527","wall_type":"front","a":0.0116301738,"b":-0.9999324083,"c":0.0000089793,"d":2.927533865,"shortest_distance":3.3618382266,"num_points":154,"plane_center_x":0.4295584559,"plane_center_y":2.9327385426,"plane_center_z":1.1997419596,"color_id":3}}