{"0":{"ros_timestamp":"1695917892.8983836","wall_type":"floor","a":0.0004307249,"b":-0.0027810507,"c":0.9999960065,"d":0.0035912357,"shortest_distance":1.0048638968,"num_points":445,"plane_center_x":0.0297380164,"plane_center_y":2.2290818691,"plane_center_z":0.0025951557,"color_id":0},"1":{"ros_timestamp":"1695917892.8983836","wall_type":"left","a":0.9999064803,"b":0.0136753442,"c":-0.000046642,"d":1.3224180937,"shortest_distance":1.5678166762,"num_points":415,"plane_center_x":-1.343225956,"plane_center_y":1.5161452293,"plane_center_z":1.1060726643,"color_id":1},"2":{"ros_timestamp":"1695917892.8983836","wall_type":"right","a":0.999904573,"b":0.0138126621,"c":-0.0000048616,"d":-1.3270956278,"shortest_distance":1.0817146896,"num_points":384,"plane_center_x":1.2944871187,"plane_center_y":2.3701245785,"plane_center_z":1.1670171022,"color_id":2},"3":{"ros_timestamp":"1695917892.8983836","wall_type":"front","a":0.0116847884,"b":-0.9999316931,"c":0.000007368,"d":2.92750144,"shortest_distance":3.3593762174,"num_points":154,"plane_center_x":0.4214151502,"plane_center_y":2.9326345921,"plane_center_z":1.1997369528,"color_id":3}}