{"0":{"ros_timestamp":"1695917893.203025","wall_type":"floor","a":0.000338952,"b":-0.0046957461,"c":0.9999887943,"d":0.0080645569,"shortest_distance":1.0101179053,"num_points":447,"plane_center_x":0.0290508009,"plane_center_y":2.2315680981,"plane_center_z":0.0026899639,"color_id":0},"1":{"ros_timestamp":"1695917893.203025","wall_type":"left","a":0.9999139309,"b":0.0131173851,"c":0.0000200908,"d":1.3282465935,"shortest_distance":1.5782630032,"num_points":415,"plane_center_x":-1.3481924534,"plane_center_y":1.5100332499,"plane_center_z":1.1061086655,"color_id":1},"2":{"ros_timestamp":"1695917893.203025","wall_type":"right","a":0.999904573,"b":0.0138126621,"c":-0.0000048616,"d":-1.3270956278,"shortest_distance":1.0774031261,"num_points":384,"plane_center_x":1.2944871187,"plane_center_y":2.3701245785,"plane_center_z":1.1670171022,"color_id":2},"3":{"ros_timestamp":"1695917893.203025","wall_type":"front","a":0.0106746051,"b":-0.999943018,"c":0.0000030649,"d":2.9281101227,"shortest_distance":3.3572425023,"num_points":176,"plane_center_x":0.3837085664,"plane_center_y":2.9323768616,"plane_center_z":1.1997154951,"color_id":3}}