{"0":{"ros_timestamp":"1695917893.3111637","wall_type":"floor","a":0.0005388419,"b":-0.0033088883,"c":0.9999944568,"d":0.0046892697,"shortest_distance":1.0062015451,"num_points":448,"plane_center_x":0.0295450818,"plane_center_y":2.2328379154,"plane_center_z":0.0026830365,"color_id":0},"1":{"ros_timestamp":"1695917893.3111637","wall_type":"left","a":0.9999111891,"b":0.0133287078,"c":-0.0000346364,"d":1.3242245913,"shortest_distance":1.5783807518,"num_points":415,"plane_center_x":-1.3444234133,"plane_center_y":1.5093438625,"plane_center_z":1.106098175,"color_id":1},"2":{"ros_timestamp":"1695917893.3111637","wall_type":"right","a":0.999904573,"b":0.0138126621,"c":-0.0000048616,"d":-1.3270956278,"shortest_distance":1.0731165322,"num_points":384,"plane_center_x":1.2944871187,"plane_center_y":2.3701245785,"plane_center_z":1.1670171022,"color_id":2},"3":{"ros_timestamp":"1695917893.3111637","wall_type":"front","a":0.0112441052,"b":-0.9999368191,"c":0.0000074884,"d":2.9277632236,"shortest_distance":3.3545133795,"num_points":176,"plane_center_x":0.3821605444,"plane_center_y":2.9322545528,"plane_center_z":1.1997174025,"color_id":3}}