{"0":{"ros_timestamp":"1695917893.3914852","wall_type":"floor","a":0.0005043176,"b":-0.0031950239,"c":0.9999947548,"d":0.0044815149,"shortest_distance":1.0059369464,"num_points":452,"plane_center_x":0.0299703125,"plane_center_y":2.236420393,"plane_center_z":0.0026488006,"color_id":0},"1":{"ros_timestamp":"1695917893.3914852","wall_type":"left","a":0.9999169111,"b":0.0128924483,"c":0.0000444982,"d":1.3291820288,"shortest_distance":1.5836037125,"num_points":416,"plane_center_x":-1.3487993479,"plane_center_y":1.5090922117,"plane_center_z":1.1078048944,"color_id":1},"2":{"ros_timestamp":"1695917893.3914852","wall_type":"right","a":0.999904573,"b":0.0138126621,"c":-0.0000048616,"d":-1.3270956278,"shortest_distance":1.0731165322,"num_points":384,"plane_center_x":1.2944871187,"plane_center_y":2.3701245785,"plane_center_z":1.1670171022,"color_id":2},"3":{"ros_timestamp":"1695917893.3914852","wall_type":"front","a":0.0106514143,"b":-0.9999432564,"c":0.0000014585,"d":2.9281227589,"shortest_distance":3.3547157685,"num_points":176,"plane_center_x":0.3777247667,"plane_center_y":2.9323141575,"plane_center_z":1.1997184753,"color_id":3}}