{"0":{"ros_timestamp":"1695917893.7019372","wall_type":"floor","a":0.000519496,"b":-0.0031872371,"c":0.9999948144,"d":0.0044562696,"shortest_distance":1.0058999042,"num_points":454,"plane_center_x":0.02700378,"plane_center_y":2.2349188328,"plane_center_z":0.002652932,"color_id":0},"1":{"ros_timestamp":"1695917893.7019372","wall_type":"left","a":0.9999188185,"b":0.0127424225,"c":-0.0000320853,"d":1.3287094831,"shortest_distance":1.591609729,"num_points":417,"plane_center_x":-1.3479719162,"plane_center_y":1.5058786869,"plane_center_z":1.1056342125,"color_id":1},"2":{"ros_timestamp":"1695917893.7019372","wall_type":"right","a":0.999904573,"b":0.0138126621,"c":-0.0000048616,"d":-1.3270956278,"shortest_distance":1.064619965,"num_points":384,"plane_center_x":1.2944871187,"plane_center_y":2.3701245785,"plane_center_z":1.1670171022,"color_id":2},"3":{"ros_timestamp":"1695917893.7019372","wall_type":"front","a":0.0110010132,"b":-0.9999395013,"c":0.000003359,"d":2.9278943539,"shortest_distance":3.3493897313,"num_points":176,"plane_center_x":0.3755098283,"plane_center_y":2.9322068691,"plane_center_z":1.1997027397,"color_id":3}}