{"0":{"ros_timestamp":"1695917895.1011505","wall_type":"floor","a":-0.0011016832,"b":-0.0037094934,"c":0.9999924302,"d":0.0066522434,"shortest_distance":1.0078029048,"num_points":434,"plane_center_x":0.0942660794,"plane_center_y":2.2527480125,"plane_center_z":0.0019191487,"color_id":0},"1":{"ros_timestamp":"1695917895.1011505","wall_type":"left","a":0.9999232292,"b":0.012086289,"c":0.0027398898,"d":1.3212878704,"shortest_distance":1.6079869063,"num_points":458,"plane_center_x":-1.3422877789,"plane_center_y":1.4916414022,"plane_center_z":1.0469590425,"color_id":1},"2":{"ros_timestamp":"1695917895.1011505","wall_type":"right","a":0.999904573,"b":0.0138126621,"c":-0.0000048616,"d":-1.3270956278,"shortest_distance":1.0438452033,"num_points":384,"plane_center_x":1.2944871187,"plane_center_y":2.3701245785,"plane_center_z":1.1670171022,"color_id":2},"3":{"ros_timestamp":"1695917895.1011505","wall_type":"front","a":0.0111165643,"b":-0.99993819,"c":0.0000035056,"d":2.9278187752,"shortest_distance":3.3356426573,"num_points":219,"plane_center_x":0.2841716111,"plane_center_y":2.931163311,"plane_center_z":1.2037911415,"color_id":3}}