{"0":{"ros_timestamp":"1695917895.1703885","wall_type":"floor","a":-0.0011014452,"b":-0.0037071269,"c":0.9999925494,"d":0.0066465144,"shortest_distance":1.0077810706,"num_points":434,"plane_center_x":0.0941709951,"plane_center_y":2.2526781559,"plane_center_z":0.0019191635,"color_id":0},"1":{"ros_timestamp":"1695917895.1703885","wall_type":"left","a":0.9999265671,"b":0.0116866138,"c":0.0032166415,"d":1.325971365,"shortest_distance":1.6173753449,"num_points":459,"plane_center_x":-1.3468436003,"plane_center_y":1.4888453484,"plane_center_z":1.0488398075,"color_id":1},"2":{"ros_timestamp":"1695917895.1703885","wall_type":"right","a":0.999904573,"b":0.0138126621,"c":-0.0000048616,"d":-1.3270956278,"shortest_distance":1.0397735786,"num_points":384,"plane_center_x":1.2944871187,"plane_center_y":2.3701245785,"plane_center_z":1.1670171022,"color_id":2},"3":{"ros_timestamp":"1695917895.1703885","wall_type":"front","a":0.0113950213,"b":-0.9999350309,"c":-0.0000087564,"d":2.9276940823,"shortest_distance":3.3327221735,"num_points":219,"plane_center_x":0.2807152569,"plane_center_y":2.9310727119,"plane_center_z":1.2038077116,"color_id":3}}