{"0":{"ros_timestamp":"1695917895.2714684","wall_type":"floor","a":-0.0010920878,"b":-0.0036223633,"c":0.9999928474,"d":0.00644066,"shortest_distance":1.0075442264,"num_points":434,"plane_center_x":0.0942630917,"plane_center_y":2.2528092861,"plane_center_z":0.0019338644,"color_id":0},"1":{"ros_timestamp":"1695917895.2714684","wall_type":"left","a":0.9999283552,"b":0.0116055859,"c":0.002950738,"d":1.3227051497,"shortest_distance":1.613876268,"num_points":459,"plane_center_x":-1.3431254625,"plane_center_y":1.484569788,"plane_center_z":1.0488069057,"color_id":1},"2":{"ros_timestamp":"1695917895.2714684","wall_type":"right","a":0.999904573,"b":0.0138126621,"c":-0.0000048616,"d":-1.3270956278,"shortest_distance":1.0397735786,"num_points":384,"plane_center_x":1.2944871187,"plane_center_y":2.3701245785,"plane_center_z":1.1670171022,"color_id":2},"3":{"ros_timestamp":"1695917895.2714684","wall_type":"front","a":0.0111601874,"b":-0.9999377728,"c":0.0000013537,"d":2.9277994633,"shortest_distance":3.3327696713,"num_points":219,"plane_center_x":0.279387176,"plane_center_y":2.9311015606,"plane_center_z":1.2039630413,"color_id":3}}