{"0":{"ros_timestamp":"1695917895.370354","wall_type":"floor","a":-0.0010906118,"b":-0.0036188508,"c":0.9999928474,"d":0.0064314036,"shortest_distance":1.0075340057,"num_points":434,"plane_center_x":0.0942004919,"plane_center_y":2.2525529861,"plane_center_z":0.0019340765,"color_id":0},"1":{"ros_timestamp":"1695917895.370354","wall_type":"left","a":0.9999274611,"b":0.011476526,"c":0.0036572793,"d":1.3260965347,"shortest_distance":1.6180258409,"num_points":460,"plane_center_x":-1.3471716642,"plane_center_y":1.4827189445,"plane_center_z":1.0467121601,"color_id":1},"2":{"ros_timestamp":"1695917895.370354","wall_type":"right","a":0.999904573,"b":0.0138126621,"c":-0.0000048616,"d":-1.3270956278,"shortest_distance":1.0397735786,"num_points":384,"plane_center_x":1.2944871187,"plane_center_y":2.3701245785,"plane_center_z":1.1670171022,"color_id":2},"3":{"ros_timestamp":"1695917895.370354","wall_type":"front","a":0.0114318617,"b":-0.9999346733,"c":-0.0000068685,"d":2.9276731014,"shortest_distance":3.332713518,"num_points":219,"plane_center_x":0.2790924609,"plane_center_y":2.9310467243,"plane_center_z":1.2039458752,"color_id":3}}