{"0":{"ros_timestamp":"1695917895.4804432","wall_type":"floor","a":-0.0010900276,"b":-0.003617299,"c":0.9999928474,"d":0.0064273789,"shortest_distance":1.0075145044,"num_points":434,"plane_center_x":0.0941620395,"plane_center_y":2.2524595261,"plane_center_z":0.0019341701,"color_id":0},"1":{"ros_timestamp":"1695917895.4804432","wall_type":"left","a":0.9999244809,"b":0.0120000849,"c":0.0026612105,"d":1.3284728527,"shortest_distance":1.6232325107,"num_points":460,"plane_center_x":-1.3488645554,"plane_center_y":1.4822845459,"plane_center_z":1.0466980934,"color_id":1},"2":{"ros_timestamp":"1695917895.4804432","wall_type":"right","a":0.999904573,"b":0.0138126621,"c":-0.0000048616,"d":-1.3270956278,"shortest_distance":1.0357306863,"num_points":384,"plane_center_x":1.2944871187,"plane_center_y":2.3701245785,"plane_center_z":1.1670171022,"color_id":2},"3":{"ros_timestamp":"1695917895.4804432","wall_type":"front","a":0.0115264794,"b":-0.9999335408,"c":-0.0000172366,"d":2.9276380539,"shortest_distance":3.3297927715,"num_points":219,"plane_center_x":0.2789215147,"plane_center_y":2.931027174,"plane_center_z":1.2039396763,"color_id":3}}