{"0":{"ros_timestamp":"1695917895.588843","wall_type":"floor","a":-0.0011151393,"b":-0.0036205156,"c":0.9999927878,"d":0.0064498475,"shortest_distance":1.0075307607,"num_points":434,"plane_center_x":0.0943287686,"plane_center_y":2.2523708344,"plane_center_z":0.001921206,"color_id":0},"1":{"ros_timestamp":"1695917895.588843","wall_type":"left","a":0.9999291301,"b":0.011506577,"c":0.0030677021,"d":1.3236300945,"shortest_distance":1.6189943929,"num_points":460,"plane_center_x":-1.3439975977,"plane_center_y":1.4827483892,"plane_center_z":1.0466775894,"color_id":1},"2":{"ros_timestamp":"1695917895.588843","wall_type":"right","a":0.999904573,"b":0.0138126621,"c":-0.0000048616,"d":-1.3270956278,"shortest_distance":1.0357306863,"num_points":384,"plane_center_x":1.2944871187,"plane_center_y":2.3701245785,"plane_center_z":1.1670171022,"color_id":2},"3":{"ros_timestamp":"1695917895.588843","wall_type":"front","a":0.0111702168,"b":-0.9999376535,"c":0.0000018671,"d":2.9277935028,"shortest_distance":3.3298629562,"num_points":219,"plane_center_x":0.2789361775,"plane_center_y":2.9310941696,"plane_center_z":1.203997016,"color_id":3}}