{"0":{"ros_timestamp":"1695917895.7000973","wall_type":"floor","a":-0.0009424475,"b":-0.0044025858,"c":0.9999898672,"d":0.0080919592,"shortest_distance":1.0095161534,"num_points":434,"plane_center_x":0.0944027677,"plane_center_y":2.2524659634,"plane_center_z":0.0019137041,"color_id":0},"1":{"ros_timestamp":"1695917895.7000973","wall_type":"left","a":0.9999287128,"b":0.0115327016,"c":0.0030943737,"d":1.3271862268,"shortest_distance":1.6265737463,"num_points":460,"plane_center_x":-1.3475607634,"plane_center_y":1.486038208,"plane_center_z":1.0466976166,"color_id":1},"2":{"ros_timestamp":"1695917895.7000973","wall_type":"right","a":0.999904573,"b":0.0138126621,"c":-0.0000048616,"d":-1.3270956278,"shortest_distance":1.0317169307,"num_points":384,"plane_center_x":1.2944871187,"plane_center_y":2.3701245785,"plane_center_z":1.1670171022,"color_id":2},"3":{"ros_timestamp":"1695917895.7000973","wall_type":"front","a":0.0118754702,"b":-0.9999294877,"c":-0.0000266202,"d":2.9274861813,"shortest_distance":3.3267918517,"num_points":239,"plane_center_x":0.2366380841,"plane_center_y":2.930470705,"plane_center_z":1.2117400169,"color_id":3}}