{"0":{"ros_timestamp":"1695917897.3804746","wall_type":"floor","a":-0.0006908957,"b":-0.0056402264,"c":0.9999839067,"d":0.0107251927,"shortest_distance":1.0125871056,"num_points":434,"plane_center_x":0.0937006176,"plane_center_y":2.2524456978,"plane_center_z":0.0018874176,"color_id":0},"1":{"ros_timestamp":"1695917897.3804746","wall_type":"left","a":0.9999195933,"b":0.0123604126,"c":0.0028383245,"d":1.3220962286,"shortest_distance":1.6443188533,"num_points":478,"plane_center_x":-1.3429764509,"plane_center_y":1.4405899048,"plane_center_z":1.0449593067,"color_id":1},"2":{"ros_timestamp":"1695917897.3804746","wall_type":"right","a":0.999904573,"b":0.0138126621,"c":-0.0000048616,"d":-1.3270956278,"shortest_distance":1.0082685369,"num_points":384,"plane_center_x":1.2944871187,"plane_center_y":2.3701245785,"plane_center_z":1.1670171022,"color_id":2},"3":{"ros_timestamp":"1695917897.3804746","wall_type":"front","a":0.0109434323,"b":-0.9999400377,"c":0.0000272579,"d":2.9278609753,"shortest_distance":3.3084453435,"num_points":258,"plane_center_x":0.1853164285,"plane_center_y":2.9300980568,"plane_center_z":1.2219713926,"color_id":3}}