{"0":{"ros_timestamp":"1695917897.793263","wall_type":"floor","a":-0.0011293929,"b":-0.0037323395,"c":0.9999923706,"d":0.0067222775,"shortest_distance":1.0076983792,"num_points":434,"plane_center_x":0.0937579572,"plane_center_y":2.2522659302,"plane_center_z":0.0019008267,"color_id":0},"1":{"ros_timestamp":"1695917897.793263","wall_type":"left","a":0.9999217987,"b":0.0121650957,"c":0.0029095162,"d":1.322073102,"shortest_distance":1.6519957679,"num_points":478,"plane_center_x":-1.3427439928,"plane_center_y":1.4406523705,"plane_center_z":1.0449208021,"color_id":1},"2":{"ros_timestamp":"1695917897.793263","wall_type":"right","a":0.9998523593,"b":0.0170831997,"c":0.0018587233,"d":-1.3360979557,"shortest_distance":1.0090710579,"num_points":384,"plane_center_x":1.2944871187,"plane_center_y":2.3701245785,"plane_center_z":1.1670171022,"color_id":2},"3":{"ros_timestamp":"1695917897.793263","wall_type":"front","a":0.0110704955,"b":-0.999938786,"c":0.0000292231,"d":2.9278070927,"shortest_distance":3.301960416,"num_points":277,"plane_center_x":0.1416543275,"plane_center_y":2.9295904636,"plane_center_z":1.2310032845,"color_id":3}}