{"0":{"ros_timestamp":"1695917897.9917996","wall_type":"floor","a":-0.0011294857,"b":-0.0037318883,"c":0.9999923706,"d":0.0067212451,"shortest_distance":1.0076971505,"num_points":434,"plane_center_x":0.0938592106,"plane_center_y":2.2522566319,"plane_center_z":0.0019009317,"color_id":0},"1":{"ros_timestamp":"1695917897.9917996","wall_type":"left","a":0.9999229908,"b":0.0120865982,"c":0.0027863292,"d":1.3208925724,"shortest_distance":1.6507217138,"num_points":478,"plane_center_x":-1.3413314819,"plane_center_y":1.4416065216,"plane_center_z":1.0449210405,"color_id":1},"2":{"ros_timestamp":"1695917897.9917996","wall_type":"right","a":0.9998523593,"b":0.0170831997,"c":0.0018587233,"d":-1.3360979557,"shortest_distance":1.0090710579,"num_points":384,"plane_center_x":1.2944871187,"plane_center_y":2.3701245785,"plane_center_z":1.1670171022,"color_id":2},"3":{"ros_timestamp":"1695917897.9917996","wall_type":"front","a":0.0107715502,"b":-0.9999420047,"c":0.0000444002,"d":2.9279122353,"shortest_distance":3.3019829648,"num_points":277,"plane_center_x":0.141233772,"plane_center_y":2.9296581745,"plane_center_z":1.2310119867,"color_id":3}}