{"0":{"ros_timestamp":"1695917898.680331","wall_type":"floor","a":-0.0006535159,"b":-0.0055501889,"c":0.9999843836,"d":0.0104897469,"shortest_distance":1.0122257955,"num_points":434,"plane_center_x":0.093197681,"plane_center_y":2.2525303364,"plane_center_z":0.0019166346,"color_id":0},"1":{"ros_timestamp":"1695917898.680331","wall_type":"left","a":0.9999188185,"b":0.0123317866,"c":0.0031994912,"d":1.3253304958,"shortest_distance":1.6665677245,"num_points":492,"plane_center_x":-1.3461278677,"plane_center_y":1.4068547487,"plane_center_z":1.0436358452,"color_id":1},"2":{"ros_timestamp":"1695917898.680331","wall_type":"right","a":0.999904573,"b":0.0138126621,"c":-0.0000048616,"d":-1.3270956278,"shortest_distance":0.9896012744,"num_points":384,"plane_center_x":1.2944871187,"plane_center_y":2.3701245785,"plane_center_z":1.1670171022,"color_id":2},"3":{"ros_timestamp":"1695917898.680331","wall_type":"front","a":0.0116008492,"b":-0.999932766,"c":0.0000135412,"d":2.927631855,"shortest_distance":3.2919594032,"num_points":295,"plane_center_x":0.1001063064,"plane_center_y":2.929006815,"plane_center_z":1.2414323092,"color_id":3}}