{"0":{"ros_timestamp":"1695917881.8052683","wall_type":"floor","a":0.0017580396,"b":-0.0004571663,"c":0.9999983311,"d":-0.0000356039,"shortest_distance":1.0002515632,"num_points":254,"plane_center_x":-0.0680663958,"plane_center_y":2.139796257,"plane_center_z":0.0011335118,"color_id":0},"1":{"ros_timestamp":"1695917881.8052683","wall_type":"left","a":0.9998691678,"b":0.0161742456,"c":-0.0001647538,"d":1.3164895773,"shortest_distance":1.357951199,"num_points":230,"plane_center_x":-1.3481031656,"plane_center_y":1.9550691843,"plane_center_z":1.1204630136,"color_id":1},"2":{"ros_timestamp":"1695917881.8052683","wall_type":"right","a":0.9999194145,"b":0.012195088,"c":-0.003536409,"d":-1.3182963133,"shortest_distance":1.2782353144,"num_points":312,"plane_center_x":1.294947505,"plane_center_y":2.272808075,"plane_center_z":1.0994082689,"color_id":2}}