{"0":{"ros_timestamp":"1695917899.0894907","wall_type":"floor","a":-0.0011348919,"b":-0.0036654044,"c":0.9999926686,"d":0.0065670898,"shortest_distance":1.0074338336,"num_points":434,"plane_center_x":0.0934899151,"plane_center_y":2.2528135777,"plane_center_z":0.0019075703,"color_id":0},"1":{"ros_timestamp":"1695917899.0894907","wall_type":"left","a":0.9999272823,"b":0.0117940353,"c":0.0025149598,"d":1.3216838837,"shortest_distance":1.6696526866,"num_points":492,"plane_center_x":-1.3409650326,"plane_center_y":1.4040060043,"plane_center_z":1.043666482,"color_id":1},"2":{"ros_timestamp":"1695917899.0894907","wall_type":"right","a":0.999904573,"b":0.0138126621,"c":-0.0000048616,"d":-1.3270956278,"shortest_distance":0.9823680264,"num_points":384,"plane_center_x":1.2944871187,"plane_center_y":2.3701245785,"plane_center_z":1.1670171022,"color_id":2},"3":{"ros_timestamp":"1695917899.0894907","wall_type":"front","a":0.0108332913,"b":-0.999941349,"c":0.0000442465,"d":2.927885294,"shortest_distance":3.2851397638,"num_points":295,"plane_center_x":0.0992221534,"plane_center_y":2.9291870594,"plane_center_z":1.2414067984,"color_id":3}}