{"0":{"ros_timestamp":"1695917899.1802337","wall_type":"floor","a":-0.0006809069,"b":-0.0056225089,"c":0.9999839664,"d":0.0106773963,"shortest_distance":1.0123637713,"num_points":434,"plane_center_x":0.0930219442,"plane_center_y":2.2527532578,"plane_center_z":0.0018956293,"color_id":0},"1":{"ros_timestamp":"1695917899.1802337","wall_type":"left","a":0.9999110103,"b":0.0130217234,"c":0.002904888,"d":1.324623704,"shortest_distance":1.676105124,"num_points":492,"plane_center_x":-1.3460589647,"plane_center_y":1.4040850401,"plane_center_z":1.0437040329,"color_id":1},"2":{"ros_timestamp":"1695917899.1802337","wall_type":"right","a":0.999904573,"b":0.0138126621,"c":-0.0000048616,"d":-1.3270956278,"shortest_distance":0.9788029319,"num_points":384,"plane_center_x":1.2944871187,"plane_center_y":2.3701245785,"plane_center_z":1.1670171022,"color_id":2},"3":{"ros_timestamp":"1695917899.1802337","wall_type":"front","a":0.0113706617,"b":-0.999935329,"c":0.0000229222,"d":2.9277117252,"shortest_distance":3.2816569374,"num_points":295,"plane_center_x":0.0982529446,"plane_center_y":2.9290468693,"plane_center_z":1.2414054871,"color_id":3}}