{"0":{"ros_timestamp":"1695917899.580633","wall_type":"floor","a":-0.0004775416,"b":-0.0055383979,"c":0.9999845624,"d":0.01035868,"shortest_distance":1.0120667118,"num_points":434,"plane_center_x":0.0927542523,"plane_center_y":2.2524292469,"plane_center_z":0.0020042006,"color_id":0},"1":{"ros_timestamp":"1695917899.580633","wall_type":"left","a":0.999927938,"b":0.0112499278,"c":0.0041860612,"d":1.3200085163,"shortest_distance":1.6769183662,"num_points":492,"plane_center_x":-1.3409420252,"plane_center_y":1.404417634,"plane_center_z":1.0436899662,"color_id":1},"2":{"ros_timestamp":"1695917899.580633","wall_type":"right","a":0.999904573,"b":0.0138126621,"c":-0.0000048616,"d":-1.3270956278,"shortest_distance":0.9752726668,"num_points":384,"plane_center_x":1.2944871187,"plane_center_y":2.3701245785,"plane_center_z":1.1670171022,"color_id":2},"3":{"ros_timestamp":"1695917899.580633","wall_type":"front","a":0.0107980715,"b":-0.9999417663,"c":0.0000440293,"d":2.9278967381,"shortest_distance":3.2781515092,"num_points":295,"plane_center_x":0.0959875211,"plane_center_y":2.9291584492,"plane_center_z":1.2414258718,"color_id":3}}