{"0":{"ros_timestamp":"1695917899.9703887","wall_type":"floor","a":-0.0009389591,"b":-0.0036452385,"c":0.999992907,"d":0.0064044436,"shortest_distance":1.0072842272,"num_points":434,"plane_center_x":0.0920787603,"plane_center_y":2.2525434494,"plane_center_z":0.0020039284,"color_id":0},"1":{"ros_timestamp":"1695917899.9703887","wall_type":"left","a":0.9999083281,"b":0.0132864565,"c":0.0025957134,"d":1.3247066736,"shortest_distance":1.6828070456,"num_points":496,"plane_center_x":-1.346013546,"plane_center_y":1.3976694345,"plane_center_z":1.0432603359,"color_id":1},"2":{"ros_timestamp":"1695917899.9703887","wall_type":"right","a":0.999904573,"b":0.0138126621,"c":-0.0000048616,"d":-1.3270956278,"shortest_distance":0.9717775843,"num_points":384,"plane_center_x":1.2944871187,"plane_center_y":2.3701245785,"plane_center_z":1.1670171022,"color_id":2},"3":{"ros_timestamp":"1695917899.9703887","wall_type":"front","a":0.0113219414,"b":-0.9999358654,"c":0.000030332,"d":2.927731514,"shortest_distance":3.2746132527,"num_points":313,"plane_center_x":0.0545580387,"plane_center_y":2.9285750389,"plane_center_z":1.2506716251,"color_id":3}}