{"0":{"ros_timestamp":"1695917900.1024792","wall_type":"floor","a":-0.0009395162,"b":-0.0036434545,"c":0.999992907,"d":0.0064004683,"shortest_distance":1.0072630601,"num_points":434,"plane_center_x":0.0923373923,"plane_center_y":2.2525188923,"plane_center_z":0.002004093,"color_id":0},"1":{"ros_timestamp":"1695917900.1024792","wall_type":"left","a":0.9999220371,"b":0.0122417985,"c":0.0024563791,"d":1.322588563,"shortest_distance":1.6843665356,"num_points":496,"plane_center_x":-1.3423594236,"plane_center_y":1.3971450329,"plane_center_z":1.043274641,"color_id":1},"2":{"ros_timestamp":"1695917900.1024792","wall_type":"right","a":0.999904573,"b":0.0138126621,"c":-0.0000048616,"d":-1.3270956278,"shortest_distance":0.9683180337,"num_points":384,"plane_center_x":1.2944871187,"plane_center_y":2.3701245785,"plane_center_z":1.1670171022,"color_id":2},"3":{"ros_timestamp":"1695917900.1024792","wall_type":"front","a":0.0107762711,"b":-0.9999419451,"c":0.0000459503,"d":2.9279010296,"shortest_distance":3.2710227668,"num_points":313,"plane_center_x":0.0547344647,"plane_center_y":2.9287183285,"plane_center_z":1.2506580353,"color_id":3}}