{"0":{"ros_timestamp":"1695917900.5700686","wall_type":"floor","a":-0.001050981,"b":-0.0036262651,"c":0.9999928474,"d":0.0064245071,"shortest_distance":1.0072070427,"num_points":434,"plane_center_x":0.0926730707,"plane_center_y":2.252519846,"plane_center_z":0.0019521499,"color_id":0},"1":{"ros_timestamp":"1695917900.5700686","wall_type":"left","a":0.999925971,"b":0.0119276103,"c":0.0023851856,"d":1.3232671022,"shortest_distance":1.6918793761,"num_points":512,"plane_center_x":-1.3420380354,"plane_center_y":1.3570551872,"plane_center_z":1.0419342518,"color_id":1},"2":{"ros_timestamp":"1695917900.5700686","wall_type":"right","a":0.999904573,"b":0.0138126621,"c":-0.0000048616,"d":-1.3270956278,"shortest_distance":0.9615069088,"num_points":384,"plane_center_x":1.2944871187,"plane_center_y":2.3701245785,"plane_center_z":1.1670171022,"color_id":2},"3":{"ros_timestamp":"1695917900.5700686","wall_type":"front","a":0.0108209047,"b":-0.9999414682,"c":0.0000417024,"d":2.9278914928,"shortest_distance":3.2637606798,"num_points":313,"plane_center_x":0.0514228195,"plane_center_y":2.9286715984,"plane_center_z":1.2506681681,"color_id":3}}