{"0":{"ros_timestamp":"1695917900.6801226","wall_type":"floor","a":-0.0010504106,"b":-0.0036337585,"c":0.9999927878,"d":0.0064423187,"shortest_distance":1.0072105468,"num_points":434,"plane_center_x":0.0922050029,"plane_center_y":2.2525641918,"plane_center_z":0.0019508251,"color_id":0},"1":{"ros_timestamp":"1695917900.6801226","wall_type":"left","a":0.9999072552,"b":0.0133563606,"c":0.0026586233,"d":1.3251116276,"shortest_distance":1.6968654275,"num_points":512,"plane_center_x":-1.3460454941,"plane_center_y":1.3575311899,"plane_center_z":1.0419102907,"color_id":1},"2":{"ros_timestamp":"1695917900.6801226","wall_type":"right","a":0.999904573,"b":0.0138126621,"c":-0.0000048616,"d":-1.3270956278,"shortest_distance":0.9581560156,"num_points":384,"plane_center_x":1.2944871187,"plane_center_y":2.3701245785,"plane_center_z":1.1670171022,"color_id":2},"3":{"ros_timestamp":"1695917900.6801226","wall_type":"front","a":0.0123325549,"b":-0.9999238849,"c":0.000016923,"d":2.9274358749,"shortest_distance":3.2601566734,"num_points":331,"plane_center_x":0.0085666878,"plane_center_y":2.927785635,"plane_center_z":1.2589119673,"color_id":3}}