{"0":{"ros_timestamp":"1695917900.8704345","wall_type":"floor","a":-0.0010506178,"b":-0.003631254,"c":0.9999927878,"d":0.0064365142,"shortest_distance":1.0072038521,"num_points":434,"plane_center_x":0.0921593085,"plane_center_y":2.2525513172,"plane_center_z":0.0019509158,"color_id":0},"1":{"ros_timestamp":"1695917900.8704345","wall_type":"left","a":0.9999340773,"b":0.0112033803,"c":0.0025179207,"d":1.3224756718,"shortest_distance":1.6948052021,"num_points":512,"plane_center_x":-1.3404000998,"plane_center_y":1.3578867912,"plane_center_z":1.0418357849,"color_id":1},"2":{"ros_timestamp":"1695917900.8704345","wall_type":"right","a":0.999904573,"b":0.0138126621,"c":-0.0000048616,"d":-1.3270956278,"shortest_distance":0.9581560156,"num_points":384,"plane_center_x":1.2944871187,"plane_center_y":2.3701245785,"plane_center_z":1.1670171022,"color_id":2},"3":{"ros_timestamp":"1695917900.8704345","wall_type":"front","a":0.0111342808,"b":-0.9999379516,"c":0.0000390513,"d":2.9277892113,"shortest_distance":3.2600891617,"num_points":331,"plane_center_x":0.0091705136,"plane_center_y":2.9281220436,"plane_center_z":1.2589123249,"color_id":3}}