{"0":{"ros_timestamp":"1695917900.995094","wall_type":"floor","a":-0.0010499039,"b":-0.0036336856,"c":0.9999927878,"d":0.0064417268,"shortest_distance":1.0071930641,"num_points":434,"plane_center_x":0.0921572,"plane_center_y":2.2525029182,"plane_center_z":0.0019509323,"color_id":0},"1":{"ros_timestamp":"1695917900.995094","wall_type":"left","a":0.9999116063,"b":0.0129697593,"c":0.0029274216,"d":1.3245017529,"shortest_distance":1.6999636605,"num_points":512,"plane_center_x":-1.3453003168,"plane_center_y":1.3592967987,"plane_center_z":1.0418379307,"color_id":1},"2":{"ros_timestamp":"1695917900.995094","wall_type":"right","a":0.999904573,"b":0.0138126621,"c":-0.0000048616,"d":-1.3270956278,"shortest_distance":0.9548420165,"num_points":384,"plane_center_x":1.2944871187,"plane_center_y":2.3701245785,"plane_center_z":1.1670171022,"color_id":2},"3":{"ros_timestamp":"1695917900.995094","wall_type":"front","a":0.0119537711,"b":-0.999928534,"c":0.0000281176,"d":2.9275431633,"shortest_distance":3.2564228396,"num_points":331,"plane_center_x":0.008162831,"plane_center_y":2.9278855324,"plane_center_z":1.2589123249,"color_id":3}}