{"0":{"ros_timestamp":"1695917901.1803353","wall_type":"floor","a":-0.0011008412,"b":-0.003723491,"c":0.9999924898,"d":0.0066842819,"shortest_distance":1.0074275324,"num_points":434,"plane_center_x":0.0921271741,"plane_center_y":2.2524683475,"plane_center_z":0.0019151467,"color_id":0},"1":{"ros_timestamp":"1695917901.1803353","wall_type":"left","a":0.9999012351,"b":0.0138266673,"c":0.0025225452,"d":1.3247404099,"shortest_distance":1.7027923904,"num_points":512,"plane_center_x":-1.3461866379,"plane_center_y":1.3581725359,"plane_center_z":1.0418961048,"color_id":1},"2":{"ros_timestamp":"1695917901.1803353","wall_type":"right","a":0.999904573,"b":0.0138126621,"c":-0.0000048616,"d":-1.3270956278,"shortest_distance":0.9515652429,"num_points":384,"plane_center_x":1.2944871187,"plane_center_y":2.3701245785,"plane_center_z":1.1670171022,"color_id":2},"3":{"ros_timestamp":"1695917901.1803353","wall_type":"front","a":0.0120477537,"b":-0.9999274015,"c":0.0000274946,"d":2.9275197983,"shortest_distance":3.2526891314,"num_points":331,"plane_center_x":0.0065406659,"plane_center_y":2.9278459549,"plane_center_z":1.2589107752,"color_id":3}}