{"0":{"ros_timestamp":"1695917901.6804934","wall_type":"floor","a":0.0012207202,"b":-0.004427542,"c":0.9999893904,"d":0.0069630686,"shortest_distance":1.0087850163,"num_points":459,"plane_center_x":0.013900876,"plane_center_y":2.2317283154,"plane_center_z":0.0028509179,"color_id":0},"1":{"ros_timestamp":"1695917901.6804934","wall_type":"left","a":0.9998860955,"b":0.0150969177,"c":0.0000171651,"d":1.3264741898,"shortest_distance":1.7080580749,"num_points":489,"plane_center_x":-1.3466893435,"plane_center_y":1.3276166916,"plane_center_z":1.0939333439,"color_id":1},"2":{"ros_timestamp":"1695917901.6804934","wall_type":"right","a":0.999904573,"b":0.0138126621,"c":-0.0000048616,"d":-1.3270956278,"shortest_distance":0.9451246794,"num_points":384,"plane_center_x":1.2944871187,"plane_center_y":2.3701245785,"plane_center_z":1.1670171022,"color_id":2},"3":{"ros_timestamp":"1695917901.6804934","wall_type":"front","a":0.0121262353,"b":-0.9999264479,"c":0.0000522933,"d":2.9274756908,"shortest_distance":3.2451131368,"num_points":349,"plane_center_x":-0.0371867418,"plane_center_y":2.9273061752,"plane_center_z":1.266294837,"color_id":3}}