{"0":{"ros_timestamp":"1695917882.100408","wall_type":"floor","a":0.0018770066,"b":-0.0004576645,"c":0.9999980927,"d":-0.0001211707,"shortest_distance":1.0001809732,"num_points":259,"plane_center_x":-0.0576799475,"plane_center_y":2.1419658661,"plane_center_z":0.0012097404,"color_id":0},"1":{"ros_timestamp":"1695917882.100408","wall_type":"left","a":0.9998843074,"b":0.0152100911,"c":-0.0001735775,"d":1.3186203241,"shortest_distance":1.3655024413,"num_points":230,"plane_center_x":-1.3481373787,"plane_center_y":1.9431576729,"plane_center_z":1.1204562187,"color_id":1},"2":{"ros_timestamp":"1695917882.100408","wall_type":"right","a":0.9999378324,"b":0.0111332443,"c":-0.0006580197,"d":-1.320176363,"shortest_distance":1.2717610928,"num_points":309,"plane_center_x":1.2956131697,"plane_center_y":2.2795600891,"plane_center_z":1.1173132658,"color_id":2}}