{"0":{"ros_timestamp":"1695917902.400583","wall_type":"floor","a":-0.0010653462,"b":-0.0037227066,"c":0.9999925494,"d":0.0066621774,"shortest_distance":1.0073299486,"num_points":434,"plane_center_x":0.0909026861,"plane_center_y":2.2529001236,"plane_center_z":0.0019324729,"color_id":0},"1":{"ros_timestamp":"1695917902.400583","wall_type":"left","a":0.9999225736,"b":0.012279693,"c":0.0020090672,"d":1.3233128786,"shortest_distance":1.7171401752,"num_points":529,"plane_center_x":-1.3417103291,"plane_center_y":1.3198231459,"plane_center_z":1.03861022,"color_id":1},"2":{"ros_timestamp":"1695917902.400583","wall_type":"right","a":0.999904573,"b":0.0138126621,"c":-0.0000048616,"d":-1.3270956278,"shortest_distance":0.9357510947,"num_points":384,"plane_center_x":1.2944871187,"plane_center_y":2.3701245785,"plane_center_z":1.1670171022,"color_id":2},"3":{"ros_timestamp":"1695917902.400583","wall_type":"front","a":0.0121223722,"b":-0.9999265075,"c":0.0000309385,"d":2.9275083542,"shortest_distance":3.2335063555,"num_points":349,"plane_center_x":-0.0395655148,"plane_center_y":2.9272830486,"plane_center_z":1.2663024664,"color_id":3}}