{"0":{"ros_timestamp":"1695917902.7039084","wall_type":"floor","a":-0.0010344104,"b":-0.0036549682,"c":0.9999927878,"d":0.0064837318,"shortest_distance":1.0071260128,"num_points":434,"plane_center_x":0.0907679722,"plane_center_y":2.2528672218,"plane_center_z":0.0019552875,"color_id":0},"1":{"ros_timestamp":"1695917902.7039084","wall_type":"left","a":0.999920845,"b":0.0124551291,"c":0.0017575751,"d":1.3231546879,"shortest_distance":1.7197183604,"num_points":530,"plane_center_x":-1.3414466381,"plane_center_y":1.3205714226,"plane_center_z":1.0399931669,"color_id":1},"2":{"ros_timestamp":"1695917902.7039084","wall_type":"right","a":0.999904573,"b":0.0138126621,"c":-0.0000048616,"d":-1.3270956278,"shortest_distance":0.932704423,"num_points":384,"plane_center_x":1.2944871187,"plane_center_y":2.3701245785,"plane_center_z":1.1670171022,"color_id":2},"3":{"ros_timestamp":"1695917902.7039084","wall_type":"front","a":0.0121223722,"b":-0.9999265075,"c":0.0000309385,"d":2.9275083542,"shortest_distance":3.2295724505,"num_points":349,"plane_center_x":-0.0395655148,"plane_center_y":2.9272830486,"plane_center_z":1.2663024664,"color_id":3}}