{"0":{"ros_timestamp":"1695917902.906374","wall_type":"floor","a":-0.0010396037,"b":-0.0036502141,"c":0.9999927282,"d":0.0064754281,"shortest_distance":1.0070965681,"num_points":435,"plane_center_x":0.0875901356,"plane_center_y":2.2531208992,"plane_center_z":0.0019507317,"color_id":0},"1":{"ros_timestamp":"1695917902.906374","wall_type":"left","a":0.999881804,"b":0.0152069228,"c":0.0022541636,"d":1.3237444162,"shortest_distance":1.7229839171,"num_points":530,"plane_center_x":-1.3462257385,"plane_center_y":1.3136860132,"plane_center_z":1.0403209925,"color_id":1},"2":{"ros_timestamp":"1695917902.906374","wall_type":"right","a":0.999904573,"b":0.0138126621,"c":-0.0000048616,"d":-1.3270956278,"shortest_distance":0.9296971906,"num_points":384,"plane_center_x":1.2944871187,"plane_center_y":2.3701245785,"plane_center_z":1.1670171022,"color_id":2},"3":{"ros_timestamp":"1695917902.906374","wall_type":"front","a":0.0121223722,"b":-0.9999265075,"c":0.0000309385,"d":2.9275083542,"shortest_distance":3.2256083425,"num_points":349,"plane_center_x":-0.0395655148,"plane_center_y":2.9272830486,"plane_center_z":1.2663024664,"color_id":3}}