{"0":{"ros_timestamp":"1695917903.50628","wall_type":"floor","a":-0.0010112022,"b":-0.0035704633,"c":0.9999930859,"d":0.0062706796,"shortest_distance":1.0068454283,"num_points":434,"plane_center_x":0.0903871059,"plane_center_y":2.2528860569,"plane_center_z":0.0019756155,"color_id":0},"1":{"ros_timestamp":"1695917903.50628","wall_type":"left","a":0.999858737,"b":0.0165718459,"c":0.0027918103,"d":1.3235160112,"shortest_distance":1.72880069,"num_points":533,"plane_center_x":-1.3482837677,"plane_center_y":1.3081691265,"plane_center_z":1.0381784439,"color_id":1},"2":{"ros_timestamp":"1695917903.50628","wall_type":"right","a":0.999904573,"b":0.0138126621,"c":-0.0000048616,"d":-1.3270956278,"shortest_distance":0.9238022425,"num_points":384,"plane_center_x":1.2944871187,"plane_center_y":2.3701245785,"plane_center_z":1.1670171022,"color_id":2},"3":{"ros_timestamp":"1695917903.50628","wall_type":"front","a":0.0121223722,"b":-0.9999265075,"c":0.0000309385,"d":2.9275083542,"shortest_distance":3.2175911058,"num_points":349,"plane_center_x":-0.0395655148,"plane_center_y":2.9272830486,"plane_center_z":1.2663024664,"color_id":3}}