{"0":{"ros_timestamp":"1695917882.3008997","wall_type":"floor","a":0.0017544691,"b":-0.0000880739,"c":0.9999984503,"d":-0.0010122326,"shortest_distance":0.9991095235,"num_points":263,"plane_center_x":-0.0433095768,"plane_center_y":2.1477658749,"plane_center_z":0.001277382,"color_id":0},"1":{"ros_timestamp":"1695917882.3008997","wall_type":"left","a":0.9998857975,"b":0.0151119903,"c":-0.00014144,"d":1.3212324381,"shortest_distance":1.3731421289,"num_points":230,"plane_center_x":-1.3504513502,"plane_center_y":1.9337649345,"plane_center_z":1.1204724312,"color_id":1},"2":{"ros_timestamp":"1695917882.3008997","wall_type":"right","a":0.9999306202,"b":0.0117539186,"c":-0.0008465339,"d":-1.3211524487,"shortest_distance":1.268287574,"num_points":352,"plane_center_x":1.2951875925,"plane_center_y":2.3103075027,"plane_center_z":1.124314189,"color_id":2}}