{"0":{"ros_timestamp":"1695917904.7009902","wall_type":"floor","a":-0.0011228643,"b":-0.0036302048,"c":0.9999927282,"d":0.0064784484,"shortest_distance":1.0069520163,"num_points":434,"plane_center_x":0.090593271,"plane_center_y":2.252686739,"plane_center_z":0.0019121091,"color_id":0},"1":{"ros_timestamp":"1695917904.7009902","wall_type":"left","a":0.9998825788,"b":0.0151446126,"c":0.0023561092,"d":1.3231683969,"shortest_distance":1.7397614825,"num_points":547,"plane_center_x":-1.3451279402,"plane_center_y":1.2782033682,"plane_center_z":1.0371755362,"color_id":1},"2":{"ros_timestamp":"1695917904.7009902","wall_type":"right","a":0.999904573,"b":0.0138126621,"c":-0.0000048616,"d":-1.3270956278,"shortest_distance":0.9124964223,"num_points":384,"plane_center_x":1.2944871187,"plane_center_y":2.3701245785,"plane_center_z":1.1670171022,"color_id":2},"3":{"ros_timestamp":"1695917904.7009902","wall_type":"front","a":0.0121223722,"b":-0.9999265075,"c":0.0000309385,"d":2.9275083542,"shortest_distance":3.2012085329,"num_points":349,"plane_center_x":-0.0395655148,"plane_center_y":2.9272830486,"plane_center_z":1.2663024664,"color_id":3}}