{"0":{"ros_timestamp":"1695917905.5078158","wall_type":"floor","a":-0.0011268024,"b":-0.0037245981,"c":0.9999923706,"d":0.0067041707,"shortest_distance":1.0071262716,"num_points":433,"plane_center_x":0.0933834612,"plane_center_y":2.2548091412,"plane_center_z":0.0019105719,"color_id":0},"1":{"ros_timestamp":"1695917905.5078158","wall_type":"left","a":0.9999232292,"b":0.0121830683,"c":0.0022401628,"d":1.3230315447,"shortest_distance":1.7509321796,"num_points":570,"plane_center_x":-1.3415490389,"plane_center_y":1.3194479942,"plane_center_z":1.0443714857,"color_id":1},"2":{"ros_timestamp":"1695917905.5078158","wall_type":"right","a":0.999904573,"b":0.0138126621,"c":-0.0000048616,"d":-1.3270956278,"shortest_distance":0.9018581951,"num_points":384,"plane_center_x":1.2944871187,"plane_center_y":2.3701245785,"plane_center_z":1.1670171022,"color_id":2},"3":{"ros_timestamp":"1695917905.5078158","wall_type":"front","a":0.0121223722,"b":-0.9999265075,"c":0.0000309385,"d":2.9275083542,"shortest_distance":3.1843947469,"num_points":349,"plane_center_x":-0.0395655148,"plane_center_y":2.9272830486,"plane_center_z":1.2663024664,"color_id":3}}