{"0":{"ros_timestamp":"1695917905.5928254","wall_type":"floor","a":-0.0011518542,"b":-0.0038706888,"c":0.9999918342,"d":0.0070642307,"shortest_distance":1.0075117743,"num_points":432,"plane_center_x":0.0966432542,"plane_center_y":2.2566373348,"plane_center_z":0.0018931897,"color_id":0},"1":{"ros_timestamp":"1695917905.5928254","wall_type":"left","a":0.9999403954,"b":0.0107166469,"c":0.002084096,"d":1.3231149912,"shortest_distance":1.7512359217,"num_points":571,"plane_center_x":-1.3394293785,"plane_center_y":1.3200078011,"plane_center_z":1.0425480604,"color_id":1},"2":{"ros_timestamp":"1695917905.5928254","wall_type":"right","a":0.999904573,"b":0.0138126621,"c":-0.0000048616,"d":-1.3270956278,"shortest_distance":0.9018581951,"num_points":384,"plane_center_x":1.2944871187,"plane_center_y":2.3701245785,"plane_center_z":1.1670171022,"color_id":2},"3":{"ros_timestamp":"1695917905.5928254","wall_type":"front","a":0.0121223722,"b":-0.9999265075,"c":0.0000309385,"d":2.9275083542,"shortest_distance":3.1843947469,"num_points":349,"plane_center_x":-0.0395655148,"plane_center_y":2.9272830486,"plane_center_z":1.2663024664,"color_id":3}}