{"0":{"ros_timestamp":"1695917906.1894753","wall_type":"floor","a":-0.0011180174,"b":-0.003627121,"c":0.9999927878,"d":0.0064691212,"shortest_distance":1.0068340088,"num_points":434,"plane_center_x":0.0897311643,"plane_center_y":2.2529513836,"plane_center_z":0.0019140472,"color_id":0},"1":{"ros_timestamp":"1695917906.1894753","wall_type":"left","a":0.9998759627,"b":0.0155696589,"c":0.0023668462,"d":1.323200345,"shortest_distance":1.7554361441,"num_points":605,"plane_center_x":-1.3465198278,"plane_center_y":1.3268836737,"plane_center_z":1.0534831285,"color_id":1},"2":{"ros_timestamp":"1695917906.1894753","wall_type":"right","a":0.999904573,"b":0.0138126621,"c":-0.0000048616,"d":-1.3270956278,"shortest_distance":0.8967920917,"num_points":384,"plane_center_x":1.2944871187,"plane_center_y":2.3701245785,"plane_center_z":1.1670171022,"color_id":2},"3":{"ros_timestamp":"1695917906.1894753","wall_type":"front","a":0.0121223722,"b":-0.9999265075,"c":0.0000309385,"d":2.9275083542,"shortest_distance":3.1758304024,"num_points":349,"plane_center_x":-0.0395655148,"plane_center_y":2.9272830486,"plane_center_z":1.2663024664,"color_id":3}}