{"0":{"ros_timestamp":"1695917906.3721304","wall_type":"floor","a":-0.001153562,"b":-0.0038808654,"c":0.9999918342,"d":0.0070899227,"shortest_distance":1.0074804169,"num_points":432,"plane_center_x":0.0961029977,"plane_center_y":2.2567591667,"plane_center_z":0.0018904676,"color_id":0},"1":{"ros_timestamp":"1695917906.3721304","wall_type":"left","a":0.9999381304,"b":0.0109088775,"c":0.0021857047,"d":1.3228744268,"shortest_distance":1.7585448664,"num_points":607,"plane_center_x":-1.3396716118,"plane_center_y":1.3290807009,"plane_center_z":1.0500290394,"color_id":1},"2":{"ros_timestamp":"1695917906.3721304","wall_type":"right","a":0.999904573,"b":0.0138126621,"c":-0.0000048616,"d":-1.3270956278,"shortest_distance":0.8943234601,"num_points":384,"plane_center_x":1.2944871187,"plane_center_y":2.3701245785,"plane_center_z":1.1670171022,"color_id":2},"3":{"ros_timestamp":"1695917906.3721304","wall_type":"front","a":0.0121223722,"b":-0.9999265075,"c":0.0000309385,"d":2.9275083542,"shortest_distance":3.171510772,"num_points":349,"plane_center_x":-0.0395655148,"plane_center_y":2.9272830486,"plane_center_z":1.2663024664,"color_id":3}}