{"0":{"ros_timestamp":"1695917906.7163815","wall_type":"floor","a":-0.0011569989,"b":-0.0038821877,"c":0.9999918342,"d":0.0070951912,"shortest_distance":1.0074647795,"num_points":432,"plane_center_x":0.0959965289,"plane_center_y":2.2568686008,"plane_center_z":0.001888818,"color_id":0},"1":{"ros_timestamp":"1695917906.7163815","wall_type":"left","a":0.9999415278,"b":0.0104038324,"c":0.0029476366,"d":1.3222676516,"shortest_distance":1.7612326273,"num_points":608,"plane_center_x":-1.3394229412,"plane_center_y":1.3274428844,"plane_center_z":1.0487850904,"color_id":1},"2":{"ros_timestamp":"1695917906.7163815","wall_type":"right","a":0.999904573,"b":0.0138126621,"c":-0.0000048616,"d":-1.3270956278,"shortest_distance":0.8918981058,"num_points":384,"plane_center_x":1.2944871187,"plane_center_y":2.3701245785,"plane_center_z":1.1670171022,"color_id":2},"3":{"ros_timestamp":"1695917906.7163815","wall_type":"front","a":0.0121223722,"b":-0.9999265075,"c":0.0000309385,"d":2.9275083542,"shortest_distance":3.1671667447,"num_points":349,"plane_center_x":-0.0395655148,"plane_center_y":2.9272830486,"plane_center_z":1.2663024664,"color_id":3}}