{"0":{"ros_timestamp":"1695917882.5841427","wall_type":"floor","a":0.0016603954,"b":0.0003319358,"c":0.9999986291,"d":-0.0018886629,"shortest_distance":0.9980286864,"num_points":268,"plane_center_x":-0.0299375337,"plane_center_y":2.1530804634,"plane_center_z":0.0012236882,"color_id":0},"1":{"ros_timestamp":"1695917882.5841427","wall_type":"left","a":0.999879837,"b":0.0155056277,"c":-0.0001790833,"d":1.3181612492,"shortest_distance":1.374780431,"num_points":230,"plane_center_x":-1.3479653597,"plane_center_y":1.9246424437,"plane_center_z":1.1204797029,"color_id":1},"2":{"ros_timestamp":"1695917882.5841427","wall_type":"right","a":0.999909699,"b":0.0133235026,"c":-0.0017438082,"d":-1.3234206438,"shortest_distance":1.2672884199,"num_points":353,"plane_center_x":1.2950239182,"plane_center_y":2.310703516,"plane_center_z":1.1210819483,"color_id":2}}