{"0":{"ros_timestamp":"1695917907.0109136","wall_type":"floor","a":-0.0011199496,"b":-0.0036264658,"c":0.9999927878,"d":0.0064689801,"shortest_distance":1.0067587727,"num_points":434,"plane_center_x":0.0893515199,"plane_center_y":2.2528054714,"plane_center_z":0.0019119349,"color_id":0},"1":{"ros_timestamp":"1695917907.0109136","wall_type":"left","a":0.9998774529,"b":0.0154874912,"c":0.0023065016,"d":1.3232867718,"shortest_distance":1.7651257318,"num_points":607,"plane_center_x":-1.3463797569,"plane_center_y":1.3235541582,"plane_center_z":1.0533412695,"color_id":1},"2":{"ros_timestamp":"1695917907.0109136","wall_type":"right","a":0.999904573,"b":0.0138126621,"c":-0.0000048616,"d":-1.3270956278,"shortest_distance":0.8871781951,"num_points":384,"plane_center_x":1.2944871187,"plane_center_y":2.3701245785,"plane_center_z":1.1670171022,"color_id":2},"3":{"ros_timestamp":"1695917907.0109136","wall_type":"front","a":0.0121223722,"b":-0.9999265075,"c":0.0000309385,"d":2.9275083542,"shortest_distance":3.1584072393,"num_points":349,"plane_center_x":-0.0395655148,"plane_center_y":2.9272830486,"plane_center_z":1.2663024664,"color_id":3}}