{"0":{"ros_timestamp":"1695917907.4768102","wall_type":"floor","a":-0.0011546297,"b":-0.0038778163,"c":0.9999918342,"d":0.0070839366,"shortest_distance":1.007374422,"num_points":432,"plane_center_x":0.0955261365,"plane_center_y":2.2565150261,"plane_center_z":0.0018880685,"color_id":0},"1":{"ros_timestamp":"1695917907.4768102","wall_type":"left","a":0.9999320507,"b":0.0114634363,"c":0.0021077413,"d":1.322699666,"shortest_distance":1.7697948135,"num_points":610,"plane_center_x":-1.3400605917,"plane_center_y":1.3206902742,"plane_center_z":1.0485906601,"color_id":1},"2":{"ros_timestamp":"1695917907.4768102","wall_type":"right","a":0.999904573,"b":0.0138126621,"c":-0.0000048616,"d":-1.3270956278,"shortest_distance":0.8826342475,"num_points":384,"plane_center_x":1.2944871187,"plane_center_y":2.3701245785,"plane_center_z":1.1670171022,"color_id":2},"3":{"ros_timestamp":"1695917907.4768102","wall_type":"front","a":0.0121223722,"b":-0.9999265075,"c":0.0000309385,"d":2.9275083542,"shortest_distance":3.1495553898,"num_points":349,"plane_center_x":-0.0395655148,"plane_center_y":2.9272830486,"plane_center_z":1.2663024664,"color_id":3}}