{"0":{"ros_timestamp":"1695917907.6082644","wall_type":"floor","a":-0.0011269613,"b":-0.0037908168,"c":0.9999922514,"d":0.0068617035,"shortest_distance":1.0071460906,"num_points":433,"plane_center_x":0.0922877192,"plane_center_y":2.255002737,"plane_center_z":0.0019017797,"color_id":0},"1":{"ros_timestamp":"1695917907.6082644","wall_type":"left","a":0.9999229908,"b":0.0122899935,"c":0.0017083104,"d":1.3234899044,"shortest_distance":1.7700025464,"num_points":609,"plane_center_x":-1.3415364027,"plane_center_y":1.3204268217,"plane_center_z":1.0502858162,"color_id":1},"2":{"ros_timestamp":"1695917907.6082644","wall_type":"right","a":0.999904573,"b":0.0138126621,"c":-0.0000048616,"d":-1.3270956278,"shortest_distance":0.8826342475,"num_points":384,"plane_center_x":1.2944871187,"plane_center_y":2.3701245785,"plane_center_z":1.1670171022,"color_id":2},"3":{"ros_timestamp":"1695917907.6082644","wall_type":"front","a":0.0121223722,"b":-0.9999265075,"c":0.0000309385,"d":2.9275083542,"shortest_distance":3.1495553898,"num_points":349,"plane_center_x":-0.0395655148,"plane_center_y":2.9272830486,"plane_center_z":1.2663024664,"color_id":3}}