{"0":{"ros_timestamp":"1695917908.3076327","wall_type":"floor","a":-0.0011172526,"b":-0.0036334742,"c":0.9999927878,"d":0.0064844089,"shortest_distance":1.0066834941,"num_points":434,"plane_center_x":0.08885286,"plane_center_y":2.253010273,"plane_center_z":0.0019122288,"color_id":0},"1":{"ros_timestamp":"1695917908.3076327","wall_type":"left","a":0.9998893738,"b":0.0147691416,"c":0.0017881988,"d":1.3242695332,"shortest_distance":1.7768047671,"num_points":623,"plane_center_x":-1.3451735973,"plane_center_y":1.2782541513,"plane_center_z":1.0494308472,"color_id":1},"2":{"ros_timestamp":"1695917908.3076327","wall_type":"right","a":0.999904573,"b":0.0138126621,"c":-0.0000048616,"d":-1.3270956278,"shortest_distance":0.8761522132,"num_points":384,"plane_center_x":1.2944871187,"plane_center_y":2.3701245785,"plane_center_z":1.1670171022,"color_id":2},"3":{"ros_timestamp":"1695917908.3076327","wall_type":"front","a":0.0121223722,"b":-0.9999265075,"c":0.0000309385,"d":2.9275083542,"shortest_distance":3.1361122253,"num_points":349,"plane_center_x":-0.0395655148,"plane_center_y":2.9272830486,"plane_center_z":1.2663024664,"color_id":3}}