{"0":{"ros_timestamp":"1695917908.376722","wall_type":"floor","a":-0.0011169864,"b":-0.0036322477,"c":0.9999927878,"d":0.0064813807,"shortest_distance":1.0066803424,"num_points":434,"plane_center_x":0.0888355821,"plane_center_y":2.2528493404,"plane_center_z":0.0019118679,"color_id":0},"1":{"ros_timestamp":"1695917908.376722","wall_type":"left","a":0.9998915195,"b":0.0146261705,"c":0.0017266375,"d":1.3245022297,"shortest_distance":1.7770060268,"num_points":623,"plane_center_x":-1.3451886177,"plane_center_y":1.2804841995,"plane_center_z":1.0493808985,"color_id":1},"2":{"ros_timestamp":"1695917908.376722","wall_type":"right","a":0.999904573,"b":0.0138126621,"c":-0.0000048616,"d":-1.3270956278,"shortest_distance":0.8761522132,"num_points":384,"plane_center_x":1.2944871187,"plane_center_y":2.3701245785,"plane_center_z":1.1670171022,"color_id":2},"3":{"ros_timestamp":"1695917908.376722","wall_type":"front","a":0.0121223722,"b":-0.9999265075,"c":0.0000309385,"d":2.9275083542,"shortest_distance":3.1361122253,"num_points":349,"plane_center_x":-0.0395655148,"plane_center_y":2.9272830486,"plane_center_z":1.2663024664,"color_id":3}}