{"0":{"ros_timestamp":"1695917908.6767206","wall_type":"floor","a":-0.0011166296,"b":-0.0036327438,"c":0.9999927878,"d":0.0064823981,"shortest_distance":1.0066440714,"num_points":434,"plane_center_x":0.0887790248,"plane_center_y":2.25283885,"plane_center_z":0.0019118338,"color_id":0},"1":{"ros_timestamp":"1695917908.6767206","wall_type":"left","a":0.9998899698,"b":0.0147409867,"c":0.0016373246,"d":1.3247736692,"shortest_distance":1.781268808,"num_points":624,"plane_center_x":-1.3454911709,"plane_center_y":1.2787187099,"plane_center_z":1.0504238605,"color_id":1},"2":{"ros_timestamp":"1695917908.6767206","wall_type":"right","a":0.999904573,"b":0.0138126621,"c":-0.0000048616,"d":-1.3270956278,"shortest_distance":0.8720559692,"num_points":384,"plane_center_x":1.2944871187,"plane_center_y":2.3701245785,"plane_center_z":1.1670171022,"color_id":2},"3":{"ros_timestamp":"1695917908.6767206","wall_type":"front","a":0.0121223722,"b":-0.9999265075,"c":0.0000309385,"d":2.9275083542,"shortest_distance":3.1270450831,"num_points":349,"plane_center_x":-0.0395655148,"plane_center_y":2.9272830486,"plane_center_z":1.2663024664,"color_id":3}}