{"0":{"ros_timestamp":"1695917908.9994252","wall_type":"floor","a":-0.0011284262,"b":-0.0037885914,"c":0.9999921918,"d":0.0068578157,"shortest_distance":1.0070241848,"num_points":433,"plane_center_x":0.0918799862,"plane_center_y":2.2549772263,"plane_center_z":0.0019002327,"color_id":0},"1":{"ros_timestamp":"1695917908.9994252","wall_type":"left","a":0.9999057651,"b":0.013497415,"c":0.0024902476,"d":1.3220499754,"shortest_distance":1.7816249944,"num_points":626,"plane_center_x":-1.3420641422,"plane_center_y":1.2741116285,"plane_center_z":1.0475289822,"color_id":1},"2":{"ros_timestamp":"1695917908.9994252","wall_type":"right","a":0.999904573,"b":0.0138126621,"c":-0.0000048616,"d":-1.3270956278,"shortest_distance":0.870076002,"num_points":384,"plane_center_x":1.2944871187,"plane_center_y":2.3701245785,"plane_center_z":1.1670171022,"color_id":2},"3":{"ros_timestamp":"1695917908.9994252","wall_type":"front","a":0.0121223722,"b":-0.9999265075,"c":0.0000309385,"d":2.9275083542,"shortest_distance":3.1224813592,"num_points":349,"plane_center_x":-0.0395655148,"plane_center_y":2.9272830486,"plane_center_z":1.2663024664,"color_id":3}}