{"0":{"ros_timestamp":"1695917909.0765586","wall_type":"floor","a":-0.0011081988,"b":-0.0036223193,"c":0.9999927282,"d":0.0064527956,"shortest_distance":1.0065976132,"num_points":434,"plane_center_x":0.0886264816,"plane_center_y":2.2529098988,"plane_center_z":0.0019172941,"color_id":0},"1":{"ros_timestamp":"1695917909.0765586","wall_type":"left","a":0.9998922348,"b":0.0145520121,"c":0.0019376902,"d":1.324262023,"shortest_distance":1.7830784872,"num_points":625,"plane_center_x":-1.3450382948,"plane_center_y":1.2723289728,"plane_center_z":1.0491803885,"color_id":1},"2":{"ros_timestamp":"1695917909.0765586","wall_type":"right","a":0.999904573,"b":0.0138126621,"c":-0.0000048616,"d":-1.3270956278,"shortest_distance":0.870076002,"num_points":384,"plane_center_x":1.2944871187,"plane_center_y":2.3701245785,"plane_center_z":1.1670171022,"color_id":2},"3":{"ros_timestamp":"1695917909.0765586","wall_type":"front","a":0.0121223722,"b":-0.9999265075,"c":0.0000309385,"d":2.9275083542,"shortest_distance":3.1224813592,"num_points":349,"plane_center_x":-0.0395655148,"plane_center_y":2.9272830486,"plane_center_z":1.2663024664,"color_id":3}}