{"0":{"ros_timestamp":"1695917909.398991","wall_type":"floor","a":-0.0011141015,"b":-0.0036341324,"c":0.9999927282,"d":0.0064843288,"shortest_distance":1.0066097965,"num_points":434,"plane_center_x":0.0886164308,"plane_center_y":2.2529792786,"plane_center_z":0.0019131305,"color_id":0},"1":{"ros_timestamp":"1695917909.398991","wall_type":"left","a":0.9998981357,"b":0.0141560901,"c":0.0018344853,"d":1.324285984,"shortest_distance":1.7850127343,"num_points":625,"plane_center_x":-1.344368577,"plane_center_y":1.2730228901,"plane_center_z":1.0491185188,"color_id":1},"2":{"ros_timestamp":"1695917909.398991","wall_type":"right","a":0.999904573,"b":0.0138126621,"c":-0.0000048616,"d":-1.3270956278,"shortest_distance":0.8681417369,"num_points":384,"plane_center_x":1.2944871187,"plane_center_y":2.3701245785,"plane_center_z":1.1670171022,"color_id":2},"3":{"ros_timestamp":"1695917909.398991","wall_type":"front","a":0.0121223722,"b":-0.9999265075,"c":0.0000309385,"d":2.9275083542,"shortest_distance":3.1178981413,"num_points":349,"plane_center_x":-0.0395655148,"plane_center_y":2.9272830486,"plane_center_z":1.2663024664,"color_id":3}}