{"0":{"ros_timestamp":"1695917909.7894733","wall_type":"floor","a":-0.001132699,"b":-0.0037982904,"c":0.9999921918,"d":0.0068834973,"shortest_distance":1.0069908009,"num_points":433,"plane_center_x":0.091725111,"plane_center_y":2.2548284531,"plane_center_z":0.0018960681,"color_id":0},"1":{"ros_timestamp":"1695917909.7894733","wall_type":"left","a":0.9999132752,"b":0.0129652722,"c":0.0023090709,"d":1.3217548132,"shortest_distance":1.7869060423,"num_points":640,"plane_center_x":-1.3402972221,"plane_center_y":1.2348339558,"plane_center_z":1.0464160442,"color_id":1},"2":{"ros_timestamp":"1695917909.7894733","wall_type":"right","a":0.999904573,"b":0.0138126621,"c":-0.0000048616,"d":-1.3270956278,"shortest_distance":0.864411082,"num_points":384,"plane_center_x":1.2944871187,"plane_center_y":2.3701245785,"plane_center_z":1.1670171022,"color_id":2},"3":{"ros_timestamp":"1695917909.7894733","wall_type":"front","a":0.0121223722,"b":-0.9999265075,"c":0.0000309385,"d":2.9275083542,"shortest_distance":3.1086750585,"num_points":349,"plane_center_x":-0.0395655148,"plane_center_y":2.9272830486,"plane_center_z":1.2663024664,"color_id":3}}