{"0":{"ros_timestamp":"1695917910.300557","wall_type":"floor","a":-0.001148238,"b":-0.0038867341,"c":0.9999917746,"d":0.0071018878,"shortest_distance":1.0071769125,"num_points":432,"plane_center_x":0.0948605463,"plane_center_y":2.2567024231,"plane_center_z":0.0018895752,"color_id":0},"1":{"ros_timestamp":"1695917910.300557","wall_type":"left","a":0.9999038577,"b":0.0127382074,"c":0.0054794103,"d":1.3196543455,"shortest_distance":1.7915468373,"num_points":641,"plane_center_x":-1.3422205448,"plane_center_y":1.2321335077,"plane_center_z":1.0447807312,"color_id":1},"2":{"ros_timestamp":"1695917910.300557","wall_type":"right","a":0.999904573,"b":0.0138126621,"c":-0.0000048616,"d":-1.3270956278,"shortest_distance":0.8608654967,"num_points":384,"plane_center_x":1.2944871187,"plane_center_y":2.3701245785,"plane_center_z":1.1670171022,"color_id":2},"3":{"ros_timestamp":"1695917910.300557","wall_type":"front","a":0.0121223722,"b":-0.9999265075,"c":0.0000309385,"d":2.9275083542,"shortest_distance":3.0993795238,"num_points":349,"plane_center_x":-0.0395655148,"plane_center_y":2.9272830486,"plane_center_z":1.2663024664,"color_id":3}}