{"0":{"ros_timestamp":"1695917882.9904659","wall_type":"floor","a":0.0018698726,"b":-0.000236348,"c":0.9999982119,"d":-0.0007836037,"shortest_distance":0.9994451347,"num_points":277,"plane_center_x":-0.0118303522,"plane_center_y":2.1581475735,"plane_center_z":0.0013158011,"color_id":0},"1":{"ros_timestamp":"1695917882.9904659","wall_type":"left","a":0.9998785853,"b":0.0155762536,"c":-0.0002139566,"d":1.3162244558,"shortest_distance":1.3826403915,"num_points":248,"plane_center_x":-1.3462426662,"plane_center_y":1.9320681095,"plane_center_z":1.1199786663,"color_id":1},"2":{"ros_timestamp":"1695917882.9904659","wall_type":"right","a":0.999930799,"b":0.0117607061,"c":0.0001594921,"d":-1.3226461411,"shortest_distance":1.2539773597,"num_points":352,"plane_center_x":1.2950521708,"plane_center_y":2.3174507618,"plane_center_z":1.1242294312,"color_id":2}}