{"0":{"ros_timestamp":"1695917911.7867265","wall_type":"floor","a":-0.0011326189,"b":-0.0037995076,"c":0.9999921918,"d":0.0068863798,"shortest_distance":1.006836357,"num_points":433,"plane_center_x":0.0916602239,"plane_center_y":2.254891634,"plane_center_z":0.0018960885,"color_id":0},"1":{"ros_timestamp":"1695917911.7867265","wall_type":"left","a":0.9998981357,"b":0.0141350878,"c":0.0019478332,"d":1.3224207163,"shortest_distance":1.8000686613,"num_points":660,"plane_center_x":-1.3412948847,"plane_center_y":1.1816003323,"plane_center_z":1.0449886322,"color_id":1},"2":{"ros_timestamp":"1695917911.7867265","wall_type":"right","a":0.999904573,"b":0.0138126621,"c":-0.0000048616,"d":-1.3270956278,"shortest_distance":0.8513529669,"num_points":384,"plane_center_x":1.2944871187,"plane_center_y":2.3701245785,"plane_center_z":1.1670171022,"color_id":2},"3":{"ros_timestamp":"1695917911.7867265","wall_type":"front","a":0.0121223722,"b":-0.9999265075,"c":0.0000309385,"d":2.9275083542,"shortest_distance":3.0710955254,"num_points":349,"plane_center_x":-0.0395655148,"plane_center_y":2.9272830486,"plane_center_z":1.2663024664,"color_id":3}}