{"0":{"ros_timestamp":"1695917883.0743046","wall_type":"floor","a":0.0018706173,"b":-0.0003107119,"c":0.9999982119,"d":-0.0006078408,"shortest_distance":0.9996574874,"num_points":280,"plane_center_x":-0.0140595473,"plane_center_y":2.1564280987,"plane_center_z":0.001304171,"color_id":0},"1":{"ros_timestamp":"1695917883.0743046","wall_type":"left","a":0.9999391437,"b":0.0110355923,"c":0.0000280181,"d":1.3326091766,"shortest_distance":1.4015035451,"num_points":249,"plane_center_x":-1.3539811373,"plane_center_y":1.9263219833,"plane_center_z":1.1239964962,"color_id":1},"2":{"ros_timestamp":"1695917883.0743046","wall_type":"right","a":0.9998820424,"b":0.0151511868,"c":-0.0025058137,"d":-1.3264808655,"shortest_distance":1.2621476606,"num_points":352,"plane_center_x":1.2949633598,"plane_center_y":2.320473671,"plane_center_z":1.124207139,"color_id":2}}