{"0":{"ros_timestamp":"1695917912.2904382","wall_type":"floor","a":-0.0011326189,"b":-0.0037995076,"c":0.9999921918,"d":0.0068863798,"shortest_distance":1.0067772421,"num_points":433,"plane_center_x":0.0916602239,"plane_center_y":2.254891634,"plane_center_z":0.0018960885,"color_id":0},"1":{"ros_timestamp":"1695917912.2904382","wall_type":"left","a":0.999896884,"b":0.0142227886,"c":0.0019531118,"d":1.3223090172,"shortest_distance":1.8040715264,"num_points":661,"plane_center_x":-1.3412524462,"plane_center_y":1.1785482168,"plane_center_z":1.045986414,"color_id":1},"2":{"ros_timestamp":"1695917912.2904382","wall_type":"right","a":0.999904573,"b":0.0138126621,"c":-0.0000048616,"d":-1.3270956278,"shortest_distance":0.8472368682,"num_points":384,"plane_center_x":1.2944871187,"plane_center_y":2.3701245785,"plane_center_z":1.1670171022,"color_id":2},"3":{"ros_timestamp":"1695917912.2904382","wall_type":"front","a":0.0121223722,"b":-0.9999265075,"c":0.0000309385,"d":2.9275083542,"shortest_distance":3.0567533445,"num_points":349,"plane_center_x":-0.0395655148,"plane_center_y":2.9272830486,"plane_center_z":1.2663024664,"color_id":3}}