{"0":{"ros_timestamp":"1695917912.50094","wall_type":"floor","a":-0.0011536049,"b":-0.0038887586,"c":0.999991715,"d":0.007109866,"shortest_distance":1.007001267,"num_points":431,"plane_center_x":0.0980808288,"plane_center_y":2.2575569153,"plane_center_z":0.0018939773,"color_id":0},"1":{"ros_timestamp":"1695917912.50094","wall_type":"left","a":0.9998975396,"b":0.0127950711,"c":0.0064184787,"d":1.3183898926,"shortest_distance":1.8047940253,"num_points":664,"plane_center_x":-1.3415642977,"plane_center_y":1.1755489111,"plane_center_z":1.0417101383,"color_id":1},"2":{"ros_timestamp":"1695917912.50094","wall_type":"right","a":0.999904573,"b":0.0138126621,"c":-0.0000048616,"d":-1.3270956278,"shortest_distance":0.8472368682,"num_points":384,"plane_center_x":1.2944871187,"plane_center_y":2.3701245785,"plane_center_z":1.1670171022,"color_id":2},"3":{"ros_timestamp":"1695917912.50094","wall_type":"front","a":0.0121223722,"b":-0.9999265075,"c":0.0000309385,"d":2.9275083542,"shortest_distance":3.0567533445,"num_points":349,"plane_center_x":-0.0395655148,"plane_center_y":2.9272830486,"plane_center_z":1.2663024664,"color_id":3}}