{"0":{"ros_timestamp":"1695917883.2112348","wall_type":"floor","a":0.0018755253,"b":-0.0003008172,"c":0.9999982119,"d":-0.0006298989,"shortest_distance":0.9996399055,"num_points":280,"plane_center_x":-0.0144145759,"plane_center_y":2.156734705,"plane_center_z":0.001305719,"color_id":0},"1":{"ros_timestamp":"1695917883.2112348","wall_type":"left","a":0.9999529719,"b":0.009698553,"c":0.000030266,"d":1.3387966156,"shortest_distance":1.4132708414,"num_points":249,"plane_center_x":-1.3575526476,"plane_center_y":1.9238142967,"plane_center_z":1.124019146,"color_id":1},"2":{"ros_timestamp":"1695917883.2112348","wall_type":"right","a":0.99990201,"b":0.0139181307,"c":-0.0015285958,"d":-1.3250784874,"shortest_distance":1.2542381075,"num_points":352,"plane_center_x":1.2949172258,"plane_center_y":2.32198596,"plane_center_z":1.124199152,"color_id":2}}