{"0":{"ros_timestamp":"1695917913.4105928","wall_type":"floor","a":-0.0011129908,"b":-0.0036334721,"c":0.9999927282,"d":0.0064822081,"shortest_distance":1.0062872771,"num_points":434,"plane_center_x":0.0884708837,"plane_center_y":2.2528896332,"plane_center_z":0.0019131781,"color_id":0},"1":{"ros_timestamp":"1695917913.4105928","wall_type":"left","a":0.9998936653,"b":0.0145106791,"c":0.0015013184,"d":1.3236979246,"shortest_distance":1.8098005827,"num_points":677,"plane_center_x":-1.3418910503,"plane_center_y":1.1357877254,"plane_center_z":1.0453248024,"color_id":1},"2":{"ros_timestamp":"1695917913.4105928","wall_type":"right","a":0.999904573,"b":0.0138126621,"c":-0.0000048616,"d":-1.3270956278,"shortest_distance":0.8424210798,"num_points":384,"plane_center_x":1.2944871187,"plane_center_y":2.3701245785,"plane_center_z":1.1670171022,"color_id":2},"3":{"ros_timestamp":"1695917913.4105928","wall_type":"front","a":0.0121223722,"b":-0.9999265075,"c":0.0000309385,"d":2.9275083542,"shortest_distance":3.0374517967,"num_points":349,"plane_center_x":-0.0395655148,"plane_center_y":2.9272830486,"plane_center_z":1.2663024664,"color_id":3}}