{"0":{"ros_timestamp":"1695917913.6209915","wall_type":"floor","a":-0.0011129908,"b":-0.0036334721,"c":0.9999927282,"d":0.0064822081,"shortest_distance":1.0062684632,"num_points":434,"plane_center_x":0.0884708837,"plane_center_y":2.2528896332,"plane_center_z":0.0019131781,"color_id":0},"1":{"ros_timestamp":"1695917913.6209915","wall_type":"left","a":0.9998944998,"b":0.0144464821,"c":0.0015270554,"d":1.323592186,"shortest_distance":1.8108139075,"num_points":677,"plane_center_x":-1.3416287899,"plane_center_y":1.1282254457,"plane_center_z":1.0453219414,"color_id":1},"2":{"ros_timestamp":"1695917913.6209915","wall_type":"right","a":0.999904573,"b":0.0138126621,"c":-0.0000048616,"d":-1.3270956278,"shortest_distance":0.8413380126,"num_points":384,"plane_center_x":1.2944871187,"plane_center_y":2.3701245785,"plane_center_z":1.1670171022,"color_id":2},"3":{"ros_timestamp":"1695917913.6209915","wall_type":"front","a":0.0121223722,"b":-0.9999265075,"c":0.0000309385,"d":2.9275083542,"shortest_distance":3.0325977225,"num_points":349,"plane_center_x":-0.0395655148,"plane_center_y":2.9272830486,"plane_center_z":1.2663024664,"color_id":3}}