{"0":{"ros_timestamp":"1695917883.4917052","wall_type":"floor","a":0.0020922327,"b":0.0050673173,"c":0.9999850392,"d":-0.0126406485,"shortest_distance":0.9850127226,"num_points":287,"plane_center_x":-0.0158270877,"plane_center_y":2.1562664509,"plane_center_z":0.0012565536,"color_id":0},"1":{"ros_timestamp":"1695917883.4917052","wall_type":"left","a":0.9999057055,"b":0.0137287136,"c":-0.0001194328,"d":1.3242045641,"shortest_distance":1.4014622272,"num_points":268,"plane_center_x":-1.3499147892,"plane_center_y":1.873193264,"plane_center_z":1.1186329126,"color_id":1},"2":{"ros_timestamp":"1695917883.4917052","wall_type":"right","a":0.9999632239,"b":0.0084713651,"c":-0.0013234427,"d":-1.3134818077,"shortest_distance":1.234847265,"num_points":374,"plane_center_x":1.2954277992,"plane_center_y":2.3485305309,"plane_center_z":1.128688097,"color_id":2}}