{"0":{"ros_timestamp":"1695917883.799447","wall_type":"floor","a":0.0017187195,"b":-0.0002432494,"c":0.9999984503,"d":-0.0006596645,"shortest_distance":0.9995861958,"num_points":293,"plane_center_x":-0.032453347,"plane_center_y":2.1508100033,"plane_center_z":0.0012386277,"color_id":0},"1":{"ros_timestamp":"1695917883.799447","wall_type":"left","a":0.9999033213,"b":0.0139032844,"c":-0.0001197495,"d":1.3233608007,"shortest_distance":1.405439651,"num_points":270,"plane_center_x":-1.3493045568,"plane_center_y":1.8662708998,"plane_center_z":1.1188875437,"color_id":1},"2":{"ros_timestamp":"1695917883.799447","wall_type":"right","a":0.9999093413,"b":0.0134242047,"c":-0.0010626075,"d":-1.3246020079,"shortest_distance":1.2432311264,"num_points":396,"plane_center_x":1.2943781614,"plane_center_y":2.3707005978,"plane_center_z":1.132663846,"color_id":2}}