{"0":{"ros_timestamp":"1695917919.1015825","wall_type":"floor","a":-0.001148238,"b":-0.0038867341,"c":0.9999917746,"d":0.0071018878,"shortest_distance":1.0064612132,"num_points":432,"plane_center_x":0.0948605463,"plane_center_y":2.2567024231,"plane_center_z":0.0018895752,"color_id":0},"1":{"ros_timestamp":"1695917919.1015825","wall_type":"left","a":0.9998969436,"b":0.0130605604,"c":0.0059622889,"d":1.3194016218,"shortest_distance":1.8225132379,"num_points":743,"plane_center_x":-1.3394094706,"plane_center_y":0.9501662254,"plane_center_z":1.038643837,"color_id":1},"2":{"ros_timestamp":"1695917919.1015825","wall_type":"right","a":0.999904573,"b":0.0138126621,"c":-0.0000048616,"d":-1.3270956278,"shortest_distance":0.8299400431,"num_points":384,"plane_center_x":1.2944871187,"plane_center_y":2.3701245785,"plane_center_z":1.1670171022,"color_id":2},"3":{"ros_timestamp":"1695917919.1015825","wall_type":"front","a":0.0121223722,"b":-0.9999265075,"c":0.0000309385,"d":2.9275083542,"shortest_distance":2.9240188694,"num_points":349,"plane_center_x":-0.0395655148,"plane_center_y":2.9272830486,"plane_center_z":1.2663024664,"color_id":3}}