{"0":{"ros_timestamp":"1695917919.7934134","wall_type":"floor","a":-0.001148238,"b":-0.0038867341,"c":0.9999917746,"d":0.0071018878,"shortest_distance":1.0064038642,"num_points":432,"plane_center_x":0.0948605463,"plane_center_y":2.2567024231,"plane_center_z":0.0018895752,"color_id":0},"1":{"ros_timestamp":"1695917919.7934134","wall_type":"left","a":0.9998959303,"b":0.0128777949,"c":0.0065073078,"d":1.3189375401,"shortest_distance":1.8222738611,"num_points":745,"plane_center_x":-1.3396395445,"plane_center_y":0.9589265585,"plane_center_z":1.0406886339,"color_id":1},"2":{"ros_timestamp":"1695917919.7934134","wall_type":"right","a":0.999904573,"b":0.0138126621,"c":-0.0000048616,"d":-1.3270956278,"shortest_distance":0.830244138,"num_points":384,"plane_center_x":1.2944871187,"plane_center_y":2.3701245785,"plane_center_z":1.1670171022,"color_id":2},"3":{"ros_timestamp":"1695917919.7934134","wall_type":"front","a":0.0121223722,"b":-0.9999265075,"c":0.0000309385,"d":2.9275083542,"shortest_distance":2.9091080333,"num_points":349,"plane_center_x":-0.0395655148,"plane_center_y":2.9272830486,"plane_center_z":1.2663024664,"color_id":3}}