{"0":{"ros_timestamp":"1695917883.987398","wall_type":"floor","a":0.0016848178,"b":-0.0003704957,"c":0.9999985695,"d":-0.0003432222,"shortest_distance":0.9999618799,"num_points":307,"plane_center_x":-0.0151275909,"plane_center_y":2.1586022377,"plane_center_z":0.0011684641,"color_id":0},"1":{"ros_timestamp":"1695917883.987398","wall_type":"left","a":0.9998970628,"b":0.0143474406,"c":-0.0001391346,"d":1.322520256,"shortest_distance":1.4043618862,"num_points":288,"plane_center_x":-1.3485584259,"plane_center_y":1.8159323931,"plane_center_z":1.111474514,"color_id":1},"2":{"ros_timestamp":"1695917883.987398","wall_type":"right","a":0.999894917,"b":0.0144151747,"c":-0.0015204111,"d":-1.3262581825,"shortest_distance":1.2458311426,"num_points":397,"plane_center_x":1.2941995859,"plane_center_y":2.3716676235,"plane_center_z":1.1297749281,"color_id":2}}