{"0":{"ros_timestamp":"1695917922.2768655","wall_type":"floor","a":-0.0011326189,"b":-0.0037995076,"c":0.9999921918,"d":0.0068863798,"shortest_distance":1.0060162801,"num_points":433,"plane_center_x":0.0916602239,"plane_center_y":2.254891634,"plane_center_z":0.0018960885,"color_id":0},"1":{"ros_timestamp":"1695917922.2768655","wall_type":"left","a":0.9998964667,"b":0.0141226333,"c":0.0027620515,"d":1.3226102591,"shortest_distance":1.8180090959,"num_points":848,"plane_center_x":-1.3357828856,"plane_center_y":0.6907013655,"plane_center_z":1.0350500345,"color_id":1},"2":{"ros_timestamp":"1695917922.2768655","wall_type":"right","a":0.999904573,"b":0.0138126621,"c":-0.0000048616,"d":-1.3270956278,"shortest_distance":0.8344825621,"num_points":384,"plane_center_x":1.2944871187,"plane_center_y":2.3701245785,"plane_center_z":1.1670171022,"color_id":2},"3":{"ros_timestamp":"1695917922.2768655","wall_type":"front","a":0.0121223722,"b":-0.9999265075,"c":0.0000309385,"d":2.9275083542,"shortest_distance":2.8596002819,"num_points":349,"plane_center_x":-0.0395655148,"plane_center_y":2.9272830486,"plane_center_z":1.2663024664,"color_id":3}}