{"0":{"ros_timestamp":"1695917884.2886016","wall_type":"floor","a":0.0016680383,"b":-0.0003773569,"c":0.9999985695,"d":-0.0003114942,"shortest_distance":1.0000110745,"num_points":312,"plane_center_x":-0.0057030371,"plane_center_y":2.1627955437,"plane_center_z":0.0011371546,"color_id":0},"1":{"ros_timestamp":"1695917884.2886016","wall_type":"left","a":0.9999110699,"b":0.0133354235,"c":-0.0001374816,"d":1.3241497278,"shortest_distance":1.4162777007,"num_points":288,"plane_center_x":-1.3482289314,"plane_center_y":1.8081228733,"plane_center_z":1.1114903688,"color_id":1},"2":{"ros_timestamp":"1695917884.2886016","wall_type":"right","a":0.9998736978,"b":0.0157905575,"c":-0.0017996607,"d":-1.3290873766,"shortest_distance":1.2398215205,"num_points":396,"plane_center_x":1.2943376303,"plane_center_y":2.370711565,"plane_center_z":1.1326280832,"color_id":2}}