{"0":{"ros_timestamp":"1695917924.0192473","wall_type":"floor","a":-0.0011129908,"b":-0.0036334721,"c":0.9999927282,"d":0.0064822081,"shortest_distance":1.0055174757,"num_points":434,"plane_center_x":0.0884708837,"plane_center_y":2.2528896332,"plane_center_z":0.0019131781,"color_id":0},"1":{"ros_timestamp":"1695917924.0192473","wall_type":"left","a":0.9998982549,"b":0.0141794737,"c":0.0015293645,"d":1.3244531155,"shortest_distance":1.8127370241,"num_points":906,"plane_center_x":-1.3340835571,"plane_center_y":0.5497010946,"plane_center_z":1.0347954035,"color_id":1},"2":{"ros_timestamp":"1695917924.0192473","wall_type":"right","a":0.999904573,"b":0.0138126621,"c":-0.0000048616,"d":-1.3270956278,"shortest_distance":0.8403825966,"num_points":384,"plane_center_x":1.2944871187,"plane_center_y":2.3701245785,"plane_center_z":1.1670171022,"color_id":2},"3":{"ros_timestamp":"1695917924.0192473","wall_type":"front","a":0.0121223722,"b":-0.9999265075,"c":0.0000309385,"d":2.9275083542,"shortest_distance":2.8253195451,"num_points":349,"plane_center_x":-0.0395655148,"plane_center_y":2.9272830486,"plane_center_z":1.2663024664,"color_id":3}}