{"0":{"ros_timestamp":"1695917884.409824","wall_type":"floor","a":0.0016783943,"b":-0.0003367935,"c":0.9999985695,"d":-0.0004095662,"shortest_distance":0.9998942578,"num_points":312,"plane_center_x":-0.0055605238,"plane_center_y":2.1627418995,"plane_center_z":0.0011472979,"color_id":0},"1":{"ros_timestamp":"1695917884.409824","wall_type":"left","a":0.9999052882,"b":0.0137643097,"c":-0.0001771789,"d":1.3213766813,"shortest_distance":1.4132553573,"num_points":288,"plane_center_x":-1.3461869955,"plane_center_y":1.8075479269,"plane_center_z":1.1114947796,"color_id":1},"2":{"ros_timestamp":"1695917884.409824","wall_type":"right","a":0.99990201,"b":0.0139969271,"c":-0.000075933,"d":-1.3274298906,"shortest_distance":1.2355636194,"num_points":396,"plane_center_x":1.2943376303,"plane_center_y":2.370711565,"plane_center_z":1.1326280832,"color_id":2}}