{"0":{"ros_timestamp":"1695917884.711295","wall_type":"floor","a":0.0016223327,"b":-0.0004406571,"c":0.9999986291,"d":-0.000137208,"shortest_distance":1.0002191898,"num_points":317,"plane_center_x":0.0006884043,"plane_center_y":2.168305397,"plane_center_z":0.0010915719,"color_id":0},"1":{"ros_timestamp":"1695917884.711295","wall_type":"left","a":0.9999012947,"b":0.0140515072,"c":-0.0001867295,"d":1.320956707,"shortest_distance":1.41756679,"num_points":289,"plane_center_x":-1.3461899757,"plane_center_y":1.801120162,"plane_center_z":1.1145813465,"color_id":1},"2":{"ros_timestamp":"1695917884.711295","wall_type":"right","a":0.9999196529,"b":0.0126239015,"c":-0.0011776913,"d":-1.3225411177,"shortest_distance":1.2262258087,"num_points":396,"plane_center_x":1.2943376303,"plane_center_y":2.370711565,"plane_center_z":1.1326280832,"color_id":2}}