{"0":{"ros_timestamp":"1695917928.1768608","wall_type":"floor","a":-0.0013894577,"b":-0.0020547127,"c":0.9999969006,"d":0.0029130033,"shortest_distance":1.0018518,"num_points":436,"plane_center_x":0.0823848546,"plane_center_y":2.2338404655,"plane_center_z":0.0019043632,"color_id":0},"1":{"ros_timestamp":"1695917928.1768608","wall_type":"left","a":0.9998944402,"b":0.0144999819,"c":0.0009016875,"d":1.3249975443,"shortest_distance":1.7867286884,"num_points":1150,"plane_center_x":-1.3267438412,"plane_center_y":0.0463383496,"plane_center_z":1.0362372398,"color_id":1},"2":{"ros_timestamp":"1695917928.1768608","wall_type":"right","a":0.999904573,"b":0.0138126621,"c":-0.0000048616,"d":-1.3270956278,"shortest_distance":0.8663992526,"num_points":384,"plane_center_x":1.2944871187,"plane_center_y":2.3701245785,"plane_center_z":1.1670171022,"color_id":2},"3":{"ros_timestamp":"1695917928.1768608","wall_type":"front","a":0.0121223722,"b":-0.9999265075,"c":0.0000309385,"d":2.9275083542,"shortest_distance":2.7398649471,"num_points":349,"plane_center_x":-0.0395655148,"plane_center_y":2.9272830486,"plane_center_z":1.2663024664,"color_id":3}}