{"0":{"ros_timestamp":"1695917928.602928","wall_type":"floor","a":-0.0014605889,"b":-0.0016670709,"c":0.9999975562,"d":0.0020374139,"shortest_distance":1.0010143912,"num_points":437,"plane_center_x":0.0795919299,"plane_center_y":2.2241649628,"plane_center_z":0.0019000048,"color_id":0},"1":{"ros_timestamp":"1695917928.602928","wall_type":"left","a":0.9998907447,"b":0.0147512397,"c":0.0009777574,"d":1.3244172335,"shortest_distance":1.7843835698,"num_points":1193,"plane_center_x":-1.3250858784,"plane_center_y":-0.0331379548,"plane_center_z":1.0358631611,"color_id":1},"2":{"ros_timestamp":"1695917928.602928","wall_type":"right","a":0.999904573,"b":0.0138126621,"c":-0.0000048616,"d":-1.3270956278,"shortest_distance":0.868291215,"num_points":384,"plane_center_x":1.2944871187,"plane_center_y":2.3701245785,"plane_center_z":1.1670171022,"color_id":2},"3":{"ros_timestamp":"1695917928.602928","wall_type":"front","a":0.0121223722,"b":-0.9999265075,"c":0.0000309385,"d":2.9275083542,"shortest_distance":2.7352705607,"num_points":349,"plane_center_x":-0.0395655148,"plane_center_y":2.9272830486,"plane_center_z":1.2663024664,"color_id":3}}