{"0":{"ros_timestamp":"1695917928.8087301","wall_type":"floor","a":-0.0013921077,"b":-0.0020505227,"c":0.9999969006,"d":0.002903939,"shortest_distance":1.0018291384,"num_points":436,"plane_center_x":0.082503736,"plane_center_y":2.2337601185,"plane_center_z":0.0019042938,"color_id":0},"1":{"ros_timestamp":"1695917928.8087301","wall_type":"left","a":0.9998947978,"b":0.0144450795,"c":0.001306679,"d":1.3247230053,"shortest_distance":1.7830246696,"num_points":1199,"plane_center_x":-1.3256732225,"plane_center_y":-0.0404427387,"plane_center_z":1.0341051817,"color_id":1},"2":{"ros_timestamp":"1695917928.8087301","wall_type":"right","a":0.999904573,"b":0.0138126621,"c":-0.0000048616,"d":-1.3270956278,"shortest_distance":0.870229058,"num_points":384,"plane_center_x":1.2944871187,"plane_center_y":2.3701245785,"plane_center_z":1.1670171022,"color_id":2},"3":{"ros_timestamp":"1695917928.8087301","wall_type":"front","a":0.0121223722,"b":-0.9999265075,"c":0.0000309385,"d":2.9275083542,"shortest_distance":2.730695401,"num_points":349,"plane_center_x":-0.0395655148,"plane_center_y":2.9272830486,"plane_center_z":1.2663024664,"color_id":3}}