{"0":{"ros_timestamp":"1695917928.9770324","wall_type":"floor","a":-0.0015769005,"b":-0.0012442196,"c":0.9999979734,"d":0.0011065868,"shortest_distance":1.0001096779,"num_points":438,"plane_center_x":0.0767433792,"plane_center_y":2.207054615,"plane_center_z":0.0018742552,"color_id":0},"1":{"ros_timestamp":"1695917928.9770324","wall_type":"left","a":0.9998940825,"b":0.0142067727,"c":0.0031499839,"d":1.3219400644,"shortest_distance":1.7800547549,"num_points":1201,"plane_center_x":-1.3254104853,"plane_center_y":-0.0414730683,"plane_center_z":1.0358377695,"color_id":1},"2":{"ros_timestamp":"1695917928.9770324","wall_type":"right","a":0.999904573,"b":0.0138126621,"c":-0.0000048616,"d":-1.3270956278,"shortest_distance":0.8722125877,"num_points":384,"plane_center_x":1.2944871187,"plane_center_y":2.3701245785,"plane_center_z":1.1670171022,"color_id":2},"3":{"ros_timestamp":"1695917928.9770324","wall_type":"front","a":0.0121223722,"b":-0.9999265075,"c":0.0000309385,"d":2.9275083542,"shortest_distance":2.7261399255,"num_points":349,"plane_center_x":-0.0395655148,"plane_center_y":2.9272830486,"plane_center_z":1.2663024664,"color_id":3}}