{"0":{"ros_timestamp":"1695917929.6765285","wall_type":"floor","a":-0.0016368988,"b":-0.0006825911,"c":0.9999984503,"d":-0.0001867336,"shortest_distance":0.9989071755,"num_points":443,"plane_center_x":0.0595670454,"plane_center_y":2.1558673382,"plane_center_z":0.0017558171,"color_id":0},"1":{"ros_timestamp":"1695917929.6765285","wall_type":"left","a":0.9998910427,"b":0.0147130806,"c":0.0011606389,"d":1.3242274523,"shortest_distance":1.7742457447,"num_points":1267,"plane_center_x":-1.3233032227,"plane_center_y":-0.1608568132,"plane_center_z":1.0455770493,"color_id":1},"2":{"ros_timestamp":"1695917929.6765285","wall_type":"right","a":0.999904573,"b":0.0138126621,"c":-0.0000048616,"d":-1.3270956278,"shortest_distance":0.8784352912,"num_points":384,"plane_center_x":1.2944871187,"plane_center_y":2.3701245785,"plane_center_z":1.1670171022,"color_id":2},"3":{"ros_timestamp":"1695917929.6765285","wall_type":"front","a":0.0121219158,"b":-0.9999265671,"c":0.0000276852,"d":2.9275135994,"shortest_distance":2.7125977788,"num_points":350,"plane_center_x":-0.0394017845,"plane_center_y":2.9272859097,"plane_center_z":1.2628341913,"color_id":3}}