{"0":{"ros_timestamp":"1695917884.9104614","wall_type":"floor","a":0.001715818,"b":-0.0003710592,"c":0.9999984503,"d":-0.0002135157,"shortest_distance":1.000126542,"num_points":320,"plane_center_x":-0.0006420705,"plane_center_y":2.171736002,"plane_center_z":0.0010204616,"color_id":0},"1":{"ros_timestamp":"1695917884.9104614","wall_type":"left","a":0.9999014139,"b":0.0140379155,"c":-0.0000967855,"d":1.3229780197,"shortest_distance":1.4245563876,"num_points":289,"plane_center_x":-1.3482700586,"plane_center_y":1.7999083996,"plane_center_z":1.1145882607,"color_id":1},"2":{"ros_timestamp":"1695917884.9104614","wall_type":"right","a":0.9999255538,"b":0.0119422758,"c":-0.002512763,"d":-1.3189377785,"shortest_distance":1.2187559739,"num_points":397,"plane_center_x":1.2942074537,"plane_center_y":2.370382309,"plane_center_z":1.1298245192,"color_id":2}}