{"0":{"ros_timestamp":"1695917880.4110498","wall_type":"floor","a":0.0022714669,"b":-0.0010507759,"c":0.999996841,"d":0.0008552371,"shortest_distance":1.0014057115,"num_points":212,"plane_center_x":-0.0048485235,"plane_center_y":2.1316831112,"plane_center_z":0.0013957017,"color_id":0},"1":{"ros_timestamp":"1695917880.4110498","wall_type":"left","a":0.9999489188,"b":0.010103628,"c":-0.0001142885,"d":1.3383158445,"shortest_distance":1.3580314864,"num_points":187,"plane_center_x":-1.3591842651,"plane_center_y":2.0713477135,"plane_center_z":1.1299980879,"color_id":1},"2":{"ros_timestamp":"1695917880.4110498","wall_type":"right","a":0.9998934269,"b":0.0143191768,"c":-0.0028522462,"d":-1.3241182566,"shortest_distance":1.3092351167,"num_points":309,"plane_center_x":1.2953364849,"plane_center_y":2.2407169342,"plane_center_z":1.1097691059,"color_id":2}}