{"0":{"ros_timestamp":"1695917930.2965744","wall_type":"floor","a":-0.0016958825,"b":-0.000369857,"c":0.9999985099,"d":-0.0008931538,"shortest_distance":0.998247794,"num_points":452,"plane_center_x":0.0358100273,"plane_center_y":2.0736899376,"plane_center_z":0.0017208548,"color_id":0},"1":{"ros_timestamp":"1695917930.2965744","wall_type":"left","a":0.9998948574,"b":0.0144727081,"c":0.0009526553,"d":1.3250617981,"shortest_distance":1.7704534414,"num_points":1292,"plane_center_x":-1.3232091665,"plane_center_y":-0.2041995376,"plane_center_z":1.0473903418,"color_id":1},"2":{"ros_timestamp":"1695917930.2965744","wall_type":"right","a":0.999904573,"b":0.0138126621,"c":-0.0000048616,"d":-1.3270956278,"shortest_distance":0.8828084367,"num_points":384,"plane_center_x":1.2944871187,"plane_center_y":2.3701245785,"plane_center_z":1.1670171022,"color_id":2},"3":{"ros_timestamp":"1695917930.2965744","wall_type":"front","a":0.0121219158,"b":-0.9999265671,"c":0.0000276852,"d":2.9275135994,"shortest_distance":2.7036753152,"num_points":350,"plane_center_x":-0.0394017845,"plane_center_y":2.9272859097,"plane_center_z":1.2628341913,"color_id":3}}