{"0":{"ros_timestamp":"1695917930.5765598","wall_type":"floor","a":-0.0017007847,"b":-0.0003472693,"c":0.9999984503,"d":-0.0009437106,"shortest_distance":0.9982026602,"num_points":453,"plane_center_x":0.0332319289,"plane_center_y":2.0639634132,"plane_center_z":0.0017169847,"color_id":0},"1":{"ros_timestamp":"1695917930.5765598","wall_type":"left","a":0.9998967052,"b":0.0141684301,"c":0.002407932,"d":1.3230222464,"shortest_distance":1.7675485675,"num_points":1336,"plane_center_x":-1.3222609758,"plane_center_y":-0.2773637474,"plane_center_z":1.0507941246,"color_id":1},"2":{"ros_timestamp":"1695917930.5765598","wall_type":"right","a":0.999904573,"b":0.0138126621,"c":-0.0000048616,"d":-1.3270956278,"shortest_distance":0.8850617631,"num_points":384,"plane_center_x":1.2944871187,"plane_center_y":2.3701245785,"plane_center_z":1.1670171022,"color_id":2},"3":{"ros_timestamp":"1695917930.5765598","wall_type":"front","a":0.0121219158,"b":-0.9999265671,"c":0.0000276852,"d":2.9275135994,"shortest_distance":2.6992474405,"num_points":350,"plane_center_x":-0.0394017845,"plane_center_y":2.9272859097,"plane_center_z":1.2628341913,"color_id":3}}