{"0":{"ros_timestamp":"1695917930.706742","wall_type":"floor","a":-0.0017450063,"b":-0.000329654,"c":0.9999983907,"d":-0.0009596527,"shortest_distance":0.9981713565,"num_points":453,"plane_center_x":0.033733625,"plane_center_y":2.0563378334,"plane_center_z":0.0016964007,"color_id":0},"1":{"ros_timestamp":"1695917930.706742","wall_type":"left","a":0.9998941422,"b":0.0142936464,"c":0.0027288885,"d":1.3218408823,"shortest_distance":1.7667162047,"num_points":1361,"plane_center_x":-1.3208909035,"plane_center_y":-0.3162967861,"plane_center_z":1.0525614023,"color_id":1},"2":{"ros_timestamp":"1695917930.706742","wall_type":"right","a":0.999904573,"b":0.0138126621,"c":-0.0000048616,"d":-1.3270956278,"shortest_distance":0.8850617631,"num_points":384,"plane_center_x":1.2944871187,"plane_center_y":2.3701245785,"plane_center_z":1.1670171022,"color_id":2},"3":{"ros_timestamp":"1695917930.706742","wall_type":"front","a":0.0121219158,"b":-0.9999265671,"c":0.0000276852,"d":2.9275135994,"shortest_distance":2.6992474405,"num_points":350,"plane_center_x":-0.0394017845,"plane_center_y":2.9272859097,"plane_center_z":1.2628341913,"color_id":3}}