{"0":{"ros_timestamp":"1695917884.980267","wall_type":"floor","a":0.0017541797,"b":0.0006237903,"c":0.9999982715,"d":-0.0025979662,"shortest_distance":0.9972633756,"num_points":326,"plane_center_x":0.0021747756,"plane_center_y":2.1734650135,"plane_center_z":0.0012383672,"color_id":0},"1":{"ros_timestamp":"1695917884.980267","wall_type":"left","a":0.999928236,"b":0.0119802607,"c":-0.0000030567,"d":1.3318940401,"shortest_distance":1.4345673204,"num_points":288,"plane_center_x":-1.3536558151,"plane_center_y":1.8086495399,"plane_center_z":1.118278861,"color_id":1},"2":{"ros_timestamp":"1695917884.980267","wall_type":"right","a":0.9999064803,"b":0.0136614498,"c":0.0006000245,"d":-1.3276506662,"shortest_distance":1.2251923861,"num_points":396,"plane_center_x":1.2943376303,"plane_center_y":2.370711565,"plane_center_z":1.1326280832,"color_id":2}}