{"0":{"ros_timestamp":"1695917931.1770122","wall_type":"floor","a":-0.0017212626,"b":-0.0002544032,"c":0.9999985099,"d":-0.0011518867,"shortest_distance":0.9980131591,"num_points":459,"plane_center_x":0.0184379388,"plane_center_y":2.0075507164,"plane_center_z":0.0016943532,"color_id":0},"1":{"ros_timestamp":"1695917931.1770122","wall_type":"left","a":0.9998937249,"b":0.0145197026,"c":0.0013113478,"d":1.3242377043,"shortest_distance":1.7631153843,"num_points":1386,"plane_center_x":-1.3206127882,"plane_center_y":-0.359972775,"plane_center_z":1.055706501,"color_id":1},"2":{"ros_timestamp":"1695917931.1770122","wall_type":"right","a":0.999904573,"b":0.0138126621,"c":-0.0000048616,"d":-1.3270956278,"shortest_distance":0.8897007967,"num_points":384,"plane_center_x":1.2944871187,"plane_center_y":2.3701245785,"plane_center_z":1.1670171022,"color_id":2},"3":{"ros_timestamp":"1695917931.1770122","wall_type":"front","a":0.0121219158,"b":-0.9999265671,"c":0.0000276852,"d":2.9275135994,"shortest_distance":2.6904606191,"num_points":350,"plane_center_x":-0.0394017845,"plane_center_y":2.9272859097,"plane_center_z":1.2628341913,"color_id":3}}