{"0":{"ros_timestamp":"1695917931.2971094","wall_type":"floor","a":-0.0017359107,"b":-0.0000798876,"c":0.9999984503,"d":-0.0015530176,"shortest_distance":0.9976518678,"num_points":462,"plane_center_x":0.0107609825,"plane_center_y":1.9810167551,"plane_center_z":0.0017299592,"color_id":0},"1":{"ros_timestamp":"1695917931.2971094","wall_type":"left","a":0.9998962879,"b":0.0143467709,"c":0.0013002944,"d":1.3248496056,"shortest_distance":1.7612924301,"num_points":1409,"plane_center_x":-1.3207541704,"plane_center_y":-0.396053791,"plane_center_z":1.0586817265,"color_id":1},"2":{"ros_timestamp":"1695917931.2971094","wall_type":"right","a":0.999904573,"b":0.0138126621,"c":-0.0000048616,"d":-1.3270956278,"shortest_distance":0.8920860401,"num_points":384,"plane_center_x":1.2944871187,"plane_center_y":2.3701245785,"plane_center_z":1.1670171022,"color_id":2},"3":{"ros_timestamp":"1695917931.2971094","wall_type":"front","a":0.0121219158,"b":-0.9999265671,"c":0.0000276852,"d":2.9275135994,"shortest_distance":2.686102551,"num_points":350,"plane_center_x":-0.0394017845,"plane_center_y":2.9272859097,"plane_center_z":1.2628341913,"color_id":3}}