{"0":{"ros_timestamp":"1695917931.5765648","wall_type":"floor","a":-0.0017320426,"b":-0.0001900641,"c":0.9999985099,"d":-0.0012976067,"shortest_distance":0.997885253,"num_points":466,"plane_center_x":0.0007823557,"plane_center_y":1.947483778,"plane_center_z":0.0016691111,"color_id":0},"1":{"ros_timestamp":"1695917931.5765648","wall_type":"left","a":0.9998977184,"b":0.0142445844,"c":0.0013283829,"d":1.3248862028,"shortest_distance":1.7589056448,"num_points":1459,"plane_center_x":-1.3198087215,"plane_center_y":-0.4729219675,"plane_center_z":1.0616656542,"color_id":1},"2":{"ros_timestamp":"1695917931.5765648","wall_type":"right","a":0.999904573,"b":0.0138126621,"c":-0.0000048616,"d":-1.3270956278,"shortest_distance":0.8945147845,"num_points":384,"plane_center_x":1.2944871187,"plane_center_y":2.3701245785,"plane_center_z":1.1670171022,"color_id":2},"3":{"ros_timestamp":"1695917931.5765648","wall_type":"front","a":0.0121219158,"b":-0.9999265671,"c":0.0000276852,"d":2.9275135994,"shortest_distance":2.6817686267,"num_points":350,"plane_center_x":-0.0394017845,"plane_center_y":2.9272859097,"plane_center_z":1.2628341913,"color_id":3}}