{"0":{"ros_timestamp":"1695917931.8768177","wall_type":"floor","a":-0.0017423723,"b":-0.0001524558,"c":0.9999984503,"d":-0.0013811147,"shortest_distance":0.997810498,"num_points":472,"plane_center_x":-0.0124559263,"plane_center_y":1.8924531937,"plane_center_z":0.0016479299,"color_id":0},"1":{"ros_timestamp":"1695917931.8768177","wall_type":"left","a":0.9998939633,"b":0.0145026818,"c":0.0012636053,"d":1.32427001,"shortest_distance":1.7558190485,"num_points":1482,"plane_center_x":-1.3184645176,"plane_center_y":-0.5076588988,"plane_center_z":1.064373374,"color_id":1},"2":{"ros_timestamp":"1695917931.8768177","wall_type":"right","a":0.999904573,"b":0.0138126621,"c":-0.0000048616,"d":-1.3270956278,"shortest_distance":0.8969867871,"num_points":384,"plane_center_x":1.2944871187,"plane_center_y":2.3701245785,"plane_center_z":1.1670171022,"color_id":2},"3":{"ros_timestamp":"1695917931.8768177","wall_type":"front","a":0.0121219158,"b":-0.9999265671,"c":0.0000276852,"d":2.9275135994,"shortest_distance":2.6774592794,"num_points":350,"plane_center_x":-0.0394017845,"plane_center_y":2.9272859097,"plane_center_z":1.2628341913,"color_id":3}}