{"0":{"ros_timestamp":"1695917932.6037118","wall_type":"floor","a":-0.0016412687,"b":-0.000194129,"c":0.9999986887,"d":-0.0016073172,"shortest_distance":0.9976273754,"num_points":490,"plane_center_x":-0.051459942,"plane_center_y":1.7325856686,"plane_center_z":0.0016107875,"color_id":0},"1":{"ros_timestamp":"1695917932.6037118","wall_type":"left","a":0.9998995066,"b":0.0137197301,"c":0.0035641901,"d":1.3211196661,"shortest_distance":1.7470974458,"num_points":1485,"plane_center_x":-1.3190358877,"plane_center_y":-0.5064600706,"plane_center_z":1.0680240393,"color_id":1},"2":{"ros_timestamp":"1695917932.6037118","wall_type":"right","a":0.999904573,"b":0.0138126621,"c":-0.0000048616,"d":-1.3270956278,"shortest_distance":0.9046598507,"num_points":384,"plane_center_x":1.2944871187,"plane_center_y":2.3701245785,"plane_center_z":1.1670171022,"color_id":2},"3":{"ros_timestamp":"1695917932.6037118","wall_type":"front","a":0.0121219158,"b":-0.9999265671,"c":0.0000276852,"d":2.9275135994,"shortest_distance":2.6646829966,"num_points":350,"plane_center_x":-0.0394017845,"plane_center_y":2.9272859097,"plane_center_z":1.2628341913,"color_id":3}}