{"0":{"ros_timestamp":"1695917932.6921241","wall_type":"floor","a":-0.0016710457,"b":-0.000246865,"c":0.9999985695,"d":-0.0014686882,"shortest_distance":0.9977428246,"num_points":490,"plane_center_x":-0.0503383018,"plane_center_y":1.7232860327,"plane_center_z":0.0015616387,"color_id":0},"1":{"ros_timestamp":"1695917932.6921241","wall_type":"left","a":0.9998970628,"b":0.0135725476,"c":0.0046690227,"d":1.3194309473,"shortest_distance":1.7438294006,"num_points":1488,"plane_center_x":-1.318500042,"plane_center_y":-0.5053341389,"plane_center_z":1.0673553944,"color_id":1},"2":{"ros_timestamp":"1695917932.6921241","wall_type":"right","a":0.999904573,"b":0.0138126621,"c":-0.0000048616,"d":-1.3270956278,"shortest_distance":0.9073023713,"num_points":384,"plane_center_x":1.2944871187,"plane_center_y":2.3701245785,"plane_center_z":1.1670171022,"color_id":2},"3":{"ros_timestamp":"1695917932.6921241","wall_type":"front","a":0.0121219158,"b":-0.9999265671,"c":0.0000276852,"d":2.9275135994,"shortest_distance":2.6604762416,"num_points":350,"plane_center_x":-0.0394017845,"plane_center_y":2.9272859097,"plane_center_z":1.2628341913,"color_id":3}}