{"0":{"ros_timestamp":"1695917933.1052794","wall_type":"floor","a":-0.0017614504,"b":-0.0000736743,"c":0.9999984503,"d":-0.0015563492,"shortest_distance":0.9976690753,"num_points":496,"plane_center_x":-0.0626229197,"plane_center_y":1.6896668673,"plane_center_z":0.0015705297,"color_id":0},"1":{"ros_timestamp":"1695917933.1052794","wall_type":"left","a":0.999897778,"b":0.0142474473,"c":0.0012106753,"d":1.3247901201,"shortest_distance":1.7432317015,"num_points":1487,"plane_center_x":-1.3190791607,"plane_center_y":-0.5096768141,"plane_center_z":1.069590807,"color_id":1},"2":{"ros_timestamp":"1695917933.1052794","wall_type":"right","a":0.999904573,"b":0.0138126621,"c":-0.0000048616,"d":-1.3270956278,"shortest_distance":0.9099868714,"num_points":384,"plane_center_x":1.2944871187,"plane_center_y":2.3701245785,"plane_center_z":1.1670171022,"color_id":2},"3":{"ros_timestamp":"1695917933.1052794","wall_type":"front","a":0.0121219158,"b":-0.9999265671,"c":0.0000276852,"d":2.9275135994,"shortest_distance":2.6562961928,"num_points":350,"plane_center_x":-0.0394017845,"plane_center_y":2.9272859097,"plane_center_z":1.2628341913,"color_id":3}}