{"0":{"ros_timestamp":"1695917933.2026043","wall_type":"floor","a":-0.0017619435,"b":-0.0000702107,"c":0.9999984503,"d":-0.0015641907,"shortest_distance":0.9976666012,"num_points":498,"plane_center_x":-0.0667468458,"plane_center_y":1.6740753651,"plane_center_z":0.001564127,"color_id":0},"1":{"ros_timestamp":"1695917933.2026043","wall_type":"left","a":0.9998929501,"b":0.0145739065,"c":0.001327972,"d":1.3243397474,"shortest_distance":1.740263732,"num_points":1488,"plane_center_x":-1.318582058,"plane_center_y":-0.5111036897,"plane_center_z":1.0703960657,"color_id":1},"2":{"ros_timestamp":"1695917933.2026043","wall_type":"right","a":0.999904573,"b":0.0138126621,"c":-0.0000048616,"d":-1.3270956278,"shortest_distance":0.9127130825,"num_points":384,"plane_center_x":1.2944871187,"plane_center_y":2.3701245785,"plane_center_z":1.1670171022,"color_id":2},"3":{"ros_timestamp":"1695917933.2026043","wall_type":"front","a":0.0121219158,"b":-0.9999265671,"c":0.0000276852,"d":2.9275135994,"shortest_distance":2.6521432683,"num_points":350,"plane_center_x":-0.0394017845,"plane_center_y":2.9272859097,"plane_center_z":1.2628341913,"color_id":3}}