{"0":{"ros_timestamp":"1695917933.4926016","wall_type":"floor","a":-0.0017641014,"b":-0.0000784346,"c":0.9999984503,"d":-0.0015444048,"shortest_distance":0.9976878526,"num_points":499,"plane_center_x":-0.0651071742,"plane_center_y":1.6612087488,"plane_center_z":0.0015598477,"color_id":0},"1":{"ros_timestamp":"1695917933.4926016","wall_type":"left","a":0.9998916984,"b":0.0145121394,"c":0.0024648993,"d":1.3227715492,"shortest_distance":1.7370498381,"num_points":1498,"plane_center_x":-1.3183780909,"plane_center_y":-0.5213887691,"plane_center_z":1.0633220673,"color_id":1},"2":{"ros_timestamp":"1695917933.4926016","wall_type":"right","a":0.999904573,"b":0.0138126621,"c":-0.0000048616,"d":-1.3270956278,"shortest_distance":0.915480732,"num_points":384,"plane_center_x":1.2944871187,"plane_center_y":2.3701245785,"plane_center_z":1.1670171022,"color_id":2},"3":{"ros_timestamp":"1695917933.4926016","wall_type":"front","a":0.0121219158,"b":-0.9999265671,"c":0.0000276852,"d":2.9275135994,"shortest_distance":2.6480178834,"num_points":350,"plane_center_x":-0.0394017845,"plane_center_y":2.9272859097,"plane_center_z":1.2628341913,"color_id":3}}