{"0":{"ros_timestamp":"1695917885.301531","wall_type":"floor","a":0.0018199178,"b":0.0000438281,"c":0.9999983311,"d":-0.0013228873,"shortest_distance":0.9988447704,"num_points":334,"plane_center_x":-0.0075339712,"plane_center_y":2.1700124741,"plane_center_z":0.001241493,"color_id":0},"1":{"ros_timestamp":"1695917885.301531","wall_type":"left","a":0.9999060631,"b":0.0137043046,"c":-0.000157365,"d":1.3237308264,"shortest_distance":1.4351224467,"num_points":304,"plane_center_x":-1.3481976986,"plane_center_y":1.7888743877,"plane_center_z":1.1121305227,"color_id":1},"2":{"ros_timestamp":"1695917885.301531","wall_type":"right","a":0.9999741912,"b":0.0070804609,"c":0.0012234013,"d":-1.3136516809,"shortest_distance":1.1976725202,"num_points":396,"plane_center_x":1.2943376303,"plane_center_y":2.370711565,"plane_center_z":1.1326280832,"color_id":2}}