{"0":{"ros_timestamp":"1695917934.0001209","wall_type":"floor","a":-0.0017483005,"b":-0.000003694,"c":0.9999985099,"d":-0.0017228451,"shortest_distance":0.9975472076,"num_points":528,"plane_center_x":-0.1169075221,"plane_center_y":1.4497252703,"plane_center_z":0.0015238133,"color_id":0},"1":{"ros_timestamp":"1695917934.0001209","wall_type":"left","a":0.9998966455,"b":0.0142206363,"c":0.0021276821,"d":1.3235487938,"shortest_distance":1.7317538356,"num_points":1494,"plane_center_x":-1.31897223,"plane_center_y":-0.5156744123,"plane_center_z":1.0674549341,"color_id":1},"2":{"ros_timestamp":"1695917934.0001209","wall_type":"right","a":0.999904573,"b":0.0138126621,"c":-0.0000048616,"d":-1.3270956278,"shortest_distance":0.9211392349,"num_points":384,"plane_center_x":1.2944871187,"plane_center_y":2.3701245785,"plane_center_z":1.1670171022,"color_id":2},"3":{"ros_timestamp":"1695917934.0001209","wall_type":"front","a":0.0121219158,"b":-0.9999265671,"c":0.0000276852,"d":2.9275135994,"shortest_distance":2.6398513796,"num_points":350,"plane_center_x":-0.0394017845,"plane_center_y":2.9272859097,"plane_center_z":1.2628341913,"color_id":3}}