{"0":{"ros_timestamp":"1695917934.776575","wall_type":"floor","a":-0.0017538982,"b":-0.0000198061,"c":0.9999985099,"d":-0.0016815176,"shortest_distance":0.9976023322,"num_points":554,"plane_center_x":-0.1530400664,"plane_center_y":1.2733000517,"plane_center_z":0.0014383221,"color_id":0},"1":{"ros_timestamp":"1695917934.776575","wall_type":"left","a":0.9998967648,"b":0.0143426573,"c":0.0009435045,"d":1.3249232769,"shortest_distance":1.7201865194,"num_points":1495,"plane_center_x":-1.3185950518,"plane_center_y":-0.5155121088,"plane_center_z":1.0711829662,"color_id":1},"2":{"ros_timestamp":"1695917934.776575","wall_type":"right","a":0.999904573,"b":0.0138126621,"c":-0.0000048616,"d":-1.3270956278,"shortest_distance":0.93294105,"num_points":384,"plane_center_x":1.2944871187,"plane_center_y":2.3701245785,"plane_center_z":1.1670171022,"color_id":2},"3":{"ros_timestamp":"1695917934.776575","wall_type":"front","a":0.0121219158,"b":-0.9999265671,"c":0.0000276852,"d":2.9275135994,"shortest_distance":2.6238668087,"num_points":350,"plane_center_x":-0.0394017845,"plane_center_y":2.9272859097,"plane_center_z":1.2628341913,"color_id":3}}