{"0":{"ros_timestamp":"1695917934.8912022","wall_type":"floor","a":-0.0017582992,"b":-0.0000358493,"c":0.9999984503,"d":-0.0016437701,"shortest_distance":0.9976334072,"num_points":558,"plane_center_x":-0.1571646482,"plane_center_y":1.2467910051,"plane_center_z":0.0014121265,"color_id":0},"1":{"ros_timestamp":"1695917934.8912022","wall_type":"left","a":0.9998942018,"b":0.014440232,"c":0.0017948661,"d":1.3241990805,"shortest_distance":1.7203427462,"num_points":1495,"plane_center_x":-1.3190677166,"plane_center_y":-0.5150197744,"plane_center_z":1.0711624622,"color_id":1},"2":{"ros_timestamp":"1695917934.8912022","wall_type":"right","a":0.999904573,"b":0.0138126621,"c":-0.0000048616,"d":-1.3270956278,"shortest_distance":0.93294105,"num_points":384,"plane_center_x":1.2944871187,"plane_center_y":2.3701245785,"plane_center_z":1.1670171022,"color_id":2},"3":{"ros_timestamp":"1695917934.8912022","wall_type":"front","a":0.0121219158,"b":-0.9999265671,"c":0.0000276852,"d":2.9275135994,"shortest_distance":2.6238668087,"num_points":350,"plane_center_x":-0.0394017845,"plane_center_y":2.9272859097,"plane_center_z":1.2628341913,"color_id":3}}