{"0":{"ros_timestamp":"1695917885.3886325","wall_type":"floor","a":0.0001856744,"b":-0.0005131703,"c":0.9999998808,"d":-0.0012005137,"shortest_distance":0.9990445048,"num_points":346,"plane_center_x":0.0376139507,"plane_center_y":2.1775407791,"plane_center_z":0.0023109792,"color_id":0},"1":{"ros_timestamp":"1695917885.3886325","wall_type":"left","a":0.9998959303,"b":0.0144238919,"c":-0.0002118302,"d":1.3207246065,"shortest_distance":1.4317130658,"num_points":304,"plane_center_x":-1.3464620113,"plane_center_y":1.7909760475,"plane_center_z":1.1121345758,"color_id":1},"2":{"ros_timestamp":"1695917885.3886325","wall_type":"right","a":0.999904573,"b":0.0138126621,"c":-0.0000048616,"d":-1.3270956278,"shortest_distance":1.2156040685,"num_points":384,"plane_center_x":1.2944871187,"plane_center_y":2.3701245785,"plane_center_z":1.1670171022,"color_id":2}}