{"0":{"ros_timestamp":"1695917935.1767633","wall_type":"floor","a":-0.0017309487,"b":-0.0000133291,"c":0.9999985099,"d":-0.0017048365,"shortest_distance":0.9975953204,"num_points":567,"plane_center_x":-0.1690456867,"plane_center_y":1.1901097298,"plane_center_z":0.0014280922,"color_id":0},"1":{"ros_timestamp":"1695917935.1767633","wall_type":"left","a":0.9998969436,"b":0.0143122207,"c":0.0010428503,"d":1.3254060745,"shortest_distance":1.717711839,"num_points":1492,"plane_center_x":-1.3194195032,"plane_center_y":-0.511064589,"plane_center_z":1.0733015537,"color_id":1},"2":{"ros_timestamp":"1695917935.1767633","wall_type":"right","a":0.999904573,"b":0.0138126621,"c":-0.0000048616,"d":-1.3270956278,"shortest_distance":0.9359907904,"num_points":384,"plane_center_x":1.2944871187,"plane_center_y":2.3701245785,"plane_center_z":1.1670171022,"color_id":2},"3":{"ros_timestamp":"1695917935.1767633","wall_type":"front","a":0.0121219158,"b":-0.9999265671,"c":0.0000276852,"d":2.9275135994,"shortest_distance":2.6199455923,"num_points":350,"plane_center_x":-0.0394017845,"plane_center_y":2.9272859097,"plane_center_z":1.2628341913,"color_id":3}}