{"0":{"ros_timestamp":"1695917935.8769977","wall_type":"floor","a":-0.0017543721,"b":-0.0000487006,"c":0.9999983907,"d":-0.0016142121,"shortest_distance":0.9976819767,"num_points":580,"plane_center_x":-0.1799436957,"plane_center_y":1.1079617739,"plane_center_z":0.0013524846,"color_id":0},"1":{"ros_timestamp":"1695917935.8769977","wall_type":"left","a":0.9998889565,"b":0.0145556275,"c":0.0032001736,"d":1.3224383593,"shortest_distance":1.7076001637,"num_points":1496,"plane_center_x":-1.3193161488,"plane_center_y":-0.5160436034,"plane_center_z":1.0734401941,"color_id":1},"2":{"ros_timestamp":"1695917935.8769977","wall_type":"right","a":0.999904573,"b":0.0138126621,"c":-0.0000048616,"d":-1.3270956278,"shortest_distance":0.9453734361,"num_points":384,"plane_center_x":1.2944871187,"plane_center_y":2.3701245785,"plane_center_z":1.1670171022,"color_id":2},"3":{"ros_timestamp":"1695917935.8769977","wall_type":"front","a":0.0121219158,"b":-0.9999265671,"c":0.0000276852,"d":2.9275135994,"shortest_distance":2.608368052,"num_points":350,"plane_center_x":-0.0394017845,"plane_center_y":2.9272859097,"plane_center_z":1.2628341913,"color_id":3}}