{"0":{"ros_timestamp":"1695917885.470018","wall_type":"floor","a":0.0017419216,"b":-0.000159202,"c":0.9999985099,"d":-0.0008086996,"shortest_distance":0.9994479147,"num_points":337,"plane_center_x":-0.0081618121,"plane_center_y":2.1694996357,"plane_center_z":0.0011683071,"color_id":0},"1":{"ros_timestamp":"1695917885.470018","wall_type":"left","a":0.9999161363,"b":0.0129479636,"c":-0.0000569108,"d":1.329731226,"shortest_distance":1.4415897645,"num_points":306,"plane_center_x":-1.3529424667,"plane_center_y":1.7887753248,"plane_center_z":1.11156106,"color_id":1},"2":{"ros_timestamp":"1695917885.470018","wall_type":"right","a":0.9999264479,"b":0.0120893279,"c":-0.0009263828,"d":-1.3216533661,"shortest_distance":1.2102485115,"num_points":396,"plane_center_x":1.2943376303,"plane_center_y":2.370711565,"plane_center_z":1.1326280832,"color_id":2}}