{"0":{"ros_timestamp":"1695917935.9939604","wall_type":"floor","a":-0.001794251,"b":-0.000039832,"c":0.9999983907,"d":-0.0016112061,"shortest_distance":0.9976784313,"num_points":584,"plane_center_x":-0.1821734607,"plane_center_y":1.0756565332,"plane_center_z":0.0013271889,"color_id":0},"1":{"ros_timestamp":"1695917935.9939604","wall_type":"left","a":0.9998966455,"b":0.0140686398,"c":0.0029705716,"d":1.3220030069,"shortest_distance":1.7035771003,"num_points":1497,"plane_center_x":-1.3187623024,"plane_center_y":-0.5145696402,"plane_center_z":1.0727595091,"color_id":1},"2":{"ros_timestamp":"1695917935.9939604","wall_type":"right","a":0.999904573,"b":0.0138126621,"c":-0.0000048616,"d":-1.3270956278,"shortest_distance":0.9485777503,"num_points":384,"plane_center_x":1.2944871187,"plane_center_y":2.3701245785,"plane_center_z":1.1670171022,"color_id":2},"3":{"ros_timestamp":"1695917935.9939604","wall_type":"front","a":0.0121219158,"b":-0.9999265671,"c":0.0000276852,"d":2.9275135994,"shortest_distance":2.6045721946,"num_points":350,"plane_center_x":-0.0394017845,"plane_center_y":2.9272859097,"plane_center_z":1.2628341913,"color_id":3}}