{"0":{"ros_timestamp":"1695917936.4014606","wall_type":"floor","a":-0.0018180776,"b":0.0000356802,"c":0.9999983311,"d":-0.0017853717,"shortest_distance":0.9975261646,"num_points":588,"plane_center_x":-0.1859890223,"plane_center_y":1.0569044352,"plane_center_z":0.001409521,"color_id":0},"1":{"ros_timestamp":"1695917936.4014606","wall_type":"left","a":0.9998973608,"b":0.0142939929,"c":0.0010220547,"d":1.3255164623,"shortest_distance":1.7019757776,"num_points":1496,"plane_center_x":-1.3194025755,"plane_center_y":-0.5169494748,"plane_center_z":1.0734689236,"color_id":1},"2":{"ros_timestamp":"1695917936.4014606","wall_type":"right","a":0.999904573,"b":0.0138126621,"c":-0.0000048616,"d":-1.3270956278,"shortest_distance":0.9518199165,"num_points":384,"plane_center_x":1.2944871187,"plane_center_y":2.3701245785,"plane_center_z":1.1670171022,"color_id":2},"3":{"ros_timestamp":"1695917936.4014606","wall_type":"front","a":0.0121219158,"b":-0.9999265671,"c":0.0000276852,"d":2.9275135994,"shortest_distance":2.6008086338,"num_points":350,"plane_center_x":-0.0394017845,"plane_center_y":2.9272859097,"plane_center_z":1.2628341913,"color_id":3}}