{"0":{"ros_timestamp":"1695917936.5768237","wall_type":"floor","a":-0.0019045289,"b":0.0001372198,"c":0.9999982119,"d":-0.0019898156,"shortest_distance":0.9973299856,"num_points":596,"plane_center_x":-0.1924609989,"plane_center_y":1.0108532906,"plane_center_z":0.0014845616,"color_id":0},"1":{"ros_timestamp":"1695917936.5768237","wall_type":"left","a":0.9998992085,"b":0.0141000189,"c":0.0016178908,"d":1.3239428997,"shortest_distance":1.6976560556,"num_points":1497,"plane_center_x":-1.318721056,"plane_center_y":-0.5182877779,"plane_center_z":1.0742582083,"color_id":1},"2":{"ros_timestamp":"1695917936.5768237","wall_type":"right","a":0.999904573,"b":0.0138126621,"c":-0.0000048616,"d":-1.3270956278,"shortest_distance":0.9550996104,"num_points":384,"plane_center_x":1.2944871187,"plane_center_y":2.3701245785,"plane_center_z":1.1670171022,"color_id":2},"3":{"ros_timestamp":"1695917936.5768237","wall_type":"front","a":0.0121219158,"b":-0.9999265671,"c":0.0000276852,"d":2.9275135994,"shortest_distance":2.597077746,"num_points":350,"plane_center_x":-0.0394017845,"plane_center_y":2.9272859097,"plane_center_z":1.2628341913,"color_id":3}}