{"0":{"ros_timestamp":"1695917885.6119761","wall_type":"floor","a":0.0017408608,"b":-0.0002194032,"c":0.9999984503,"d":-0.000676348,"shortest_distance":0.9996173355,"num_points":337,"plane_center_x":-0.0083458349,"plane_center_y":2.1690728664,"plane_center_z":0.0011667804,"color_id":0},"1":{"ros_timestamp":"1695917885.6119761","wall_type":"left","a":0.999895215,"b":0.014476574,"c":-0.0001597632,"d":1.3226845264,"shortest_distance":1.4385396149,"num_points":306,"plane_center_x":-1.34854877,"plane_center_y":1.7891403437,"plane_center_z":1.1116008759,"color_id":1},"2":{"ros_timestamp":"1695917885.6119761","wall_type":"right","a":0.9999058247,"b":0.0136735328,"c":-0.0011793056,"d":-1.3250169754,"shortest_distance":1.2097932288,"num_points":396,"plane_center_x":1.2943376303,"plane_center_y":2.370711565,"plane_center_z":1.1326280832,"color_id":2}}