{"0":{"ros_timestamp":"1695917936.9770188","wall_type":"floor","a":-0.0018027292,"b":0.0000615029,"c":0.9999983907,"d":-0.0019682252,"shortest_distance":0.9973764693,"num_points":614,"plane_center_x":-0.2069464326,"plane_center_y":0.9164931774,"plane_center_z":0.0014564272,"color_id":0},"1":{"ros_timestamp":"1695917936.9770188","wall_type":"left","a":0.9998983741,"b":0.0142112076,"c":0.0010509854,"d":1.3252801895,"shortest_distance":1.6917957057,"num_points":1497,"plane_center_x":-1.3192368746,"plane_center_y":-0.5170037746,"plane_center_z":1.0756245852,"color_id":1},"2":{"ros_timestamp":"1695917936.9770188","wall_type":"right","a":0.999904573,"b":0.0138126621,"c":-0.0000048616,"d":-1.3270956278,"shortest_distance":0.9617702659,"num_points":384,"plane_center_x":1.2944871187,"plane_center_y":2.3701245785,"plane_center_z":1.1670171022,"color_id":2},"3":{"ros_timestamp":"1695917936.9770188","wall_type":"front","a":0.0121219158,"b":-0.9999265671,"c":0.0000276852,"d":2.9275135994,"shortest_distance":2.5897154783,"num_points":350,"plane_center_x":-0.0394017845,"plane_center_y":2.9272859097,"plane_center_z":1.2628341913,"color_id":3}}