{"0":{"ros_timestamp":"1695917937.2890851","wall_type":"floor","a":-0.0019708222,"b":0.000159215,"c":0.9999980927,"d":-0.0020053489,"shortest_distance":0.9973191878,"num_points":624,"plane_center_x":-0.2109657675,"plane_center_y":0.8571885824,"plane_center_z":0.0014530985,"color_id":0},"1":{"ros_timestamp":"1695917937.2890851","wall_type":"left","a":0.9998909831,"b":0.0142458044,"c":0.0038876075,"d":1.3208134174,"shortest_distance":1.6867857871,"num_points":1499,"plane_center_x":-1.3187153339,"plane_center_y":-0.51636976,"plane_center_z":1.0742350817,"color_id":1},"2":{"ros_timestamp":"1695917937.2890851","wall_type":"right","a":0.999904573,"b":0.0138126621,"c":-0.0000048616,"d":-1.3270956278,"shortest_distance":0.9651605604,"num_points":384,"plane_center_x":1.2944871187,"plane_center_y":2.3701245785,"plane_center_z":1.1670171022,"color_id":2},"3":{"ros_timestamp":"1695917937.2890851","wall_type":"front","a":0.0121219158,"b":-0.9999265671,"c":0.0000276852,"d":2.9275135994,"shortest_distance":2.5860848347,"num_points":350,"plane_center_x":-0.0394017845,"plane_center_y":2.9272859097,"plane_center_z":1.2628341913,"color_id":3}}