{"0":{"ros_timestamp":"1695917938.105599","wall_type":"floor","a":-0.0018844843,"b":0.0001013856,"c":0.9999982715,"d":-0.0019069231,"shortest_distance":0.9974566479,"num_points":638,"plane_center_x":-0.2169417888,"plane_center_y":0.7920894623,"plane_center_z":0.0014177958,"color_id":0},"1":{"ros_timestamp":"1695917938.105599","wall_type":"left","a":0.9998976588,"b":0.0142673329,"c":0.0010641345,"d":1.3254041672,"shortest_distance":1.6746497734,"num_points":1498,"plane_center_x":-1.3192942142,"plane_center_y":-0.5178912878,"plane_center_z":1.0749454498,"color_id":1},"2":{"ros_timestamp":"1695917938.105599","wall_type":"right","a":0.999904573,"b":0.0138126621,"c":-0.0000048616,"d":-1.3270956278,"shortest_distance":0.9790802311,"num_points":384,"plane_center_x":1.2944871187,"plane_center_y":2.3701245785,"plane_center_z":1.1670171022,"color_id":2},"3":{"ros_timestamp":"1695917938.105599","wall_type":"front","a":0.0121219158,"b":-0.9999265671,"c":0.0000276852,"d":2.9275135994,"shortest_distance":2.5719072929,"num_points":350,"plane_center_x":-0.0394017845,"plane_center_y":2.9272859097,"plane_center_z":1.2628341913,"color_id":3}}