{"0":{"ros_timestamp":"1695917940.2769177","wall_type":"floor","a":-0.0019729952,"b":0.0001803251,"c":0.9999980927,"d":-0.0020449774,"shortest_distance":0.9973882933,"num_points":697,"plane_center_x":-0.2290629297,"plane_center_y":0.5221205354,"plane_center_z":0.0014988887,"color_id":0},"1":{"ros_timestamp":"1695917940.2769177","wall_type":"left","a":0.9998906851,"b":0.0145908492,"c":0.0024035349,"d":1.3232482672,"shortest_distance":1.6406510167,"num_points":1500,"plane_center_x":-1.3188508749,"plane_center_y":-0.5190759897,"plane_center_z":1.077899456,"color_id":1},"2":{"ros_timestamp":"1695917940.2769177","wall_type":"right","a":0.999904573,"b":0.0138126621,"c":-0.0000048616,"d":-1.3270956278,"shortest_distance":1.012399774,"num_points":384,"plane_center_x":1.2944871187,"plane_center_y":2.3701245785,"plane_center_z":1.1670171022,"color_id":2},"3":{"ros_timestamp":"1695917940.2769177","wall_type":"front","a":0.0121219158,"b":-0.9999265671,"c":0.0000276852,"d":2.9275135994,"shortest_distance":2.5421210816,"num_points":350,"plane_center_x":-0.0394017845,"plane_center_y":2.9272859097,"plane_center_z":1.2628341913,"color_id":3}}