{"0":{"ros_timestamp":"1695917941.1011293","wall_type":"floor","a":-0.0020022749,"b":0.0002165773,"c":0.9999979734,"d":-0.0021138336,"shortest_distance":0.9973500486,"num_points":707,"plane_center_x":-0.2292486131,"plane_center_y":0.479816705,"plane_center_z":0.0015509005,"color_id":0},"1":{"ros_timestamp":"1695917941.1011293","wall_type":"left","a":0.9998989105,"b":0.0141930124,"c":0.000808468,"d":1.3260024786,"shortest_distance":1.6299750118,"num_points":1499,"plane_center_x":-1.3196582794,"plane_center_y":-0.5182883143,"plane_center_z":1.0786260366,"color_id":1},"2":{"ros_timestamp":"1695917941.1011293","wall_type":"right","a":0.9998915195,"b":0.0147288768,"c":-0.0002704699,"d":-1.3290753365,"shortest_distance":1.0259705046,"num_points":384,"plane_center_x":1.2944871187,"plane_center_y":2.3701245785,"plane_center_z":1.1670171022,"color_id":2},"3":{"ros_timestamp":"1695917941.1011293","wall_type":"front","a":0.0121219158,"b":-0.9999265671,"c":0.0000276852,"d":2.9275135994,"shortest_distance":2.5328744358,"num_points":350,"plane_center_x":-0.0394017845,"plane_center_y":2.9272859097,"plane_center_z":1.2628341913,"color_id":3}}