{"0":{"ros_timestamp":"1695917941.2765028","wall_type":"floor","a":-0.0019981451,"b":0.0001936295,"c":0.9999979734,"d":-0.0020645794,"shortest_distance":0.9973999648,"num_points":712,"plane_center_x":-0.2273750752,"plane_center_y":0.4586809874,"plane_center_z":0.0015214399,"color_id":0},"1":{"ros_timestamp":"1695917941.2765028","wall_type":"left","a":0.9998990297,"b":0.0141855646,"c":0.0008813721,"d":1.3257504702,"shortest_distance":1.6258373426,"num_points":1500,"plane_center_x":-1.3194853067,"plane_center_y":-0.5180290341,"plane_center_z":1.0779212713,"color_id":1},"2":{"ros_timestamp":"1695917941.2765028","wall_type":"right","a":0.9998915195,"b":0.0147288768,"c":-0.0002704699,"d":-1.3290753365,"shortest_distance":1.0299243785,"num_points":384,"plane_center_x":1.2944871187,"plane_center_y":2.3701245785,"plane_center_z":1.1670171022,"color_id":2},"3":{"ros_timestamp":"1695917941.2765028","wall_type":"front","a":0.0121219158,"b":-0.9999265671,"c":0.0000276852,"d":2.9275135994,"shortest_distance":2.5298707462,"num_points":350,"plane_center_x":-0.0394017845,"plane_center_y":2.9272859097,"plane_center_z":1.2628341913,"color_id":3}}