{"0":{"ros_timestamp":"1695917941.9016123","wall_type":"floor","a":-0.0020768454,"b":0.000239392,"c":0.9999977946,"d":-0.0021485686,"shortest_distance":0.9973384017,"num_points":719,"plane_center_x":-0.2278878242,"plane_center_y":0.4320233166,"plane_center_z":0.0015718613,"color_id":0},"1":{"ros_timestamp":"1695917941.9016123","wall_type":"left","a":0.9999024868,"b":0.0138954446,"c":0.0014277359,"d":1.3248090744,"shortest_distance":1.6132798783,"num_points":1499,"plane_center_x":-1.3194607496,"plane_center_y":-0.5181425214,"plane_center_z":1.0786198378,"color_id":1},"2":{"ros_timestamp":"1695917941.9016123","wall_type":"right","a":0.999904573,"b":0.0138126621,"c":-0.0000048616,"d":-1.3270956278,"shortest_distance":1.0400906744,"num_points":384,"plane_center_x":1.2944871187,"plane_center_y":2.3701245785,"plane_center_z":1.1670171022,"color_id":2},"3":{"ros_timestamp":"1695917941.9016123","wall_type":"front","a":0.0121219158,"b":-0.9999265671,"c":0.0000276852,"d":2.9275135994,"shortest_distance":2.5210994592,"num_points":350,"plane_center_x":-0.0394017845,"plane_center_y":2.9272859097,"plane_center_z":1.2628341913,"color_id":3}}