{"0":{"ros_timestamp":"1695917942.1996615","wall_type":"floor","a":-0.0020686931,"b":0.0002295905,"c":0.9999978542,"d":-0.0021251857,"shortest_distance":0.9973692298,"num_points":727,"plane_center_x":-0.2242956161,"plane_center_y":0.3998771608,"plane_center_z":0.0015693824,"color_id":0},"1":{"ros_timestamp":"1695917942.1996615","wall_type":"left","a":0.9998982549,"b":0.0142347431,"c":0.0010173148,"d":1.3256233931,"shortest_distance":1.6097489577,"num_points":1500,"plane_center_x":-1.319414854,"plane_center_y":-0.520747602,"plane_center_z":1.0779000521,"color_id":1},"2":{"ros_timestamp":"1695917942.1996615","wall_type":"right","a":0.999904573,"b":0.0138126621,"c":-0.0000048616,"d":-1.3270956278,"shortest_distance":1.0441645269,"num_points":384,"plane_center_x":1.2944871187,"plane_center_y":2.3701245785,"plane_center_z":1.1670171022,"color_id":2},"3":{"ros_timestamp":"1695917942.1996615","wall_type":"front","a":0.0121219158,"b":-0.9999265671,"c":0.0000276852,"d":2.9275135994,"shortest_distance":2.5182565987,"num_points":350,"plane_center_x":-0.0394017845,"plane_center_y":2.9272859097,"plane_center_z":1.2628341913,"color_id":3}}