{"0":{"ros_timestamp":"1695917942.4765685","wall_type":"floor","a":-0.0021390778,"b":0.0002753116,"c":0.999997735,"d":-0.0022107083,"shortest_distance":0.9972925152,"num_points":734,"plane_center_x":-0.2261982858,"plane_center_y":0.3752333224,"plane_center_z":0.0016235504,"color_id":0},"1":{"ros_timestamp":"1695917942.4765685","wall_type":"left","a":0.9998980761,"b":0.0142115485,"c":0.0013490748,"d":1.3246721029,"shortest_distance":1.6050189636,"num_points":1499,"plane_center_x":-1.3190383911,"plane_center_y":-0.5185531378,"plane_center_z":1.0786418915,"color_id":1},"2":{"ros_timestamp":"1695917942.4765685","wall_type":"right","a":0.999904573,"b":0.0138126621,"c":-0.0000048616,"d":-1.3270956278,"shortest_distance":1.0482666729,"num_points":384,"plane_center_x":1.2944871187,"plane_center_y":2.3701245785,"plane_center_z":1.1670171022,"color_id":2},"3":{"ros_timestamp":"1695917942.4765685","wall_type":"front","a":0.0121219158,"b":-0.9999265671,"c":0.0000276852,"d":2.9275135994,"shortest_distance":2.5154546663,"num_points":350,"plane_center_x":-0.0394017845,"plane_center_y":2.9272859097,"plane_center_z":1.2628341913,"color_id":3}}