{"0":{"ros_timestamp":"1695917942.7897303","wall_type":"floor","a":-0.0021476194,"b":0.0002684544,"c":0.9999976754,"d":-0.0021766459,"shortest_distance":0.9973407832,"num_points":737,"plane_center_x":-0.2227677852,"plane_center_y":0.358188659,"plane_center_z":0.0016020718,"color_id":0},"1":{"ros_timestamp":"1695917942.7897303","wall_type":"left","a":0.9999008775,"b":0.01383196,"c":0.0026410553,"d":1.3227285147,"shortest_distance":1.5959229142,"num_points":1500,"plane_center_x":-1.3191257715,"plane_center_y":-0.5177360177,"plane_center_z":1.0779221058,"color_id":1},"2":{"ros_timestamp":"1695917942.7897303","wall_type":"right","a":0.999904573,"b":0.0138126621,"c":-0.0000048616,"d":-1.3270956278,"shortest_distance":1.0565542012,"num_points":384,"plane_center_x":1.2944871187,"plane_center_y":2.3701245785,"plane_center_z":1.1670171022,"color_id":2},"3":{"ros_timestamp":"1695917942.7897303","wall_type":"front","a":0.0121219158,"b":-0.9999265671,"c":0.0000276852,"d":2.9275135994,"shortest_distance":2.5099747025,"num_points":350,"plane_center_x":-0.0394017845,"plane_center_y":2.9272859097,"plane_center_z":1.2628341913,"color_id":3}}