{"0":{"ros_timestamp":"1695917942.9769456","wall_type":"floor","a":-0.0021217633,"b":0.0002452821,"c":0.999997735,"d":-0.0021275843,"shortest_distance":0.9973870005,"num_points":741,"plane_center_x":-0.2192931324,"plane_center_y":0.3421548307,"plane_center_z":0.0015783752,"color_id":0},"1":{"ros_timestamp":"1695917942.9769456","wall_type":"left","a":0.9999004602,"b":0.0138543043,"c":0.0026824265,"d":1.3226525784,"shortest_distance":1.5958976367,"num_points":1501,"plane_center_x":-1.3190852404,"plane_center_y":-0.5179159641,"plane_center_z":1.0772335529,"color_id":1},"2":{"ros_timestamp":"1695917942.9769456","wall_type":"right","a":0.999904573,"b":0.0138126621,"c":-0.0000048616,"d":-1.3270956278,"shortest_distance":1.0565542012,"num_points":384,"plane_center_x":1.2944871187,"plane_center_y":2.3701245785,"plane_center_z":1.1670171022,"color_id":2},"3":{"ros_timestamp":"1695917942.9769456","wall_type":"front","a":0.0121219158,"b":-0.9999265671,"c":0.0000276852,"d":2.9275135994,"shortest_distance":2.5099747025,"num_points":350,"plane_center_x":-0.0394017845,"plane_center_y":2.9272859097,"plane_center_z":1.2628341913,"color_id":3}}