{"0":{"ros_timestamp":"1695917943.396472","wall_type":"floor","a":-0.0021536392,"b":0.000286858,"c":0.9999976754,"d":-0.0022262945,"shortest_distance":0.9973170001,"num_points":746,"plane_center_x":-0.2203572392,"plane_center_y":0.3275917768,"plane_center_z":0.001657756,"color_id":0},"1":{"ros_timestamp":"1695917943.396472","wall_type":"left","a":0.9998998046,"b":0.0141296266,"c":0.000807645,"d":1.325915575,"shortest_distance":1.5890076501,"num_points":1499,"plane_center_x":-1.3195859194,"plane_center_y":-0.518982172,"plane_center_z":1.0786311626,"color_id":1},"2":{"ros_timestamp":"1695917943.396472","wall_type":"right","a":0.999904573,"b":0.0138126621,"c":-0.0000048616,"d":-1.3270956278,"shortest_distance":1.0649499444,"num_points":384,"plane_center_x":1.2944871187,"plane_center_y":2.3701245785,"plane_center_z":1.1670171022,"color_id":2},"3":{"ros_timestamp":"1695917943.396472","wall_type":"front","a":0.0121219158,"b":-0.9999265671,"c":0.0000276852,"d":2.9275135994,"shortest_distance":2.5046617598,"num_points":350,"plane_center_x":-0.0394017845,"plane_center_y":2.9272859097,"plane_center_z":1.2628341913,"color_id":3}}