{"0":{"ros_timestamp":"1695917943.4765935","wall_type":"floor","a":-0.0022106161,"b":0.0002875743,"c":0.9999974966,"d":-0.0022033623,"shortest_distance":0.9973255101,"num_points":745,"plane_center_x":-0.2177046835,"plane_center_y":0.3270113468,"plane_center_z":0.0016280648,"color_id":0},"1":{"ros_timestamp":"1695917943.4765935","wall_type":"left","a":0.9999009967,"b":0.0136409793,"c":0.0034738595,"d":1.321305871,"shortest_distance":1.5868560462,"num_points":1501,"plane_center_x":-1.3189684153,"plane_center_y":-0.519145906,"plane_center_z":1.0772153139,"color_id":1},"2":{"ros_timestamp":"1695917943.4765935","wall_type":"right","a":0.999904573,"b":0.0138126621,"c":-0.0000048616,"d":-1.3270956278,"shortest_distance":1.0649499444,"num_points":384,"plane_center_x":1.2944871187,"plane_center_y":2.3701245785,"plane_center_z":1.1670171022,"color_id":2},"3":{"ros_timestamp":"1695917943.4765935","wall_type":"front","a":0.0121219158,"b":-0.9999265671,"c":0.0000276852,"d":2.9275135994,"shortest_distance":2.5046617598,"num_points":350,"plane_center_x":-0.0394017845,"plane_center_y":2.9272859097,"plane_center_z":1.2628341913,"color_id":3}}