{"0":{"ros_timestamp":"1695917943.5939531","wall_type":"floor","a":-0.0021203787,"b":0.0002535842,"c":0.999997735,"d":-0.0021575515,"shortest_distance":0.9973898769,"num_points":753,"plane_center_x":-0.2161218375,"plane_center_y":0.3014698327,"plane_center_z":0.0016228469,"color_id":0},"1":{"ros_timestamp":"1695917943.5939531","wall_type":"left","a":0.9998966455,"b":0.0143155716,"c":0.001322563,"d":1.325209856,"shortest_distance":1.5846590958,"num_points":1500,"plane_center_x":-1.3194606304,"plane_center_y":-0.5207808614,"plane_center_z":1.0779089928,"color_id":1},"2":{"ros_timestamp":"1695917943.5939531","wall_type":"right","a":0.999904573,"b":0.0138126621,"c":-0.0000048616,"d":-1.3270956278,"shortest_distance":1.0691873488,"num_points":384,"plane_center_x":1.2944871187,"plane_center_y":2.3701245785,"plane_center_z":1.1670171022,"color_id":2},"3":{"ros_timestamp":"1695917943.5939531","wall_type":"front","a":0.0121219158,"b":-0.9999265671,"c":0.0000276852,"d":2.9275135994,"shortest_distance":2.502068588,"num_points":350,"plane_center_x":-0.0394017845,"plane_center_y":2.9272859097,"plane_center_z":1.2628341913,"color_id":3}}