{"0":{"ros_timestamp":"1695917943.7767847","wall_type":"floor","a":-0.0020800964,"b":0.0002339624,"c":0.9999978542,"d":-0.0021188662,"shortest_distance":0.9974399195,"num_points":759,"plane_center_x":-0.2132803202,"plane_center_y":0.27938959,"plane_center_z":0.0016098593,"color_id":0},"1":{"ros_timestamp":"1695917943.7767847","wall_type":"left","a":0.9998970628,"b":0.0143312979,"c":0.0007764358,"d":1.3255976439,"shortest_distance":1.5802456378,"num_points":1500,"plane_center_x":-1.3190288544,"plane_center_y":-0.5208960772,"plane_center_z":1.0779083967,"color_id":1},"2":{"ros_timestamp":"1695917943.7767847","wall_type":"right","a":0.999904573,"b":0.0138126621,"c":-0.0000048616,"d":-1.3270956278,"shortest_distance":1.0734505444,"num_points":384,"plane_center_x":1.2944871187,"plane_center_y":2.3701245785,"plane_center_z":1.1670171022,"color_id":2},"3":{"ros_timestamp":"1695917943.7767847","wall_type":"front","a":0.0121219158,"b":-0.9999265671,"c":0.0000276852,"d":2.9275135994,"shortest_distance":2.4995179632,"num_points":350,"plane_center_x":-0.0394017845,"plane_center_y":2.9272859097,"plane_center_z":1.2628341913,"color_id":3}}