{"0":{"ros_timestamp":"1695917943.8767097","wall_type":"floor","a":-0.0020189798,"b":0.0002217391,"c":0.9999979138,"d":-0.0020984863,"shortest_distance":0.9974702981,"num_points":765,"plane_center_x":-0.2118621469,"plane_center_y":0.2569441795,"plane_center_z":0.0016137697,"color_id":0},"1":{"ros_timestamp":"1695917943.8767097","wall_type":"left","a":0.9998992682,"b":0.0141616883,"c":0.000895382,"d":1.32576859,"shortest_distance":1.5804631386,"num_points":1499,"plane_center_x":-1.3195456266,"plane_center_y":-0.5193623304,"plane_center_z":1.0786098242,"color_id":1},"2":{"ros_timestamp":"1695917943.8767097","wall_type":"right","a":0.999904573,"b":0.0138126621,"c":-0.0000048616,"d":-1.3270956278,"shortest_distance":1.0734505444,"num_points":384,"plane_center_x":1.2944871187,"plane_center_y":2.3701245785,"plane_center_z":1.1670171022,"color_id":2},"3":{"ros_timestamp":"1695917943.8767097","wall_type":"front","a":0.0121219158,"b":-0.9999265671,"c":0.0000276852,"d":2.9275135994,"shortest_distance":2.4995179632,"num_points":350,"plane_center_x":-0.0394017845,"plane_center_y":2.9272859097,"plane_center_z":1.2628341913,"color_id":3}}