{"0":{"ros_timestamp":"1695917944.0963562","wall_type":"floor","a":-0.0020075999,"b":0.0002314493,"c":0.9999979734,"d":-0.002116113,"shortest_distance":0.9974689439,"num_points":784,"plane_center_x":-0.2119817734,"plane_center_y":0.1979958862,"plane_center_z":0.0016447158,"color_id":0},"1":{"ros_timestamp":"1695917944.0963562","wall_type":"left","a":0.9999015331,"b":0.0139857382,"c":0.0010953931,"d":1.3253883123,"shortest_distance":1.5759194809,"num_points":1498,"plane_center_x":-1.3195512295,"plane_center_y":-0.5175420046,"plane_center_z":1.0792865753,"color_id":1},"2":{"ros_timestamp":"1695917944.0963562","wall_type":"right","a":0.999904573,"b":0.0138126621,"c":-0.0000048616,"d":-1.3270956278,"shortest_distance":1.0777391047,"num_points":384,"plane_center_x":1.2944871187,"plane_center_y":2.3701245785,"plane_center_z":1.1670171022,"color_id":2},"3":{"ros_timestamp":"1695917944.0963562","wall_type":"front","a":0.0121219158,"b":-0.9999265671,"c":0.0000276852,"d":2.9275135994,"shortest_distance":2.4970101403,"num_points":350,"plane_center_x":-0.0394017845,"plane_center_y":2.9272859097,"plane_center_z":1.2628341913,"color_id":3}}