{"0":{"ros_timestamp":"1695917944.4083736","wall_type":"floor","a":-0.0020237048,"b":0.0002019181,"c":0.9999979734,"d":-0.0020434859,"shortest_distance":0.9975341076,"num_points":788,"plane_center_x":-0.2067283392,"plane_center_y":0.1850741804,"plane_center_z":0.0015877623,"color_id":0},"1":{"ros_timestamp":"1695917944.4083736","wall_type":"left","a":0.9998968244,"b":0.0142807309,"c":0.0014843047,"d":1.3250505924,"shortest_distance":1.5717851254,"num_points":1500,"plane_center_x":-1.3195264339,"plane_center_y":-0.5203313231,"plane_center_z":1.0778781176,"color_id":1},"2":{"ros_timestamp":"1695917944.4083736","wall_type":"right","a":0.999904573,"b":0.0138126621,"c":-0.0000048616,"d":-1.3270956278,"shortest_distance":1.082052601,"num_points":384,"plane_center_x":1.2944871187,"plane_center_y":2.3701245785,"plane_center_z":1.1670171022,"color_id":2},"3":{"ros_timestamp":"1695917944.4083736","wall_type":"front","a":0.0121219158,"b":-0.9999265671,"c":0.0000276852,"d":2.9275135994,"shortest_distance":2.4945453701,"num_points":350,"plane_center_x":-0.0394017845,"plane_center_y":2.9272859097,"plane_center_z":1.2628341913,"color_id":3}}