{"0":{"ros_timestamp":"1695917944.4766293","wall_type":"floor","a":-0.0020227912,"b":0.0002016146,"c":0.9999979734,"d":-0.0020429268,"shortest_distance":0.9975347546,"num_points":788,"plane_center_x":-0.2067300081,"plane_center_y":0.1851280481,"plane_center_z":0.0015874337,"color_id":0},"1":{"ros_timestamp":"1695917944.4766293","wall_type":"left","a":0.99989748,"b":0.0142456191,"c":0.00144652,"d":1.3252378702,"shortest_distance":1.5719193138,"num_points":1500,"plane_center_x":-1.3196853399,"plane_center_y":-0.5207230449,"plane_center_z":1.0778731108,"color_id":1},"2":{"ros_timestamp":"1695917944.4766293","wall_type":"right","a":0.999904573,"b":0.0138126621,"c":-0.0000048616,"d":-1.3270956278,"shortest_distance":1.082052601,"num_points":384,"plane_center_x":1.2944871187,"plane_center_y":2.3701245785,"plane_center_z":1.1670171022,"color_id":2},"3":{"ros_timestamp":"1695917944.4766293","wall_type":"front","a":0.0121219158,"b":-0.9999265671,"c":0.0000276852,"d":2.9275135994,"shortest_distance":2.4945453701,"num_points":350,"plane_center_x":-0.0394017845,"plane_center_y":2.9272859097,"plane_center_z":1.2628341913,"color_id":3}}