{"0":{"ros_timestamp":"1695917944.877052","wall_type":"floor","a":-0.0019925639,"b":0.0001854838,"c":0.9999979734,"d":-0.001984573,"shortest_distance":0.9976117029,"num_points":795,"plane_center_x":-0.200409919,"plane_center_y":0.1523361504,"plane_center_z":0.0015569908,"color_id":0},"1":{"ros_timestamp":"1695917944.877052","wall_type":"left","a":0.9998982549,"b":0.0135640735,"c":0.0044092759,"d":1.3207229376,"shortest_distance":1.5613690055,"num_points":1501,"plane_center_x":-1.3194936514,"plane_center_y":-0.5158370733,"plane_center_z":1.0771286488,"color_id":1},"2":{"ros_timestamp":"1695917944.877052","wall_type":"right","a":0.999904573,"b":0.0138126621,"c":-0.0000048616,"d":-1.3270956278,"shortest_distance":1.0907526734,"num_points":384,"plane_center_x":1.2944871187,"plane_center_y":2.3701245785,"plane_center_z":1.1670171022,"color_id":2},"3":{"ros_timestamp":"1695917944.877052","wall_type":"front","a":0.0121219158,"b":-0.9999265671,"c":0.0000276852,"d":2.9275135994,"shortest_distance":2.4897459696,"num_points":350,"plane_center_x":-0.0394017845,"plane_center_y":2.9272859097,"plane_center_z":1.2628341913,"color_id":3}}