{"0":{"ros_timestamp":"1695917945.101149","wall_type":"floor","a":-0.0019006752,"b":0.0001832372,"c":0.9999981523,"d":-0.0020228003,"shortest_distance":0.9976026399,"num_points":805,"plane_center_x":-0.2024024725,"plane_center_y":0.1316186339,"plane_center_z":0.0016139844,"color_id":0},"1":{"ros_timestamp":"1695917945.101149","wall_type":"left","a":0.9999008775,"b":0.0140290326,"c":0.0012173415,"d":1.3252316713,"shortest_distance":1.5585060714,"num_points":1497,"plane_center_x":-1.319565773,"plane_center_y":-0.5177610517,"plane_center_z":1.0799564123,"color_id":1},"2":{"ros_timestamp":"1695917945.101149","wall_type":"right","a":0.999904573,"b":0.0138126621,"c":-0.0000048616,"d":-1.3270956278,"shortest_distance":1.0951383797,"num_points":384,"plane_center_x":1.2944871187,"plane_center_y":2.3701245785,"plane_center_z":1.1670171022,"color_id":2},"3":{"ros_timestamp":"1695917945.101149","wall_type":"front","a":0.0121219158,"b":-0.9999265671,"c":0.0000276852,"d":2.9275135994,"shortest_distance":2.4874118192,"num_points":350,"plane_center_x":-0.0394017845,"plane_center_y":2.9272859097,"plane_center_z":1.2628341913,"color_id":3}}