{"0":{"ros_timestamp":"1695917945.2938511","wall_type":"floor","a":-0.0018663785,"b":0.0001523828,"c":0.9999982715,"d":-0.0019555453,"shortest_distance":0.9976726738,"num_points":811,"plane_center_x":-0.1953095645,"plane_center_y":0.1119338125,"plane_center_z":0.0015739696,"color_id":0},"1":{"ros_timestamp":"1695917945.2938511","wall_type":"left","a":0.9998891354,"b":0.0145765515,"c":0.003049545,"d":1.3229956627,"shortest_distance":1.5539349415,"num_points":1499,"plane_center_x":-1.3194540739,"plane_center_y":-0.5196478367,"plane_center_z":1.0785403252,"color_id":1},"2":{"ros_timestamp":"1695917945.2938511","wall_type":"right","a":0.999904573,"b":0.0138126621,"c":-0.0000048616,"d":-1.3270956278,"shortest_distance":1.0995472819,"num_points":384,"plane_center_x":1.2944871187,"plane_center_y":2.3701245785,"plane_center_z":1.1670171022,"color_id":2},"3":{"ros_timestamp":"1695917945.2938511","wall_type":"front","a":0.0121219158,"b":-0.9999265671,"c":0.0000276852,"d":2.9275135994,"shortest_distance":2.4851216813,"num_points":350,"plane_center_x":-0.0394017845,"plane_center_y":2.9272859097,"plane_center_z":1.2628341913,"color_id":3}}