{"0":{"ros_timestamp":"1695917945.4956725","wall_type":"floor","a":-0.0018788773,"b":0.0001410397,"c":0.9999982715,"d":-0.0019229263,"shortest_distance":0.9977061477,"num_points":813,"plane_center_x":-0.1919056028,"plane_center_y":0.1041344404,"plane_center_z":0.0015476749,"color_id":0},"1":{"ros_timestamp":"1695917945.4956725","wall_type":"left","a":0.9998975992,"b":0.0142695187,"c":0.0011179843,"d":1.3251441717,"shortest_distance":1.5495865004,"num_points":1500,"plane_center_x":-1.3190470934,"plane_center_y":-0.5211969614,"plane_center_z":1.0778692961,"color_id":1},"2":{"ros_timestamp":"1695917945.4956725","wall_type":"right","a":0.999904573,"b":0.0138126621,"c":-0.0000048616,"d":-1.3270956278,"shortest_distance":1.1039789393,"num_points":384,"plane_center_x":1.2944871187,"plane_center_y":2.3701245785,"plane_center_z":1.1670171022,"color_id":2},"3":{"ros_timestamp":"1695917945.4956725","wall_type":"front","a":0.0121219158,"b":-0.9999265671,"c":0.0000276852,"d":2.9275135994,"shortest_distance":2.4828757851,"num_points":350,"plane_center_x":-0.0394017845,"plane_center_y":2.9272859097,"plane_center_z":1.2628341913,"color_id":3}}