{"0":{"ros_timestamp":"1695917945.7068534","wall_type":"floor","a":-0.001864554,"b":0.000149747,"c":0.9999982715,"d":-0.0019421184,"shortest_distance":0.9976939837,"num_points":815,"plane_center_x":-0.1925592571,"plane_center_y":0.0973926485,"plane_center_z":0.0015684997,"color_id":0},"1":{"ros_timestamp":"1695917945.7068534","wall_type":"left","a":0.999900043,"b":0.0140986172,"c":0.0010008719,"d":1.3257665634,"shortest_distance":1.5500160259,"num_points":1499,"plane_center_x":-1.3197033405,"plane_center_y":-0.5208685994,"plane_center_z":1.07858181,"color_id":1},"2":{"ros_timestamp":"1695917945.7068534","wall_type":"right","a":0.999904573,"b":0.0138126621,"c":-0.0000048616,"d":-1.3270956278,"shortest_distance":1.1039789393,"num_points":384,"plane_center_x":1.2944871187,"plane_center_y":2.3701245785,"plane_center_z":1.1670171022,"color_id":2},"3":{"ros_timestamp":"1695917945.7068534","wall_type":"front","a":0.0121219158,"b":-0.9999265671,"c":0.0000276852,"d":2.9275135994,"shortest_distance":2.4828757851,"num_points":350,"plane_center_x":-0.0394017845,"plane_center_y":2.9272859097,"plane_center_z":1.2628341913,"color_id":3}}