{"0":{"ros_timestamp":"1695917945.8026447","wall_type":"floor","a":-0.0019088103,"b":0.0001470815,"c":0.9999981523,"d":-0.0019132856,"shortest_distance":0.997720814,"num_points":816,"plane_center_x":-0.1885107756,"plane_center_y":0.0903091654,"plane_center_z":0.0015401742,"color_id":0},"1":{"ros_timestamp":"1695917945.8026447","wall_type":"left","a":0.9998965263,"b":0.013999925,"c":0.0032911047,"d":1.3219022751,"shortest_distance":1.5439434533,"num_points":1501,"plane_center_x":-1.3191001415,"plane_center_y":-0.5201770663,"plane_center_z":1.0771692991,"color_id":1},"2":{"ros_timestamp":"1695917945.8026447","wall_type":"right","a":0.999904573,"b":0.0138126621,"c":-0.0000048616,"d":-1.3270956278,"shortest_distance":1.1084329086,"num_points":384,"plane_center_x":1.2944871187,"plane_center_y":2.3701245785,"plane_center_z":1.1670171022,"color_id":2},"3":{"ros_timestamp":"1695917945.8026447","wall_type":"front","a":0.0121219158,"b":-0.9999265671,"c":0.0000276852,"d":2.9275135994,"shortest_distance":2.480674355,"num_points":350,"plane_center_x":-0.0394017845,"plane_center_y":2.9272859097,"plane_center_z":1.2628341913,"color_id":3},"4":{"ros_timestamp":"1695917945.8026447","wall_type":"back","a":0.0132806534,"b":-0.9999117851,"c":0.0000448837,"d":-2.9246382713,"shortest_distance":3.3712074395,"num_points":279,"plane_center_x":-0.1421186328,"plane_center_y":-2.9267289639,"plane_center_z":1.222620368,"color_id":4}}