{"0":{"ros_timestamp":"1695917945.8954365","wall_type":"floor","a":-0.0018861196,"b":0.0001382276,"c":0.9999982715,"d":-0.001895729,"shortest_distance":0.9977392568,"num_points":819,"plane_center_x":-0.1870794296,"plane_center_y":0.0820729285,"plane_center_z":0.0015315327,"color_id":0},"1":{"ros_timestamp":"1695917945.8954365","wall_type":"left","a":0.9999008179,"b":0.0138377687,"c":0.0026074094,"d":1.3227170706,"shortest_distance":1.5440025696,"num_points":1501,"plane_center_x":-1.3190077543,"plane_center_y":-0.5199043155,"plane_center_z":1.0771509409,"color_id":1},"2":{"ros_timestamp":"1695917945.8954365","wall_type":"right","a":0.999904573,"b":0.0138126621,"c":-0.0000048616,"d":-1.3270956278,"shortest_distance":1.1084329086,"num_points":384,"plane_center_x":1.2944871187,"plane_center_y":2.3701245785,"plane_center_z":1.1670171022,"color_id":2},"3":{"ros_timestamp":"1695917945.8954365","wall_type":"front","a":0.0121219158,"b":-0.9999265671,"c":0.0000276852,"d":2.9275135994,"shortest_distance":2.480674355,"num_points":350,"plane_center_x":-0.0394017845,"plane_center_y":2.9272859097,"plane_center_z":1.2628341913,"color_id":3},"4":{"ros_timestamp":"1695917945.8954365","wall_type":"back","a":0.0131521774,"b":-0.9999135137,"c":0.00003008,"d":-2.924672842,"shortest_distance":3.3712847885,"num_points":279,"plane_center_x":-0.1414461881,"plane_center_y":-2.9267497063,"plane_center_z":1.2226839066,"color_id":4}}