{"0":{"ros_timestamp":"1695917886.5007591","wall_type":"floor","a":0.0015676931,"b":-0.0001265337,"c":0.9999987483,"d":-0.0007617265,"shortest_distance":0.9994882943,"num_points":355,"plane_center_x":-0.0039915945,"plane_center_y":2.1820783615,"plane_center_z":0.0010440918,"color_id":0},"1":{"ros_timestamp":"1695917886.5007591","wall_type":"left","a":0.9999164343,"b":0.0129311476,"c":0.0000272651,"d":1.32934618,"shortest_distance":1.4605784672,"num_points":326,"plane_center_x":-1.3518451452,"plane_center_y":1.728826046,"plane_center_z":1.1119824648,"color_id":1},"2":{"ros_timestamp":"1695917886.5007591","wall_type":"right","a":0.9998985529,"b":0.0142222792,"c":-0.0008675599,"d":-1.3267791271,"shortest_distance":1.1970608584,"num_points":396,"plane_center_x":1.2943376303,"plane_center_y":2.370711565,"plane_center_z":1.1326280832,"color_id":2}}