{"0":{"ros_timestamp":"1695917946.1178901","wall_type":"floor","a":-0.0017967693,"b":0.0001262044,"c":0.9999983311,"d":-0.0019043481,"shortest_distance":0.9977527448,"num_points":825,"plane_center_x":-0.1892130971,"plane_center_y":0.0715589002,"plane_center_z":0.0015553473,"color_id":0},"1":{"ros_timestamp":"1695917946.1178901","wall_type":"left","a":0.9998925924,"b":0.0143947145,"c":0.0027812212,"d":1.3231452703,"shortest_distance":1.5403784415,"num_points":1499,"plane_center_x":-1.3194169998,"plane_center_y":-0.5211648941,"plane_center_z":1.0785373449,"color_id":1},"2":{"ros_timestamp":"1695917946.1178901","wall_type":"right","a":0.999904573,"b":0.0138126621,"c":-0.0000048616,"d":-1.3270956278,"shortest_distance":1.1129087446,"num_points":384,"plane_center_x":1.2944871187,"plane_center_y":2.3701245785,"plane_center_z":1.1670171022,"color_id":2},"3":{"ros_timestamp":"1695917946.1178901","wall_type":"front","a":0.0121219158,"b":-0.9999265671,"c":0.0000276852,"d":2.9275135994,"shortest_distance":2.4785176112,"num_points":350,"plane_center_x":-0.0394017845,"plane_center_y":2.9272859097,"plane_center_z":1.2628341913,"color_id":3},"4":{"ros_timestamp":"1695917946.1178901","wall_type":"back","a":0.0124976728,"b":-0.9999218583,"c":-0.0000226999,"d":-2.9248838425,"shortest_distance":3.3738499832,"num_points":279,"plane_center_x":-0.1407663673,"plane_center_y":-2.9268994331,"plane_center_z":1.2227087021,"color_id":4}}