{"0":{"ros_timestamp":"1695917946.2045014","wall_type":"floor","a":-0.0017795821,"b":0.0001284375,"c":0.9999984503,"d":-0.0019122662,"shortest_distance":0.9977494402,"num_points":828,"plane_center_x":-0.1930363029,"plane_center_y":0.0649005771,"plane_center_z":0.0015604091,"color_id":0},"1":{"ros_timestamp":"1695917946.2045014","wall_type":"left","a":0.9998957515,"b":0.0142943589,"c":0.0020415396,"d":1.3243135214,"shortest_distance":1.5407624672,"num_points":1496,"plane_center_x":-1.319724679,"plane_center_y":-0.5188345909,"plane_center_z":1.0806775093,"color_id":1},"2":{"ros_timestamp":"1695917946.2045014","wall_type":"right","a":0.999904573,"b":0.0138126621,"c":-0.0000048616,"d":-1.3270956278,"shortest_distance":1.1129087446,"num_points":384,"plane_center_x":1.2944871187,"plane_center_y":2.3701245785,"plane_center_z":1.1670171022,"color_id":2},"3":{"ros_timestamp":"1695917946.2045014","wall_type":"front","a":0.0121219158,"b":-0.9999265671,"c":0.0000276852,"d":2.9275135994,"shortest_distance":2.4785176112,"num_points":350,"plane_center_x":-0.0394017845,"plane_center_y":2.9272859097,"plane_center_z":1.2628341913,"color_id":3},"4":{"ros_timestamp":"1695917946.2045014","wall_type":"back","a":0.012174869,"b":-0.9999259114,"c":-0.0000577997,"d":-2.9249744415,"shortest_distance":3.3740444033,"num_points":279,"plane_center_x":-0.1404264122,"plane_center_y":-2.926971674,"plane_center_z":1.2227212191,"color_id":4}}