{"0":{"ros_timestamp":"1695917946.3783796","wall_type":"floor","a":-0.0017700749,"b":0.0001298205,"c":0.9999984503,"d":-0.0019088596,"shortest_distance":0.997763744,"num_points":827,"plane_center_x":-0.1898334622,"plane_center_y":0.0644178912,"plane_center_z":0.0015644798,"color_id":0},"1":{"ros_timestamp":"1695917946.3783796","wall_type":"left","a":0.9998995662,"b":0.0141311977,"c":0.0010148328,"d":1.3257728815,"shortest_distance":1.5366257954,"num_points":1498,"plane_center_x":-1.3197063208,"plane_center_y":-0.5209633708,"plane_center_z":1.0792374611,"color_id":1},"2":{"ros_timestamp":"1695917946.3783796","wall_type":"right","a":0.999904573,"b":0.0138126621,"c":-0.0000048616,"d":-1.3270956278,"shortest_distance":1.1174059995,"num_points":384,"plane_center_x":1.2944871187,"plane_center_y":2.3701245785,"plane_center_z":1.1670171022,"color_id":2},"3":{"ros_timestamp":"1695917946.3783796","wall_type":"front","a":0.0121219158,"b":-0.9999265671,"c":0.0000276852,"d":2.9275135994,"shortest_distance":2.4764057693,"num_points":350,"plane_center_x":-0.0394017845,"plane_center_y":2.9272859097,"plane_center_z":1.2628341913,"color_id":3},"4":{"ros_timestamp":"1695917946.3783796","wall_type":"back","a":0.0121090952,"b":-0.9999267459,"c":-0.0000587586,"d":-2.9249992371,"shortest_distance":3.376195877,"num_points":279,"plane_center_x":-0.1369382143,"plane_center_y":-2.9269435406,"plane_center_z":1.2228266001,"color_id":4}}