{"0":{"ros_timestamp":"1695917946.5781133","wall_type":"floor","a":-0.0018082133,"b":0.0001133747,"c":0.9999983907,"d":-0.0018663867,"shortest_distance":0.99779938,"num_points":828,"plane_center_x":-0.1850431859,"plane_center_y":0.0605816394,"plane_center_z":0.0015249233,"color_id":0},"1":{"ros_timestamp":"1695917946.5781133","wall_type":"left","a":0.9998996258,"b":0.0141324587,"c":0.0009981073,"d":1.3252953291,"shortest_distance":1.5316144507,"num_points":1500,"plane_center_x":-1.3190857172,"plane_center_y":-0.5235436559,"plane_center_z":1.0778423548,"color_id":1},"2":{"ros_timestamp":"1695917946.5781133","wall_type":"right","a":0.999904573,"b":0.0138126621,"c":-0.0000048616,"d":-1.3270956278,"shortest_distance":1.1219242237,"num_points":384,"plane_center_x":1.2944871187,"plane_center_y":2.3701245785,"plane_center_z":1.1670171022,"color_id":2},"3":{"ros_timestamp":"1695917946.5781133","wall_type":"front","a":0.0121219158,"b":-0.9999265671,"c":0.0000276852,"d":2.9275135994,"shortest_distance":2.4743390407,"num_points":350,"plane_center_x":-0.0394017845,"plane_center_y":2.9272859097,"plane_center_z":1.2628341913,"color_id":3},"4":{"ros_timestamp":"1695917946.5781133","wall_type":"back","a":0.0127676148,"b":-0.9999185205,"c":-0.0000056337,"d":-2.9248023033,"shortest_distance":3.3778778822,"num_points":279,"plane_center_x":-0.1370977014,"plane_center_y":-2.9267981052,"plane_center_z":1.2228169441,"color_id":4}}