{"0":{"ros_timestamp":"1695917946.6952164","wall_type":"floor","a":-0.0017175162,"b":0.0000806111,"c":0.9999985695,"d":-0.0018040113,"shortest_distance":0.997873031,"num_points":840,"plane_center_x":-0.1762557775,"plane_center_y":0.0248298049,"plane_center_z":0.0014992896,"color_id":0},"1":{"ros_timestamp":"1695917946.6952164","wall_type":"left","a":0.9998976588,"b":0.0142638423,"c":0.0011317246,"d":1.325109005,"shortest_distance":1.5270833284,"num_points":1500,"plane_center_x":-1.3190094233,"plane_center_y":-0.52260077,"plane_center_z":1.0778280497,"color_id":1},"2":{"ros_timestamp":"1695917946.6952164","wall_type":"right","a":0.999904573,"b":0.0138126621,"c":-0.0000048616,"d":-1.3270956278,"shortest_distance":1.1264629654,"num_points":384,"plane_center_x":1.2944871187,"plane_center_y":2.3701245785,"plane_center_z":1.1670171022,"color_id":2},"3":{"ros_timestamp":"1695917946.6952164","wall_type":"front","a":0.0121219158,"b":-0.9999265671,"c":0.0000276852,"d":2.9275135994,"shortest_distance":2.4723176319,"num_points":350,"plane_center_x":-0.0394017845,"plane_center_y":2.9272859097,"plane_center_z":1.2628341913,"color_id":3},"4":{"ros_timestamp":"1695917946.6952164","wall_type":"back","a":0.0134177795,"b":-0.9999099374,"c":0.0000580115,"d":-2.9246370792,"shortest_distance":3.379543309,"num_points":295,"plane_center_x":-0.1014153585,"plane_center_y":-2.9261894226,"plane_center_z":1.2378880978,"color_id":4}}