{"0":{"ros_timestamp":"1695917946.878385","wall_type":"floor","a":-0.0016149679,"b":-0.0000070091,"c":0.9999987483,"d":-0.0019355444,"shortest_distance":0.9977215046,"num_points":844,"plane_center_x":-0.1753073484,"plane_center_y":0.0133603485,"plane_center_z":0.0015077803,"color_id":0},"1":{"ros_timestamp":"1695917946.878385","wall_type":"left","a":0.9999015331,"b":0.0139850406,"c":0.0011542898,"d":1.3253108263,"shortest_distance":1.5271809425,"num_points":1499,"plane_center_x":-1.3194838762,"plane_center_y":-0.5212274194,"plane_center_z":1.0785341263,"color_id":1},"2":{"ros_timestamp":"1695917946.878385","wall_type":"right","a":0.999904573,"b":0.0138126621,"c":-0.0000048616,"d":-1.3270956278,"shortest_distance":1.1264629654,"num_points":384,"plane_center_x":1.2944871187,"plane_center_y":2.3701245785,"plane_center_z":1.1670171022,"color_id":2},"3":{"ros_timestamp":"1695917946.878385","wall_type":"front","a":0.0121219158,"b":-0.9999265671,"c":0.0000276852,"d":2.9275135994,"shortest_distance":2.4723176319,"num_points":350,"plane_center_x":-0.0394017845,"plane_center_y":2.9272859097,"plane_center_z":1.2628341913,"color_id":3},"4":{"ros_timestamp":"1695917946.878385","wall_type":"back","a":0.0125962812,"b":-0.9999206662,"c":-0.0000183076,"d":-2.9248607159,"shortest_distance":3.3800076795,"num_points":295,"plane_center_x":-0.1013647839,"plane_center_y":-2.9263923168,"plane_center_z":1.2379198074,"color_id":4}}