{"0":{"ros_timestamp":"1695917886.6020682","wall_type":"floor","a":0.0017481919,"b":-0.0002970816,"c":0.9999983907,"d":-0.0003694901,"shortest_distance":0.9999944092,"num_points":355,"plane_center_x":-0.0059078103,"plane_center_y":2.1837348938,"plane_center_z":0.0010285671,"color_id":0},"1":{"ros_timestamp":"1695917886.6020682","wall_type":"left","a":0.9998897314,"b":0.0148448078,"c":-0.0001571206,"d":1.3201396465,"shortest_distance":1.4550610204,"num_points":326,"plane_center_x":-1.3458031416,"plane_center_y":1.7305592299,"plane_center_z":1.1119809151,"color_id":1},"2":{"ros_timestamp":"1695917886.6020682","wall_type":"right","a":0.9998702407,"b":0.0156557411,"c":-0.0038065044,"d":-1.3257699013,"shortest_distance":1.1948869697,"num_points":397,"plane_center_x":1.2942074537,"plane_center_y":2.370382309,"plane_center_z":1.1298245192,"color_id":2}}