{"0":{"ros_timestamp":"1695917947.498908","wall_type":"floor","a":-0.0016012182,"b":0.0000408428,"c":0.9999987483,"d":-0.0017271611,"shortest_distance":0.9979768274,"num_points":858,"plane_center_x":-0.1625158638,"plane_center_y":-0.0261756945,"plane_center_z":0.0014680086,"color_id":0},"1":{"ros_timestamp":"1695917947.498908","wall_type":"left","a":0.9998990297,"b":0.0141721359,"c":0.0010568586,"d":1.3252880573,"shortest_distance":1.5134131575,"num_points":1500,"plane_center_x":-1.3191971779,"plane_center_y":-0.522023797,"plane_center_z":1.077822566,"color_id":1},"2":{"ros_timestamp":"1695917947.498908","wall_type":"right","a":0.999904573,"b":0.0138126621,"c":-0.0000048616,"d":-1.3270956278,"shortest_distance":1.1401977465,"num_points":384,"plane_center_x":1.2944871187,"plane_center_y":2.3701245785,"plane_center_z":1.1670171022,"color_id":2},"3":{"ros_timestamp":"1695917947.498908","wall_type":"front","a":0.0121219158,"b":-0.9999265671,"c":0.0000276852,"d":2.9275135994,"shortest_distance":2.4665273231,"num_points":350,"plane_center_x":-0.0394017845,"plane_center_y":2.9272859097,"plane_center_z":1.2628341913,"color_id":3},"4":{"ros_timestamp":"1695917947.498908","wall_type":"back","a":0.0134822559,"b":-0.9999091029,"c":0.0000442786,"d":-2.9246332645,"shortest_distance":3.3853492088,"num_points":312,"plane_center_x":-0.0601086207,"plane_center_y":-2.9256541729,"plane_center_z":1.2497119904,"color_id":4}}