{"0":{"ros_timestamp":"1695917947.7950938","wall_type":"floor","a":-0.0015883259,"b":0.0000834201,"c":0.9999987483,"d":-0.0018458392,"shortest_distance":0.9978877384,"num_points":870,"plane_center_x":-0.1646554172,"plane_center_y":-0.0550791956,"plane_center_z":0.0015203258,"color_id":0},"1":{"ros_timestamp":"1695917947.7950938","wall_type":"left","a":0.9999017715,"b":0.014007587,"c":0.0004746916,"d":1.3264900446,"shortest_distance":1.509341404,"num_points":1495,"plane_center_x":-1.3198490143,"plane_center_y":-0.517711699,"plane_center_z":1.0813032389,"color_id":1},"2":{"ros_timestamp":"1695917947.7950938","wall_type":"right","a":0.999904573,"b":0.0138126621,"c":-0.0000048616,"d":-1.3270956278,"shortest_distance":1.1448139994,"num_points":384,"plane_center_x":1.2944871187,"plane_center_y":2.3701245785,"plane_center_z":1.1670171022,"color_id":2},"3":{"ros_timestamp":"1695917947.7950938","wall_type":"front","a":0.0121219158,"b":-0.9999265671,"c":0.0000276852,"d":2.9275135994,"shortest_distance":2.4646891694,"num_points":350,"plane_center_x":-0.0394017845,"plane_center_y":2.9272859097,"plane_center_z":1.2628341913,"color_id":3},"4":{"ros_timestamp":"1695917947.7950938","wall_type":"back","a":0.0124042099,"b":-0.9999230504,"c":-0.0000485371,"d":-2.9248919487,"shortest_distance":3.3877412589,"num_points":312,"plane_center_x":-0.0573265441,"plane_center_y":-2.9258887768,"plane_center_z":1.2497258186,"color_id":4}}