{"0":{"ros_timestamp":"1695917948.1036777","wall_type":"floor","a":-0.0014750124,"b":0.000027913,"c":0.9999989271,"d":-0.0017164819,"shortest_distance":0.9980252549,"num_points":873,"plane_center_x":-0.1555202156,"plane_center_y":-0.0638980046,"plane_center_z":0.0014888728,"color_id":0},"1":{"ros_timestamp":"1695917948.1036777","wall_type":"left","a":0.9999009371,"b":0.0140419928,"c":0.0009210751,"d":1.3257216215,"shortest_distance":1.4997493579,"num_points":1498,"plane_center_x":-1.3195799589,"plane_center_y":-0.5203978419,"plane_center_z":1.07916224,"color_id":1},"2":{"ros_timestamp":"1695917948.1036777","wall_type":"right","a":0.999904573,"b":0.0138126621,"c":-0.0000048616,"d":-1.3270956278,"shortest_distance":1.1541007274,"num_points":384,"plane_center_x":1.2944871187,"plane_center_y":2.3701245785,"plane_center_z":1.1670171022,"color_id":2},"3":{"ros_timestamp":"1695917948.1036777","wall_type":"front","a":0.0121219158,"b":-0.9999265671,"c":0.0000276852,"d":2.9275135994,"shortest_distance":2.4611518956,"num_points":350,"plane_center_x":-0.0394017845,"plane_center_y":2.9272859097,"plane_center_z":1.2628341913,"color_id":3},"4":{"ros_timestamp":"1695917948.1036777","wall_type":"back","a":0.0129257673,"b":-0.9999164343,"c":-0.0000141802,"d":-2.9247648716,"shortest_distance":3.3910297984,"num_points":328,"plane_center_x":-0.0190545432,"plane_center_y":-2.9252734184,"plane_center_z":1.2619856596,"color_id":4}}