{"0":{"ros_timestamp":"1695917948.194594","wall_type":"floor","a":-0.001485216,"b":0.000016765,"c":0.9999988675,"d":-0.0016846914,"shortest_distance":0.9980501089,"num_points":876,"plane_center_x":-0.150388211,"plane_center_y":-0.0737608448,"plane_center_z":0.0014625706,"color_id":0},"1":{"ros_timestamp":"1695917948.194594","wall_type":"left","a":0.9998999834,"b":0.0141148306,"c":0.0008677695,"d":1.325848937,"shortest_distance":1.4998572944,"num_points":1499,"plane_center_x":-1.3195829391,"plane_center_y":-0.5219550729,"plane_center_z":1.0784717798,"color_id":1},"2":{"ros_timestamp":"1695917948.194594","wall_type":"right","a":0.999904573,"b":0.0138126621,"c":-0.0000048616,"d":-1.3270956278,"shortest_distance":1.1541007274,"num_points":384,"plane_center_x":1.2944871187,"plane_center_y":2.3701245785,"plane_center_z":1.1670171022,"color_id":2},"3":{"ros_timestamp":"1695917948.194594","wall_type":"front","a":0.0121219158,"b":-0.9999265671,"c":0.0000276852,"d":2.9275135994,"shortest_distance":2.4611518956,"num_points":350,"plane_center_x":-0.0394017845,"plane_center_y":2.9272859097,"plane_center_z":1.2628341913,"color_id":3},"4":{"ros_timestamp":"1695917948.194594","wall_type":"back","a":0.0126403132,"b":-0.9999200702,"c":-0.0000347737,"d":-2.9248292446,"shortest_distance":3.3911640523,"num_points":328,"plane_center_x":-0.0185498763,"plane_center_y":-2.9253416061,"plane_center_z":1.2620019913,"color_id":4}}