{"0":{"ros_timestamp":"1695917948.9053102","wall_type":"floor","a":-0.0014216279,"b":-0.000026996,"c":0.9999989271,"d":-0.0017142334,"shortest_distance":0.9980307026,"num_points":896,"plane_center_x":-0.132759437,"plane_center_y":-0.1310663521,"plane_center_z":0.0014655183,"color_id":0},"1":{"ros_timestamp":"1695917948.9053102","wall_type":"left","a":0.9998893142,"b":0.0136682512,"c":0.0058696768,"d":1.3188643456,"shortest_distance":1.4836044013,"num_points":1499,"plane_center_x":-1.3195842505,"plane_center_y":-0.5166761279,"plane_center_z":1.0783813,"color_id":1},"2":{"ros_timestamp":"1695917948.9053102","wall_type":"right","a":0.999904573,"b":0.0138126621,"c":-0.0000048616,"d":-1.3270956278,"shortest_distance":1.1681593966,"num_points":384,"plane_center_x":1.2944871187,"plane_center_y":2.3701245785,"plane_center_z":1.1670171022,"color_id":2},"3":{"ros_timestamp":"1695917948.9053102","wall_type":"front","a":0.0121219158,"b":-0.9999265671,"c":0.0000276852,"d":2.9275135994,"shortest_distance":2.456196187,"num_points":350,"plane_center_x":-0.0394017845,"plane_center_y":2.9272859097,"plane_center_z":1.2628341913,"color_id":3},"4":{"ros_timestamp":"1695917948.9053102","wall_type":"back","a":0.0125378389,"b":-0.9999213815,"c":-0.0000407043,"d":-2.924851656,"shortest_distance":3.396171562,"num_points":344,"plane_center_x":0.023544671,"plane_center_y":-2.9248380661,"plane_center_z":1.2730759382,"color_id":4}}