{"0":{"ros_timestamp":"1695917949.1026812","wall_type":"floor","a":-0.0014259036,"b":-0.0000094856,"c":0.9999989867,"d":-0.0016410456,"shortest_distance":0.9981182638,"num_points":897,"plane_center_x":-0.1294971704,"plane_center_y":-0.1282831579,"plane_center_z":0.0014551796,"color_id":0},"1":{"ros_timestamp":"1695917949.1026812","wall_type":"left","a":0.9998973012,"b":0.0142905861,"c":0.001129139,"d":1.3252025843,"shortest_distance":1.4807799126,"num_points":1500,"plane_center_x":-1.3190723658,"plane_center_y":-0.5217477083,"plane_center_z":1.0777071714,"color_id":1},"2":{"ros_timestamp":"1695917949.1026812","wall_type":"right","a":0.999904573,"b":0.0138126621,"c":-0.0000048616,"d":-1.3270956278,"shortest_distance":1.172878034,"num_points":384,"plane_center_x":1.2944871187,"plane_center_y":2.3701245785,"plane_center_z":1.1670171022,"color_id":2},"3":{"ros_timestamp":"1695917949.1026812","wall_type":"front","a":0.0121219158,"b":-0.9999265671,"c":0.0000276852,"d":2.9275135994,"shortest_distance":2.4546383367,"num_points":350,"plane_center_x":-0.0394017845,"plane_center_y":2.9272859097,"plane_center_z":1.2628341913,"color_id":3},"4":{"ros_timestamp":"1695917949.1026812","wall_type":"back","a":0.0131053794,"b":-0.9999141693,"c":-0.0000197629,"d":-2.9247179031,"shortest_distance":3.397489225,"num_points":344,"plane_center_x":0.0243468694,"plane_center_y":-2.9246749878,"plane_center_z":1.2730710506,"color_id":4}}