{"0":{"ros_timestamp":"1695917949.2038558","wall_type":"floor","a":-0.0013978773,"b":-0.0000174396,"c":0.9999989867,"d":-0.0016266422,"shortest_distance":0.9981396905,"num_points":901,"plane_center_x":-0.1238449365,"plane_center_y":-0.1386134773,"plane_center_z":0.0014511063,"color_id":0},"1":{"ros_timestamp":"1695917949.2038558","wall_type":"left","a":0.9998972416,"b":0.0142852301,"c":0.0012115347,"d":1.3250745535,"shortest_distance":1.4759984449,"num_points":1502,"plane_center_x":-1.3190858364,"plane_center_y":-0.5229535103,"plane_center_z":1.0762976408,"color_id":1},"2":{"ros_timestamp":"1695917949.2038558","wall_type":"right","a":0.999904573,"b":0.0138126621,"c":-0.0000048616,"d":-1.3270956278,"shortest_distance":1.1776120936,"num_points":384,"plane_center_x":1.2944871187,"plane_center_y":2.3701245785,"plane_center_z":1.1670171022,"color_id":2},"3":{"ros_timestamp":"1695917949.2038558","wall_type":"front","a":0.0121219158,"b":-0.9999265671,"c":0.0000276852,"d":2.9275135994,"shortest_distance":2.4531277764,"num_points":350,"plane_center_x":-0.0394017845,"plane_center_y":2.9272859097,"plane_center_z":1.2628341913,"color_id":3},"4":{"ros_timestamp":"1695917949.2038558","wall_type":"back","a":0.0131053794,"b":-0.9999141693,"c":-0.0000197629,"d":-2.9247179031,"shortest_distance":3.3990044433,"num_points":344,"plane_center_x":0.0243468694,"plane_center_y":-2.9246749878,"plane_center_z":1.2730710506,"color_id":4}}