{"0":{"ros_timestamp":"1695917949.3780942","wall_type":"floor","a":-0.001374796,"b":-0.00002556,"c":0.9999990463,"d":-0.0016107761,"shortest_distance":0.9981615409,"num_points":907,"plane_center_x":-0.1206311882,"plane_center_y":-0.1526204795,"plane_center_z":0.0014410332,"color_id":0},"1":{"ros_timestamp":"1695917949.3780942","wall_type":"left","a":0.9999002814,"b":0.0140646128,"c":0.0012701459,"d":1.3248926401,"shortest_distance":1.4710219105,"num_points":1502,"plane_center_x":-1.3191127777,"plane_center_y":-0.5237004757,"plane_center_z":1.0763034821,"color_id":1},"2":{"ros_timestamp":"1695917949.3780942","wall_type":"right","a":0.999904573,"b":0.0138126621,"c":-0.0000048616,"d":-1.3270956278,"shortest_distance":1.1823611019,"num_points":384,"plane_center_x":1.2944871187,"plane_center_y":2.3701245785,"plane_center_z":1.1670171022,"color_id":2},"3":{"ros_timestamp":"1695917949.3780942","wall_type":"front","a":0.0121219158,"b":-0.9999265671,"c":0.0000276852,"d":2.9275135994,"shortest_distance":2.451664657,"num_points":350,"plane_center_x":-0.0394017845,"plane_center_y":2.9272859097,"plane_center_z":1.2628341913,"color_id":3},"4":{"ros_timestamp":"1695917949.3780942","wall_type":"back","a":0.0131053794,"b":-0.9999141693,"c":-0.0000197629,"d":-2.9247179031,"shortest_distance":3.4004722353,"num_points":344,"plane_center_x":0.0243468694,"plane_center_y":-2.9246749878,"plane_center_z":1.2730710506,"color_id":4}}