{"0":{"ros_timestamp":"1695917949.8782005","wall_type":"floor","a":-0.0013226884,"b":-0.0000390492,"c":0.9999991655,"d":-0.0015869149,"shortest_distance":0.9981987942,"num_points":920,"plane_center_x":-0.1105494797,"plane_center_y":-0.1825317144,"plane_center_z":0.0014335657,"color_id":0},"1":{"ros_timestamp":"1695917949.8782005","wall_type":"left","a":0.9999004602,"b":0.0140279373,"c":0.0014815278,"d":1.3246923685,"shortest_distance":1.4614752433,"num_points":1502,"plane_center_x":-1.3191899061,"plane_center_y":-0.5265583992,"plane_center_z":1.076282382,"color_id":1},"2":{"ros_timestamp":"1695917949.8782005","wall_type":"right","a":0.999904573,"b":0.0138126621,"c":-0.0000048616,"d":-1.3270956278,"shortest_distance":1.1919020637,"num_points":384,"plane_center_x":1.2944871187,"plane_center_y":2.3701245785,"plane_center_z":1.1670171022,"color_id":2},"3":{"ros_timestamp":"1695917949.8782005","wall_type":"front","a":0.0121219158,"b":-0.9999265671,"c":0.0000276852,"d":2.9275135994,"shortest_distance":2.4488813215,"num_points":350,"plane_center_x":-0.0394017845,"plane_center_y":2.9272859097,"plane_center_z":1.2628341913,"color_id":3},"4":{"ros_timestamp":"1695917949.8782005","wall_type":"back","a":0.0131053794,"b":-0.9999141693,"c":-0.0000197629,"d":-2.9247179031,"shortest_distance":3.403264958,"num_points":344,"plane_center_x":0.0243468694,"plane_center_y":-2.9246749878,"plane_center_z":1.2730710506,"color_id":4}}