{"0":{"ros_timestamp":"1695917886.9105825","wall_type":"floor","a":0.0017057493,"b":-0.0001881594,"c":0.9999985695,"d":-0.0005900738,"shortest_distance":0.999723842,"num_points":359,"plane_center_x":-0.0041503236,"plane_center_y":2.1865143776,"plane_center_z":0.001008568,"color_id":0},"1":{"ros_timestamp":"1695917886.9105825","wall_type":"left","a":0.9998880625,"b":0.0149603002,"c":-0.0001625463,"d":1.3200067282,"shortest_distance":1.4596453237,"num_points":326,"plane_center_x":-1.345757246,"plane_center_y":1.7232636213,"plane_center_z":1.1120150089,"color_id":1},"2":{"ros_timestamp":"1695917886.9105825","wall_type":"right","a":0.9998702407,"b":0.0156557411,"c":-0.0038065044,"d":-1.3257699013,"shortest_distance":1.1901080661,"num_points":397,"plane_center_x":1.2942074537,"plane_center_y":2.370382309,"plane_center_z":1.1298245192,"color_id":2}}