{"0":{"ros_timestamp":"1695917880.6172116","wall_type":"floor","a":0.0026596105,"b":0.0009008489,"c":0.9999960065,"d":-0.0036956687,"shortest_distance":0.9959080161,"num_points":215,"plane_center_x":0.0074408571,"plane_center_y":2.1341934204,"plane_center_z":0.0014606032,"color_id":0},"1":{"ros_timestamp":"1695917880.6172116","wall_type":"left","a":0.999851644,"b":0.0172219351,"c":-0.0002330303,"d":1.314209342,"shortest_distance":1.3352373513,"num_points":187,"plane_center_x":-1.3499898911,"plane_center_y":2.0812795162,"plane_center_z":1.1301523447,"color_id":1},"2":{"ros_timestamp":"1695917880.6172116","wall_type":"right","a":0.9998826981,"b":0.0148569215,"c":-0.0037239029,"d":-1.3240236044,"shortest_distance":1.305311787,"num_points":311,"plane_center_x":1.2953467369,"plane_center_y":2.2400274277,"plane_center_z":1.102730155,"color_id":2}}