{"0":{"ros_timestamp":"1695917950.101687","wall_type":"floor","a":-0.0012740544,"b":-0.000044438,"c":0.9999991655,"d":-0.0015880244,"shortest_distance":0.9982074834,"num_points":933,"plane_center_x":-0.1003585085,"plane_center_y":-0.2124911696,"plane_center_z":0.0014507207,"color_id":0},"1":{"ros_timestamp":"1695917950.101687","wall_type":"left","a":0.9998961687,"b":0.0142225875,"c":0.0023069922,"d":1.3235961199,"shortest_distance":1.4565068945,"num_points":1501,"plane_center_x":-1.3191597462,"plane_center_y":-0.5268058181,"plane_center_z":1.0769613981,"color_id":1},"2":{"ros_timestamp":"1695917950.101687","wall_type":"right","a":0.999904573,"b":0.0138126621,"c":-0.0000048616,"d":-1.3270956278,"shortest_distance":1.1966930631,"num_points":384,"plane_center_x":1.2944871187,"plane_center_y":2.3701245785,"plane_center_z":1.1670171022,"color_id":2},"3":{"ros_timestamp":"1695917950.101687","wall_type":"front","a":0.0121219158,"b":-0.9999265671,"c":0.0000276852,"d":2.9275135994,"shortest_distance":2.4475613838,"num_points":350,"plane_center_x":-0.0394017845,"plane_center_y":2.9272859097,"plane_center_z":1.2628341913,"color_id":3},"4":{"ros_timestamp":"1695917950.101687","wall_type":"back","a":0.0131053794,"b":-0.9999141693,"c":-0.0000197629,"d":-2.9247179031,"shortest_distance":3.4045896094,"num_points":344,"plane_center_x":0.0243468694,"plane_center_y":-2.9246749878,"plane_center_z":1.2730710506,"color_id":4}}