{"0":{"ros_timestamp":"1695917951.0984948","wall_type":"floor","a":-0.0011025314,"b":-0.0000924576,"c":0.999999404,"d":-0.0014920532,"shortest_distance":0.9983226792,"num_points":959,"plane_center_x":-0.0738930777,"plane_center_y":-0.2700478435,"plane_center_z":0.0013856166,"color_id":0},"1":{"ros_timestamp":"1695917951.0984948","wall_type":"left","a":0.9999004602,"b":0.0139547195,"c":0.00208439,"d":1.3240270615,"shortest_distance":1.4372978817,"num_points":1503,"plane_center_x":-1.3194630146,"plane_center_y":-0.5248934627,"plane_center_z":1.0754314661,"color_id":1},"2":{"ros_timestamp":"1695917951.0984948","wall_type":"right","a":0.9998609424,"b":0.0165395755,"c":0.0021123374,"d":-1.3357414007,"shortest_distance":1.221190354,"num_points":384,"plane_center_x":1.2944871187,"plane_center_y":2.3701245785,"plane_center_z":1.1670171022,"color_id":2},"3":{"ros_timestamp":"1695917951.0984948","wall_type":"front","a":0.0121219158,"b":-0.9999265671,"c":0.0000276852,"d":2.9275135994,"shortest_distance":2.4427628564,"num_points":350,"plane_center_x":-0.0394017845,"plane_center_y":2.9272859097,"plane_center_z":1.2628341913,"color_id":3},"4":{"ros_timestamp":"1695917951.0984948","wall_type":"back","a":0.0131053794,"b":-0.9999141693,"c":-0.0000197629,"d":-2.9247179031,"shortest_distance":3.4094071146,"num_points":344,"plane_center_x":0.0243468694,"plane_center_y":-2.9246749878,"plane_center_z":1.2730710506,"color_id":4}}