{"0":{"ros_timestamp":"1695917952.078337","wall_type":"floor","a":-0.0011705931,"b":-0.0000814148,"c":0.9999992847,"d":-0.0015247054,"shortest_distance":0.998310755,"num_points":983,"plane_center_x":-0.0488349944,"plane_center_y":-0.3196989894,"plane_center_z":0.0014415124,"color_id":0},"1":{"ros_timestamp":"1695917952.078337","wall_type":"left","a":0.9998989701,"b":0.0141841155,"c":0.0009351652,"d":1.3255529404,"shortest_distance":1.4183200677,"num_points":1503,"plane_center_x":-1.3192168474,"plane_center_y":-0.5270112157,"plane_center_z":1.0754570961,"color_id":1},"2":{"ros_timestamp":"1695917952.078337","wall_type":"right","a":0.999904573,"b":0.0138126621,"c":-0.0000048616,"d":-1.3270956278,"shortest_distance":1.235450015,"num_points":384,"plane_center_x":1.2944871187,"plane_center_y":2.3701245785,"plane_center_z":1.1670171022,"color_id":2},"3":{"ros_timestamp":"1695917952.078337","wall_type":"front","a":0.0121219158,"b":-0.9999265671,"c":0.0000276852,"d":2.9275135994,"shortest_distance":2.438739871,"num_points":350,"plane_center_x":-0.0394017845,"plane_center_y":2.9272859097,"plane_center_z":1.2628341913,"color_id":3},"4":{"ros_timestamp":"1695917952.078337","wall_type":"back","a":0.0131053794,"b":-0.9999141693,"c":-0.0000197629,"d":-2.9247179031,"shortest_distance":3.4134492518,"num_points":344,"plane_center_x":0.0243468694,"plane_center_y":-2.9246749878,"plane_center_z":1.2730710506,"color_id":4}}