{"0":{"ros_timestamp":"1695917953.007777","wall_type":"floor","a":-0.001092065,"b":-0.0001021863,"c":0.999999404,"d":-0.0014734278,"shortest_distance":0.9983850928,"num_points":995,"plane_center_x":-0.0361161642,"plane_center_y":-0.3422773778,"plane_center_z":0.0013990114,"color_id":0},"1":{"ros_timestamp":"1695917953.007777","wall_type":"left","a":0.999897778,"b":0.0141704781,"c":0.0019027339,"d":1.324416399,"shortest_distance":1.3936090625,"num_points":1503,"plane_center_x":-1.3194088936,"plane_center_y":-0.5340787768,"plane_center_z":1.0754218102,"color_id":1},"2":{"ros_timestamp":"1695917953.007777","wall_type":"right","a":0.9999343157,"b":0.0114614181,"c":0.0000547876,"d":-1.3216007948,"shortest_distance":1.2555907474,"num_points":406,"plane_center_x":1.2976130247,"plane_center_y":2.0947663784,"plane_center_z":1.1688038111,"color_id":2},"3":{"ros_timestamp":"1695917953.007777","wall_type":"front","a":0.0121219158,"b":-0.9999265671,"c":0.0000276852,"d":2.9275135994,"shortest_distance":2.4348114306,"num_points":350,"plane_center_x":-0.0394017845,"plane_center_y":2.9272859097,"plane_center_z":1.2628341913,"color_id":3},"4":{"ros_timestamp":"1695917953.007777","wall_type":"back","a":0.0131053794,"b":-0.9999141693,"c":-0.0000197629,"d":-2.9247179031,"shortest_distance":3.4174018297,"num_points":344,"plane_center_x":0.0243468694,"plane_center_y":-2.9246749878,"plane_center_z":1.2730710506,"color_id":4}}