{"0":{"ros_timestamp":"1695917953.3041637","wall_type":"floor","a":-0.0011024731,"b":-0.000099485,"c":0.9999993443,"d":-0.0014469337,"shortest_distance":0.9984176675,"num_points":1019,"plane_center_x":-0.0052384729,"plane_center_y":-0.3945347965,"plane_center_z":0.0014019092,"color_id":0},"1":{"ros_timestamp":"1695917953.3041637","wall_type":"left","a":0.999889791,"b":0.0138433157,"c":0.0053647589,"d":1.3192476034,"shortest_distance":1.3868109032,"num_points":1505,"plane_center_x":-1.3194248676,"plane_center_y":-0.5240284801,"plane_center_z":1.0739241838,"color_id":1},"2":{"ros_timestamp":"1695917953.3041637","wall_type":"right","a":0.9999271035,"b":0.0120709715,"c":0.000034143,"d":-1.3230191469,"shortest_distance":1.2616599784,"num_points":450,"plane_center_x":1.3033366203,"plane_center_y":1.6351242065,"plane_center_z":1.1717883348,"color_id":2},"3":{"ros_timestamp":"1695917953.3041637","wall_type":"front","a":0.0121219158,"b":-0.9999265671,"c":0.0000276852,"d":2.9275135994,"shortest_distance":2.4341732705,"num_points":350,"plane_center_x":-0.0394017845,"plane_center_y":2.9272859097,"plane_center_z":1.2628341913,"color_id":3},"4":{"ros_timestamp":"1695917953.3041637","wall_type":"back","a":0.0131053794,"b":-0.9999141693,"c":-0.0000197629,"d":-2.9247179031,"shortest_distance":3.4180448388,"num_points":344,"plane_center_x":0.0243468694,"plane_center_y":-2.9246749878,"plane_center_z":1.2730710506,"color_id":4}}