{"0":{"ros_timestamp":"1695917953.3853068","wall_type":"floor","a":-0.0011227769,"b":-0.0000944992,"c":0.9999993443,"d":-0.0014559192,"shortest_distance":0.9984099991,"num_points":1019,"plane_center_x":-0.0052493745,"plane_center_y":-0.3945255578,"plane_center_z":0.0014127439,"color_id":0},"1":{"ros_timestamp":"1695917953.3853068","wall_type":"left","a":0.9998897314,"b":0.0138411848,"c":0.005371335,"d":1.3192746639,"shortest_distance":1.3868435581,"num_points":1505,"plane_center_x":-1.3194929361,"plane_center_y":-0.5221678615,"plane_center_z":1.0739102364,"color_id":1},"2":{"ros_timestamp":"1695917953.3853068","wall_type":"right","a":0.9999310374,"b":0.0117420731,"c":0.0000414918,"d":-1.3222495317,"shortest_distance":1.2610452749,"num_points":450,"plane_center_x":1.3030864,"plane_center_y":1.6355165243,"plane_center_z":1.1717871428,"color_id":2},"3":{"ros_timestamp":"1695917953.3853068","wall_type":"front","a":0.0121219158,"b":-0.9999265671,"c":0.0000276852,"d":2.9275135994,"shortest_distance":2.4341732705,"num_points":350,"plane_center_x":-0.0394017845,"plane_center_y":2.9272859097,"plane_center_z":1.2628341913,"color_id":3},"4":{"ros_timestamp":"1695917953.3853068","wall_type":"back","a":0.0131053794,"b":-0.9999141693,"c":-0.0000197629,"d":-2.9247179031,"shortest_distance":3.4180448388,"num_points":344,"plane_center_x":0.0243468694,"plane_center_y":-2.9246749878,"plane_center_z":1.2730710506,"color_id":4}}