{"0":{"ros_timestamp":"1695917953.5784163","wall_type":"floor","a":-0.0011239287,"b":-0.0000819679,"c":0.9999993443,"d":-0.0015122964,"shortest_distance":0.9983652622,"num_points":1025,"plane_center_x":-0.0064697573,"plane_center_y":-0.3981886506,"plane_center_z":0.0014723871,"color_id":0},"1":{"ros_timestamp":"1695917953.5784163","wall_type":"left","a":0.9999022484,"b":0.0139385443,"c":0.0010822399,"d":1.3253957033,"shortest_distance":1.3837887817,"num_points":1502,"plane_center_x":-1.3195544481,"plane_center_y":-0.5227597952,"plane_center_z":1.0760452747,"color_id":1},"2":{"ros_timestamp":"1695917953.5784163","wall_type":"right","a":0.9999238253,"b":0.0123451017,"c":0.0000288831,"d":-1.3236694336,"shortest_distance":1.2671167118,"num_points":450,"plane_center_x":1.3035178185,"plane_center_y":1.6376575232,"plane_center_z":1.1717811823,"color_id":2},"3":{"ros_timestamp":"1695917953.5784163","wall_type":"front","a":0.0121219158,"b":-0.9999265671,"c":0.0000276852,"d":2.9275135994,"shortest_distance":2.4335844468,"num_points":350,"plane_center_x":-0.0394017845,"plane_center_y":2.9272859097,"plane_center_z":1.2628341913,"color_id":3},"4":{"ros_timestamp":"1695917953.5784163","wall_type":"back","a":0.0131053794,"b":-0.9999141693,"c":-0.0000197629,"d":-2.9247179031,"shortest_distance":3.4186385177,"num_points":344,"plane_center_x":0.0243468694,"plane_center_y":-2.9246749878,"plane_center_z":1.2730710506,"color_id":4}}