{"0":{"ros_timestamp":"1695917953.8896084","wall_type":"floor","a":-0.0012100958,"b":-0.0000614095,"c":0.9999992847,"d":-0.0015488912,"shortest_distance":0.9983463178,"num_points":1028,"plane_center_x":-0.0051679341,"plane_center_y":-0.4034119248,"plane_center_z":0.0015178652,"color_id":0},"1":{"ros_timestamp":"1695917953.8896084","wall_type":"left","a":0.9999042749,"b":0.0137571776,"c":0.0014784997,"d":1.3247584105,"shortest_distance":1.3735700551,"num_points":1502,"plane_center_x":-1.3195613623,"plane_center_y":-0.5239258409,"plane_center_z":1.076015234,"color_id":1},"2":{"ros_timestamp":"1695917953.8896084","wall_type":"right","a":0.9999239445,"b":0.0123349158,"c":0.0000862242,"d":-1.3237022161,"shortest_distance":1.2769867292,"num_points":472,"plane_center_x":1.3058611155,"plane_center_y":1.4462469816,"plane_center_z":1.1730213165,"color_id":2},"3":{"ros_timestamp":"1695917953.8896084","wall_type":"front","a":0.0121219158,"b":-0.9999265671,"c":0.0000276852,"d":2.9275135994,"shortest_distance":2.4325550391,"num_points":350,"plane_center_x":-0.0394017845,"plane_center_y":2.9272859097,"plane_center_z":1.2628341913,"color_id":3},"4":{"ros_timestamp":"1695917953.8896084","wall_type":"back","a":0.0131053794,"b":-0.9999141693,"c":-0.0000197629,"d":-2.9247179031,"shortest_distance":3.4196776519,"num_points":344,"plane_center_x":0.0243468694,"plane_center_y":-2.9246749878,"plane_center_z":1.2730710506,"color_id":4}}