{"0":{"ros_timestamp":"1695917954.3009198","wall_type":"floor","a":-0.0013662778,"b":-0.0000510889,"c":0.9999991059,"d":-0.0015306079,"shortest_distance":0.9983767,"num_points":1033,"plane_center_x":0.0119031463,"plane_center_y":-0.4137544334,"plane_center_z":0.0015257341,"color_id":0},"1":{"ros_timestamp":"1695917954.3009198","wall_type":"left","a":0.9998993874,"b":0.0138282487,"c":0.0031644714,"d":1.3223888874,"shortest_distance":1.363014587,"num_points":1506,"plane_center_x":-1.3192689419,"plane_center_y":-0.5309506655,"plane_center_z":1.0731636286,"color_id":1},"2":{"ros_timestamp":"1695917954.3009198","wall_type":"right","a":0.9999017119,"b":0.0140161114,"c":0.0000172358,"d":-1.327635169,"shortest_distance":1.2900633953,"num_points":515,"plane_center_x":1.311894536,"plane_center_y":1.1307957172,"plane_center_z":1.1731520891,"color_id":2},"3":{"ros_timestamp":"1695917954.3009198","wall_type":"front","a":0.0121219158,"b":-0.9999265671,"c":0.0000276852,"d":2.9275135994,"shortest_distance":2.4317236192,"num_points":350,"plane_center_x":-0.0394017845,"plane_center_y":2.9272859097,"plane_center_z":1.2628341913,"color_id":3},"4":{"ros_timestamp":"1695917954.3009198","wall_type":"back","a":0.0131053794,"b":-0.9999141693,"c":-0.0000197629,"d":-2.9247179031,"shortest_distance":3.4205188167,"num_points":344,"plane_center_x":0.0243468694,"plane_center_y":-2.9246749878,"plane_center_z":1.2730710506,"color_id":4}}