{"0":{"ros_timestamp":"1695917954.4782014","wall_type":"floor","a":-0.0012168736,"b":-0.0000711626,"c":0.9999992847,"d":-0.0015123071,"shortest_distance":0.9983958238,"num_points":1043,"plane_center_x":0.0135513833,"plane_center_y":-0.4262251854,"plane_center_z":0.0014984672,"color_id":0},"1":{"ros_timestamp":"1695917954.4782014","wall_type":"left","a":0.9998992085,"b":0.0141530968,"c":0.0011473343,"d":1.3254517317,"shortest_distance":1.3592622959,"num_points":1503,"plane_center_x":-1.3193563223,"plane_center_y":-0.5321109891,"plane_center_z":1.075274229,"color_id":1},"2":{"ros_timestamp":"1695917954.4782014","wall_type":"right","a":0.9999004006,"b":0.0141127007,"c":0.0000575948,"d":-1.3279203176,"shortest_distance":1.2952194671,"num_points":515,"plane_center_x":1.3119858503,"plane_center_y":1.1335593462,"plane_center_z":1.1731534004,"color_id":2},"3":{"ros_timestamp":"1695917954.4782014","wall_type":"front","a":0.0121219158,"b":-0.9999265671,"c":0.0000276852,"d":2.9275135994,"shortest_distance":2.4313822617,"num_points":350,"plane_center_x":-0.0394017845,"plane_center_y":2.9272859097,"plane_center_z":1.2628341913,"color_id":3},"4":{"ros_timestamp":"1695917954.4782014","wall_type":"back","a":0.0131053794,"b":-0.9999141693,"c":-0.0000197629,"d":-2.9247179031,"shortest_distance":3.4208650523,"num_points":344,"plane_center_x":0.0243468694,"plane_center_y":-2.9246749878,"plane_center_z":1.2730710506,"color_id":4}}