{"0":{"ros_timestamp":"1695917954.8922555","wall_type":"floor","a":-0.0013483533,"b":-0.000056409,"c":0.9999990463,"d":-0.001506155,"shortest_distance":0.9984124456,"num_points":1043,"plane_center_x":0.0157796629,"plane_center_y":-0.4312541783,"plane_center_z":0.0015031063,"color_id":0},"1":{"ros_timestamp":"1695917954.8922555","wall_type":"left","a":0.9998911023,"b":0.0137001462,"c":0.0054791551,"d":1.3189953566,"shortest_distance":1.3519500694,"num_points":1506,"plane_center_x":-1.3192788363,"plane_center_y":-0.5338131785,"plane_center_z":1.0731139183,"color_id":1},"2":{"ros_timestamp":"1695917954.8922555","wall_type":"right","a":0.9999158978,"b":0.0129640428,"c":0.0000697384,"d":-1.3251794577,"shortest_distance":1.2979992942,"num_points":536,"plane_center_x":1.312136054,"plane_center_y":1.0083305836,"plane_center_z":1.1721768379,"color_id":2},"3":{"ros_timestamp":"1695917954.8922555","wall_type":"front","a":0.0121219158,"b":-0.9999265671,"c":0.0000276852,"d":2.9275135994,"shortest_distance":2.4310905197,"num_points":350,"plane_center_x":-0.0394017845,"plane_center_y":2.9272859097,"plane_center_z":1.2628341913,"color_id":3},"4":{"ros_timestamp":"1695917954.8922555","wall_type":"back","a":0.0131053794,"b":-0.9999141693,"c":-0.0000197629,"d":-2.9247179031,"shortest_distance":3.4211616755,"num_points":344,"plane_center_x":0.0243468694,"plane_center_y":-2.9246749878,"plane_center_z":1.2730710506,"color_id":4}}