{"0":{"ros_timestamp":"1695917955.004992","wall_type":"floor","a":-0.0013118873,"b":-0.0000937312,"c":0.9999991059,"d":-0.0015712983,"shortest_distance":0.9983360633,"num_points":1046,"plane_center_x":0.0172494184,"plane_center_y":-0.4315612018,"plane_center_z":0.0015051769,"color_id":0},"1":{"ros_timestamp":"1695917955.004992","wall_type":"left","a":0.9999015331,"b":0.0136273252,"c":0.0033601453,"d":1.3220236301,"shortest_distance":1.3478579739,"num_points":1505,"plane_center_x":-1.3193286657,"plane_center_y":-0.532910049,"plane_center_z":1.0738158226,"color_id":1},"2":{"ros_timestamp":"1695917955.004992","wall_type":"right","a":0.999900043,"b":0.0141369319,"c":0.0000753861,"d":-1.3280098438,"shortest_distance":1.3052069504,"num_points":536,"plane_center_x":1.3137669563,"plane_center_y":1.0105383396,"plane_center_z":1.1721740961,"color_id":2},"3":{"ros_timestamp":"1695917955.004992","wall_type":"front","a":0.0121219158,"b":-0.9999265671,"c":0.0000276852,"d":2.9275135994,"shortest_distance":2.4308484224,"num_points":350,"plane_center_x":-0.0394017845,"plane_center_y":2.9272859097,"plane_center_z":1.2628341913,"color_id":3},"4":{"ros_timestamp":"1695917955.004992","wall_type":"back","a":0.0131053794,"b":-0.9999141693,"c":-0.0000197629,"d":-2.9247179031,"shortest_distance":3.4214086568,"num_points":344,"plane_center_x":0.0243468694,"plane_center_y":-2.9246749878,"plane_center_z":1.2730710506,"color_id":4}}