{"0":{"ros_timestamp":"1695917955.301508","wall_type":"floor","a":-0.0013543146,"b":-0.0000541045,"c":0.9999991059,"d":-0.0015371537,"shortest_distance":0.998395903,"num_points":1052,"plane_center_x":0.0253952239,"plane_center_y":-0.4377017319,"plane_center_z":0.0015478666,"color_id":0},"1":{"ros_timestamp":"1695917955.301508","wall_type":"left","a":0.9999031425,"b":0.0138722993,"c":0.0011288372,"d":1.3253941536,"shortest_distance":1.3441514599,"num_points":1504,"plane_center_x":-1.3194653988,"plane_center_y":-0.532684505,"plane_center_z":1.0745339394,"color_id":1},"2":{"ros_timestamp":"1695917955.301508","wall_type":"right","a":0.9999057055,"b":0.0137312086,"c":0.0001015312,"d":-1.3270987272,"shortest_distance":1.309438813,"num_points":556,"plane_center_x":1.3147981167,"plane_center_y":0.8962002397,"plane_center_z":1.1695957184,"color_id":2},"3":{"ros_timestamp":"1695917955.301508","wall_type":"front","a":0.0121219158,"b":-0.9999265671,"c":0.0000276852,"d":2.9275135994,"shortest_distance":2.4306559939,"num_points":350,"plane_center_x":-0.0394017845,"plane_center_y":2.9272859097,"plane_center_z":1.2628341913,"color_id":3},"4":{"ros_timestamp":"1695917955.301508","wall_type":"back","a":0.0131053794,"b":-0.9999141693,"c":-0.0000197629,"d":-2.9247179031,"shortest_distance":3.4216059713,"num_points":344,"plane_center_x":0.0243468694,"plane_center_y":-2.9246749878,"plane_center_z":1.2730710506,"color_id":4}}