{"0":{"ros_timestamp":"1695917955.4085238","wall_type":"floor","a":0.000130983,"b":0.0000776956,"c":1.0,"d":-0.0022532642,"shortest_distance":0.9977615099,"num_points":1099,"plane_center_x":-0.0214844272,"plane_center_y":-0.4474147856,"plane_center_z":0.0023350641,"color_id":0},"1":{"ros_timestamp":"1695917955.4085238","wall_type":"left","a":0.9999001026,"b":0.0141374581,"c":0.000153413,"d":1.3269168139,"shortest_distance":1.3398611106,"num_points":1461,"plane_center_x":-1.3197416067,"plane_center_y":-0.528857708,"plane_center_z":1.1055049896,"color_id":1},"2":{"ros_timestamp":"1695917955.4085238","wall_type":"right","a":0.9999178052,"b":0.0128220981,"c":0.0000834062,"d":-1.3248609304,"shortest_distance":1.3126403561,"num_points":556,"plane_center_x":1.3134175539,"plane_center_y":0.8932914138,"plane_center_z":1.1696207523,"color_id":2},"3":{"ros_timestamp":"1695917955.4085238","wall_type":"front","a":0.0121219158,"b":-0.9999265671,"c":0.0000276852,"d":2.9275135994,"shortest_distance":2.4305132535,"num_points":350,"plane_center_x":-0.0394017845,"plane_center_y":2.9272859097,"plane_center_z":1.2628341913,"color_id":3},"4":{"ros_timestamp":"1695917955.4085238","wall_type":"back","a":0.0131053794,"b":-0.9999141693,"c":-0.0000197629,"d":-2.9247179031,"shortest_distance":3.4217535995,"num_points":344,"plane_center_x":0.0243468694,"plane_center_y":-2.9246749878,"plane_center_z":1.2730710506,"color_id":4}}