{"0":{"ros_timestamp":"1695917955.8982172","wall_type":"floor","a":-0.001412934,"b":-0.0000414909,"c":0.9999990463,"d":-0.0015691287,"shortest_distance":0.9983905566,"num_points":1065,"plane_center_x":0.0312400889,"plane_center_y":-0.4570661485,"plane_center_z":0.0015943063,"color_id":0},"1":{"ros_timestamp":"1695917955.8982172","wall_type":"left","a":0.9999018908,"b":0.0139955226,"c":0.0005787835,"d":1.3262254,"shortest_distance":1.3295825982,"num_points":1504,"plane_center_x":-1.3195407391,"plane_center_y":-0.5290461779,"plane_center_z":1.0744838715,"color_id":1},"2":{"ros_timestamp":"1695917955.8982172","wall_type":"right","a":0.9999130964,"b":0.0131846778,"c":0.000080785,"d":-1.3257346153,"shortest_distance":1.3232785331,"num_points":577,"plane_center_x":1.3153389692,"plane_center_y":0.7899757028,"plane_center_z":1.1688747406,"color_id":2},"3":{"ros_timestamp":"1695917955.8982172","wall_type":"front","a":0.0121219158,"b":-0.9999265671,"c":0.0000276852,"d":2.9275135994,"shortest_distance":2.4303768892,"num_points":350,"plane_center_x":-0.0394017845,"plane_center_y":2.9272859097,"plane_center_z":1.2628341913,"color_id":3},"4":{"ros_timestamp":"1695917955.8982172","wall_type":"back","a":0.0131053794,"b":-0.9999141693,"c":-0.0000197629,"d":-2.9247179031,"shortest_distance":3.4218997423,"num_points":344,"plane_center_x":0.0243468694,"plane_center_y":-2.9246749878,"plane_center_z":1.2730710506,"color_id":4}}