{"0":{"ros_timestamp":"1695917955.9911048","wall_type":"floor","a":-0.001463781,"b":-0.000041503,"c":0.9999989271,"d":-0.0015509319,"shortest_distance":0.9984088867,"num_points":1064,"plane_center_x":0.0348349437,"plane_center_y":-0.4580317438,"plane_center_z":0.0015829147,"color_id":0},"1":{"ros_timestamp":"1695917955.9911048","wall_type":"left","a":0.9999049306,"b":0.0134323202,"c":0.0031121927,"d":1.3222885132,"shortest_distance":1.3278990611,"num_points":1506,"plane_center_x":-1.3194169998,"plane_center_y":-0.5301053524,"plane_center_z":1.0730673075,"color_id":1},"2":{"ros_timestamp":"1695917955.9911048","wall_type":"right","a":0.9998989105,"b":0.0142211951,"c":0.0001217224,"d":-1.3283447027,"shortest_distance":1.3253322897,"num_points":598,"plane_center_x":1.318431735,"plane_center_y":0.6964285374,"plane_center_z":1.1682652235,"color_id":2},"3":{"ros_timestamp":"1695917955.9911048","wall_type":"front","a":0.0121219158,"b":-0.9999265671,"c":0.0000276852,"d":2.9275135994,"shortest_distance":2.4303768892,"num_points":350,"plane_center_x":-0.0394017845,"plane_center_y":2.9272859097,"plane_center_z":1.2628341913,"color_id":3},"4":{"ros_timestamp":"1695917955.9911048","wall_type":"back","a":0.0131053794,"b":-0.9999141693,"c":-0.0000197629,"d":-2.9247179031,"shortest_distance":3.4218997423,"num_points":344,"plane_center_x":0.0243468694,"plane_center_y":-2.9246749878,"plane_center_z":1.2730710506,"color_id":4}}