{"0":{"ros_timestamp":"1695917956.6038668","wall_type":"floor","a":-0.0015356287,"b":-0.0000266654,"c":0.9999988675,"d":-0.0016027857,"shortest_distance":0.9983875087,"num_points":1066,"plane_center_x":0.0361300297,"plane_center_y":-0.4579205513,"plane_center_z":0.0016460592,"color_id":0},"1":{"ros_timestamp":"1695917956.6038668","wall_type":"left","a":0.9998962879,"b":0.0142477136,"c":0.0021422403,"d":1.3241169453,"shortest_distance":1.3142490354,"num_points":1509,"plane_center_x":-1.3193092346,"plane_center_y":-0.542617023,"plane_center_z":1.0708816051,"color_id":1},"2":{"ros_timestamp":"1695917956.6038668","wall_type":"right","a":0.999915719,"b":0.0129761836,"c":0.0000692532,"d":-1.3252240419,"shortest_distance":1.3377969554,"num_points":618,"plane_center_x":1.3171077967,"plane_center_y":0.6278145313,"plane_center_z":1.1628301144,"color_id":2},"3":{"ros_timestamp":"1695917956.6038668","wall_type":"front","a":0.0121219158,"b":-0.9999265671,"c":0.0000276852,"d":2.9275135994,"shortest_distance":2.4305451988,"num_points":350,"plane_center_x":-0.0394017845,"plane_center_y":2.9272859097,"plane_center_z":1.2628341913,"color_id":3},"4":{"ros_timestamp":"1695917956.6038668","wall_type":"back","a":0.0131053794,"b":-0.9999141693,"c":-0.0000197629,"d":-2.9247179031,"shortest_distance":3.4217461009,"num_points":344,"plane_center_x":0.0243468694,"plane_center_y":-2.9246749878,"plane_center_z":1.2730710506,"color_id":4}}