{"0":{"ros_timestamp":"1695917957.0188968","wall_type":"floor","a":-0.0014827554,"b":-0.0000335659,"c":0.9999989271,"d":-0.0015916454,"shortest_distance":0.9984090332,"num_points":1066,"plane_center_x":0.0340347737,"plane_center_y":-0.4571203887,"plane_center_z":0.0016267687,"color_id":0},"1":{"ros_timestamp":"1695917957.0188968","wall_type":"left","a":0.9998968244,"b":0.0141909523,"c":0.0022274104,"d":1.3239978552,"shortest_distance":1.3042496714,"num_points":1509,"plane_center_x":-1.3194396496,"plane_center_y":-0.5362534523,"plane_center_z":1.0708007812,"color_id":1},"2":{"ros_timestamp":"1695917957.0188968","wall_type":"right","a":0.9999228716,"b":0.0124202603,"c":0.0000569437,"d":-1.3238457441,"shortest_distance":1.3466439142,"num_points":618,"plane_center_x":1.3160229921,"plane_center_y":0.6326810718,"plane_center_z":1.1628280878,"color_id":2},"3":{"ros_timestamp":"1695917957.0188968","wall_type":"front","a":0.0121219158,"b":-0.9999265671,"c":0.0000276852,"d":2.9275135994,"shortest_distance":2.4309059104,"num_points":350,"plane_center_x":-0.0394017845,"plane_center_y":2.9272859097,"plane_center_z":1.2628341913,"color_id":3},"4":{"ros_timestamp":"1695917957.0188968","wall_type":"back","a":0.0131053794,"b":-0.9999141693,"c":-0.0000197629,"d":-2.9247179031,"shortest_distance":3.4213951625,"num_points":344,"plane_center_x":0.0243468694,"plane_center_y":-2.9246749878,"plane_center_z":1.2730710506,"color_id":4}}