{"0":{"ros_timestamp":"1695917957.096551","wall_type":"floor","a":-0.001575246,"b":-0.0000191492,"c":0.9999988079,"d":-0.0016237899,"shortest_distance":0.9983865872,"num_points":1067,"plane_center_x":0.0370303616,"plane_center_y":-0.4582610428,"plane_center_z":0.0016733484,"color_id":0},"1":{"ros_timestamp":"1695917957.096551","wall_type":"left","a":0.9999019504,"b":0.0139923096,"c":0.0006655941,"d":1.3261321783,"shortest_distance":1.3047233899,"num_points":1509,"plane_center_x":-1.3194166422,"plane_center_y":-0.5360226631,"plane_center_z":1.0707931519,"color_id":1},"2":{"ros_timestamp":"1695917957.096551","wall_type":"right","a":0.9999063611,"b":0.0136821838,"c":0.0002445341,"d":-1.3272508383,"shortest_distance":1.3492346407,"num_points":637,"plane_center_x":1.3195108175,"plane_center_y":0.5540010929,"plane_center_z":1.1595337391,"color_id":2},"3":{"ros_timestamp":"1695917957.096551","wall_type":"front","a":0.0121219158,"b":-0.9999265671,"c":0.0000276852,"d":2.9275135994,"shortest_distance":2.4309059104,"num_points":350,"plane_center_x":-0.0394017845,"plane_center_y":2.9272859097,"plane_center_z":1.2628341913,"color_id":3},"4":{"ros_timestamp":"1695917957.096551","wall_type":"back","a":0.0131053794,"b":-0.9999141693,"c":-0.0000197629,"d":-2.9247179031,"shortest_distance":3.4213951625,"num_points":344,"plane_center_x":0.0243468694,"plane_center_y":-2.9246749878,"plane_center_z":1.2730710506,"color_id":4}}