{"0":{"ros_timestamp":"1695917957.6785228","wall_type":"floor","a":-0.0015158409,"b":-0.0000304283,"c":0.9999988675,"d":-0.0015975988,"shortest_distance":0.9984281281,"num_points":1074,"plane_center_x":0.0459111445,"plane_center_y":-0.4660769105,"plane_center_z":0.0016530127,"color_id":0},"1":{"ros_timestamp":"1695917957.6785228","wall_type":"left","a":0.9999027252,"b":0.0139414538,"c":0.0004749302,"d":1.326384306,"shortest_distance":1.2898715448,"num_points":1510,"plane_center_x":-1.3193436861,"plane_center_y":-0.5412082076,"plane_center_z":1.0700521469,"color_id":1},"2":{"ros_timestamp":"1695917957.6785228","wall_type":"right","a":0.9999166131,"b":0.0129142534,"c":0.0000873435,"d":-1.3251187801,"shortest_distance":1.3625283798,"num_points":660,"plane_center_x":1.3189629316,"plane_center_y":0.4773549736,"plane_center_z":1.1591216326,"color_id":2},"3":{"ros_timestamp":"1695917957.6785228","wall_type":"front","a":0.0121219158,"b":-0.9999265671,"c":0.0000276852,"d":2.9275135994,"shortest_distance":2.4318193751,"num_points":350,"plane_center_x":-0.0394017845,"plane_center_y":2.9272859097,"plane_center_z":1.2628341913,"color_id":3},"4":{"ros_timestamp":"1695917957.6785228","wall_type":"back","a":0.0131053794,"b":-0.9999141693,"c":-0.0000197629,"d":-2.9247179031,"shortest_distance":3.4204963397,"num_points":344,"plane_center_x":0.0243468694,"plane_center_y":-2.9246749878,"plane_center_z":1.2730710506,"color_id":4}}