{"0":{"ros_timestamp":"1695917958.178413","wall_type":"floor","a":-0.0014916749,"b":-0.0000238255,"c":0.9999989271,"d":-0.0016125091,"shortest_distance":0.9984302469,"num_points":1080,"plane_center_x":0.045832932,"plane_center_y":-0.4754425585,"plane_center_z":0.001669551,"color_id":0},"1":{"ros_timestamp":"1695917958.178413","wall_type":"left","a":0.9998976588,"b":0.0141756162,"c":0.0019224156,"d":1.3244860172,"shortest_distance":1.2796290237,"num_points":1506,"plane_center_x":-1.3193657398,"plane_center_y":-0.539192915,"plane_center_z":1.0727506876,"color_id":1},"2":{"ros_timestamp":"1695917958.178413","wall_type":"right","a":0.9999225736,"b":0.0124491667,"c":0.000055945,"d":-1.3239156008,"shortest_distance":1.3714935787,"num_points":680,"plane_center_x":1.3186362982,"plane_center_y":0.4270710647,"plane_center_z":1.1544587612,"color_id":2},"3":{"ros_timestamp":"1695917958.178413","wall_type":"front","a":0.0121219158,"b":-0.9999265671,"c":0.0000276852,"d":2.9275135994,"shortest_distance":2.4326762612,"num_points":350,"plane_center_x":-0.0394017845,"plane_center_y":2.9272859097,"plane_center_z":1.2628341913,"color_id":3},"4":{"ros_timestamp":"1695917958.178413","wall_type":"back","a":0.0131053794,"b":-0.9999141693,"c":-0.0000197629,"d":-2.9247179031,"shortest_distance":3.4196491973,"num_points":344,"plane_center_x":0.0243468694,"plane_center_y":-2.9246749878,"plane_center_z":1.2730710506,"color_id":4}}