{"0":{"ros_timestamp":"1695917958.303508","wall_type":"floor","a":-0.0015306709,"b":-0.0000261912,"c":0.9999988675,"d":-0.0016030885,"shortest_distance":0.9984481128,"num_points":1078,"plane_center_x":0.0478780232,"plane_center_y":-0.4718568921,"plane_center_z":0.0016640173,"color_id":0},"1":{"ros_timestamp":"1695917958.303508","wall_type":"left","a":0.9999010563,"b":0.0140231978,"c":0.0011831619,"d":1.3254407644,"shortest_distance":1.2748217715,"num_points":1508,"plane_center_x":-1.3193358183,"plane_center_y":-0.5400736928,"plane_center_z":1.0713490248,"color_id":1},"2":{"ros_timestamp":"1695917958.303508","wall_type":"right","a":0.9999074936,"b":0.0136032645,"c":0.0001798035,"d":-1.326974988,"shortest_distance":1.3788048453,"num_points":680,"plane_center_x":1.3210481405,"plane_center_y":0.4294189811,"plane_center_z":1.1544603109,"color_id":2},"3":{"ros_timestamp":"1695917958.303508","wall_type":"front","a":0.0121219158,"b":-0.9999265671,"c":0.0000276852,"d":2.9275135994,"shortest_distance":2.433178956,"num_points":350,"plane_center_x":-0.0394017845,"plane_center_y":2.9272859097,"plane_center_z":1.2628341913,"color_id":3},"4":{"ros_timestamp":"1695917958.303508","wall_type":"back","a":0.0131053794,"b":-0.9999141693,"c":-0.0000197629,"d":-2.9247179031,"shortest_distance":3.4191513675,"num_points":344,"plane_center_x":0.0243468694,"plane_center_y":-2.9246749878,"plane_center_z":1.2730710506,"color_id":4}}