{"0":{"ros_timestamp":"1695917959.178276","wall_type":"floor","a":-0.0015434645,"b":-0.0000284387,"c":0.9999988079,"d":-0.0015954188,"shortest_distance":0.9984858814,"num_points":1084,"plane_center_x":0.0487718694,"plane_center_y":-0.4798765779,"plane_center_z":0.0016570514,"color_id":0},"1":{"ros_timestamp":"1695917959.178276","wall_type":"left","a":0.9999042749,"b":0.0137952734,"c":0.000987722,"d":1.32563591,"shortest_distance":1.2549777972,"num_points":1506,"plane_center_x":-1.3194741011,"plane_center_y":-0.5389462709,"plane_center_z":1.0727370977,"color_id":1},"2":{"ros_timestamp":"1695917959.178276","wall_type":"right","a":0.9998973608,"b":0.0141154611,"c":0.002461385,"d":-1.3290442228,"shortest_distance":1.3980710447,"num_points":698,"plane_center_x":1.3221081495,"plane_center_y":0.3720157146,"plane_center_z":1.1533958912,"color_id":2},"3":{"ros_timestamp":"1695917959.178276","wall_type":"front","a":0.0121219158,"b":-0.9999265671,"c":0.0000276852,"d":2.9275135994,"shortest_distance":2.4356835164,"num_points":350,"plane_center_x":-0.0394017845,"plane_center_y":2.9272859097,"plane_center_z":1.2628341913,"color_id":3},"4":{"ros_timestamp":"1695917959.178276","wall_type":"back","a":0.0131053794,"b":-0.9999141693,"c":-0.0000197629,"d":-2.9247179031,"shortest_distance":3.4166662106,"num_points":344,"plane_center_x":0.0243468694,"plane_center_y":-2.9246749878,"plane_center_z":1.2730710506,"color_id":4}}