{"0":{"ros_timestamp":"1695917959.2783387","wall_type":"floor","a":-0.0015416277,"b":-0.0000296528,"c":0.9999988079,"d":-0.0015909615,"shortest_distance":0.9984896014,"num_points":1083,"plane_center_x":0.0501054339,"plane_center_y":-0.4784400463,"plane_center_z":0.0016540203,"color_id":0},"1":{"ros_timestamp":"1695917959.2783387","wall_type":"left","a":0.9999043941,"b":0.0137946969,"c":0.0009940114,"d":1.3256283998,"shortest_distance":1.2549761365,"num_points":1507,"plane_center_x":-1.319422245,"plane_center_y":-0.5401805043,"plane_center_z":1.0720137358,"color_id":1},"2":{"ros_timestamp":"1695917959.2783387","wall_type":"right","a":0.9999181628,"b":0.0127959549,"c":0.0001160982,"d":-1.3248802423,"shortest_distance":1.3969016954,"num_points":698,"plane_center_x":1.3200844526,"plane_center_y":0.3727635145,"plane_center_z":1.1534065008,"color_id":2},"3":{"ros_timestamp":"1695917959.2783387","wall_type":"front","a":0.0121219158,"b":-0.9999265671,"c":0.0000276852,"d":2.9275135994,"shortest_distance":2.4356835164,"num_points":350,"plane_center_x":-0.0394017845,"plane_center_y":2.9272859097,"plane_center_z":1.2628341913,"color_id":3},"4":{"ros_timestamp":"1695917959.2783387","wall_type":"back","a":0.0131053794,"b":-0.9999141693,"c":-0.0000197629,"d":-2.9247179031,"shortest_distance":3.4166662106,"num_points":344,"plane_center_x":0.0243468694,"plane_center_y":-2.9246749878,"plane_center_z":1.2730710506,"color_id":4}}