{"0":{"ros_timestamp":"1695917959.4151523","wall_type":"floor","a":-0.0015418403,"b":-0.0000298942,"c":0.9999988079,"d":-0.0015896686,"shortest_distance":0.9984983797,"num_points":1083,"plane_center_x":0.0501767807,"plane_center_y":-0.4784553647,"plane_center_z":0.0016527321,"color_id":0},"1":{"ros_timestamp":"1695917959.4151523","wall_type":"left","a":0.9999051094,"b":0.0137258386,"c":0.0012245661,"d":1.3252621889,"shortest_distance":1.2498905207,"num_points":1507,"plane_center_x":-1.3194217682,"plane_center_y":-0.540291369,"plane_center_z":1.0720096827,"color_id":1},"2":{"ros_timestamp":"1695917959.4151523","wall_type":"right","a":0.99992311,"b":0.0123979226,"c":0.0000466204,"d":-1.3237732649,"shortest_distance":1.4009751727,"num_points":698,"plane_center_x":1.3191965818,"plane_center_y":0.3729924858,"plane_center_z":1.153411746,"color_id":2},"3":{"ros_timestamp":"1695917959.4151523","wall_type":"front","a":0.0121219158,"b":-0.9999265671,"c":0.0000276852,"d":2.9275135994,"shortest_distance":2.4364327888,"num_points":350,"plane_center_x":-0.0394017845,"plane_center_y":2.9272859097,"plane_center_z":1.2628341913,"color_id":3},"4":{"ros_timestamp":"1695917959.4151523","wall_type":"back","a":0.0131053794,"b":-0.9999141693,"c":-0.0000197629,"d":-2.9247179031,"shortest_distance":3.4159217726,"num_points":344,"plane_center_x":0.0243468694,"plane_center_y":-2.9246749878,"plane_center_z":1.2730710506,"color_id":4}}