{"0":{"ros_timestamp":"1695917959.6127892","wall_type":"floor","a":-0.0015212229,"b":-0.0000329465,"c":0.9999988079,"d":-0.0015897641,"shortest_distance":0.9985025793,"num_points":1087,"plane_center_x":0.0510611795,"plane_center_y":-0.4838309586,"plane_center_z":0.0016515011,"color_id":0},"1":{"ros_timestamp":"1695917959.6127892","wall_type":"left","a":0.9999065995,"b":0.0135344155,"c":0.0019125675,"d":1.3241947889,"shortest_distance":1.2445089613,"num_points":1506,"plane_center_x":-1.319460392,"plane_center_y":-0.539317131,"plane_center_z":1.0727080107,"color_id":1},"2":{"ros_timestamp":"1695917959.6127892","wall_type":"right","a":0.9999180436,"b":0.0128060207,"c":0.0000864824,"d":-1.3248941898,"shortest_distance":1.406763358,"num_points":720,"plane_center_x":1.3207865953,"plane_center_y":0.3214249313,"plane_center_z":1.1519697905,"color_id":2},"3":{"ros_timestamp":"1695917959.6127892","wall_type":"front","a":0.0121219158,"b":-0.9999265671,"c":0.0000276852,"d":2.9275135994,"shortest_distance":2.4372311716,"num_points":350,"plane_center_x":-0.0394017845,"plane_center_y":2.9272859097,"plane_center_z":1.2628341913,"color_id":3},"4":{"ros_timestamp":"1695917959.6127892","wall_type":"back","a":0.0131053794,"b":-0.9999141693,"c":-0.0000197629,"d":-2.9247179031,"shortest_distance":3.4151282165,"num_points":344,"plane_center_x":0.0243468694,"plane_center_y":-2.9246749878,"plane_center_z":1.2730710506,"color_id":4}}