{"0":{"ros_timestamp":"1695917959.7114093","wall_type":"floor","a":-0.0015068215,"b":-0.0000331127,"c":0.9999988079,"d":-0.0015897627,"shortest_distance":0.9985012505,"num_points":1088,"plane_center_x":0.0523501076,"plane_center_y":-0.4850665331,"plane_center_z":0.0016525852,"color_id":0},"1":{"ros_timestamp":"1695917959.7114093","wall_type":"left","a":0.999894917,"b":0.0141613148,"c":0.0030939116,"d":1.3228687048,"shortest_distance":1.2446720034,"num_points":1506,"plane_center_x":-1.3194725513,"plane_center_y":-0.5394782424,"plane_center_z":1.0727130175,"color_id":1},"2":{"ros_timestamp":"1695917959.7114093","wall_type":"right","a":0.9999061227,"b":0.0136989783,"c":0.0002118025,"d":-1.3273311853,"shortest_distance":1.4086371762,"num_points":720,"plane_center_x":1.3227796555,"plane_center_y":0.3235066235,"plane_center_z":1.151976347,"color_id":2},"3":{"ros_timestamp":"1695917959.7114093","wall_type":"front","a":0.0121219158,"b":-0.9999265671,"c":0.0000276852,"d":2.9275135994,"shortest_distance":2.4372311716,"num_points":350,"plane_center_x":-0.0394017845,"plane_center_y":2.9272859097,"plane_center_z":1.2628341913,"color_id":3},"4":{"ros_timestamp":"1695917959.7114093","wall_type":"back","a":0.0131053794,"b":-0.9999141693,"c":-0.0000197629,"d":-2.9247179031,"shortest_distance":3.4151282165,"num_points":344,"plane_center_x":0.0243468694,"plane_center_y":-2.9246749878,"plane_center_z":1.2730710506,"color_id":4}}