{"0":{"ros_timestamp":"1695917959.9134579","wall_type":"floor","a":-0.0015300837,"b":-0.0000276529,"c":0.9999988079,"d":-0.0016046591,"shortest_distance":0.9984985473,"num_points":1088,"plane_center_x":0.0547587164,"plane_center_y":-0.4842600524,"plane_center_z":0.0016750554,"color_id":0},"1":{"ros_timestamp":"1695917959.9134579","wall_type":"left","a":0.99990201,"b":0.0139633892,"c":0.0009478508,"d":1.3258310556,"shortest_distance":1.2404904612,"num_points":1507,"plane_center_x":-1.3194230795,"plane_center_y":-0.5409435034,"plane_center_z":1.071993947,"color_id":1},"2":{"ros_timestamp":"1695917959.9134579","wall_type":"right","a":0.9999059439,"b":0.0137150558,"c":0.0002293273,"d":-1.3274008036,"shortest_distance":1.4135815715,"num_points":720,"plane_center_x":1.3227784634,"plane_center_y":0.3268383741,"plane_center_z":1.1519736052,"color_id":2},"3":{"ros_timestamp":"1695917959.9134579","wall_type":"front","a":0.0121219158,"b":-0.9999265671,"c":0.0000276852,"d":2.9275135994,"shortest_distance":2.438078585,"num_points":350,"plane_center_x":-0.0394017845,"plane_center_y":2.9272859097,"plane_center_z":1.2628341913,"color_id":3},"4":{"ros_timestamp":"1695917959.9134579","wall_type":"back","a":0.0131053794,"b":-0.9999141693,"c":-0.0000197629,"d":-2.9247179031,"shortest_distance":3.4142856218,"num_points":344,"plane_center_x":0.0243468694,"plane_center_y":-2.9246749878,"plane_center_z":1.2730710506,"color_id":4}}