{"0":{"ros_timestamp":"1695917960.4787729","wall_type":"floor","a":-0.0014598165,"b":-0.000039038,"c":0.9999989271,"d":-0.001575809,"shortest_distance":0.9985368401,"num_points":1099,"plane_center_x":0.0543907657,"plane_center_y":-0.5002315044,"plane_center_z":0.0016356832,"color_id":0},"1":{"ros_timestamp":"1695917960.4787729","wall_type":"left","a":0.9999040365,"b":0.0138480049,"c":0.0004314266,"d":1.3265066147,"shortest_distance":1.2259456742,"num_points":1504,"plane_center_x":-1.3195685148,"plane_center_y":-0.5369938612,"plane_center_z":1.0741249323,"color_id":1},"2":{"ros_timestamp":"1695917960.4787729","wall_type":"right","a":0.9999232292,"b":0.0123918885,"c":0.000046968,"d":-1.3237594366,"shortest_distance":1.4254135898,"num_points":739,"plane_center_x":1.3201571703,"plane_center_y":0.2945140302,"plane_center_z":1.1494300365,"color_id":2},"3":{"ros_timestamp":"1695917960.4787729","wall_type":"front","a":0.0121219158,"b":-0.9999265671,"c":0.0000276852,"d":2.9275135994,"shortest_distance":2.4409141368,"num_points":350,"plane_center_x":-0.0394017845,"plane_center_y":2.9272859097,"plane_center_z":1.2628341913,"color_id":3},"4":{"ros_timestamp":"1695917960.4787729","wall_type":"back","a":0.0131053794,"b":-0.9999141693,"c":-0.0000197629,"d":-2.9247179031,"shortest_distance":3.4114644728,"num_points":344,"plane_center_x":0.0243468694,"plane_center_y":-2.9246749878,"plane_center_z":1.2730710506,"color_id":4}}