{"0":{"ros_timestamp":"1695917960.5940106","wall_type":"floor","a":-0.0014439798,"b":-0.0000438103,"c":0.9999989271,"d":-0.0015644404,"shortest_distance":0.9985442091,"num_points":1098,"plane_center_x":0.0560804345,"plane_center_y":-0.4986342192,"plane_center_z":0.0016235758,"color_id":0},"1":{"ros_timestamp":"1695917960.5940106","wall_type":"left","a":0.9999014139,"b":0.0139985932,"c":0.0011033864,"d":1.3256281614,"shortest_distance":1.2258125482,"num_points":1505,"plane_center_x":-1.3195205927,"plane_center_y":-0.5380103588,"plane_center_z":1.0734112263,"color_id":1},"2":{"ros_timestamp":"1695917960.5940106","wall_type":"right","a":0.9999090433,"b":0.0134856654,"c":0.0001731758,"d":-1.3267365694,"shortest_distance":1.4277321443,"num_points":739,"plane_center_x":1.3226878643,"plane_center_y":0.2943811417,"plane_center_z":1.149438262,"color_id":2},"3":{"ros_timestamp":"1695917960.5940106","wall_type":"front","a":0.0121219158,"b":-0.9999265671,"c":0.0000276852,"d":2.9275135994,"shortest_distance":2.4409141368,"num_points":350,"plane_center_x":-0.0394017845,"plane_center_y":2.9272859097,"plane_center_z":1.2628341913,"color_id":3},"4":{"ros_timestamp":"1695917960.5940106","wall_type":"back","a":0.0131053794,"b":-0.9999141693,"c":-0.0000197629,"d":-2.9247179031,"shortest_distance":3.4114644728,"num_points":344,"plane_center_x":0.0243468694,"plane_center_y":-2.9246749878,"plane_center_z":1.2730710506,"color_id":4}}