{"0":{"ros_timestamp":"1695917960.678355","wall_type":"floor","a":-0.0014490826,"b":-0.0000428644,"c":0.9999989271,"d":-0.001567192,"shortest_distance":0.9985495315,"num_points":1099,"plane_center_x":0.0548932515,"plane_center_y":-0.5000283122,"plane_center_z":0.0016253052,"color_id":0},"1":{"ros_timestamp":"1695917960.678355","wall_type":"left","a":0.9999037385,"b":0.0138621116,"c":0.0005064033,"d":1.3264064789,"shortest_distance":1.2210645707,"num_points":1504,"plane_center_x":-1.3195685148,"plane_center_y":-0.5369938612,"plane_center_z":1.0741249323,"color_id":1},"2":{"ros_timestamp":"1695917960.678355","wall_type":"right","a":0.9999188781,"b":0.0127360392,"c":0.0000594045,"d":-1.3246588707,"shortest_distance":1.4309948575,"num_points":739,"plane_center_x":1.3209452629,"plane_center_y":0.2946307957,"plane_center_z":1.1494469643,"color_id":2},"3":{"ros_timestamp":"1695917960.678355","wall_type":"front","a":0.0121219158,"b":-0.9999265671,"c":0.0000276852,"d":2.9275135994,"shortest_distance":2.4419567763,"num_points":350,"plane_center_x":-0.0394017845,"plane_center_y":2.9272859097,"plane_center_z":1.2628341913,"color_id":3},"4":{"ros_timestamp":"1695917960.678355","wall_type":"back","a":0.0131053794,"b":-0.9999141693,"c":-0.0000197629,"d":-2.9247179031,"shortest_distance":3.4104266149,"num_points":344,"plane_center_x":0.0243468694,"plane_center_y":-2.9246749878,"plane_center_z":1.2730710506,"color_id":4}}