{"0":{"ros_timestamp":"1695917961.4057422","wall_type":"floor","a":-0.0015417755,"b":-0.0000260873,"c":0.9999988675,"d":-0.00160271,"shortest_distance":0.9985548454,"num_points":1105,"plane_center_x":0.0585711785,"plane_center_y":-0.5073708296,"plane_center_z":0.0016797795,"color_id":0},"1":{"ros_timestamp":"1695917961.4057422","wall_type":"left","a":0.9999046326,"b":0.0137817878,"c":0.0008140338,"d":1.3259226084,"shortest_distance":1.2063263527,"num_points":1504,"plane_center_x":-1.3195685148,"plane_center_y":-0.5369938612,"plane_center_z":1.0741249323,"color_id":1},"2":{"ros_timestamp":"1695917961.4057422","wall_type":"right","a":0.9999073744,"b":0.0136032766,"c":0.0002851792,"d":-1.3272564411,"shortest_distance":1.4474678469,"num_points":757,"plane_center_x":1.3236304522,"plane_center_y":0.2514779568,"plane_center_z":1.1487059593,"color_id":2},"3":{"ros_timestamp":"1695917961.4057422","wall_type":"front","a":0.0121219158,"b":-0.9999265671,"c":0.0000276852,"d":2.9275135994,"shortest_distance":2.4453756015,"num_points":350,"plane_center_x":-0.0394017845,"plane_center_y":2.9272859097,"plane_center_z":1.2628341913,"color_id":3},"4":{"ros_timestamp":"1695917961.4057422","wall_type":"back","a":0.0131053794,"b":-0.9999141693,"c":-0.0000197629,"d":-2.9247179031,"shortest_distance":3.4070220698,"num_points":344,"plane_center_x":0.0243468694,"plane_center_y":-2.9246749878,"plane_center_z":1.2730710506,"color_id":4}}