{"0":{"ros_timestamp":"1695917961.4929917","wall_type":"floor","a":-0.0015602261,"b":-0.0000246415,"c":0.9999988675,"d":-0.0016076948,"shortest_distance":0.9985528711,"num_points":1105,"plane_center_x":0.0581745282,"plane_center_y":-0.5074577928,"plane_center_z":0.0016859575,"color_id":0},"1":{"ros_timestamp":"1695917961.4929917","wall_type":"left","a":0.9999046326,"b":0.0137817878,"c":0.0008140338,"d":1.3259226084,"shortest_distance":1.2063263527,"num_points":1504,"plane_center_x":-1.3195685148,"plane_center_y":-0.5369938612,"plane_center_z":1.0741249323,"color_id":1},"2":{"ros_timestamp":"1695917961.4929917","wall_type":"right","a":0.9999230504,"b":0.0124061918,"c":0.0000478346,"d":-1.3238042593,"shortest_distance":1.4448302897,"num_points":757,"plane_center_x":1.3207241297,"plane_center_y":0.252037704,"plane_center_z":1.1487013102,"color_id":2},"3":{"ros_timestamp":"1695917961.4929917","wall_type":"front","a":0.0121219158,"b":-0.9999265671,"c":0.0000276852,"d":2.9275135994,"shortest_distance":2.4453756015,"num_points":350,"plane_center_x":-0.0394017845,"plane_center_y":2.9272859097,"plane_center_z":1.2628341913,"color_id":3},"4":{"ros_timestamp":"1695917961.4929917","wall_type":"back","a":0.0131053794,"b":-0.9999141693,"c":-0.0000197629,"d":-2.9247179031,"shortest_distance":3.4070220698,"num_points":344,"plane_center_x":0.0243468694,"plane_center_y":-2.9246749878,"plane_center_z":1.2730710506,"color_id":4}}