{"0":{"ros_timestamp":"1695917961.5782452","wall_type":"floor","a":-0.0015606759,"b":-0.0000560111,"c":0.9999988079,"d":-0.0016708595,"shortest_distance":0.9984822473,"num_points":1104,"plane_center_x":0.0596621484,"plane_center_y":-0.506146431,"plane_center_z":0.0016898554,"color_id":0},"1":{"ros_timestamp":"1695917961.5782452","wall_type":"left","a":0.9999025464,"b":0.0138807585,"c":0.001513758,"d":1.3249762058,"shortest_distance":1.2013096998,"num_points":1505,"plane_center_x":-1.3195205927,"plane_center_y":-0.5380103588,"plane_center_z":1.0734112263,"color_id":1},"2":{"ros_timestamp":"1695917961.5782452","wall_type":"right","a":0.9999100566,"b":0.0134143252,"c":0.0002384273,"d":-1.3267165422,"shortest_distance":1.4518828,"num_points":759,"plane_center_x":1.3232161999,"plane_center_y":0.2493926287,"plane_center_z":1.148332119,"color_id":2},"3":{"ros_timestamp":"1695917961.5782452","wall_type":"front","a":0.0121219158,"b":-0.9999265671,"c":0.0000276852,"d":2.9275135994,"shortest_distance":2.446611799,"num_points":350,"plane_center_x":-0.0394017845,"plane_center_y":2.9272859097,"plane_center_z":1.2628341913,"color_id":3},"4":{"ros_timestamp":"1695917961.5782452","wall_type":"back","a":0.0131053794,"b":-0.9999141693,"c":-0.0000197629,"d":-2.9247179031,"shortest_distance":3.4057906091,"num_points":344,"plane_center_x":0.0243468694,"plane_center_y":-2.9246749878,"plane_center_z":1.2730710506,"color_id":4}}