{"0":{"ros_timestamp":"1695917888.0801415","wall_type":"floor","a":0.0017917623,"b":-0.0000016476,"c":0.9999983907,"d":-0.0013125276,"shortest_distance":0.9989674979,"num_points":377,"plane_center_x":0.0078010294,"plane_center_y":2.1973326206,"plane_center_z":0.0013021724,"color_id":0},"1":{"ros_timestamp":"1695917888.0801415","wall_type":"left","a":0.9999018908,"b":0.014006841,"c":-0.0001008878,"d":1.3233574629,"shortest_distance":1.4871760603,"num_points":344,"plane_center_x":-1.3469836712,"plane_center_y":1.6853350401,"plane_center_z":1.111866951,"color_id":1},"2":{"ros_timestamp":"1695917888.0801415","wall_type":"right","a":0.9999058247,"b":0.0136735328,"c":-0.0011793056,"d":-1.3250169754,"shortest_distance":1.162120432,"num_points":396,"plane_center_x":1.2943376303,"plane_center_y":2.370711565,"plane_center_z":1.1326280832,"color_id":2}}