{"0":{"ros_timestamp":"1695917962.0022447","wall_type":"floor","a":-0.0015230874,"b":-0.000027124,"c":0.9999988675,"d":-0.0016024755,"shortest_distance":0.9985742174,"num_points":1106,"plane_center_x":0.0577838011,"plane_center_y":-0.5098157525,"plane_center_z":0.0016766589,"color_id":0},"1":{"ros_timestamp":"1695917962.0022447","wall_type":"left","a":0.9999042153,"b":0.0138357095,"c":0.0003638023,"d":1.3265969753,"shortest_distance":1.1921615575,"num_points":1503,"plane_center_x":-1.3196187019,"plane_center_y":-0.535795927,"plane_center_z":1.0748378038,"color_id":1},"2":{"ros_timestamp":"1695917962.0022447","wall_type":"right","a":0.9999230504,"b":0.0124043189,"c":0.0000448039,"d":-1.3237887621,"shortest_distance":1.4592281011,"num_points":775,"plane_center_x":1.3210458755,"plane_center_y":0.2251912802,"plane_center_z":1.1453056335,"color_id":2},"3":{"ros_timestamp":"1695917962.0022447","wall_type":"front","a":0.0121219158,"b":-0.9999265671,"c":0.0000276852,"d":2.9275135994,"shortest_distance":2.4492283432,"num_points":350,"plane_center_x":-0.0394017845,"plane_center_y":2.9272859097,"plane_center_z":1.2628341913,"color_id":3},"4":{"ros_timestamp":"1695917962.0022447","wall_type":"back","a":0.0131053794,"b":-0.9999141693,"c":-0.0000197629,"d":-2.9247179031,"shortest_distance":3.4031835011,"num_points":344,"plane_center_x":0.0243468694,"plane_center_y":-2.9246749878,"plane_center_z":1.2730710506,"color_id":4}}