{"0":{"ros_timestamp":"1695917962.1078334","wall_type":"floor","a":-0.0015461319,"b":-0.0000270163,"c":0.9999988079,"d":-0.0016034924,"shortest_distance":0.9985764751,"num_points":1104,"plane_center_x":0.0603535958,"plane_center_y":-0.5064681768,"plane_center_z":0.0016831262,"color_id":0},"1":{"ros_timestamp":"1695917962.1078334","wall_type":"left","a":0.9999014139,"b":0.0139985932,"c":0.0011033864,"d":1.3256281614,"shortest_distance":1.1920103316,"num_points":1505,"plane_center_x":-1.3195205927,"plane_center_y":-0.5380103588,"plane_center_z":1.0734112263,"color_id":1},"2":{"ros_timestamp":"1695917962.1078334","wall_type":"right","a":0.9999197125,"b":0.0126725873,"c":0.0000638276,"d":-1.3245385885,"shortest_distance":1.459830527,"num_points":776,"plane_center_x":1.3217287064,"plane_center_y":0.2243295014,"plane_center_z":1.1466718912,"color_id":2},"3":{"ros_timestamp":"1695917962.1078334","wall_type":"front","a":0.0121219158,"b":-0.9999265671,"c":0.0000276852,"d":2.9275135994,"shortest_distance":2.4492283432,"num_points":350,"plane_center_x":-0.0394017845,"plane_center_y":2.9272859097,"plane_center_z":1.2628341913,"color_id":3},"4":{"ros_timestamp":"1695917962.1078334","wall_type":"back","a":0.0131053794,"b":-0.9999141693,"c":-0.0000197629,"d":-2.9247179031,"shortest_distance":3.4031835011,"num_points":344,"plane_center_x":0.0243468694,"plane_center_y":-2.9246749878,"plane_center_z":1.2730710506,"color_id":4}}