{"0":{"ros_timestamp":"1695917962.5995002","wall_type":"floor","a":-0.0015535367,"b":-0.000024928,"c":0.9999988079,"d":-0.0015905299,"shortest_distance":0.9986063059,"num_points":1105,"plane_center_x":0.0636277273,"plane_center_y":-0.5101969242,"plane_center_z":0.0016766617,"color_id":0},"1":{"ros_timestamp":"1695917962.5995002","wall_type":"left","a":0.9998964071,"b":0.0138481073,"c":0.0039219656,"d":1.3215111494,"shortest_distance":1.1810975781,"num_points":1506,"plane_center_x":-1.3195025921,"plane_center_y":-0.5367327332,"plane_center_z":1.0727046728,"color_id":1},"2":{"ros_timestamp":"1695917962.5995002","wall_type":"right","a":0.9999100566,"b":0.0134056127,"c":0.0002322131,"d":-1.3267058134,"shortest_distance":1.4710208184,"num_points":776,"plane_center_x":1.3234920502,"plane_center_y":0.2287523299,"plane_center_z":1.1466846466,"color_id":2},"3":{"ros_timestamp":"1695917962.5995002","wall_type":"front","a":0.0121219158,"b":-0.9999265671,"c":0.0000276852,"d":2.9275135994,"shortest_distance":2.4520362061,"num_points":350,"plane_center_x":-0.0394017845,"plane_center_y":2.9272859097,"plane_center_z":1.2628341913,"color_id":3},"4":{"ros_timestamp":"1695917962.5995002","wall_type":"back","a":0.0131053794,"b":-0.9999141693,"c":-0.0000197629,"d":-2.9247179031,"shortest_distance":3.400385021,"num_points":344,"plane_center_x":0.0243468694,"plane_center_y":-2.9246749878,"plane_center_z":1.2730710506,"color_id":4}}