{"0":{"ros_timestamp":"1695917962.9783032","wall_type":"floor","a":-0.0015276127,"b":-0.0000349209,"c":0.9999988675,"d":-0.0015871018,"shortest_distance":0.9986156623,"num_points":1106,"plane_center_x":0.0623602718,"plane_center_y":-0.5088043213,"plane_center_z":0.0016645981,"color_id":0},"1":{"ros_timestamp":"1695917962.9783032","wall_type":"left","a":0.9999012351,"b":0.0139887929,"c":0.0013102796,"d":1.3253264427,"shortest_distance":1.1728812133,"num_points":1505,"plane_center_x":-1.3195205927,"plane_center_y":-0.5380103588,"plane_center_z":1.0734112263,"color_id":1},"2":{"ros_timestamp":"1695917962.9783032","wall_type":"right","a":0.9999087453,"b":0.0135055315,"c":0.0002327158,"d":-1.3269729614,"shortest_distance":1.4807244579,"num_points":792,"plane_center_x":1.3240464926,"plane_center_y":0.2059252709,"plane_center_z":1.1437318325,"color_id":2},"3":{"ros_timestamp":"1695917962.9783032","wall_type":"front","a":0.0121219158,"b":-0.9999265671,"c":0.0000276852,"d":2.9275135994,"shortest_distance":2.4550342647,"num_points":350,"plane_center_x":-0.0394017845,"plane_center_y":2.9272859097,"plane_center_z":1.2628341913,"color_id":3},"4":{"ros_timestamp":"1695917962.9783032","wall_type":"back","a":0.0131053794,"b":-0.9999141693,"c":-0.0000197629,"d":-2.9247179031,"shortest_distance":3.3973962883,"num_points":344,"plane_center_x":0.0243468694,"plane_center_y":-2.9246749878,"plane_center_z":1.2730710506,"color_id":4}}