{"0":{"ros_timestamp":"1695917963.203702","wall_type":"floor","a":-0.0014811957,"b":-0.0000397294,"c":0.9999989271,"d":-0.0015756421,"shortest_distance":0.9986245087,"num_points":1107,"plane_center_x":0.0633227602,"plane_center_y":-0.5098670721,"plane_center_z":0.0016491805,"color_id":0},"1":{"ros_timestamp":"1695917963.203702","wall_type":"left","a":0.9999014139,"b":0.0139985932,"c":0.0011033864,"d":1.3256281614,"shortest_distance":1.1682603557,"num_points":1505,"plane_center_x":-1.3195205927,"plane_center_y":-0.5380103588,"plane_center_z":1.0734112263,"color_id":1},"2":{"ros_timestamp":"1695917963.203702","wall_type":"right","a":0.9999227524,"b":0.012427914,"c":0.0001138917,"d":-1.3239768744,"shortest_distance":1.483074283,"num_points":793,"plane_center_x":1.3214305639,"plane_center_y":0.2025988102,"plane_center_z":1.144813776,"color_id":2},"3":{"ros_timestamp":"1695917963.203702","wall_type":"front","a":0.0121219158,"b":-0.9999265671,"c":0.0000276852,"d":2.9275135994,"shortest_distance":2.4566042455,"num_points":350,"plane_center_x":-0.0394017845,"plane_center_y":2.9272859097,"plane_center_z":1.2628341913,"color_id":3},"4":{"ros_timestamp":"1695917963.203702","wall_type":"back","a":0.0131053794,"b":-0.9999141693,"c":-0.0000197629,"d":-2.9247179031,"shortest_distance":3.3958309478,"num_points":344,"plane_center_x":0.0243468694,"plane_center_y":-2.9246749878,"plane_center_z":1.2730710506,"color_id":4}}