{"0":{"ros_timestamp":"1695917963.3031063","wall_type":"floor","a":-0.0014767511,"b":-0.0000396859,"c":0.9999989271,"d":-0.0015756253,"shortest_distance":0.9986238189,"num_points":1108,"plane_center_x":0.0647101179,"plane_center_y":-0.5105932355,"plane_center_z":0.0016955037,"color_id":0},"1":{"ros_timestamp":"1695917963.3031063","wall_type":"left","a":0.9999014139,"b":0.0139985932,"c":0.0011033864,"d":1.3256281614,"shortest_distance":1.1682603557,"num_points":1505,"plane_center_x":-1.3195205927,"plane_center_y":-0.5380103588,"plane_center_z":1.0734112263,"color_id":1},"2":{"ros_timestamp":"1695917963.3031063","wall_type":"right","a":0.9999103546,"b":0.0133864377,"c":0.0002238556,"d":-1.3266539574,"shortest_distance":1.4851898485,"num_points":792,"plane_center_x":1.3237851858,"plane_center_y":0.2040036917,"plane_center_z":1.1462000608,"color_id":2},"3":{"ros_timestamp":"1695917963.3031063","wall_type":"front","a":0.0121219158,"b":-0.9999265671,"c":0.0000276852,"d":2.9275135994,"shortest_distance":2.4566042455,"num_points":350,"plane_center_x":-0.0394017845,"plane_center_y":2.9272859097,"plane_center_z":1.2628341913,"color_id":3},"4":{"ros_timestamp":"1695917963.3031063","wall_type":"back","a":0.0131053794,"b":-0.9999141693,"c":-0.0000197629,"d":-2.9247179031,"shortest_distance":3.3958309478,"num_points":344,"plane_center_x":0.0243468694,"plane_center_y":-2.9246749878,"plane_center_z":1.2730710506,"color_id":4}}