{"0":{"ros_timestamp":"1695917963.4041154","wall_type":"floor","a":-0.0016169526,"b":-0.0000232105,"c":0.9999987483,"d":-0.001598966,"shortest_distance":0.9986387374,"num_points":1107,"plane_center_x":0.065932855,"plane_center_y":-0.5121728778,"plane_center_z":0.0016936905,"color_id":0},"1":{"ros_timestamp":"1695917963.4041154","wall_type":"left","a":0.9999050498,"b":0.013372045,"c":0.0033334743,"d":1.3220930099,"shortest_distance":1.1619574797,"num_points":1506,"plane_center_x":-1.3195025921,"plane_center_y":-0.5367327332,"plane_center_z":1.0727046728,"color_id":1},"2":{"ros_timestamp":"1695917963.4041154","wall_type":"right","a":0.9999084473,"b":0.0135283666,"c":0.0002541528,"d":-1.3270694017,"shortest_distance":1.4902116989,"num_points":794,"plane_center_x":1.3242028952,"plane_center_y":0.1993250251,"plane_center_z":1.1458414793,"color_id":2},"3":{"ros_timestamp":"1695917963.4041154","wall_type":"front","a":0.0121219158,"b":-0.9999265671,"c":0.0000276852,"d":2.9275135994,"shortest_distance":2.4582213197,"num_points":350,"plane_center_x":-0.0394017845,"plane_center_y":2.9272859097,"plane_center_z":1.2628341913,"color_id":3},"4":{"ros_timestamp":"1695917963.4041154","wall_type":"back","a":0.0131053794,"b":-0.9999141693,"c":-0.0000197629,"d":-2.9247179031,"shortest_distance":3.3942184984,"num_points":344,"plane_center_x":0.0243468694,"plane_center_y":-2.9246749878,"plane_center_z":1.2730710506,"color_id":4}}