{"0":{"ros_timestamp":"1695917963.7784977","wall_type":"floor","a":-0.0016410791,"b":-0.000057801,"c":0.9999986291,"d":-0.0016279359,"shortest_distance":0.99861314,"num_points":1093,"plane_center_x":0.0959788039,"plane_center_y":-0.532984972,"plane_center_z":0.0017083767,"color_id":0},"1":{"ros_timestamp":"1695917963.7784977","wall_type":"left","a":0.9997641444,"b":0.0124331899,"c":0.0178090278,"d":1.3019874096,"shortest_distance":1.1465597018,"num_points":1527,"plane_center_x":-1.3187199831,"plane_center_y":-0.5274496675,"plane_center_z":1.0579639673,"color_id":1},"2":{"ros_timestamp":"1695917963.7784977","wall_type":"right","a":0.9999215007,"b":0.0125275375,"c":0.0000416776,"d":-1.3241094351,"shortest_distance":1.4972884576,"num_points":795,"plane_center_x":1.3217060566,"plane_center_y":0.1963107288,"plane_center_z":1.1470605135,"color_id":2},"3":{"ros_timestamp":"1695917963.7784977","wall_type":"front","a":0.0121219158,"b":-0.9999265671,"c":0.0000276852,"d":2.9275135994,"shortest_distance":2.4615960964,"num_points":350,"plane_center_x":-0.0394017845,"plane_center_y":2.9272859097,"plane_center_z":1.2628341913,"color_id":3},"4":{"ros_timestamp":"1695917963.7784977","wall_type":"back","a":0.0130865686,"b":-0.9999144077,"c":-0.0000138494,"d":-2.9247226715,"shortest_distance":3.3908485472,"num_points":366,"plane_center_x":-0.0280968733,"plane_center_y":-2.9253582954,"plane_center_z":1.2686858177,"color_id":4}}