{"0":{"ros_timestamp":"1695917964.1903381","wall_type":"floor","a":-0.0015587466,"b":-0.0000292726,"c":0.9999987483,"d":-0.0016043589,"shortest_distance":0.998642609,"num_points":1117,"plane_center_x":0.066558674,"plane_center_y":-0.5219559073,"plane_center_z":0.00169283,"color_id":0},"1":{"ros_timestamp":"1695917964.1903381","wall_type":"left","a":0.9999028444,"b":0.013935497,"c":0.0002948481,"d":1.3267490864,"shortest_distance":1.1498257585,"num_points":1503,"plane_center_x":-1.3196187019,"plane_center_y":-0.535795927,"plane_center_z":1.0748378038,"color_id":1},"2":{"ros_timestamp":"1695917964.1903381","wall_type":"right","a":0.9999181628,"b":0.0127912518,"c":0.000101187,"d":-1.3248897791,"shortest_distance":1.5025382533,"num_points":813,"plane_center_x":1.3226333857,"plane_center_y":0.1758108735,"plane_center_z":1.1438509226,"color_id":2},"3":{"ros_timestamp":"1695917964.1903381","wall_type":"front","a":0.0121219158,"b":-0.9999265671,"c":0.0000276852,"d":2.9275135994,"shortest_distance":2.4633534615,"num_points":350,"plane_center_x":-0.0394017845,"plane_center_y":2.9272859097,"plane_center_z":1.2628341913,"color_id":3},"4":{"ros_timestamp":"1695917964.1903381","wall_type":"back","a":0.0135299796,"b":-0.9999085069,"c":-0.000041012,"d":-2.9248354435,"shortest_distance":3.3893143156,"num_points":366,"plane_center_x":-0.0284742415,"plane_center_y":-2.9255404472,"plane_center_z":1.268689394,"color_id":4}}