{"0":{"ros_timestamp":"1695917964.2783782","wall_type":"floor","a":-0.0015549606,"b":-0.000029826,"c":0.9999987483,"d":-0.0016000709,"shortest_distance":0.9986531768,"num_points":1116,"plane_center_x":0.0700716674,"plane_center_y":-0.5198619962,"plane_center_z":0.0016935263,"color_id":0},"1":{"ros_timestamp":"1695917964.2783782","wall_type":"left","a":0.9998961687,"b":0.0142234499,"c":0.0023332108,"d":1.3239920139,"shortest_distance":1.1446045263,"num_points":1505,"plane_center_x":-1.3195205927,"plane_center_y":-0.5380103588,"plane_center_z":1.0734112263,"color_id":1},"2":{"ros_timestamp":"1695917964.2783782","wall_type":"right","a":0.9999075532,"b":0.0135935144,"c":0.0002470615,"d":-1.3272360563,"shortest_distance":1.509001615,"num_points":813,"plane_center_x":1.3246690035,"plane_center_y":0.1770607382,"plane_center_z":1.1438637972,"color_id":2},"3":{"ros_timestamp":"1695917964.2783782","wall_type":"front","a":0.0121219158,"b":-0.9999265671,"c":0.0000276852,"d":2.9275135994,"shortest_distance":2.465157245,"num_points":350,"plane_center_x":-0.0394017845,"plane_center_y":2.9272859097,"plane_center_z":1.2628341913,"color_id":3},"4":{"ros_timestamp":"1695917964.2783782","wall_type":"back","a":0.0140267052,"b":-0.9999015927,"c":-0.0000675777,"d":-2.924962759,"shortest_distance":3.3877615132,"num_points":366,"plane_center_x":-0.0280824993,"plane_center_y":-2.9257304668,"plane_center_z":1.2686886787,"color_id":4}}