{"0":{"ros_timestamp":"1695917964.4010048","wall_type":"floor","a":-0.0015532102,"b":-0.0000244721,"c":0.9999987483,"d":-0.0015795616,"shortest_distance":0.9986758229,"num_points":1114,"plane_center_x":0.072495386,"plane_center_y":-0.5235135555,"plane_center_z":0.0016793528,"color_id":0},"1":{"ros_timestamp":"1695917964.4010048","wall_type":"left","a":0.9999012351,"b":0.0134092439,"c":0.0041932659,"d":1.3208813667,"shortest_distance":1.1429784196,"num_points":1507,"plane_center_x":-1.3194836378,"plane_center_y":-0.5353993177,"plane_center_z":1.0719960928,"color_id":1},"2":{"ros_timestamp":"1695917964.4010048","wall_type":"right","a":0.999918282,"b":0.012787953,"c":0.0001135726,"d":-1.3249019384,"shortest_distance":1.5071735527,"num_points":813,"plane_center_x":1.322639823,"plane_center_y":0.1751927584,"plane_center_z":1.1438603401,"color_id":2},"3":{"ros_timestamp":"1695917964.4010048","wall_type":"front","a":0.0121219158,"b":-0.9999265671,"c":0.0000276852,"d":2.9275135994,"shortest_distance":2.465157245,"num_points":350,"plane_center_x":-0.0394017845,"plane_center_y":2.9272859097,"plane_center_z":1.2628341913,"color_id":3},"4":{"ros_timestamp":"1695917964.4010048","wall_type":"back","a":0.0134770619,"b":-0.9999091625,"c":-0.0000356087,"d":-2.9248270988,"shortest_distance":3.3874938487,"num_points":366,"plane_center_x":-0.0278172959,"plane_center_y":-2.9255130291,"plane_center_z":1.2686860561,"color_id":4}}