{"0":{"ros_timestamp":"1695917965.1783917","wall_type":"floor","a":-0.0015747657,"b":-0.000012896,"c":0.9999987483,"d":-0.0016061483,"shortest_distance":0.998687429,"num_points":1113,"plane_center_x":0.0761105642,"plane_center_y":-0.5294532776,"plane_center_z":0.0017191789,"color_id":0},"1":{"ros_timestamp":"1695917965.1783917","wall_type":"left","a":0.9999340177,"b":0.0109541081,"c":0.0034469855,"d":1.3183401823,"shortest_distance":1.1202198766,"num_points":1509,"plane_center_x":-1.319449544,"plane_center_y":-0.5319920778,"plane_center_z":1.0705752373,"color_id":1},"2":{"ros_timestamp":"1695917965.1783917","wall_type":"right","a":0.9999081492,"b":0.0135502694,"c":0.0002412361,"d":-1.3271780014,"shortest_distance":1.5273246198,"num_points":830,"plane_center_x":1.3248831034,"plane_center_y":0.1580066979,"plane_center_z":1.1424196959,"color_id":2},"3":{"ros_timestamp":"1695917965.1783917","wall_type":"front","a":0.0121219158,"b":-0.9999265671,"c":0.0000276852,"d":2.9275135994,"shortest_distance":2.4728328858,"num_points":350,"plane_center_x":-0.0394017845,"plane_center_y":2.9272859097,"plane_center_z":1.2628341913,"color_id":3},"4":{"ros_timestamp":"1695917965.1783917","wall_type":"back","a":0.0144214313,"b":-0.9998960495,"c":-0.0000732922,"d":-2.9251980782,"shortest_distance":3.380440638,"num_points":366,"plane_center_x":-0.0308888182,"plane_center_y":-2.9260406494,"plane_center_z":1.2686690092,"color_id":4}}