{"0":{"ros_timestamp":"1695917965.2962818","wall_type":"floor","a":-0.0015175508,"b":-0.0000213851,"c":0.9999988675,"d":-0.0016188989,"shortest_distance":0.9986591108,"num_points":1117,"plane_center_x":0.0710191056,"plane_center_y":-0.5213974118,"plane_center_z":0.0017155259,"color_id":0},"1":{"ros_timestamp":"1695917965.2962818","wall_type":"left","a":0.9999021888,"b":0.0138940094,"c":0.0016243049,"d":1.3248254061,"shortest_distance":1.1262184861,"num_points":1505,"plane_center_x":-1.3195205927,"plane_center_y":-0.5380103588,"plane_center_z":1.0734112263,"color_id":1},"2":{"ros_timestamp":"1695917965.2962818","wall_type":"right","a":0.999917984,"b":0.0128052719,"c":0.0000688352,"d":-1.3249106407,"shortest_distance":1.5255686187,"num_points":830,"plane_center_x":1.3229087591,"plane_center_y":0.158662796,"plane_center_z":1.1424137354,"color_id":2},"3":{"ros_timestamp":"1695917965.2962818","wall_type":"front","a":0.0121219158,"b":-0.9999265671,"c":0.0000276852,"d":2.9275135994,"shortest_distance":2.4728328858,"num_points":350,"plane_center_x":-0.0394017845,"plane_center_y":2.9272859097,"plane_center_z":1.2628341913,"color_id":3},"4":{"ros_timestamp":"1695917965.2962818","wall_type":"back","a":0.014001335,"b":-0.9999019504,"c":-0.0000543088,"d":-2.9250469208,"shortest_distance":3.3801866421,"num_points":366,"plane_center_x":-0.0291293748,"plane_center_y":-2.9258105755,"plane_center_z":1.2686685324,"color_id":4}}