{"0":{"ros_timestamp":"1695917965.6919825","wall_type":"floor","a":-0.0015416116,"b":-0.0000080928,"c":0.9999988675,"d":-0.0016184262,"shortest_distance":0.9986844407,"num_points":1116,"plane_center_x":0.0746281967,"plane_center_y":-0.5258183479,"plane_center_z":0.0017292205,"color_id":0},"1":{"ros_timestamp":"1695917965.6919825","wall_type":"left","a":0.999904573,"b":0.0131958863,"c":0.0040646838,"d":1.3209415674,"shortest_distance":1.1154012134,"num_points":1507,"plane_center_x":-1.3194836378,"plane_center_y":-0.5353993177,"plane_center_z":1.0719960928,"color_id":1},"2":{"ros_timestamp":"1695917965.6919825","wall_type":"right","a":0.9999086261,"b":0.0135180745,"c":0.0002026166,"d":-1.3270214796,"shortest_distance":1.5362804099,"num_points":831,"plane_center_x":1.3247784376,"plane_center_y":0.1577416658,"plane_center_z":1.1432341337,"color_id":2},"3":{"ros_timestamp":"1695917965.6919825","wall_type":"front","a":0.0121219158,"b":-0.9999265671,"c":0.0000276852,"d":2.9275135994,"shortest_distance":2.476944308,"num_points":350,"plane_center_x":-0.0394017845,"plane_center_y":2.9272859097,"plane_center_z":1.2628341913,"color_id":3},"4":{"ros_timestamp":"1695917965.6919825","wall_type":"back","a":0.0146701066,"b":-0.9998924136,"c":-0.0000665758,"d":-2.925406456,"shortest_distance":3.3766037418,"num_points":366,"plane_center_x":-0.0289467201,"plane_center_y":-2.9262301922,"plane_center_z":1.2686598301,"color_id":4}}