{"0":{"ros_timestamp":"1695917966.6113017","wall_type":"floor","a":-0.0015653543,"b":-0.0000061349,"c":0.9999987483,"d":-0.0016663796,"shortest_distance":0.9986702749,"num_points":1119,"plane_center_x":0.0737333074,"plane_center_y":-0.5235446692,"plane_center_z":0.0017785886,"color_id":0},"1":{"ros_timestamp":"1695917966.6113017","wall_type":"left","a":0.9999014139,"b":0.0139985932,"c":0.0011033864,"d":1.3256281614,"shortest_distance":1.0996193541,"num_points":1505,"plane_center_x":-1.3195205927,"plane_center_y":-0.5380103588,"plane_center_z":1.0734112263,"color_id":1},"2":{"ros_timestamp":"1695917966.6113017","wall_type":"right","a":0.9999095201,"b":0.0134442002,"c":0.0002051833,"d":-1.3268190622,"shortest_distance":1.55397146,"num_points":848,"plane_center_x":1.324795723,"plane_center_y":0.1419945806,"plane_center_z":1.1417418718,"color_id":2},"3":{"ros_timestamp":"1695917966.6113017","wall_type":"front","a":0.0121219158,"b":-0.9999265671,"c":0.0000276852,"d":2.9275135994,"shortest_distance":2.485706134,"num_points":350,"plane_center_x":-0.0394017845,"plane_center_y":2.9272859097,"plane_center_z":1.2628341913,"color_id":3},"4":{"ros_timestamp":"1695917966.6113017","wall_type":"back","a":0.0148126911,"b":-0.9998902678,"c":-0.0000435272,"d":-2.925617218,"shortest_distance":3.3681076216,"num_points":366,"plane_center_x":-0.0295433979,"plane_center_y":-2.926431179,"plane_center_z":1.2686364651,"color_id":4}}