{"0":{"ros_timestamp":"1695917967.394626","wall_type":"floor","a":-0.0015737702,"b":-0.0000153256,"c":0.9999987483,"d":-0.00164269,"shortest_distance":0.9987125497,"num_points":1120,"plane_center_x":0.074857384,"plane_center_y":-0.5248003602,"plane_center_z":0.0017524577,"color_id":0},"1":{"ros_timestamp":"1695917967.394626","wall_type":"left","a":0.9999014139,"b":0.0139985932,"c":0.0011033864,"d":1.3256281614,"shortest_distance":1.0864556832,"num_points":1505,"plane_center_x":-1.3195205927,"plane_center_y":-0.5380103588,"plane_center_z":1.0734112263,"color_id":1},"2":{"ros_timestamp":"1695917967.394626","wall_type":"right","a":0.9999232888,"b":0.0123845916,"c":-0.0000519014,"d":-1.3237099648,"shortest_distance":1.5647401084,"num_points":850,"plane_center_x":1.3221731186,"plane_center_y":0.1416425407,"plane_center_z":1.1414369345,"color_id":2},"3":{"ros_timestamp":"1695917967.394626","wall_type":"front","a":0.0121219158,"b":-0.9999265671,"c":0.0000276852,"d":2.9275135994,"shortest_distance":2.4927421777,"num_points":350,"plane_center_x":-0.0394017845,"plane_center_y":2.9272859097,"plane_center_z":1.2628341913,"color_id":3},"4":{"ros_timestamp":"1695917967.394626","wall_type":"back","a":0.0147042116,"b":-0.9998919368,"c":-0.0000230143,"d":-2.9256503582,"shortest_distance":3.3610933912,"num_points":366,"plane_center_x":-0.0286931675,"plane_center_y":-2.9264175892,"plane_center_z":1.2686089277,"color_id":4}}