{"0":{"ros_timestamp":"1695917967.601493","wall_type":"floor","a":-0.0015987478,"b":-0.0000099246,"c":0.9999987483,"d":-0.0016542261,"shortest_distance":0.9987163686,"num_points":1121,"plane_center_x":0.0758420229,"plane_center_y":-0.5258798599,"plane_center_z":0.0017702614,"color_id":0},"1":{"ros_timestamp":"1695917967.601493","wall_type":"left","a":0.9999029636,"b":0.0137890605,"c":0.0019678548,"d":1.3242764473,"shortest_distance":1.0815376815,"num_points":1505,"plane_center_x":-1.3195205927,"plane_center_y":-0.5380103588,"plane_center_z":1.0734112263,"color_id":1},"2":{"ros_timestamp":"1695917967.601493","wall_type":"right","a":0.9999198914,"b":0.012653634,"c":0.0001146998,"d":-1.3245894909,"shortest_distance":1.5696732091,"num_points":850,"plane_center_x":1.3228006363,"plane_center_y":0.1394041926,"plane_center_z":1.1414471865,"color_id":2},"3":{"ros_timestamp":"1695917967.601493","wall_type":"front","a":0.0121219158,"b":-0.9999265671,"c":0.0000276852,"d":2.9275135994,"shortest_distance":2.4951748018,"num_points":350,"plane_center_x":-0.0394017845,"plane_center_y":2.9272859097,"plane_center_z":1.2628341913,"color_id":3},"4":{"ros_timestamp":"1695917967.601493","wall_type":"back","a":0.0147222737,"b":-0.9998916388,"c":-0.0000214635,"d":-2.9256975651,"shortest_distance":3.3587221365,"num_points":366,"plane_center_x":-0.0258602165,"plane_center_y":-2.926422596,"plane_center_z":1.2686078548,"color_id":4}}