{"0":{"ros_timestamp":"1695917967.8783686","wall_type":"floor","a":-0.0015647941,"b":-0.0000125549,"c":0.9999987483,"d":-0.0016453497,"shortest_distance":0.9987290806,"num_points":1121,"plane_center_x":0.0757187158,"plane_center_y":-0.526009798,"plane_center_z":0.001757232,"color_id":0},"1":{"ros_timestamp":"1695917967.8783686","wall_type":"left","a":0.9999011159,"b":0.0139205428,"c":0.0019794216,"d":1.3243319988,"shortest_distance":1.0730550987,"num_points":1505,"plane_center_x":-1.3195205927,"plane_center_y":-0.5380103588,"plane_center_z":1.0734112263,"color_id":1},"2":{"ros_timestamp":"1695917967.8783686","wall_type":"right","a":0.99992311,"b":0.0124013787,"c":0.0000653864,"d":-1.3238347769,"shortest_distance":1.5776759001,"num_points":864,"plane_center_x":1.3222585917,"plane_center_y":0.1292902231,"plane_center_z":1.1391655207,"color_id":2},"3":{"ros_timestamp":"1695917967.8783686","wall_type":"front","a":0.0121219158,"b":-0.9999265671,"c":0.0000276852,"d":2.9275135994,"shortest_distance":2.5001695112,"num_points":350,"plane_center_x":-0.0394017845,"plane_center_y":2.9272859097,"plane_center_z":1.2628341913,"color_id":3},"4":{"ros_timestamp":"1695917967.8783686","wall_type":"back","a":0.0147419376,"b":-0.9998912811,"c":-0.0000045308,"d":-2.9258201122,"shortest_distance":3.3538605913,"num_points":366,"plane_center_x":-0.0322208367,"plane_center_y":-2.9266190529,"plane_center_z":1.2685871124,"color_id":4}}