{"0":{"ros_timestamp":"1695917888.714697","wall_type":"floor","a":0.0000611869,"b":0.0002603421,"c":0.9999999404,"d":-0.0027535753,"shortest_distance":0.9971121202,"num_points":403,"plane_center_x":0.0508747287,"plane_center_y":2.2125036716,"plane_center_z":0.0021744547,"color_id":0},"1":{"ros_timestamp":"1695917888.714697","wall_type":"left","a":0.9999027848,"b":0.0139475605,"c":-0.0000940485,"d":1.3233376741,"shortest_distance":1.4965445998,"num_points":362,"plane_center_x":-1.3462824821,"plane_center_y":1.6431555748,"plane_center_z":1.106402874,"color_id":1},"2":{"ros_timestamp":"1695917888.714697","wall_type":"right","a":0.999904573,"b":0.0138126621,"c":-0.0000048616,"d":-1.3270956278,"shortest_distance":1.1537366078,"num_points":384,"plane_center_x":1.2944871187,"plane_center_y":2.3701245785,"plane_center_z":1.1670171022,"color_id":2}}