{"0":{"ros_timestamp":"1695917968.0785449","wall_type":"floor","a":-0.0015722696,"b":-0.0000094489,"c":0.9999987483,"d":-0.0016298707,"shortest_distance":0.9987544779,"num_points":1121,"plane_center_x":0.0782417059,"plane_center_y":-0.5284426808,"plane_center_z":0.0017478969,"color_id":0},"1":{"ros_timestamp":"1695917968.0785449","wall_type":"left","a":0.999907434,"b":0.0133139044,"c":0.0028017806,"d":1.3228225708,"shortest_distance":1.0678449964,"num_points":1506,"plane_center_x":-1.3195025921,"plane_center_y":-0.5367327332,"plane_center_z":1.0727046728,"color_id":1},"2":{"ros_timestamp":"1695917968.0785449","wall_type":"right","a":0.999920249,"b":0.0126305446,"c":0.0001233267,"d":-1.3245555162,"shortest_distance":1.5825029591,"num_points":864,"plane_center_x":1.3228625059,"plane_center_y":0.1312638074,"plane_center_z":1.1391550303,"color_id":2},"3":{"ros_timestamp":"1695917968.0785449","wall_type":"front","a":0.0121219158,"b":-0.9999265671,"c":0.0000276852,"d":2.9275135994,"shortest_distance":2.502731097,"num_points":350,"plane_center_x":-0.0394017845,"plane_center_y":2.9272859097,"plane_center_z":1.2628341913,"color_id":3},"4":{"ros_timestamp":"1695917968.0785449","wall_type":"back","a":0.014747587,"b":-0.9998912215,"c":0.0000072324,"d":-2.9258861542,"shortest_distance":3.3513658417,"num_points":366,"plane_center_x":-0.0302229431,"plane_center_y":-2.9266409874,"plane_center_z":1.2685834169,"color_id":4}}