{"0":{"ros_timestamp":"1695917968.4016666","wall_type":"floor","a":-0.001564361,"b":-0.0000077883,"c":0.9999987483,"d":-0.0016561745,"shortest_distance":0.9987333995,"num_points":1124,"plane_center_x":0.0775952041,"plane_center_y":-0.5288249254,"plane_center_z":0.0017734451,"color_id":0},"1":{"ros_timestamp":"1695917968.4016666","wall_type":"left","a":0.9999037385,"b":0.0138621116,"c":0.0005064033,"d":1.3264064789,"shortest_distance":1.0651261128,"num_points":1504,"plane_center_x":-1.3195685148,"plane_center_y":-0.5369938612,"plane_center_z":1.0741249323,"color_id":1},"2":{"ros_timestamp":"1695917968.4016666","wall_type":"right","a":0.9999096394,"b":0.0134447776,"c":0.0002328858,"d":-1.3269382715,"shortest_distance":1.5886685584,"num_points":867,"plane_center_x":1.3250793219,"plane_center_y":0.1274258494,"plane_center_z":1.139973402,"color_id":2},"3":{"ros_timestamp":"1695917968.4016666","wall_type":"front","a":0.0121219158,"b":-0.9999265671,"c":0.0000276852,"d":2.9275135994,"shortest_distance":2.5053351635,"num_points":350,"plane_center_x":-0.0394017845,"plane_center_y":2.9272859097,"plane_center_z":1.2628341913,"color_id":3},"4":{"ros_timestamp":"1695917968.4016666","wall_type":"back","a":0.0147297196,"b":-0.9998914599,"c":0.0000192933,"d":-2.9259655476,"shortest_distance":3.3488356391,"num_points":366,"plane_center_x":-0.0247629974,"plane_center_y":-2.9266233444,"plane_center_z":1.2685806751,"color_id":4}}