{"0":{"ros_timestamp":"1695917968.8782425","wall_type":"floor","a":-0.0015569114,"b":-0.000003878,"c":0.9999987483,"d":-0.001665879,"shortest_distance":0.9987363349,"num_points":1125,"plane_center_x":0.0783714056,"plane_center_y":-0.5298849344,"plane_center_z":0.0017858437,"color_id":0},"1":{"ros_timestamp":"1695917968.8782425","wall_type":"left","a":0.9999028444,"b":0.0139185293,"c":0.0007892156,"d":1.3260337114,"shortest_distance":1.0566593277,"num_points":1504,"plane_center_x":-1.3195685148,"plane_center_y":-0.5369938612,"plane_center_z":1.0741249323,"color_id":1},"2":{"ros_timestamp":"1695917968.8782425","wall_type":"right","a":0.9999197125,"b":0.0126752751,"c":0.0001125805,"d":-1.3246750832,"shortest_distance":1.5952447866,"num_points":867,"plane_center_x":1.3230441809,"plane_center_y":0.1269153655,"plane_center_z":1.1399650574,"color_id":2},"3":{"ros_timestamp":"1695917968.8782425","wall_type":"front","a":0.0121219158,"b":-0.9999265671,"c":0.0000276852,"d":2.9275135994,"shortest_distance":2.5106696927,"num_points":350,"plane_center_x":-0.0394017845,"plane_center_y":2.9272859097,"plane_center_z":1.2628341913,"color_id":3},"4":{"ros_timestamp":"1695917968.8782425","wall_type":"back","a":0.0146589987,"b":-0.9998925328,"c":0.0000473108,"d":-2.926119566,"shortest_distance":3.343629827,"num_points":366,"plane_center_x":-0.0270387251,"plane_center_y":-2.9267704487,"plane_center_z":1.2685536146,"color_id":4}}