{"0":{"ros_timestamp":"1695917888.7704082","wall_type":"floor","a":0.0000655306,"b":-0.0003591714,"c":0.9999999404,"d":-0.0014246026,"shortest_distance":0.998728651,"num_points":404,"plane_center_x":0.0521258414,"plane_center_y":2.2144966125,"plane_center_z":0.0022165708,"color_id":0},"1":{"ros_timestamp":"1695917888.7704082","wall_type":"left","a":0.9999119639,"b":0.0132725742,"c":0.0000103138,"d":1.329392314,"shortest_distance":1.5076680656,"num_points":362,"plane_center_x":-1.3513759375,"plane_center_y":1.6464970112,"plane_center_z":1.1064523458,"color_id":1},"2":{"ros_timestamp":"1695917888.7704082","wall_type":"right","a":0.999904573,"b":0.0138126621,"c":-0.0000048616,"d":-1.3270956278,"shortest_distance":1.1490857325,"num_points":384,"plane_center_x":1.2944871187,"plane_center_y":2.3701245785,"plane_center_z":1.1670171022,"color_id":2}}