{"0":{"ros_timestamp":"1695917968.9785686","wall_type":"floor","a":-0.0015593452,"b":-0.0000040078,"c":0.9999987483,"d":-0.0016652065,"shortest_distance":0.9987376216,"num_points":1124,"plane_center_x":0.0795060992,"plane_center_y":-0.5285204053,"plane_center_z":0.001787068,"color_id":0},"1":{"ros_timestamp":"1695917968.9785686","wall_type":"left","a":0.9999014139,"b":0.0139985932,"c":0.0011033864,"d":1.3256281614,"shortest_distance":1.0566014628,"num_points":1505,"plane_center_x":-1.3195205927,"plane_center_y":-0.5380103588,"plane_center_z":1.0734112263,"color_id":1},"2":{"ros_timestamp":"1695917968.9785686","wall_type":"right","a":0.9999235272,"b":0.0123665724,"c":0.000050456,"d":-1.3237478733,"shortest_distance":1.5945085077,"num_points":867,"plane_center_x":1.3222208023,"plane_center_y":0.1270160675,"plane_center_z":1.1399581432,"color_id":2},"3":{"ros_timestamp":"1695917968.9785686","wall_type":"front","a":0.0121219158,"b":-0.9999265671,"c":0.0000276852,"d":2.9275135994,"shortest_distance":2.5106696927,"num_points":350,"plane_center_x":-0.0394017845,"plane_center_y":2.9272859097,"plane_center_z":1.2628341913,"color_id":3},"4":{"ros_timestamp":"1695917968.9785686","wall_type":"back","a":0.0146547724,"b":-0.9998925924,"c":0.0000471366,"d":-2.9261176586,"shortest_distance":3.3436269602,"num_points":366,"plane_center_x":-0.0268204231,"plane_center_y":-2.9267654419,"plane_center_z":1.2685526609,"color_id":4}}