{"0":{"ros_timestamp":"1695917969.0921018","wall_type":"floor","a":-0.0015646839,"b":0.0000002503,"c":0.9999987483,"d":-0.0016733634,"shortest_distance":0.9987391391,"num_points":1124,"plane_center_x":0.0797703564,"plane_center_y":-0.5285107493,"plane_center_z":0.0017983132,"color_id":0},"1":{"ros_timestamp":"1695917969.0921018","wall_type":"left","a":0.9999014139,"b":0.0139985932,"c":0.0011033864,"d":1.3256281614,"shortest_distance":1.0524412493,"num_points":1505,"plane_center_x":-1.3195205927,"plane_center_y":-0.5380103588,"plane_center_z":1.0734112263,"color_id":1},"2":{"ros_timestamp":"1695917969.0921018","wall_type":"right","a":0.9999115467,"b":0.0133027006,"c":0.0002019051,"d":-1.3265162706,"shortest_distance":1.6008932449,"num_points":868,"plane_center_x":1.3247306347,"plane_center_y":0.1257263124,"plane_center_z":1.1409647465,"color_id":2},"3":{"ros_timestamp":"1695917969.0921018","wall_type":"front","a":0.0121219158,"b":-0.9999265671,"c":0.0000276852,"d":2.9275135994,"shortest_distance":2.5133996218,"num_points":350,"plane_center_x":-0.0394017845,"plane_center_y":2.9272859097,"plane_center_z":1.2628341913,"color_id":3},"4":{"ros_timestamp":"1695917969.0921018","wall_type":"back","a":0.0146431057,"b":-0.9998927116,"c":0.0000517688,"d":-2.9261388779,"shortest_distance":3.3409211056,"num_points":366,"plane_center_x":-0.0249513481,"plane_center_y":-2.9267525673,"plane_center_z":1.2685520649,"color_id":4}}