{"0":{"ros_timestamp":"1695917969.5783558","wall_type":"floor","a":-0.0015351838,"b":-0.0000006723,"c":0.9999988675,"d":-0.0016686134,"shortest_distance":0.9987415803,"num_points":1126,"plane_center_x":0.0774480328,"plane_center_y":-0.5316839218,"plane_center_z":0.0017871549,"color_id":0},"1":{"ros_timestamp":"1695917969.5783558","wall_type":"left","a":0.999905169,"b":0.0137688601,"c":0.0001770614,"d":1.3266978264,"shortest_distance":1.0483570686,"num_points":1503,"plane_center_x":-1.3196187019,"plane_center_y":-0.535795927,"plane_center_z":1.0748378038,"color_id":1},"2":{"ros_timestamp":"1695917969.5783558","wall_type":"right","a":0.9999177456,"b":0.012823971,"c":0.0001245286,"d":-1.3251084089,"shortest_distance":1.6038907917,"num_points":882,"plane_center_x":1.3235689402,"plane_center_y":0.1174676269,"plane_center_z":1.1387438774,"color_id":2},"3":{"ros_timestamp":"1695917969.5783558","wall_type":"front","a":0.0121219158,"b":-0.9999265671,"c":0.0000276852,"d":2.9275135994,"shortest_distance":2.5161709648,"num_points":350,"plane_center_x":-0.0394017845,"plane_center_y":2.9272859097,"plane_center_z":1.2628341913,"color_id":3},"4":{"ros_timestamp":"1695917969.5783558","wall_type":"back","a":0.0145597626,"b":-0.9998939633,"c":0.0000922236,"d":-2.9263284206,"shortest_distance":3.3382859702,"num_points":366,"plane_center_x":-0.0306645427,"plane_center_y":-2.9269683361,"plane_center_z":1.2685172558,"color_id":4}}