{"0":{"ros_timestamp":"1695917969.698853","wall_type":"floor","a":-0.0015114921,"b":-0.0000051024,"c":0.9999988675,"d":-0.0016556039,"shortest_distance":0.9987522455,"num_points":1125,"plane_center_x":0.0787272379,"plane_center_y":-0.5301502943,"plane_center_z":0.0017718964,"color_id":0},"1":{"ros_timestamp":"1695917969.698853","wall_type":"left","a":0.9999037385,"b":0.0138621116,"c":0.0005064033,"d":1.3264064789,"shortest_distance":1.0443289731,"num_points":1504,"plane_center_x":-1.3195685148,"plane_center_y":-0.5369938612,"plane_center_z":1.0741249323,"color_id":1},"2":{"ros_timestamp":"1695917969.698853","wall_type":"right","a":0.9999091029,"b":0.0134845544,"c":0.0002452783,"d":-1.327075839,"shortest_distance":1.6095689209,"num_points":884,"plane_center_x":1.3253573179,"plane_center_y":0.1156732962,"plane_center_z":1.1384363174,"color_id":2},"3":{"ros_timestamp":"1695917969.698853","wall_type":"front","a":0.0121219158,"b":-0.9999265671,"c":0.0000276852,"d":2.9275135994,"shortest_distance":2.5189834445,"num_points":350,"plane_center_x":-0.0394017845,"plane_center_y":2.9272859097,"plane_center_z":1.2628341913,"color_id":3},"4":{"ros_timestamp":"1695917969.698853","wall_type":"back","a":0.014549179,"b":-0.9998942018,"c":0.0000940628,"d":-2.9263401031,"shortest_distance":3.3354901017,"num_points":366,"plane_center_x":-0.0285495222,"plane_center_y":-2.9269459248,"plane_center_z":1.2685137987,"color_id":4}}