{"0":{"ros_timestamp":"1695917969.7980874","wall_type":"floor","a":-0.0015227209,"b":-0.0000147831,"c":0.9999988675,"d":-0.0016284072,"shortest_distance":0.99877874,"num_points":1124,"plane_center_x":0.0798121318,"plane_center_y":-0.5289341211,"plane_center_z":0.0017854754,"color_id":0},"1":{"ros_timestamp":"1695917969.7980874","wall_type":"left","a":0.9999014139,"b":0.0139985932,"c":0.0011033864,"d":1.3256281614,"shortest_distance":1.044203522,"num_points":1505,"plane_center_x":-1.3195205927,"plane_center_y":-0.5380103588,"plane_center_z":1.0734112263,"color_id":1},"2":{"ros_timestamp":"1695917969.7980874","wall_type":"right","a":0.9999181032,"b":0.0127936127,"c":0.0000951736,"d":-1.3249491453,"shortest_distance":1.6078749863,"num_points":884,"plane_center_x":1.3234895468,"plane_center_y":0.1140887737,"plane_center_z":1.1384292841,"color_id":2},"3":{"ros_timestamp":"1695917969.7980874","wall_type":"front","a":0.0121219158,"b":-0.9999265671,"c":0.0000276852,"d":2.9275135994,"shortest_distance":2.5189834445,"num_points":350,"plane_center_x":-0.0394017845,"plane_center_y":2.9272859097,"plane_center_z":1.2628341913,"color_id":3},"4":{"ros_timestamp":"1695917969.7980874","wall_type":"back","a":0.0145245669,"b":-0.9998945594,"c":0.0000959774,"d":-2.9263703823,"shortest_distance":3.3355115174,"num_points":366,"plane_center_x":-0.0275610108,"plane_center_y":-2.9269573689,"plane_center_z":1.2685118914,"color_id":4}}