{"0":{"ros_timestamp":"1695917888.9128866","wall_type":"floor","a":0.0000974881,"b":0.0006822963,"c":0.9999997616,"d":-0.0038810617,"shortest_distance":0.9957970665,"num_points":405,"plane_center_x":0.0493174717,"plane_center_y":2.2128660679,"plane_center_z":0.0022144231,"color_id":0},"1":{"ros_timestamp":"1695917888.9128866","wall_type":"left","a":0.9998967648,"b":0.0143714286,"c":-0.0001049905,"d":1.3235951662,"shortest_distance":1.5012454763,"num_points":362,"plane_center_x":-1.3472472429,"plane_center_y":1.6441709995,"plane_center_z":1.1064753532,"color_id":1},"2":{"ros_timestamp":"1695917888.9128866","wall_type":"right","a":0.999904573,"b":0.0138126621,"c":-0.0000048616,"d":-1.3270956278,"shortest_distance":1.1490857325,"num_points":384,"plane_center_x":1.2944871187,"plane_center_y":2.3701245785,"plane_center_z":1.1670171022,"color_id":2}}