{"0":{"ros_timestamp":"1695917970.003223","wall_type":"floor","a":-0.0015614327,"b":-0.0000093945,"c":0.9999988675,"d":-0.0016211577,"shortest_distance":0.9988056005,"num_points":1122,"plane_center_x":0.0810383558,"plane_center_y":-0.5293465257,"plane_center_z":0.0017427227,"color_id":0},"1":{"ros_timestamp":"1695917970.003223","wall_type":"left","a":0.9999089837,"b":0.0132403979,"c":0.0026062739,"d":1.3231118917,"shortest_distance":1.0388062293,"num_points":1506,"plane_center_x":-1.3195025921,"plane_center_y":-0.5367327332,"plane_center_z":1.0727046728,"color_id":1},"2":{"ros_timestamp":"1695917970.003223","wall_type":"right","a":0.9999113679,"b":0.0133140218,"c":0.0002076185,"d":-1.3265502453,"shortest_distance":1.61322551,"num_points":884,"plane_center_x":1.3249087334,"plane_center_y":0.114360489,"plane_center_z":1.1384394169,"color_id":2},"3":{"ros_timestamp":"1695917970.003223","wall_type":"front","a":0.0121219158,"b":-0.9999265671,"c":0.0000276852,"d":2.9275135994,"shortest_distance":2.5218367796,"num_points":350,"plane_center_x":-0.0394017845,"plane_center_y":2.9272859097,"plane_center_z":1.2628341913,"color_id":3},"4":{"ros_timestamp":"1695917970.003223","wall_type":"back","a":0.0145200808,"b":-0.9998945594,"c":0.0000937386,"d":-2.9263541698,"shortest_distance":3.3326529064,"num_points":366,"plane_center_x":-0.0257554855,"plane_center_y":-2.9269177914,"plane_center_z":1.2685105801,"color_id":4}}