{"0":{"ros_timestamp":"1695917970.4784226","wall_type":"floor","a":-0.0016002208,"b":-0.0000009672,"c":0.9999987483,"d":-0.0016695522,"shortest_distance":0.9987846536,"num_points":1125,"plane_center_x":0.0798932016,"plane_center_y":-0.5299981833,"plane_center_z":0.0017968885,"color_id":0},"1":{"ros_timestamp":"1695917970.4784226","wall_type":"left","a":0.9999019504,"b":0.0139734559,"c":0.0008200852,"d":1.3260192871,"shortest_distance":1.032157637,"num_points":1504,"plane_center_x":-1.3195685148,"plane_center_y":-0.5369938612,"plane_center_z":1.0741249323,"color_id":1},"2":{"ros_timestamp":"1695917970.4784226","wall_type":"right","a":0.9999190569,"b":0.0127225975,"c":0.0001350726,"d":-1.3248456717,"shortest_distance":1.6198932061,"num_points":885,"plane_center_x":1.3233642578,"plane_center_y":0.1127647981,"plane_center_z":1.1393532753,"color_id":2},"3":{"ros_timestamp":"1695917970.4784226","wall_type":"front","a":0.0121219158,"b":-0.9999265671,"c":0.0000276852,"d":2.9275135994,"shortest_distance":2.5276648707,"num_points":350,"plane_center_x":-0.0394017845,"plane_center_y":2.9272859097,"plane_center_z":1.2628341913,"color_id":3},"4":{"ros_timestamp":"1695917970.4784226","wall_type":"back","a":0.0143490816,"b":-0.9998970628,"c":0.0001586081,"d":-2.9265918732,"shortest_distance":3.3269664957,"num_points":366,"plane_center_x":-0.028001206,"plane_center_y":-2.9270937443,"plane_center_z":1.2684243917,"color_id":4}}