{"0":{"ros_timestamp":"1695917971.0786614","wall_type":"floor","a":-0.0015715277,"b":0.0000049285,"c":0.9999987483,"d":-0.0016762292,"shortest_distance":0.9987901652,"num_points":1125,"plane_center_x":0.0799267963,"plane_center_y":-0.5300693512,"plane_center_z":0.0018476552,"color_id":0},"1":{"ros_timestamp":"1695917971.0786614","wall_type":"left","a":0.9999051094,"b":0.0137441186,"c":0.0009254158,"d":1.32574296,"shortest_distance":1.0200185296,"num_points":1504,"plane_center_x":-1.3195685148,"plane_center_y":-0.5369938612,"plane_center_z":1.0741249323,"color_id":1},"2":{"ros_timestamp":"1695917971.0786614","wall_type":"right","a":0.9999222159,"b":0.0124729285,"c":0.0000182273,"d":-1.3239254951,"shortest_distance":1.6310544806,"num_points":885,"plane_center_x":1.3225907087,"plane_center_y":0.1136011332,"plane_center_z":1.1393463612,"color_id":2},"3":{"ros_timestamp":"1695917971.0786614","wall_type":"front","a":0.0121219158,"b":-0.9999265671,"c":0.0000276852,"d":2.9275135994,"shortest_distance":2.5367061585,"num_points":350,"plane_center_x":-0.0394017845,"plane_center_y":2.9272859097,"plane_center_z":1.2628341913,"color_id":3},"4":{"ros_timestamp":"1695917971.0786614","wall_type":"back","a":0.0141989402,"b":-0.9998990893,"c":0.000191027,"d":-2.9267396927,"shortest_distance":3.3180213607,"num_points":366,"plane_center_x":-0.022697499,"plane_center_y":-2.9271149635,"plane_center_z":1.2684049606,"color_id":4}}