{"0":{"ros_timestamp":"1695917971.1923666","wall_type":"floor","a":-0.0016418318,"b":0.0000165529,"c":0.9999986291,"d":-0.0017107225,"shortest_distance":0.9987819933,"num_points":1125,"plane_center_x":0.0800394416,"plane_center_y":-0.5300844908,"plane_center_z":0.0018509108,"color_id":0},"1":{"ros_timestamp":"1695917971.1923666","wall_type":"left","a":0.9999037385,"b":0.0138621116,"c":0.0005064033,"d":1.3264064789,"shortest_distance":1.0203091899,"num_points":1504,"plane_center_x":-1.3195685148,"plane_center_y":-0.5369938612,"plane_center_z":1.0741249323,"color_id":1},"2":{"ros_timestamp":"1695917971.1923666","wall_type":"right","a":0.9999091029,"b":0.0134807294,"c":-0.0000786166,"d":-1.3263559341,"shortest_distance":1.6331876195,"num_points":887,"plane_center_x":1.325135231,"plane_center_y":0.1126403213,"plane_center_z":1.1390439272,"color_id":2},"3":{"ros_timestamp":"1695917971.1923666","wall_type":"front","a":0.0121219158,"b":-0.9999265671,"c":0.0000276852,"d":2.9275135994,"shortest_distance":2.5367061585,"num_points":350,"plane_center_x":-0.0394017845,"plane_center_y":2.9272859097,"plane_center_z":1.2628341913,"color_id":3},"4":{"ros_timestamp":"1695917971.1923666","wall_type":"back","a":0.0142119601,"b":-0.9998989701,"c":0.0002046881,"d":-2.9267420769,"shortest_distance":3.318013873,"num_points":368,"plane_center_x":-0.024354564,"plane_center_y":-2.9271254539,"plane_center_z":1.2624701262,"color_id":4}}