{"0":{"ros_timestamp":"1695917971.6027634","wall_type":"floor","a":-0.0016121198,"b":0.0000110952,"c":0.9999987483,"d":-0.0016879095,"shortest_distance":0.998805781,"num_points":1125,"plane_center_x":0.0825271159,"plane_center_y":-0.530264318,"plane_center_z":0.0018268388,"color_id":0},"1":{"ros_timestamp":"1695917971.6027634","wall_type":"left","a":0.9999014139,"b":0.0139985932,"c":0.0011033864,"d":1.3256281614,"shortest_distance":1.0124149508,"num_points":1505,"plane_center_x":-1.3195205927,"plane_center_y":-0.5380103588,"plane_center_z":1.0734112263,"color_id":1},"2":{"ros_timestamp":"1695917971.6027634","wall_type":"right","a":0.9999083281,"b":0.0135398358,"c":0.0001834633,"d":-1.3270474672,"shortest_distance":1.6413574384,"num_points":903,"plane_center_x":1.3255268335,"plane_center_y":0.1058792174,"plane_center_z":1.1365907192,"color_id":2},"3":{"ros_timestamp":"1695917971.6027634","wall_type":"front","a":0.0121219158,"b":-0.9999265671,"c":0.0000276852,"d":2.9275135994,"shortest_distance":2.542929602,"num_points":350,"plane_center_x":-0.0394017845,"plane_center_y":2.9272859097,"plane_center_z":1.2628341913,"color_id":3},"4":{"ros_timestamp":"1695917971.6027634","wall_type":"back","a":0.0141229276,"b":-0.9999002814,"c":0.0002316007,"d":-2.9268279076,"shortest_distance":3.3118374243,"num_points":368,"plane_center_x":-0.0229278076,"plane_center_y":-2.9271512032,"plane_center_z":1.2623513937,"color_id":4}}