{"0":{"ros_timestamp":"1695917971.900048","wall_type":"floor","a":-0.0016464702,"b":0.000014244,"c":0.9999986291,"d":-0.0016955464,"shortest_distance":0.9988164649,"num_points":1125,"plane_center_x":0.0824007317,"plane_center_y":-0.5302829742,"plane_center_z":0.0018387727,"color_id":0},"1":{"ros_timestamp":"1695917971.900048","wall_type":"left","a":0.9999039769,"b":0.013800594,"c":0.0012030394,"d":1.325376749,"shortest_distance":1.0083514413,"num_points":1505,"plane_center_x":-1.3195205927,"plane_center_y":-0.5380103588,"plane_center_z":1.0734112263,"color_id":1},"2":{"ros_timestamp":"1695917971.900048","wall_type":"right","a":0.9999251962,"b":0.0122319441,"c":0.0000694992,"d":-1.3234280348,"shortest_distance":1.6421860085,"num_points":903,"plane_center_x":1.3221400976,"plane_center_y":0.1069187596,"plane_center_z":1.1365724802,"color_id":2},"3":{"ros_timestamp":"1695917971.900048","wall_type":"front","a":0.0121219158,"b":-0.9999265671,"c":0.0000276852,"d":2.9275135994,"shortest_distance":2.5460991715,"num_points":350,"plane_center_x":-0.0394017845,"plane_center_y":2.9272859097,"plane_center_z":1.2628341913,"color_id":3},"4":{"ros_timestamp":"1695917971.900048","wall_type":"back","a":0.0138220321,"b":-0.9999044538,"c":0.0003007245,"d":-2.927134037,"shortest_distance":3.3088168245,"num_points":368,"plane_center_x":-0.0215308722,"plane_center_y":-2.927331686,"plane_center_z":1.2623404264,"color_id":4}}