{"0":{"ros_timestamp":"1695917972.4102135","wall_type":"floor","a":-0.0016728827,"b":0.0000322505,"c":0.9999985099,"d":-0.0017249791,"shortest_distance":0.9988146416,"num_points":1125,"plane_center_x":0.082838662,"plane_center_y":-0.5307417512,"plane_center_z":0.001880678,"color_id":0},"1":{"ros_timestamp":"1695917972.4102135","wall_type":"left","a":0.9999063015,"b":0.0135241812,"c":0.0021277773,"d":1.3240550756,"shortest_distance":1.0002756981,"num_points":1505,"plane_center_x":-1.3195205927,"plane_center_y":-0.5380103588,"plane_center_z":1.0734112263,"color_id":1},"2":{"ros_timestamp":"1695917972.4102135","wall_type":"right","a":0.9999236465,"b":0.0123575591,"c":0.0000785108,"d":-1.3237987757,"shortest_distance":1.6500658984,"num_points":903,"plane_center_x":1.3225010633,"plane_center_y":0.1059579849,"plane_center_z":1.1365652084,"color_id":2},"3":{"ros_timestamp":"1695917972.4102135","wall_type":"front","a":0.0121219158,"b":-0.9999265671,"c":0.0000276852,"d":2.9275135994,"shortest_distance":2.5525524214,"num_points":350,"plane_center_x":-0.0394017845,"plane_center_y":2.9272859097,"plane_center_z":1.2628341913,"color_id":3},"4":{"ros_timestamp":"1695917972.4102135","wall_type":"back","a":0.0134726316,"b":-0.9999092221,"c":0.0003300162,"d":-2.9273629189,"shortest_distance":3.3024621408,"num_points":373,"plane_center_x":-0.0158639215,"plane_center_y":-2.9274299145,"plane_center_z":1.2499738932,"color_id":4}}