{"0":{"ros_timestamp":"1695917972.8097415","wall_type":"floor","a":-0.0017303796,"b":0.0000495671,"c":0.9999985099,"d":-0.0017563826,"shortest_distance":0.9988209855,"num_points":1126,"plane_center_x":0.0836075544,"plane_center_y":-0.5330265164,"plane_center_z":0.0019274789,"color_id":0},"1":{"ros_timestamp":"1695917972.8097415","wall_type":"left","a":0.9999062419,"b":0.0136391548,"c":0.0012756803,"d":1.3251847029,"shortest_distance":0.9931518774,"num_points":1505,"plane_center_x":-1.3195205927,"plane_center_y":-0.5380103588,"plane_center_z":1.0734112263,"color_id":1},"2":{"ros_timestamp":"1695917972.8097415","wall_type":"right","a":0.9999102354,"b":0.0133988829,"c":0.0001641595,"d":-1.3266420364,"shortest_distance":1.6598751376,"num_points":903,"plane_center_x":1.3251470327,"plane_center_y":0.1065356657,"plane_center_z":1.1365849972,"color_id":2},"3":{"ros_timestamp":"1695917972.8097415","wall_type":"front","a":0.0121219158,"b":-0.9999265671,"c":0.0000276852,"d":2.9275135994,"shortest_distance":2.5591556619,"num_points":350,"plane_center_x":-0.0394017845,"plane_center_y":2.9272859097,"plane_center_z":1.2628341913,"color_id":3},"4":{"ros_timestamp":"1695917972.8097415","wall_type":"back","a":0.0135654146,"b":-0.9999079704,"c":0.0002455142,"d":-2.9271962643,"shortest_distance":3.2958177984,"num_points":377,"plane_center_x":-0.0115993787,"plane_center_y":-2.9273183346,"plane_center_z":1.2408672571,"color_id":4}}