{"0":{"ros_timestamp":"1695917972.8899553","wall_type":"floor","a":-0.0017496858,"b":0.0000504358,"c":0.9999983907,"d":-0.0017337562,"shortest_distance":0.9988565993,"num_points":1124,"plane_center_x":0.0858498737,"plane_center_y":-0.5328640342,"plane_center_z":0.0019108449,"color_id":0},"1":{"ros_timestamp":"1695917972.8899553","wall_type":"left","a":0.9998928308,"b":0.0142400693,"c":0.0034183713,"d":1.3224476576,"shortest_distance":0.9891067494,"num_points":1507,"plane_center_x":-1.3194460869,"plane_center_y":-0.5381597281,"plane_center_z":1.0719978809,"color_id":1},"2":{"ros_timestamp":"1695917972.8899553","wall_type":"right","a":0.9999195337,"b":0.0126868039,"c":0.0000859233,"d":-1.324639082,"shortest_distance":1.6618819775,"num_points":903,"plane_center_x":1.3232947588,"plane_center_y":0.1066537276,"plane_center_z":1.1365773678,"color_id":2},"3":{"ros_timestamp":"1695917972.8899553","wall_type":"front","a":0.0121219158,"b":-0.9999265671,"c":0.0000276852,"d":2.9275135994,"shortest_distance":2.5625127055,"num_points":350,"plane_center_x":-0.0394017845,"plane_center_y":2.9272859097,"plane_center_z":1.2628341913,"color_id":3},"4":{"ros_timestamp":"1695917972.8899553","wall_type":"back","a":0.0131018776,"b":-0.9999141097,"c":0.000280262,"d":-2.9274818897,"shortest_distance":3.2925607549,"num_points":377,"plane_center_x":-0.0122053111,"plane_center_y":-2.9275455475,"plane_center_z":1.2408331633,"color_id":4}}