{"0":{"ros_timestamp":"1695917973.208704","wall_type":"floor","a":-0.001648468,"b":0.0000357763,"c":0.9999986291,"d":-0.0017011511,"shortest_distance":0.9988552745,"num_points":1125,"plane_center_x":0.0846775547,"plane_center_y":-0.5348006487,"plane_center_z":0.0018598752,"color_id":0},"1":{"ros_timestamp":"1695917973.208704","wall_type":"left","a":0.9999043941,"b":0.0135392351,"c":0.0028141057,"d":1.3229283094,"shortest_distance":0.9850881738,"num_points":1506,"plane_center_x":-1.3195025921,"plane_center_y":-0.5367327332,"plane_center_z":1.0727046728,"color_id":1},"2":{"ros_timestamp":"1695917973.208704","wall_type":"right","a":0.9999077916,"b":0.0135816075,"c":0.0001776248,"d":-1.3271132708,"shortest_distance":1.6675757664,"num_points":917,"plane_center_x":1.3256459236,"plane_center_y":0.1021983027,"plane_center_z":1.1344978809,"color_id":2},"3":{"ros_timestamp":"1695917973.208704","wall_type":"front","a":0.0121219158,"b":-0.9999265671,"c":0.0000276852,"d":2.9275135994,"shortest_distance":2.5659062516,"num_points":350,"plane_center_x":-0.0394017845,"plane_center_y":2.9272859097,"plane_center_z":1.2628341913,"color_id":3},"4":{"ros_timestamp":"1695917973.208704","wall_type":"back","a":0.0133895352,"b":-0.9999103546,"c":0.0002395522,"d":-2.9272739887,"shortest_distance":3.2891014827,"num_points":377,"plane_center_x":-0.0094574653,"plane_center_y":-2.9273657799,"plane_center_z":1.240806222,"color_id":4}}