{"0":{"ros_timestamp":"1695917973.5953689","wall_type":"floor","a":-0.001690664,"b":0.0000535482,"c":0.9999985099,"d":-0.0017556529,"shortest_distance":0.9988332301,"num_points":1129,"plane_center_x":0.0814746618,"plane_center_y":-0.5383017659,"plane_center_z":0.0019222273,"color_id":0},"1":{"ros_timestamp":"1695917973.5953689","wall_type":"left","a":0.9999025464,"b":0.013959527,"c":0.0000767811,"d":1.3270740509,"shortest_distance":0.97947092,"num_points":1503,"plane_center_x":-1.3196187019,"plane_center_y":-0.535795927,"plane_center_z":1.0748378038,"color_id":1},"2":{"ros_timestamp":"1695917973.5953689","wall_type":"right","a":0.9999195933,"b":0.0126773594,"c":0.0000947089,"d":-1.3246370554,"shortest_distance":1.6726777387,"num_points":917,"plane_center_x":1.3233379126,"plane_center_y":0.1023994833,"plane_center_z":1.1344723701,"color_id":2},"3":{"ros_timestamp":"1695917973.5953689","wall_type":"front","a":0.0121219158,"b":-0.9999265671,"c":0.0000276852,"d":2.9275135994,"shortest_distance":2.5728014905,"num_points":350,"plane_center_x":-0.0394017845,"plane_center_y":2.9272859097,"plane_center_z":1.2628341913,"color_id":3},"4":{"ros_timestamp":"1695917973.5953689","wall_type":"back","a":0.0129234046,"b":-0.9999164939,"c":0.0002904648,"d":-2.9275782108,"shortest_distance":3.2823063688,"num_points":378,"plane_center_x":-0.0070542842,"plane_center_y":-2.9275541306,"plane_center_z":1.237883687,"color_id":4}}