{"0":{"ros_timestamp":"1695917973.6786408","wall_type":"floor","a":-0.0017441557,"b":0.0000586345,"c":0.9999985099,"d":-0.0017664563,"shortest_distance":0.9988429789,"num_points":1128,"plane_center_x":0.0829909295,"plane_center_y":-0.536683023,"plane_center_z":0.0019426764,"color_id":0},"1":{"ros_timestamp":"1695917973.6786408","wall_type":"left","a":0.9999037385,"b":0.0138621116,"c":0.0005064033,"d":1.3264064789,"shortest_distance":0.9791984331,"num_points":1504,"plane_center_x":-1.3195685148,"plane_center_y":-0.5369938612,"plane_center_z":1.0741249323,"color_id":1},"2":{"ros_timestamp":"1695917973.6786408","wall_type":"right","a":0.9999183416,"b":0.0127816265,"c":0.0001090252,"d":-1.3249341249,"shortest_distance":1.6729233771,"num_points":917,"plane_center_x":1.32361269,"plane_center_y":0.1021609902,"plane_center_z":1.1344733238,"color_id":2},"3":{"ros_timestamp":"1695917973.6786408","wall_type":"front","a":0.0121219158,"b":-0.9999265671,"c":0.0000276852,"d":2.9275135994,"shortest_distance":2.5728014905,"num_points":350,"plane_center_x":-0.0394017845,"plane_center_y":2.9272859097,"plane_center_z":1.2628341913,"color_id":3},"4":{"ros_timestamp":"1695917973.6786408","wall_type":"back","a":0.0128589049,"b":-0.9999173284,"c":0.0002944532,"d":-2.9276123047,"shortest_distance":3.2823140103,"num_points":378,"plane_center_x":-0.0058464226,"plane_center_y":-2.9275650978,"plane_center_z":1.2378746271,"color_id":4}}