{"0":{"ros_timestamp":"1695917974.2016883","wall_type":"floor","a":-0.0016851226,"b":0.0000598703,"c":0.9999985099,"d":-0.0017355049,"shortest_distance":0.9988649154,"num_points":1128,"plane_center_x":0.0860937163,"plane_center_y":-0.5414236784,"plane_center_z":0.0019130013,"color_id":0},"1":{"ros_timestamp":"1695917974.2016883","wall_type":"left","a":0.9999050498,"b":0.0133330915,"c":0.003463736,"d":1.3218848705,"shortest_distance":0.9704150834,"num_points":1506,"plane_center_x":-1.3195025921,"plane_center_y":-0.5367327332,"plane_center_z":1.0727046728,"color_id":1},"2":{"ros_timestamp":"1695917974.2016883","wall_type":"right","a":0.999923408,"b":0.0123811858,"c":0.0000312218,"d":-1.323800087,"shortest_distance":1.6790357214,"num_points":922,"plane_center_x":1.3226472139,"plane_center_y":0.0984393656,"plane_center_z":1.1347001791,"color_id":2},"3":{"ros_timestamp":"1695917974.2016883","wall_type":"front","a":0.0121219158,"b":-0.9999265671,"c":0.0000276852,"d":2.9275135994,"shortest_distance":2.5798386205,"num_points":350,"plane_center_x":-0.0394017845,"plane_center_y":2.9272859097,"plane_center_z":1.2628341913,"color_id":3},"4":{"ros_timestamp":"1695917974.2016883","wall_type":"back","a":0.0123286247,"b":-0.9999240041,"c":0.0002567921,"d":-2.927791357,"shortest_distance":3.2753104487,"num_points":383,"plane_center_x":0.001207456,"plane_center_y":-2.9276835918,"plane_center_z":1.2275124788,"color_id":4}}