{"0":{"ros_timestamp":"1695917974.2782748","wall_type":"floor","a":-0.0016772789,"b":0.0000570801,"c":0.9999986291,"d":-0.0017301954,"shortest_distance":0.998871983,"num_points":1128,"plane_center_x":0.0863214284,"plane_center_y":-0.5414662957,"plane_center_z":0.0019058901,"color_id":0},"1":{"ros_timestamp":"1695917974.2782748","wall_type":"left","a":0.999904573,"b":0.0133051667,"c":0.0037176835,"d":1.321505785,"shortest_distance":0.9668170614,"num_points":1506,"plane_center_x":-1.3195025921,"plane_center_y":-0.5367327332,"plane_center_z":1.0727046728,"color_id":1},"2":{"ros_timestamp":"1695917974.2782748","wall_type":"right","a":0.9999095798,"b":0.0134520661,"c":0.0001185009,"d":-1.3266868591,"shortest_distance":1.6849264644,"num_points":922,"plane_center_x":1.3253486156,"plane_center_y":0.0983948931,"plane_center_z":1.1347210407,"color_id":2},"3":{"ros_timestamp":"1695917974.2782748","wall_type":"front","a":0.0121219158,"b":-0.9999265671,"c":0.0000276852,"d":2.9275135994,"shortest_distance":2.5834095172,"num_points":350,"plane_center_x":-0.0394017845,"plane_center_y":2.9272859097,"plane_center_z":1.2628341913,"color_id":3},"4":{"ros_timestamp":"1695917974.2782748","wall_type":"back","a":0.0126474733,"b":-0.9999200106,"c":0.0002277154,"d":-2.927615881,"shortest_distance":3.2717083004,"num_points":383,"plane_center_x":0.001858655,"plane_center_y":-2.927546978,"plane_center_z":1.2275015116,"color_id":4}}