{"0":{"ros_timestamp":"1695917974.8096886","wall_type":"floor","a":-0.001746689,"b":0.0000648035,"c":0.9999985099,"d":-0.0017759035,"shortest_distance":0.9988652394,"num_points":1129,"plane_center_x":0.085555546,"plane_center_y":-0.5398394465,"plane_center_z":0.001960329,"color_id":0},"1":{"ros_timestamp":"1695917974.8096886","wall_type":"left","a":0.9999016523,"b":0.0139756948,"c":0.0011975351,"d":1.3254805803,"shortest_distance":0.9616767876,"num_points":1505,"plane_center_x":-1.3195205927,"plane_center_y":-0.5380103588,"plane_center_z":1.0734112263,"color_id":1},"2":{"ros_timestamp":"1695917974.8096886","wall_type":"right","a":0.9999108315,"b":0.0133528179,"c":0.0001292204,"d":-1.3264920712,"shortest_distance":1.6915745882,"num_points":937,"plane_center_x":1.3251932859,"plane_center_y":0.0951586142,"plane_center_z":1.1315795183,"color_id":2},"3":{"ros_timestamp":"1695917974.8096886","wall_type":"front","a":0.0121219158,"b":-0.9999265671,"c":0.0000276852,"d":2.9275135994,"shortest_distance":2.5906541889,"num_points":350,"plane_center_x":-0.0394017845,"plane_center_y":2.9272859097,"plane_center_z":1.2628341913,"color_id":3},"4":{"ros_timestamp":"1695917974.8096886","wall_type":"back","a":0.012612395,"b":-0.9999204278,"c":0.000230561,"d":-2.9276413918,"shortest_distance":3.2644771278,"num_points":383,"plane_center_x":0.0049496638,"plane_center_y":-2.9275288582,"plane_center_z":1.2275187969,"color_id":4}}