{"0":{"ros_timestamp":"1695917975.1783628","wall_type":"floor","a":-0.0016994016,"b":0.0000528604,"c":0.9999985099,"d":-0.0017580646,"shortest_distance":0.9988671304,"num_points":1130,"plane_center_x":0.0843578354,"plane_center_y":-0.5414204001,"plane_center_z":0.0019300451,"color_id":0},"1":{"ros_timestamp":"1695917975.1783628","wall_type":"left","a":0.9999030828,"b":0.0138956141,"c":0.0008854635,"d":1.3258830309,"shortest_distance":0.9583829931,"num_points":1504,"plane_center_x":-1.3195685148,"plane_center_y":-0.5369938612,"plane_center_z":1.0741249323,"color_id":1},"2":{"ros_timestamp":"1695917975.1783628","wall_type":"right","a":0.9999201298,"b":0.0126417661,"c":0.0000768422,"d":-1.3245574236,"shortest_distance":1.6932844864,"num_points":937,"plane_center_x":1.3233845234,"plane_center_y":0.0942714214,"plane_center_z":1.1315814257,"color_id":2},"3":{"ros_timestamp":"1695917975.1783628","wall_type":"front","a":0.0121219158,"b":-0.9999265671,"c":0.0000276852,"d":2.9275135994,"shortest_distance":2.5943272393,"num_points":350,"plane_center_x":-0.0394017845,"plane_center_y":2.9272859097,"plane_center_z":1.2628341913,"color_id":3},"4":{"ros_timestamp":"1695917975.1783628","wall_type":"back","a":0.0119118551,"b":-0.9999290109,"c":0.0001507224,"d":-2.9278113842,"shortest_distance":3.2607971527,"num_points":387,"plane_center_x":0.0118445214,"plane_center_y":-2.9276943207,"plane_center_z":1.2200891972,"color_id":4}}