{"0":{"ros_timestamp":"1695917975.8781095","wall_type":"floor","a":-0.0017505463,"b":0.0000662121,"c":0.9999985099,"d":-0.0017869623,"shortest_distance":0.9988778252,"num_points":1130,"plane_center_x":0.0870145708,"plane_center_y":-0.5411655307,"plane_center_z":0.00197512,"color_id":0},"1":{"ros_timestamp":"1695917975.8781095","wall_type":"left","a":0.9999014139,"b":0.0139985932,"c":0.0011033864,"d":1.3256281614,"shortest_distance":0.9485306083,"num_points":1505,"plane_center_x":-1.3195205927,"plane_center_y":-0.5380103588,"plane_center_z":1.0734112263,"color_id":1},"2":{"ros_timestamp":"1695917975.8781095","wall_type":"right","a":0.9999188781,"b":0.0127373198,"c":0.0000166223,"d":-1.3246682882,"shortest_distance":1.7032595565,"num_points":939,"plane_center_x":1.3235509396,"plane_center_y":0.0946724489,"plane_center_z":1.1312632561,"color_id":2},"3":{"ros_timestamp":"1695917975.8781095","wall_type":"front","a":0.0121219158,"b":-0.9999265671,"c":0.0000276852,"d":2.9275135994,"shortest_distance":2.6055448313,"num_points":350,"plane_center_x":-0.0394017845,"plane_center_y":2.9272859097,"plane_center_z":1.2628341913,"color_id":3},"4":{"ros_timestamp":"1695917975.8781095","wall_type":"back","a":0.0117336931,"b":-0.9999311566,"c":0.0000532353,"d":-2.9277515411,"shortest_distance":3.2495475443,"num_points":389,"plane_center_x":0.017712811,"plane_center_y":-2.9276804924,"plane_center_z":1.2170386314,"color_id":4}}