{"0":{"ros_timestamp":"1695917976.5785797","wall_type":"floor","a":-0.0016803966,"b":0.000050139,"c":0.9999986291,"d":-0.001741579,"shortest_distance":0.9989065087,"num_points":1129,"plane_center_x":0.086871326,"plane_center_y":-0.5397359133,"plane_center_z":0.0019146218,"color_id":0},"1":{"ros_timestamp":"1695917976.5785797","wall_type":"left","a":0.9999014139,"b":0.0139985932,"c":0.0011033864,"d":1.3256281614,"shortest_distance":0.9390210421,"num_points":1505,"plane_center_x":-1.3195205927,"plane_center_y":-0.5380103588,"plane_center_z":1.0734112263,"color_id":1},"2":{"ros_timestamp":"1695917976.5785797","wall_type":"right","a":0.9999056458,"b":0.013739109,"c":0.0000398281,"d":-1.3271520138,"shortest_distance":1.7149036006,"num_points":953,"plane_center_x":1.3259472847,"plane_center_y":0.093515791,"plane_center_z":1.1293255091,"color_id":2},"3":{"ros_timestamp":"1695917976.5785797","wall_type":"front","a":0.0121219158,"b":-0.9999265671,"c":0.0000276852,"d":2.9275135994,"shortest_distance":2.6170521984,"num_points":350,"plane_center_x":-0.0394017845,"plane_center_y":2.9272859097,"plane_center_z":1.2628341913,"color_id":3},"4":{"ros_timestamp":"1695917976.5785797","wall_type":"back","a":0.0113122901,"b":-0.9999360442,"c":-0.0000007202,"d":-2.9278321266,"shortest_distance":3.238007229,"num_points":389,"plane_center_x":0.0190594662,"plane_center_y":-2.9278044701,"plane_center_z":1.2170633078,"color_id":4}}