{"0":{"ros_timestamp":"1695917889.6080534","wall_type":"floor","a":0.000155488,"b":-0.0011325681,"c":0.9999993443,"d":0.0001891137,"shortest_distance":1.0007110887,"num_points":412,"plane_center_x":0.0494317599,"plane_center_y":2.2189106941,"plane_center_z":0.0023162696,"color_id":0},"1":{"ros_timestamp":"1695917889.6080534","wall_type":"left","a":0.999897182,"b":0.0143371234,"c":-0.0000622575,"d":1.3212687969,"shortest_distance":1.5128247476,"num_points":364,"plane_center_x":-1.3447960615,"plane_center_y":1.6361868382,"plane_center_z":1.1117753983,"color_id":1},"2":{"ros_timestamp":"1695917889.6080534","wall_type":"right","a":0.999904573,"b":0.0138126621,"c":-0.0000048616,"d":-1.3270956278,"shortest_distance":1.1352417662,"num_points":384,"plane_center_x":1.2944871187,"plane_center_y":2.3701245785,"plane_center_z":1.1670171022,"color_id":2}}