{"0":{"ros_timestamp":"1695917977.0975816","wall_type":"floor","a":-0.0017600922,"b":0.0000622009,"c":0.9999983907,"d":-0.0017717754,"shortest_distance":0.9989212386,"num_points":1129,"plane_center_x":0.0870712027,"plane_center_y":-0.5397335291,"plane_center_z":0.001958604,"color_id":0},"1":{"ros_timestamp":"1695917977.0975816","wall_type":"left","a":0.9999014139,"b":0.0139985932,"c":0.0011033864,"d":1.3256281614,"shortest_distance":0.9328746566,"num_points":1505,"plane_center_x":-1.3195205927,"plane_center_y":-0.5380103588,"plane_center_z":1.0734112263,"color_id":1},"2":{"ros_timestamp":"1695917977.0975816","wall_type":"right","a":0.9999182224,"b":0.0127916057,"c":-0.0000020738,"d":-1.3247568607,"shortest_distance":1.7189819272,"num_points":953,"plane_center_x":1.3236918449,"plane_center_y":0.0919060186,"plane_center_z":1.1292945147,"color_id":2},"3":{"ros_timestamp":"1695917977.0975816","wall_type":"front","a":0.0121219158,"b":-0.9999265671,"c":0.0000276852,"d":2.9275135994,"shortest_distance":2.6248796589,"num_points":350,"plane_center_x":-0.0394017845,"plane_center_y":2.9272859097,"plane_center_z":1.2628341913,"color_id":3},"4":{"ros_timestamp":"1695917977.0975816","wall_type":"back","a":0.0113122901,"b":-0.9999360442,"c":-0.0000007202,"d":-2.9278321266,"shortest_distance":3.2301748063,"num_points":389,"plane_center_x":0.0190594662,"plane_center_y":-2.9278044701,"plane_center_z":1.2170633078,"color_id":4}}