{"0":{"ros_timestamp":"1695917978.992595","wall_type":"floor","a":-0.0016993281,"b":0.000055926,"c":0.9999985099,"d":-0.001743126,"shortest_distance":0.9989646231,"num_points":1128,"plane_center_x":0.0858355388,"plane_center_y":-0.5392570496,"plane_center_z":0.0019605269,"color_id":0},"1":{"ros_timestamp":"1695917978.992595","wall_type":"left","a":0.9999030828,"b":0.0138956141,"c":0.0008854635,"d":1.3258830309,"shortest_distance":0.9072088195,"num_points":1504,"plane_center_x":-1.3195685148,"plane_center_y":-0.5369938612,"plane_center_z":1.0741249323,"color_id":1},"2":{"ros_timestamp":"1695917978.992595","wall_type":"right","a":0.9998898506,"b":0.0148395803,"c":-0.0001269674,"d":-1.3291641474,"shortest_distance":1.7485989362,"num_points":971,"plane_center_x":1.3281024694,"plane_center_y":0.0910379663,"plane_center_z":1.126763463,"color_id":2},"3":{"ros_timestamp":"1695917978.992595","wall_type":"front","a":0.0121219158,"b":-0.9999265671,"c":0.0000276852,"d":2.9275135994,"shortest_distance":2.6615550328,"num_points":350,"plane_center_x":-0.0394017845,"plane_center_y":2.9272859097,"plane_center_z":1.2628341913,"color_id":3},"4":{"ros_timestamp":"1695917978.992595","wall_type":"back","a":0.0113122901,"b":-0.9999360442,"c":-0.0000007202,"d":-2.9278321266,"shortest_distance":3.1934787113,"num_points":389,"plane_center_x":0.0190594662,"plane_center_y":-2.9278044701,"plane_center_z":1.2170633078,"color_id":4}}