{"0":{"ros_timestamp":"1695917979.3129163","wall_type":"floor","a":-0.0016823747,"b":0.0000539613,"c":0.9999986291,"d":-0.0017381156,"shortest_distance":0.9989660989,"num_points":1127,"plane_center_x":0.0870902091,"plane_center_y":-0.5379276276,"plane_center_z":0.0019569793,"color_id":0},"1":{"ros_timestamp":"1695917979.3129163","wall_type":"left","a":0.9999014139,"b":0.0139985932,"c":0.0011033864,"d":1.3256281614,"shortest_distance":0.9045527354,"num_points":1505,"plane_center_x":-1.3195205927,"plane_center_y":-0.5380103588,"plane_center_z":1.0734112263,"color_id":1},"2":{"ros_timestamp":"1695917979.3129163","wall_type":"right","a":0.9998953342,"b":0.0144660696,"c":-0.0001754149,"d":-1.3281593323,"shortest_distance":1.7503909837,"num_points":972,"plane_center_x":1.3271648884,"plane_center_y":0.0920162052,"plane_center_z":1.1273288727,"color_id":2},"3":{"ros_timestamp":"1695917979.3129163","wall_type":"front","a":0.0121219158,"b":-0.9999265671,"c":0.0000276852,"d":2.9275135994,"shortest_distance":2.6657685847,"num_points":350,"plane_center_x":-0.0394017845,"plane_center_y":2.9272859097,"plane_center_z":1.2628341913,"color_id":3},"4":{"ros_timestamp":"1695917979.3129163","wall_type":"back","a":0.0113122901,"b":-0.9999360442,"c":-0.0000007202,"d":-2.9278321266,"shortest_distance":3.1892630243,"num_points":389,"plane_center_x":0.0190594662,"plane_center_y":-2.9278044701,"plane_center_z":1.2170633078,"color_id":4}}