{"0":{"ros_timestamp":"1695917979.500107","wall_type":"floor","a":-0.0016878165,"b":0.0000543966,"c":0.9999985099,"d":-0.0017411127,"shortest_distance":0.9989695845,"num_points":1126,"plane_center_x":0.0860620886,"plane_center_y":-0.5372449756,"plane_center_z":0.0019155969,"color_id":0},"1":{"ros_timestamp":"1695917979.500107","wall_type":"left","a":0.9999026656,"b":0.0138546163,"c":0.001623765,"d":1.3248044252,"shortest_distance":0.9016080347,"num_points":1505,"plane_center_x":-1.3195205927,"plane_center_y":-0.5380103588,"plane_center_z":1.0734112263,"color_id":1},"2":{"ros_timestamp":"1695917979.500107","wall_type":"right","a":0.9998967648,"b":0.0143706687,"c":-0.0001791092,"d":-1.3279114962,"shortest_distance":1.7527779136,"num_points":973,"plane_center_x":1.3269612789,"plane_center_y":0.0896914303,"plane_center_z":1.1262032986,"color_id":2},"3":{"ros_timestamp":"1695917979.500107","wall_type":"front","a":0.0121219158,"b":-0.9999265671,"c":0.0000276852,"d":2.9275135994,"shortest_distance":2.6700083136,"num_points":350,"plane_center_x":-0.0394017845,"plane_center_y":2.9272859097,"plane_center_z":1.2628341913,"color_id":3},"4":{"ros_timestamp":"1695917979.500107","wall_type":"back","a":0.0113122901,"b":-0.9999360442,"c":-0.0000007202,"d":-2.9278321266,"shortest_distance":3.1850211944,"num_points":389,"plane_center_x":0.0190594662,"plane_center_y":-2.9278044701,"plane_center_z":1.2170633078,"color_id":4}}