{"0":{"ros_timestamp":"1695917880.9100492","wall_type":"floor","a":0.0021730212,"b":-0.0013967276,"c":0.9999966621,"d":0.0015762413,"shortest_distance":1.0023165811,"num_points":238,"plane_center_x":-0.0379401892,"plane_center_y":2.1373906136,"plane_center_z":0.0014915609,"color_id":0},"1":{"ros_timestamp":"1695917880.9100492","wall_type":"left","a":0.9998509288,"b":0.0172678661,"c":-0.0001517461,"d":1.3138269186,"shortest_distance":1.3398793065,"num_points":188,"plane_center_x":-1.3496873379,"plane_center_y":2.0750358105,"plane_center_z":1.1349371672,"color_id":1},"2":{"ros_timestamp":"1695917880.9100492","wall_type":"right","a":0.9998984933,"b":0.0140734594,"c":-0.0022216667,"d":-1.3244988918,"shortest_distance":1.2989304015,"num_points":308,"plane_center_x":1.295650363,"plane_center_y":2.2481272221,"plane_center_z":1.1134382486,"color_id":2}}