{"0":{"ros_timestamp":"1696511905.2651596","wall_type":"left","a":0.9997963309,"b":0.0118709262,"c":-0.0163246188,"d":1.3333547115,"shortest_distance":0.3164694576,"num_points":1248,"plane_center_x":-1.3108304739,"plane_center_y":-0.2825556397,"plane_center_z":1.4171077013,"color_id":1},"1":{"ros_timestamp":"1696511905.2651596","wall_type":"right","a":0.9999904037,"b":-0.004327971,"c":0.0007396578,"d":-1.1783396006,"shortest_distance":2.1813887292,"num_points":329,"plane_center_x":1.1789073944,"plane_center_y":0.2827066481,"plane_center_z":1.4145768881,"color_id":2},"2":{"ros_timestamp":"1696511905.2651596","wall_type":"front","a":0.0081765074,"b":-0.999963522,"c":-0.0024384854,"d":2.9304735661,"shortest_distance":2.1993744983,"num_points":600,"plane_center_x":-0.0852178708,"plane_center_y":2.9265940189,"plane_center_z":1.3490140438,"color_id":3},"3":{"ros_timestamp":"1696511905.2651596","wall_type":"back","a":0.0004704607,"b":-0.9999999404,"c":-0.0000135402,"d":-2.9266459942,"shortest_distance":3.6464074966,"num_points":161,"plane_center_x":0.6251190901,"plane_center_y":-2.9263725281,"plane_center_z":1.5084309578,"color_id":4}}