{"0":{"ros_timestamp":"1696511905.5492973","wall_type":"left","a":0.9998871684,"b":0.0098113092,"c":0.0113724256,"d":1.2964106798,"shortest_distance":0.3216316622,"num_points":1304,"plane_center_x":-1.3117923737,"plane_center_y":-0.3387666941,"plane_center_z":1.4721599817,"color_id":1},"1":{"ros_timestamp":"1696511905.5492973","wall_type":"right","a":0.9999940991,"b":-0.003099401,"c":0.0015137248,"d":-1.1801655293,"shortest_distance":2.1789830447,"num_points":329,"plane_center_x":1.1789073944,"plane_center_y":0.2827066481,"plane_center_z":1.4145768881,"color_id":2},"2":{"ros_timestamp":"1696511905.5492973","wall_type":"front","a":0.0081755314,"b":-0.9999636412,"c":-0.0024396146,"d":2.9304757118,"shortest_distance":2.214250365,"num_points":599,"plane_center_x":-0.0832124203,"plane_center_y":2.9266088009,"plane_center_z":1.3497704268,"color_id":3},"3":{"ros_timestamp":"1696511905.5492973","wall_type":"back","a":0.0004704607,"b":-0.9999999404,"c":-0.0000135402,"d":-2.9266459942,"shortest_distance":3.6315486713,"num_points":161,"plane_center_x":0.6251190901,"plane_center_y":-2.9263725281,"plane_center_z":1.5084309578,"color_id":4}}