{"0":{"ros_timestamp":"1696511906.0650473","wall_type":"left","a":0.9998576045,"b":0.0098954029,"c":0.0136726946,"d":1.2929339409,"shortest_distance":0.3271461378,"num_points":1250,"plane_center_x":-1.3119628429,"plane_center_y":-0.2745499015,"plane_center_z":1.4940917492,"color_id":1},"1":{"ros_timestamp":"1696511906.0650473","wall_type":"right","a":0.9999940991,"b":-0.003099401,"c":0.0015137248,"d":-1.1801655293,"shortest_distance":2.1729614132,"num_points":329,"plane_center_x":1.1789073944,"plane_center_y":0.2827066481,"plane_center_z":1.4145768881,"color_id":2},"2":{"ros_timestamp":"1696511906.0650473","wall_type":"front","a":0.0081755314,"b":-0.9999636412,"c":-0.0024396146,"d":2.9304757118,"shortest_distance":2.2589497833,"num_points":599,"plane_center_x":-0.0832124203,"plane_center_y":2.9266088009,"plane_center_z":1.3497704268,"color_id":3},"3":{"ros_timestamp":"1696511906.0650473","wall_type":"back","a":0.0004704607,"b":-0.9999999404,"c":-0.0000135402,"d":-2.9266459942,"shortest_distance":3.5868929637,"num_points":161,"plane_center_x":0.6251190901,"plane_center_y":-2.9263725281,"plane_center_z":1.5084309578,"color_id":4}}