{"0":{"ros_timestamp":"1696511906.3678663","wall_type":"left","a":0.9998961687,"b":0.0096846912,"c":0.0106698405,"d":1.2973651886,"shortest_distance":0.3299743438,"num_points":1318,"plane_center_x":-1.3115082979,"plane_center_y":-0.3683196008,"plane_center_z":1.4638068676,"color_id":1},"1":{"ros_timestamp":"1696511906.3678663","wall_type":"right","a":0.9998916388,"b":-0.0147182047,"c":0.0002732818,"d":-1.1712982655,"shortest_distance":2.1697032228,"num_points":329,"plane_center_x":1.1736547947,"plane_center_y":0.2826220095,"plane_center_z":1.4145706892,"color_id":2},"2":{"ros_timestamp":"1696511906.3678663","wall_type":"front","a":0.0081755314,"b":-0.9999636412,"c":-0.0024396146,"d":2.9304757118,"shortest_distance":2.2888191178,"num_points":599,"plane_center_x":-0.0832124203,"plane_center_y":2.9266088009,"plane_center_z":1.3497704268,"color_id":3},"3":{"ros_timestamp":"1696511906.3678663","wall_type":"back","a":0.0004704607,"b":-0.9999999404,"c":-0.0000135402,"d":-2.9266459942,"shortest_distance":3.5570486119,"num_points":161,"plane_center_x":0.6251190901,"plane_center_y":-2.9263725281,"plane_center_z":1.5084309578,"color_id":4}}