{"0":{"ros_timestamp":"1696511906.7675147","wall_type":"left","a":0.9999465346,"b":0.0055545298,"c":0.0087206578,"d":1.3042465448,"shortest_distance":0.334551335,"num_points":1341,"plane_center_x":-1.3130623102,"plane_center_y":-0.3981546164,"plane_center_z":1.4419263601,"color_id":1},"1":{"ros_timestamp":"1696511906.7675147","wall_type":"right","a":0.9997586608,"b":-0.0219610538,"c":-0.0006773108,"d":-1.1636582613,"shortest_distance":2.1638239599,"num_points":329,"plane_center_x":1.1736547947,"plane_center_y":0.2826220095,"plane_center_z":1.4145706892,"color_id":2},"2":{"ros_timestamp":"1696511906.7675147","wall_type":"front","a":0.0081986338,"b":-0.999963522,"c":-0.0024175134,"d":2.9304366112,"shortest_distance":2.3186384818,"num_points":598,"plane_center_x":-0.0812119171,"plane_center_y":2.9266119003,"plane_center_z":1.350861311,"color_id":3},"3":{"ros_timestamp":"1696511906.7675147","wall_type":"back","a":0.0004704607,"b":-0.9999999404,"c":-0.0000135402,"d":-2.9266459942,"shortest_distance":3.5272261329,"num_points":161,"plane_center_x":0.6251190901,"plane_center_y":-2.9263725281,"plane_center_z":1.5084309578,"color_id":4}}