{"0":{"ros_timestamp":"1696511906.9625974","wall_type":"left","a":0.9999338984,"b":0.0053028399,"c":0.0101972902,"d":1.302554965,"shortest_distance":0.3363558986,"num_points":1335,"plane_center_x":-1.3141243458,"plane_center_y":-0.3857989311,"plane_center_z":1.4392982721,"color_id":1},"1":{"ros_timestamp":"1696511906.9625974","wall_type":"right","a":0.9999965429,"b":-0.0024296574,"c":-0.0010513944,"d":-1.1789702177,"shortest_distance":2.1666848283,"num_points":329,"plane_center_x":1.1789073944,"plane_center_y":0.2827066481,"plane_center_z":1.4145768881,"color_id":2},"2":{"ros_timestamp":"1696511906.9625974","wall_type":"front","a":0.0081986338,"b":-0.999963522,"c":-0.0024175134,"d":2.9304366112,"shortest_distance":2.3335910341,"num_points":598,"plane_center_x":-0.0812119171,"plane_center_y":2.9266119003,"plane_center_z":1.350861311,"color_id":3},"3":{"ros_timestamp":"1696511906.9625974","wall_type":"back","a":0.0004704607,"b":-0.9999999404,"c":-0.0000135402,"d":-2.9266459942,"shortest_distance":3.5122845645,"num_points":161,"plane_center_x":0.6251190901,"plane_center_y":-2.9263725281,"plane_center_z":1.5084309578,"color_id":4}}