{"0":{"ros_timestamp":"1696511907.3494458","wall_type":"left","a":0.9999980927,"b":0.0013029112,"c":-0.00145055,"d":1.3236877918,"shortest_distance":0.3404916656,"num_points":1245,"plane_center_x":-1.3170230389,"plane_center_y":-0.2663825154,"plane_center_z":1.4732149839,"color_id":1},"1":{"ros_timestamp":"1696511907.3494458","wall_type":"right","a":0.9999940991,"b":-0.003099401,"c":0.0015137248,"d":-1.1801655293,"shortest_distance":2.1613409295,"num_points":329,"plane_center_x":1.1789073944,"plane_center_y":0.2827066481,"plane_center_z":1.4145768881,"color_id":2},"2":{"ros_timestamp":"1696511907.3494458","wall_type":"front","a":0.0082523571,"b":-0.9999628067,"c":-0.0024901174,"d":2.9305083752,"shortest_distance":2.3633989183,"num_points":596,"plane_center_x":-0.0772022754,"plane_center_y":2.9266240597,"plane_center_z":1.347795248,"color_id":3},"3":{"ros_timestamp":"1696511907.3494458","wall_type":"back","a":0.0004704607,"b":-0.9999999404,"c":-0.0000135402,"d":-2.9266459942,"shortest_distance":3.4824089634,"num_points":161,"plane_center_x":0.6251190901,"plane_center_y":-2.9263725281,"plane_center_z":1.5084309578,"color_id":4}}