{"0":{"ros_timestamp":"1696511907.9773362","wall_type":"left","a":0.999895215,"b":0.0126256412,"c":-0.007082528,"d":1.3204346895,"shortest_distance":0.3384719867,"num_points":1297,"plane_center_x":-1.310921669,"plane_center_y":-0.3444269896,"plane_center_z":1.4282249212,"color_id":1},"1":{"ros_timestamp":"1696511907.9773362","wall_type":"right","a":0.9999898076,"b":-0.002056682,"c":0.0040225601,"d":-1.1834332943,"shortest_distance":2.1562693957,"num_points":329,"plane_center_x":1.1789073944,"plane_center_y":0.2827066481,"plane_center_z":1.4145768881,"color_id":2},"2":{"ros_timestamp":"1696511907.9773362","wall_type":"front","a":0.0081765074,"b":-0.999963522,"c":-0.0024384854,"d":2.9304735661,"shortest_distance":2.4084137593,"num_points":600,"plane_center_x":-0.0852178708,"plane_center_y":2.9265940189,"plane_center_z":1.3490140438,"color_id":3},"3":{"ros_timestamp":"1696511907.9773362","wall_type":"back","a":0.0004704607,"b":-0.9999999404,"c":-0.0000135402,"d":-2.9266459942,"shortest_distance":3.4375395034,"num_points":161,"plane_center_x":0.6251190901,"plane_center_y":-2.9263725281,"plane_center_z":1.5084309578,"color_id":4}}