{"0":{"ros_timestamp":"1696511908.3736546","wall_type":"left","a":0.9999201894,"b":0.0073330444,"c":0.0102883074,"d":1.2999385595,"shortest_distance":0.343807914,"num_points":1371,"plane_center_x":-1.3127548695,"plane_center_y":-0.4368874729,"plane_center_z":1.4462592602,"color_id":1},"1":{"ros_timestamp":"1696511908.3736546","wall_type":"right","a":0.9999927878,"b":-0.002215035,"c":0.0030990364,"d":-1.1847977638,"shortest_distance":2.1564069583,"num_points":329,"plane_center_x":1.1789073944,"plane_center_y":0.2827066481,"plane_center_z":1.4145768881,"color_id":2},"2":{"ros_timestamp":"1696511908.3736546","wall_type":"front","a":0.0081986338,"b":-0.999963522,"c":-0.0024175134,"d":2.9304366112,"shortest_distance":2.4383032718,"num_points":598,"plane_center_x":-0.0812119171,"plane_center_y":2.9266119003,"plane_center_z":1.350861311,"color_id":3},"3":{"ros_timestamp":"1696511908.3736546","wall_type":"back","a":0.0004704607,"b":-0.9999999404,"c":-0.0000135402,"d":-2.9266459942,"shortest_distance":3.4076419182,"num_points":161,"plane_center_x":0.6251190901,"plane_center_y":-2.9263725281,"plane_center_z":1.5084309578,"color_id":4}}