{"0":{"ros_timestamp":"1696511908.4496138","wall_type":"left","a":0.9999085665,"b":0.0072542666,"c":0.0114157796,"d":1.2984182835,"shortest_distance":0.3447628558,"num_points":1364,"plane_center_x":-1.3132542372,"plane_center_y":-0.4262847304,"plane_center_z":1.4504480362,"color_id":1},"1":{"ros_timestamp":"1696511908.4496138","wall_type":"right","a":0.9997769594,"b":-0.021118721,"c":-0.000096167,"d":-1.1656383276,"shortest_distance":2.1496993537,"num_points":329,"plane_center_x":1.1736547947,"plane_center_y":0.2826220095,"plane_center_z":1.4145706892,"color_id":2},"2":{"ros_timestamp":"1696511908.4496138","wall_type":"front","a":0.0081986338,"b":-0.999963522,"c":-0.0024175134,"d":2.9304366112,"shortest_distance":2.4533008698,"num_points":598,"plane_center_x":-0.0812119171,"plane_center_y":2.9266119003,"plane_center_z":1.350861311,"color_id":3},"3":{"ros_timestamp":"1696511908.4496138","wall_type":"back","a":0.0004704607,"b":-0.9999999404,"c":-0.0000135402,"d":-2.9266459942,"shortest_distance":3.3926508356,"num_points":161,"plane_center_x":0.6251190901,"plane_center_y":-2.9263725281,"plane_center_z":1.5084309578,"color_id":4}}