{"0":{"ros_timestamp":"1696511908.6710782","wall_type":"left","a":0.9999966025,"b":0.0004993856,"c":-0.0025672752,"d":1.3271327019,"shortest_distance":0.3504222254,"num_points":1219,"plane_center_x":-1.3201682568,"plane_center_y":-0.2455670089,"plane_center_z":1.4730416536,"color_id":1},"1":{"ros_timestamp":"1696511908.6710782","wall_type":"right","a":0.99993366,"b":-0.0060151415,"c":0.0098201465,"d":-1.1906063557,"shortest_distance":2.1515478727,"num_points":329,"plane_center_x":1.1789073944,"plane_center_y":0.2827066481,"plane_center_z":1.4145768881,"color_id":2},"2":{"ros_timestamp":"1696511908.6710782","wall_type":"front","a":0.0082763676,"b":-0.9999625683,"c":-0.0025159125,"d":2.930532217,"shortest_distance":2.468137054,"num_points":595,"plane_center_x":-0.0751915723,"plane_center_y":2.9266316891,"plane_center_z":1.3465157747,"color_id":3},"3":{"ros_timestamp":"1696511908.6710782","wall_type":"back","a":0.0004704607,"b":-0.9999999404,"c":-0.0000135402,"d":-2.9266459942,"shortest_distance":3.3776960695,"num_points":161,"plane_center_x":0.6251190901,"plane_center_y":-2.9263725281,"plane_center_z":1.5084309578,"color_id":4}}