{"0":{"ros_timestamp":"1696511908.8779912","wall_type":"left","a":0.9999972582,"b":0.0016080186,"c":-0.0017041613,"d":1.3241903782,"shortest_distance":0.3502072806,"num_points":1274,"plane_center_x":-1.3166868687,"plane_center_y":-0.315531522,"plane_center_z":1.4690930843,"color_id":1},"1":{"ros_timestamp":"1696511908.8779912","wall_type":"right","a":0.9999965429,"b":-0.0024715944,"c":-0.0009251278,"d":-1.1790159941,"shortest_distance":2.1536029398,"num_points":329,"plane_center_x":1.1789073944,"plane_center_y":0.2827066481,"plane_center_z":1.4145768881,"color_id":2},"2":{"ros_timestamp":"1696511908.8779912","wall_type":"front","a":0.0082523571,"b":-0.9999628067,"c":-0.0024901174,"d":2.9305083752,"shortest_distance":2.4831639415,"num_points":596,"plane_center_x":-0.0772022754,"plane_center_y":2.9266240597,"plane_center_z":1.347795248,"color_id":3},"3":{"ros_timestamp":"1696511908.8779912","wall_type":"back","a":0.0004704607,"b":-0.9999999404,"c":-0.0000135402,"d":-2.9266459942,"shortest_distance":3.3627143447,"num_points":161,"plane_center_x":0.6251190901,"plane_center_y":-2.9263725281,"plane_center_z":1.5084309578,"color_id":4}}