{"0":{"ros_timestamp":"1696511909.249682","wall_type":"left","a":0.9999976158,"b":0.0013693966,"c":-0.0016864277,"d":1.324436307,"shortest_distance":0.3522246111,"num_points":1262,"plane_center_x":-1.3174026012,"plane_center_y":-0.3082934618,"plane_center_z":1.4733663797,"color_id":1},"1":{"ros_timestamp":"1696511909.249682","wall_type":"right","a":0.9997870922,"b":-0.0206146799,"c":-0.0008372053,"d":-1.165317893,"shortest_distance":2.1449648472,"num_points":329,"plane_center_x":1.1736547947,"plane_center_y":0.2826220095,"plane_center_z":1.4145706892,"color_id":2},"2":{"ros_timestamp":"1696511909.249682","wall_type":"front","a":0.0082523571,"b":-0.9999628067,"c":-0.0024901174,"d":2.9305083752,"shortest_distance":2.5131360375,"num_points":596,"plane_center_x":-0.0772022754,"plane_center_y":2.9266240597,"plane_center_z":1.347795248,"color_id":3},"3":{"ros_timestamp":"1696511909.249682","wall_type":"back","a":0.0004704607,"b":-0.9999999404,"c":-0.0000135402,"d":-2.9266459942,"shortest_distance":3.3327558469,"num_points":161,"plane_center_x":0.6251190901,"plane_center_y":-2.9263725281,"plane_center_z":1.5084309578,"color_id":4}}