{"0":{"ros_timestamp":"1696511909.7667542","wall_type":"left","a":0.9998564124,"b":0.0130271586,"c":0.0108403154,"d":1.2929558754,"shortest_distance":0.3463210046,"num_points":1220,"plane_center_x":-1.3100152016,"plane_center_y":-0.2366042286,"plane_center_z":1.5052711964,"color_id":1},"1":{"ros_timestamp":"1696511909.7667542","wall_type":"right","a":0.9999950528,"b":-0.0022657432,"c":-0.0021788524,"d":-1.1748757362,"shortest_distance":2.1467543543,"num_points":329,"plane_center_x":1.1789073944,"plane_center_y":0.2827066481,"plane_center_z":1.4145768881,"color_id":2},"2":{"ros_timestamp":"1696511909.7667542","wall_type":"front","a":0.0081765074,"b":-0.999963522,"c":-0.0024384854,"d":2.9304735661,"shortest_distance":2.5582292601,"num_points":600,"plane_center_x":-0.0852178708,"plane_center_y":2.9265940189,"plane_center_z":1.3490140438,"color_id":3},"3":{"ros_timestamp":"1696511909.7667542","wall_type":"back","a":0.0004704607,"b":-0.9999999404,"c":-0.0000135402,"d":-2.9266459942,"shortest_distance":3.2877961159,"num_points":161,"plane_center_x":0.6251190901,"plane_center_y":-2.9263725281,"plane_center_z":1.5084309578,"color_id":4}}