{"0":{"ros_timestamp":"1696511909.9606833","wall_type":"left","a":0.9998582006,"b":0.0128653292,"c":0.0108657368,"d":1.2931542397,"shortest_distance":0.346679984,"num_points":1245,"plane_center_x":-1.3103100061,"plane_center_y":-0.2704734802,"plane_center_z":1.5078866482,"color_id":1},"1":{"ros_timestamp":"1696511909.9606833","wall_type":"right","a":0.9997498989,"b":-0.0220971182,"c":0.0034365049,"d":-1.1670345068,"shortest_distance":2.136670033,"num_points":323,"plane_center_x":1.1732331514,"plane_center_y":0.3010106683,"plane_center_z":1.4073609114,"color_id":2},"2":{"ros_timestamp":"1696511909.9606833","wall_type":"front","a":0.0081765074,"b":-0.999963522,"c":-0.0024384854,"d":2.9304735661,"shortest_distance":2.5732492355,"num_points":600,"plane_center_x":-0.0852178708,"plane_center_y":2.9265940189,"plane_center_z":1.3490140438,"color_id":3},"3":{"ros_timestamp":"1696511909.9606833","wall_type":"back","a":0.0004704607,"b":-0.9999999404,"c":-0.0000135402,"d":-2.9266459942,"shortest_distance":3.2727784907,"num_points":161,"plane_center_x":0.6251190901,"plane_center_y":-2.9263725281,"plane_center_z":1.5084309578,"color_id":4}}