{"0":{"ros_timestamp":"1696511815.3658898","wall_type":"right","a":0.9999947548,"b":-0.0031900587,"c":0.0006543659,"d":-1.3383529186,"shortest_distance":1.3479198275,"num_points":385,"plane_center_x":1.3308846951,"plane_center_y":-2.0069007874,"plane_center_z":1.4545462132,"color_id":2},"1":{"ros_timestamp":"1696511815.3658898","wall_type":"back","a":-0.0001522049,"b":-1.0,"c":-0.0000270672,"d":-2.9263608456,"shortest_distance":0.4765121827,"num_points":193,"plane_center_x":0.7065466642,"plane_center_y":-2.9265091419,"plane_center_z":1.5078285933,"color_id":4}}