{"0":{"ros_timestamp":"1696511911.3683183","wall_type":"left","a":0.9999364614,"b":0.0065702256,"c":0.0091576735,"d":1.3017463684,"shortest_distance":0.3534808265,"num_points":1418,"plane_center_x":-1.3135718107,"plane_center_y":-0.513011694,"plane_center_z":1.4406148195,"color_id":1},"1":{"ros_timestamp":"1696511911.3683183","wall_type":"right","a":0.9998597503,"b":-0.0167030115,"c":0.0011885297,"d":-1.1713373661,"shortest_distance":2.1367745867,"num_points":329,"plane_center_x":1.1736547947,"plane_center_y":0.2826220095,"plane_center_z":1.4145706892,"color_id":2},"2":{"ros_timestamp":"1696511911.3683183","wall_type":"front","a":0.0081986338,"b":-0.999963522,"c":-0.0024175134,"d":2.9304366112,"shortest_distance":2.6932406313,"num_points":598,"plane_center_x":-0.0812119171,"plane_center_y":2.9266119003,"plane_center_z":1.350861311,"color_id":3},"3":{"ros_timestamp":"1696511911.3683183","wall_type":"back","a":0.0004704607,"b":-0.9999999404,"c":-0.0000135402,"d":-2.9266459942,"shortest_distance":3.1527851102,"num_points":161,"plane_center_x":0.6251190901,"plane_center_y":-2.9263725281,"plane_center_z":1.5084309578,"color_id":4}}