{"0":{"ros_timestamp":"1696511912.3496017","wall_type":"left","a":0.9999887943,"b":0.0038303726,"c":0.0028042777,"d":1.3142145872,"shortest_distance":0.356345288,"num_points":1417,"plane_center_x":-1.3146038055,"plane_center_y":-0.5346776843,"plane_center_z":1.4445261955,"color_id":1},"1":{"ros_timestamp":"1696511912.3496017","wall_type":"right","a":0.9998089075,"b":-0.0195467658,"c":-0.0002524889,"d":-1.1675490141,"shortest_distance":2.1333671175,"num_points":329,"plane_center_x":1.1736547947,"plane_center_y":0.2826220095,"plane_center_z":1.4145706892,"color_id":2},"2":{"ros_timestamp":"1696511912.3496017","wall_type":"front","a":0.0081986338,"b":-0.999963522,"c":-0.0024175134,"d":2.9304366112,"shortest_distance":2.7682695804,"num_points":598,"plane_center_x":-0.0812119171,"plane_center_y":2.9266119003,"plane_center_z":1.350861311,"color_id":3},"3":{"ros_timestamp":"1696511912.3496017","wall_type":"back","a":0.0004704607,"b":-0.9999999404,"c":-0.0000135402,"d":-2.9266459942,"shortest_distance":3.0777604935,"num_points":161,"plane_center_x":0.6251190901,"plane_center_y":-2.9263725281,"plane_center_z":1.5084309578,"color_id":4}}