{"0":{"ros_timestamp":"1696511912.46192","wall_type":"left","a":0.9999883771,"b":0.0040749358,"c":0.0025773542,"d":1.3141940832,"shortest_distance":0.3557928239,"num_points":1420,"plane_center_x":-1.3142858744,"plane_center_y":-0.5386821032,"plane_center_z":1.4460355043,"color_id":1},"1":{"ros_timestamp":"1696511912.46192","wall_type":"right","a":0.9999954104,"b":-0.0029918004,"c":0.0004700713,"d":-1.1792123318,"shortest_distance":2.1417502821,"num_points":329,"plane_center_x":1.1789073944,"plane_center_y":0.2827066481,"plane_center_z":1.4145768881,"color_id":2},"2":{"ros_timestamp":"1696511912.46192","wall_type":"front","a":0.0081986338,"b":-0.999963522,"c":-0.0024175134,"d":2.9304366112,"shortest_distance":2.7832797656,"num_points":598,"plane_center_x":-0.0812119171,"plane_center_y":2.9266119003,"plane_center_z":1.350861311,"color_id":3},"3":{"ros_timestamp":"1696511912.46192","wall_type":"back","a":0.0004704607,"b":-0.9999999404,"c":-0.0000135402,"d":-2.9266459942,"shortest_distance":3.0627484745,"num_points":161,"plane_center_x":0.6251190901,"plane_center_y":-2.9263725281,"plane_center_z":1.5084309578,"color_id":4}}