{"0":{"ros_timestamp":"1696511913.0755956","wall_type":"left","a":0.9999896288,"b":0.0035911885,"c":0.0028080747,"d":1.3144805431,"shortest_distance":0.3560497258,"num_points":1412,"plane_center_x":-1.3152464628,"plane_center_y":-0.523450613,"plane_center_z":1.4424927235,"color_id":1},"1":{"ros_timestamp":"1696511913.0755956","wall_type":"right","a":0.9999908209,"b":-0.0021473852,"c":0.003717124,"d":-1.1826499701,"shortest_distance":2.1402337278,"num_points":329,"plane_center_x":1.1789073944,"plane_center_y":0.2827066481,"plane_center_z":1.4145768881,"color_id":2},"2":{"ros_timestamp":"1696511913.0755956","wall_type":"front","a":0.0081986338,"b":-0.999963522,"c":-0.0024175134,"d":2.9304366112,"shortest_distance":2.8282928365,"num_points":598,"plane_center_x":-0.0812119171,"plane_center_y":2.9266119003,"plane_center_z":1.350861311,"color_id":3},"3":{"ros_timestamp":"1696511913.0755956","wall_type":"back","a":0.0004704607,"b":-0.9999999404,"c":-0.0000135402,"d":-2.9266459942,"shortest_distance":3.0177326177,"num_points":161,"plane_center_x":0.6251190901,"plane_center_y":-2.9263725281,"plane_center_z":1.5084309578,"color_id":4}}