{"0":{"ros_timestamp":"1696511815.663062","wall_type":"right","a":0.9999729991,"b":-0.0072773974,"c":0.0010307189,"d":-1.3459398746,"shortest_distance":1.3150337201,"num_points":387,"plane_center_x":1.3304579258,"plane_center_y":-2.00867486,"plane_center_z":1.4549921751,"color_id":2},"1":{"ros_timestamp":"1696511815.663062","wall_type":"back","a":0.0000608259,"b":-1.0,"c":-0.000005682,"d":-2.9265038967,"shortest_distance":0.4790026733,"num_points":191,"plane_center_x":0.7069427967,"plane_center_y":-2.9264695644,"plane_center_z":1.5078617334,"color_id":4}}