{"0":{"ros_timestamp":"1696511913.9495664","wall_type":"left","a":0.9999951124,"b":0.0009529255,"c":-0.0029850195,"d":1.3260264397,"shortest_distance":0.3574009457,"num_points":1366,"plane_center_x":-1.3178184032,"plane_center_y":-0.4965214729,"plane_center_z":1.4672003984,"color_id":1},"1":{"ros_timestamp":"1696511913.9495664","wall_type":"right","a":0.9999321103,"b":-0.0110860122,"c":0.0035852988,"d":-1.1782019138,"shortest_distance":2.1370661229,"num_points":311,"plane_center_x":1.1786137819,"plane_center_y":0.4683806896,"plane_center_z":1.4093676805,"color_id":2},"2":{"ros_timestamp":"1696511913.9495664","wall_type":"front","a":0.0082763676,"b":-0.9999625683,"c":-0.0025159125,"d":2.930532217,"shortest_distance":2.9031708632,"num_points":595,"plane_center_x":-0.0751915723,"plane_center_y":2.9266316891,"plane_center_z":1.3465157747,"color_id":3},"3":{"ros_timestamp":"1696511913.9495664","wall_type":"back","a":0.0020657401,"b":-0.9999978542,"c":-0.0001332839,"d":-2.9275038242,"shortest_distance":2.945291944,"num_points":510,"plane_center_x":-0.0501562692,"plane_center_y":-2.927791357,"plane_center_z":1.3325570822,"color_id":4}}