{"0":{"ros_timestamp":"1696511914.376767","wall_type":"left","a":0.9999918938,"b":0.0013018316,"c":-0.003814741,"d":1.3272330761,"shortest_distance":0.3567547415,"num_points":1350,"plane_center_x":-1.3181760311,"plane_center_y":-0.4658940136,"plane_center_z":1.4702638388,"color_id":1},"1":{"ros_timestamp":"1696511914.376767","wall_type":"right","a":0.9999493361,"b":-0.0092064412,"c":0.004055426,"d":-1.1813930273,"shortest_distance":2.1398344727,"num_points":311,"plane_center_x":1.1786137819,"plane_center_y":0.4683806896,"plane_center_z":1.4093676805,"color_id":2},"2":{"ros_timestamp":"1696511914.376767","wall_type":"front","a":0.0082763676,"b":-0.9999625683,"c":-0.0025159125,"d":2.930532217,"shortest_distance":2.933165872,"num_points":595,"plane_center_x":-0.0751915723,"plane_center_y":2.9266316891,"plane_center_z":1.3465157747,"color_id":3},"3":{"ros_timestamp":"1696511914.376767","wall_type":"back","a":0.0017227196,"b":-0.9999983907,"c":0.0005669385,"d":-2.9355897903,"shortest_distance":2.9219934064,"num_points":532,"plane_center_x":-0.0534771569,"plane_center_y":-2.9348843098,"plane_center_z":1.3317620754,"color_id":4}}