{"0":{"ros_timestamp":"1696511914.6603765","wall_type":"left","a":0.999992311,"b":0.0014677265,"c":-0.0036448915,"d":1.3268046379,"shortest_distance":0.3559402363,"num_points":1356,"plane_center_x":-1.3176701069,"plane_center_y":-0.4765518308,"plane_center_z":1.4688785076,"color_id":1},"1":{"ros_timestamp":"1696511914.6603765","wall_type":"right","a":0.9998421073,"b":-0.0170515087,"c":-0.0050001335,"d":-1.161837101,"shortest_distance":2.1340516087,"num_points":311,"plane_center_x":1.1786137819,"plane_center_y":0.4683806896,"plane_center_z":1.4093676805,"color_id":2},"2":{"ros_timestamp":"1696511914.6603765","wall_type":"front","a":0.0082763676,"b":-0.9999625683,"c":-0.0025159125,"d":2.930532217,"shortest_distance":2.9481584857,"num_points":595,"plane_center_x":-0.0751915723,"plane_center_y":2.9266316891,"plane_center_z":1.3465157747,"color_id":3},"3":{"ros_timestamp":"1696511914.6603765","wall_type":"back","a":0.00135743,"b":-0.9999989867,"c":0.0003994762,"d":-2.9341454506,"shortest_distance":2.9054513945,"num_points":532,"plane_center_x":-0.0518736355,"plane_center_y":-2.9336867332,"plane_center_z":1.3318551779,"color_id":4}}