{"0":{"ros_timestamp":"1696511815.7494545","wall_type":"right","a":0.9999428391,"b":-0.0106647015,"c":0.0007345197,"d":-1.3504464626,"shortest_distance":1.3116960211,"num_points":387,"plane_center_x":1.3294130564,"plane_center_y":-2.0086560249,"plane_center_z":1.4549995661,"color_id":2},"1":{"ros_timestamp":"1696511815.7494545","wall_type":"back","a":-0.0001351122,"b":-1.0,"c":-0.0000036727,"d":-2.9264366627,"shortest_distance":0.4789346736,"num_points":191,"plane_center_x":0.7071949244,"plane_center_y":-2.9265377522,"plane_center_z":1.5078545809,"color_id":4}}