{"0":{"ros_timestamp":"1696511914.9497552","wall_type":"left","a":0.9999943972,"b":0.0013198568,"c":-0.0030755096,"d":1.3259820938,"shortest_distance":0.3550855751,"num_points":1355,"plane_center_x":-1.3176970482,"plane_center_y":-0.4790487289,"plane_center_z":1.4669150114,"color_id":1},"1":{"ros_timestamp":"1696511914.9497552","wall_type":"right","a":0.9999541044,"b":-0.0095667895,"c":0.0004864211,"d":-1.1746495962,"shortest_distance":2.1394998755,"num_points":311,"plane_center_x":1.1786137819,"plane_center_y":0.4683806896,"plane_center_z":1.4093676805,"color_id":2},"2":{"ros_timestamp":"1696511914.9497552","wall_type":"front","a":0.0082763676,"b":-0.9999625683,"c":-0.0025159125,"d":2.930532217,"shortest_distance":2.9781448167,"num_points":595,"plane_center_x":-0.0751915723,"plane_center_y":2.9266316891,"plane_center_z":1.3465157747,"color_id":3},"3":{"ros_timestamp":"1696511914.9497552","wall_type":"back","a":-0.0000823803,"b":-0.9999999404,"c":0.0002561394,"d":-2.9302432537,"shortest_distance":2.8703804403,"num_points":532,"plane_center_x":-0.061544843,"plane_center_y":-2.9298973083,"plane_center_z":1.3321726322,"color_id":4}}