{"0":{"ros_timestamp":"1696511915.1778698","wall_type":"left","a":0.9998903275,"b":0.0035684947,"c":0.014374041,"d":1.2990335226,"shortest_distance":0.3536648662,"num_points":1406,"plane_center_x":-1.3160250187,"plane_center_y":-0.5357595682,"plane_center_z":1.4158556461,"color_id":1},"1":{"ros_timestamp":"1696511915.1778698","wall_type":"right","a":0.9999967813,"b":0.0002706006,"c":0.0025216362,"d":-1.3208167553,"shortest_distance":2.2838808484,"num_points":1678,"plane_center_x":1.3164916039,"plane_center_y":0.1081221178,"plane_center_z":1.4241130352,"color_id":2},"2":{"ros_timestamp":"1696511915.1778698","wall_type":"front","a":0.0081220735,"b":-0.9999638796,"c":-0.0024856273,"d":2.9305593967,"shortest_distance":2.9933545622,"num_points":597,"plane_center_x":-0.0792149007,"plane_center_y":2.9266614914,"plane_center_z":1.351809144,"color_id":3},"3":{"ros_timestamp":"1696511915.1778698","wall_type":"back","a":0.0017223667,"b":-0.9999983907,"c":0.000466204,"d":-2.9353721142,"shortest_distance":2.8619445645,"num_points":532,"plane_center_x":-0.0719426721,"plane_center_y":-2.9348795414,"plane_center_z":1.3323600292,"color_id":4}}