{"0":{"ros_timestamp":"1696511915.7734253","wall_type":"left","a":0.9999912381,"b":0.0009596039,"c":-0.0040610996,"d":1.3278592825,"shortest_distance":0.3529561126,"num_points":1340,"plane_center_x":-1.3188698292,"plane_center_y":-0.4543382227,"plane_center_z":1.473410964,"color_id":1},"1":{"ros_timestamp":"1696511915.7734253","wall_type":"right","a":0.9999658465,"b":-0.0077806921,"c":-0.0027884799,"d":-1.1714711189,"shortest_distance":2.1433911172,"num_points":311,"plane_center_x":1.1786137819,"plane_center_y":0.4683806896,"plane_center_z":1.4093676805,"color_id":2},"2":{"ros_timestamp":"1696511915.7734253","wall_type":"front","a":0.0082193799,"b":-0.9999632239,"c":-0.0024452941,"d":2.9304645061,"shortest_distance":3.0381840722,"num_points":594,"plane_center_x":-0.0731768459,"plane_center_y":2.9266815186,"plane_center_z":1.3450348377,"color_id":3},"3":{"ros_timestamp":"1696511915.7734253","wall_type":"back","a":0.0019481248,"b":-0.9999979734,"c":0.0004346697,"d":-2.9351863861,"shortest_distance":2.8170535778,"num_points":532,"plane_center_x":-0.0925539806,"plane_center_y":-2.9347932339,"plane_center_z":1.3327583075,"color_id":4}}