{"0":{"ros_timestamp":"1696511916.069872","wall_type":"left","a":0.9999946356,"b":0.0012172477,"c":-0.0030348722,"d":1.3258906603,"shortest_distance":0.3509970499,"num_points":1374,"plane_center_x":-1.3172134161,"plane_center_y":-0.5121141672,"plane_center_z":1.4648969173,"color_id":1},"1":{"ros_timestamp":"1696511916.069872","wall_type":"right","a":0.99995327,"b":-0.0096318005,"c":0.0008745163,"d":-1.1752798557,"shortest_distance":2.1426294441,"num_points":311,"plane_center_x":1.1786137819,"plane_center_y":0.4683806896,"plane_center_z":1.4093676805,"color_id":2},"2":{"ros_timestamp":"1696511916.069872","wall_type":"front","a":0.0082763676,"b":-0.9999625683,"c":-0.0025159125,"d":2.930532217,"shortest_distance":3.0680504275,"num_points":595,"plane_center_x":-0.0751915723,"plane_center_y":2.9266316891,"plane_center_z":1.3465157747,"color_id":3},"3":{"ros_timestamp":"1696511916.069872","wall_type":"back","a":-0.0001054494,"b":-0.9999998212,"c":0.0005874687,"d":-2.9307262897,"shortest_distance":2.7804003713,"num_points":510,"plane_center_x":-0.0498752855,"plane_center_y":-2.9299380779,"plane_center_z":1.3335894346,"color_id":4}}