{"0":{"ros_timestamp":"1696511916.149569","wall_type":"left","a":0.9999923706,"b":0.0018556498,"c":-0.0034253108,"d":1.325981617,"shortest_distance":0.350407264,"num_points":1393,"plane_center_x":-1.3166148663,"plane_center_y":-0.5357773304,"plane_center_z":1.4618704319,"color_id":1},"1":{"ros_timestamp":"1696511916.149569","wall_type":"right","a":0.9999967813,"b":0.0002706006,"c":0.0025216362,"d":-1.3208167553,"shortest_distance":2.2872085539,"num_points":1678,"plane_center_x":1.3164916039,"plane_center_y":0.1081221178,"plane_center_z":1.4241130352,"color_id":2},"2":{"ros_timestamp":"1696511916.149569","wall_type":"front","a":0.0082523571,"b":-0.9999628067,"c":-0.0024901174,"d":2.9305083752,"shortest_distance":3.0680888119,"num_points":596,"plane_center_x":-0.0772022754,"plane_center_y":2.9266240597,"plane_center_z":1.347795248,"color_id":3},"3":{"ros_timestamp":"1696511916.149569","wall_type":"back","a":0.0003711822,"b":-0.999999702,"c":0.0007077862,"d":-2.9312047958,"shortest_distance":2.7811601602,"num_points":510,"plane_center_x":-0.0556213558,"plane_center_y":-2.9302825928,"plane_center_z":1.3336242437,"color_id":4}}