{"0":{"ros_timestamp":"1696511916.667018","wall_type":"left","a":0.9999949932,"b":0.0012280425,"c":-0.0029241017,"d":1.325755477,"shortest_distance":0.3485258485,"num_points":1354,"plane_center_x":-1.3177813292,"plane_center_y":-0.4718661606,"plane_center_z":1.4663937092,"color_id":1},"1":{"ros_timestamp":"1696511916.667018","wall_type":"right","a":0.99995327,"b":-0.0096318005,"c":0.0008745163,"d":-1.1752798557,"shortest_distance":2.1446419913,"num_points":311,"plane_center_x":1.1786137819,"plane_center_y":0.4683806896,"plane_center_z":1.4093676805,"color_id":2},"2":{"ros_timestamp":"1696511916.667018","wall_type":"front","a":0.0082763676,"b":-0.9999625683,"c":-0.0025159125,"d":2.930532217,"shortest_distance":3.1129743157,"num_points":595,"plane_center_x":-0.0751915723,"plane_center_y":2.9266316891,"plane_center_z":1.3465157747,"color_id":3},"3":{"ros_timestamp":"1696511916.667018","wall_type":"back","a":0.0002533983,"b":-0.999999702,"c":0.0007148122,"d":-2.9313149452,"shortest_distance":2.7362003779,"num_points":531,"plane_center_x":-0.0792365447,"plane_center_y":-2.9303817749,"plane_center_z":1.3349815607,"color_id":4}}