{"0":{"ros_timestamp":"1696511916.749332","wall_type":"left","a":0.9999930859,"b":0.0016296809,"c":-0.0033313958,"d":1.3259180784,"shortest_distance":0.3479993165,"num_points":1366,"plane_center_x":-1.3170478344,"plane_center_y":-0.4835249186,"plane_center_z":1.4646145105,"color_id":1},"1":{"ros_timestamp":"1696511916.749332","wall_type":"right","a":0.9999967813,"b":0.0002706006,"c":0.0025216362,"d":-1.3208167553,"shortest_distance":2.2896662789,"num_points":1678,"plane_center_x":1.3164916039,"plane_center_y":0.1081221178,"plane_center_z":1.4241130352,"color_id":2},"2":{"ros_timestamp":"1696511916.749332","wall_type":"front","a":0.0082523571,"b":-0.9999628067,"c":-0.0024901174,"d":2.9305083752,"shortest_distance":3.1130127707,"num_points":596,"plane_center_x":-0.0772022754,"plane_center_y":2.9266240597,"plane_center_z":1.347795248,"color_id":3},"3":{"ros_timestamp":"1696511916.749332","wall_type":"back","a":0.0003519586,"b":-0.999999702,"c":0.0006996916,"d":-2.931047678,"shortest_distance":2.7360516739,"num_points":531,"plane_center_x":-0.0600145645,"plane_center_y":-2.9301354885,"plane_center_z":1.3351418972,"color_id":4}}