{"0":{"ros_timestamp":"1696511917.5676832","wall_type":"left","a":0.9999921322,"b":0.0017257171,"c":-0.0035781243,"d":1.3260999918,"shortest_distance":0.3430049369,"num_points":1370,"plane_center_x":-1.3168503046,"plane_center_y":-0.4981240928,"plane_center_z":1.4646340609,"color_id":1},"1":{"ros_timestamp":"1696511917.5676832","wall_type":"right","a":0.9999967813,"b":0.0002706006,"c":0.0025216362,"d":-1.3208167553,"shortest_distance":2.2943445676,"num_points":1678,"plane_center_x":1.3164916039,"plane_center_y":0.1081221178,"plane_center_z":1.4241130352,"color_id":2},"2":{"ros_timestamp":"1696511917.5676832","wall_type":"front","a":0.0082523571,"b":-0.9999628067,"c":-0.0024901174,"d":2.9305083752,"shortest_distance":3.1878432499,"num_points":596,"plane_center_x":-0.0772022754,"plane_center_y":2.9266240597,"plane_center_z":1.347795248,"color_id":3},"3":{"ros_timestamp":"1696511917.5676832","wall_type":"back","a":-0.0005944238,"b":-0.9999995232,"c":0.0008727637,"d":-2.929598093,"shortest_distance":2.6585465784,"num_points":531,"plane_center_x":-0.0748101696,"plane_center_y":-2.9283893108,"plane_center_z":1.335665822,"color_id":4}}