{"0":{"ros_timestamp":"1696511917.8645763","wall_type":"left","a":0.9999922514,"b":0.0011600992,"c":-0.0037671365,"d":1.3271838427,"shortest_distance":0.3428635469,"num_points":1346,"plane_center_x":-1.3183305264,"plane_center_y":-0.468619436,"plane_center_z":1.4697163105,"color_id":1},"1":{"ros_timestamp":"1696511917.8645763","wall_type":"right","a":0.9999598265,"b":-0.0086880503,"c":0.0022144741,"d":-1.1771618128,"shortest_distance":2.1496499398,"num_points":311,"plane_center_x":1.1786137819,"plane_center_y":0.4683806896,"plane_center_z":1.4093676805,"color_id":2},"2":{"ros_timestamp":"1696511917.8645763","wall_type":"front","a":0.0082763676,"b":-0.9999625683,"c":-0.0025159125,"d":2.930532217,"shortest_distance":3.2027607526,"num_points":595,"plane_center_x":-0.0751915723,"plane_center_y":2.9266316891,"plane_center_z":1.3465157747,"color_id":3},"3":{"ros_timestamp":"1696511917.8645763","wall_type":"back","a":0.0026788139,"b":-0.9999963641,"c":0.0003454466,"d":-2.9340441227,"shortest_distance":2.6520234195,"num_points":531,"plane_center_x":-0.0809373483,"plane_center_y":-2.9338102341,"plane_center_z":1.335788846,"color_id":4}}