{"0":{"ros_timestamp":"1696511918.267546","wall_type":"left","a":0.9999963641,"b":0.00134245,"c":-0.0023356201,"d":1.3246824741,"shortest_distance":0.3402331258,"num_points":1360,"plane_center_x":-1.3175535202,"plane_center_y":-0.4787581861,"plane_center_z":1.4638092518,"color_id":1},"1":{"ros_timestamp":"1696511918.267546","wall_type":"right","a":0.99995327,"b":-0.0096318005,"c":0.0008745163,"d":-1.1752798557,"shortest_distance":2.1514091606,"num_points":311,"plane_center_x":1.1786137819,"plane_center_y":0.4683806896,"plane_center_z":1.4093676805,"color_id":2},"2":{"ros_timestamp":"1696511918.267546","wall_type":"front","a":0.0082523571,"b":-0.9999628067,"c":-0.0024901174,"d":2.9305083752,"shortest_distance":3.2327070172,"num_points":596,"plane_center_x":-0.0772022754,"plane_center_y":2.9266240597,"plane_center_z":1.347795248,"color_id":3},"3":{"ros_timestamp":"1696511918.267546","wall_type":"back","a":0.0023802398,"b":-0.9999970794,"c":0.0004191058,"d":-2.9332683086,"shortest_distance":2.6209229548,"num_points":531,"plane_center_x":-0.0898476243,"plane_center_y":-2.9329307079,"plane_center_z":1.3360300064,"color_id":4}}