{"0":{"ros_timestamp":"1696511918.3494337","wall_type":"left","a":0.9999911189,"b":0.0019865036,"c":-0.0037048643,"d":1.3263550997,"shortest_distance":0.3396479321,"num_points":1376,"plane_center_x":-1.3165420294,"plane_center_y":-0.5016592145,"plane_center_z":1.4668647051,"color_id":1},"1":{"ros_timestamp":"1696511918.3494337","wall_type":"right","a":0.9999967813,"b":0.0002706006,"c":0.0025216362,"d":-1.3208167553,"shortest_distance":2.2976197443,"num_points":1678,"plane_center_x":1.3164916039,"plane_center_y":0.1081221178,"plane_center_z":1.4241130352,"color_id":2},"2":{"ros_timestamp":"1696511918.3494337","wall_type":"front","a":0.0082288915,"b":-0.9999629855,"c":-0.002512943,"d":2.9305486679,"shortest_distance":3.2327358846,"num_points":597,"plane_center_x":-0.0792161897,"plane_center_y":2.9266209602,"plane_center_z":1.3467059135,"color_id":3},"3":{"ros_timestamp":"1696511918.3494337","wall_type":"back","a":-0.0009050418,"b":-0.9999990463,"c":0.0009980854,"d":-2.9295847416,"shortest_distance":2.613146255,"num_points":528,"plane_center_x":-0.0850861222,"plane_center_y":-2.9281823635,"plane_center_z":1.3307436705,"color_id":4}}