{"0":{"ros_timestamp":"1696511918.4754837","wall_type":"left","a":0.9999921918,"b":0.0011301066,"c":-0.0037903821,"d":1.3272446394,"shortest_distance":0.3397437165,"num_points":1353,"plane_center_x":-1.3181031942,"plane_center_y":-0.4791573286,"plane_center_z":1.4738095999,"color_id":1},"1":{"ros_timestamp":"1696511918.4754837","wall_type":"right","a":0.9999578595,"b":-0.0091758259,"c":-0.0000698824,"d":-1.1746374369,"shortest_distance":2.1531145227,"num_points":311,"plane_center_x":1.1786137819,"plane_center_y":0.4683806896,"plane_center_z":1.4093676805,"color_id":2},"2":{"ros_timestamp":"1696511918.4754837","wall_type":"front","a":0.0082763676,"b":-0.9999625683,"c":-0.0025159125,"d":2.930532217,"shortest_distance":3.2476325203,"num_points":595,"plane_center_x":-0.0751915723,"plane_center_y":2.9266316891,"plane_center_z":1.3465157747,"color_id":3},"3":{"ros_timestamp":"1696511918.4754837","wall_type":"back","a":0.0023894748,"b":-0.999997139,"c":0.0003492251,"d":-2.9333295822,"shortest_distance":2.6061282026,"num_points":523,"plane_center_x":-0.0773817301,"plane_center_y":-2.9330599308,"plane_center_z":1.3257148266,"color_id":4}}