{"0":{"ros_timestamp":"1696511918.6713567","wall_type":"left","a":0.9999912977,"b":0.0017981027,"c":-0.0037795615,"d":1.3265066147,"shortest_distance":0.3378672223,"num_points":1390,"plane_center_x":-1.3162761927,"plane_center_y":-0.5289334655,"plane_center_z":1.4634789228,"color_id":1},"1":{"ros_timestamp":"1696511918.6713567","wall_type":"right","a":0.9999967813,"b":0.0002706006,"c":0.0025216362,"d":-1.3208167553,"shortest_distance":2.2994527758,"num_points":1678,"plane_center_x":1.3164916039,"plane_center_y":0.1081221178,"plane_center_z":1.4241130352,"color_id":2},"2":{"ros_timestamp":"1696511918.6713567","wall_type":"front","a":0.0082523571,"b":-0.9999628067,"c":-0.0024901174,"d":2.9305083752,"shortest_distance":3.2626358215,"num_points":596,"plane_center_x":-0.0772022754,"plane_center_y":2.9266240597,"plane_center_z":1.347795248,"color_id":3},"3":{"ros_timestamp":"1696511918.6713567","wall_type":"back","a":-0.0009464549,"b":-0.9999988675,"c":0.0011580356,"d":-2.9298985004,"shortest_distance":2.5832319847,"num_points":510,"plane_center_x":-0.0491611585,"plane_center_y":-2.9283092022,"plane_center_z":1.3351697922,"color_id":4}}