{"0":{"ros_timestamp":"1696511918.9619632","wall_type":"left","a":0.9999911785,"b":0.0019879427,"c":-0.0036888716,"d":1.3262331486,"shortest_distance":0.3368026667,"num_points":1397,"plane_center_x":-1.3159835339,"plane_center_y":-0.541528821,"plane_center_z":1.4620336294,"color_id":1},"1":{"ros_timestamp":"1696511918.9619632","wall_type":"right","a":0.9999967813,"b":0.0002706006,"c":0.0025216362,"d":-1.3208167553,"shortest_distance":2.3002894838,"num_points":1678,"plane_center_x":1.3164916039,"plane_center_y":0.1081221178,"plane_center_z":1.4241130352,"color_id":2},"2":{"ros_timestamp":"1696511918.9619632","wall_type":"front","a":0.0082523571,"b":-0.9999628067,"c":-0.0024901174,"d":2.9305083752,"shortest_distance":3.2776052651,"num_points":596,"plane_center_x":-0.0772022754,"plane_center_y":2.9266240597,"plane_center_z":1.347795248,"color_id":3},"3":{"ros_timestamp":"1696511918.9619632","wall_type":"back","a":-0.0008246739,"b":-0.9999988079,"c":0.0013027807,"d":-2.9305250645,"shortest_distance":2.5687827905,"num_points":510,"plane_center_x":-0.051024206,"plane_center_y":-2.9287469387,"plane_center_z":1.335267663,"color_id":4}}