{"0":{"ros_timestamp":"1696511919.4831266","wall_type":"left","a":0.9999890327,"b":0.002220815,"c":-0.0041198852,"d":1.3269205093,"shortest_distance":0.3341625278,"num_points":1400,"plane_center_x":-1.3158936501,"plane_center_y":-0.537519753,"plane_center_z":1.463993907,"color_id":1},"1":{"ros_timestamp":"1696511919.4831266","wall_type":"right","a":0.9999967813,"b":0.0002706006,"c":0.0025216362,"d":-1.3208167553,"shortest_distance":2.3027992089,"num_points":1678,"plane_center_x":1.3164916039,"plane_center_y":0.1081221178,"plane_center_z":1.4241130352,"color_id":2},"2":{"ros_timestamp":"1696511919.4831266","wall_type":"front","a":0.0082288915,"b":-0.9999629855,"c":-0.002512943,"d":2.9305486679,"shortest_distance":3.322542622,"num_points":597,"plane_center_x":-0.0792161897,"plane_center_y":2.9266209602,"plane_center_z":1.3467059135,"color_id":3},"3":{"ros_timestamp":"1696511919.4831266","wall_type":"back","a":0.0024914294,"b":-0.9999967217,"c":0.0005153284,"d":-2.9331927299,"shortest_distance":2.5309724556,"num_points":510,"plane_center_x":-0.0509685911,"plane_center_y":-2.9326410294,"plane_center_z":1.3354809284,"color_id":4}}