{"0":{"ros_timestamp":"1696511919.565048","wall_type":"left","a":0.9999889731,"b":0.0023199918,"c":-0.0040757419,"d":1.3268061876,"shortest_distance":0.3340746478,"num_points":1403,"plane_center_x":-1.3157253265,"plane_center_y":-0.5403310061,"plane_center_z":1.4634296894,"color_id":1},"1":{"ros_timestamp":"1696511919.565048","wall_type":"right","a":0.9999967813,"b":0.0002706006,"c":0.0025216362,"d":-1.3208167553,"shortest_distance":2.3027992089,"num_points":1678,"plane_center_x":1.3164916039,"plane_center_y":0.1081221178,"plane_center_z":1.4241130352,"color_id":2},"2":{"ros_timestamp":"1696511919.565048","wall_type":"front","a":0.0082288915,"b":-0.9999629855,"c":-0.002512943,"d":2.9305486679,"shortest_distance":3.322542622,"num_points":597,"plane_center_x":-0.0792161897,"plane_center_y":2.9266209602,"plane_center_z":1.3467059135,"color_id":3},"3":{"ros_timestamp":"1696511919.565048","wall_type":"back","a":0.0002083909,"b":-0.9999993443,"c":0.0011672087,"d":-2.931432724,"shortest_distance":2.5259797604,"num_points":510,"plane_center_x":-0.0503901131,"plane_center_y":-2.9298861027,"plane_center_z":1.3355904818,"color_id":4}}