{"0":{"ros_timestamp":"1696511919.6644263","wall_type":"left","a":0.999990046,"b":0.0020904457,"c":-0.0039301589,"d":1.3266452551,"shortest_distance":0.333360655,"num_points":1398,"plane_center_x":-1.3159633875,"plane_center_y":-0.5370902419,"plane_center_z":1.4633951187,"color_id":1},"1":{"ros_timestamp":"1696511919.6644263","wall_type":"right","a":0.9999967813,"b":0.0002706006,"c":0.0025216362,"d":-1.3208167553,"shortest_distance":2.303635783,"num_points":1678,"plane_center_x":1.3164916039,"plane_center_y":0.1081221178,"plane_center_z":1.4241130352,"color_id":2},"2":{"ros_timestamp":"1696511919.6644263","wall_type":"front","a":0.0082288915,"b":-0.9999629855,"c":-0.002512943,"d":2.9305486679,"shortest_distance":3.3375120957,"num_points":597,"plane_center_x":-0.0792161897,"plane_center_y":2.9266209602,"plane_center_z":1.3467059135,"color_id":3},"3":{"ros_timestamp":"1696511919.6644263","wall_type":"back","a":0.0030376678,"b":-0.9999952912,"c":0.0003579132,"d":-2.9335110188,"shortest_distance":2.517092336,"num_points":510,"plane_center_x":-0.0504822321,"plane_center_y":-2.9332001209,"plane_center_z":1.3356442451,"color_id":4}}