{"0":{"ros_timestamp":"1696511816.2494383","wall_type":"right","a":0.9999879599,"b":-0.0049084513,"c":0.0002345161,"d":-1.3408797979,"shortest_distance":1.2721572464,"num_points":386,"plane_center_x":1.3308614492,"plane_center_y":-2.0022962093,"plane_center_z":1.4530305862,"color_id":2},"1":{"ros_timestamp":"1696511816.2494383","wall_type":"back","a":-0.0001250109,"b":-1.0,"c":-0.0000286239,"d":-2.9263803959,"shortest_distance":0.4829286261,"num_points":192,"plane_center_x":0.7045179009,"plane_center_y":-2.9265117645,"plane_center_z":1.5115464926,"color_id":4}}