{"0":{"ros_timestamp":"1696511919.9783297","wall_type":"left","a":0.9999904633,"b":0.0020398009,"c":-0.003858919,"d":1.3265451193,"shortest_distance":0.3316623935,"num_points":1398,"plane_center_x":-1.3159480095,"plane_center_y":-0.5429581404,"plane_center_z":1.4633653164,"color_id":1},"1":{"ros_timestamp":"1696511919.9783297","wall_type":"right","a":0.9999967813,"b":0.0002706006,"c":0.0025216362,"d":-1.3208167553,"shortest_distance":2.3053089311,"num_points":1678,"plane_center_x":1.3164916039,"plane_center_y":0.1081221178,"plane_center_z":1.4241130352,"color_id":2},"2":{"ros_timestamp":"1696511919.9783297","wall_type":"front","a":0.0082288915,"b":-0.9999629855,"c":-0.002512943,"d":2.9305486679,"shortest_distance":3.3674510432,"num_points":597,"plane_center_x":-0.0792161897,"plane_center_y":2.9266209602,"plane_center_z":1.3467059135,"color_id":3},"3":{"ros_timestamp":"1696511919.9783297","wall_type":"back","a":0.0031514266,"b":-0.9999949932,"c":0.0003537097,"d":-2.9334518909,"shortest_distance":2.4872033904,"num_points":510,"plane_center_x":-0.051702559,"plane_center_y":-2.9331572056,"plane_center_z":1.3358621597,"color_id":4}}