{"0":{"ros_timestamp":"1696511920.3610303","wall_type":"left","a":0.9999916553,"b":0.0017782287,"c":-0.0036893599,"d":1.3260699511,"shortest_distance":0.329840319,"num_points":1379,"plane_center_x":-1.316442132,"plane_center_y":-0.5089648962,"plane_center_z":1.4671436548,"color_id":1},"1":{"ros_timestamp":"1696511920.3610303","wall_type":"right","a":0.9999967813,"b":0.0002706006,"c":0.0025216362,"d":-1.3208167553,"shortest_distance":2.3069820792,"num_points":1678,"plane_center_x":1.3164916039,"plane_center_y":0.1081221178,"plane_center_z":1.4241130352,"color_id":2},"2":{"ros_timestamp":"1696511920.3610303","wall_type":"front","a":0.0082763676,"b":-0.9999625683,"c":-0.0025159125,"d":2.930532217,"shortest_distance":3.3973219384,"num_points":595,"plane_center_x":-0.0751915723,"plane_center_y":2.9266316891,"plane_center_z":1.3465157747,"color_id":3},"3":{"ros_timestamp":"1696511920.3610303","wall_type":"back","a":0.0002151091,"b":-0.999999404,"c":0.001124779,"d":-2.9314255714,"shortest_distance":2.4511595804,"num_points":526,"plane_center_x":-0.0896407962,"plane_center_y":-2.9299483299,"plane_center_z":1.3320577145,"color_id":4}}