{"0":{"ros_timestamp":"1696511920.5496588","wall_type":"left","a":0.9999913573,"b":0.0017697302,"c":-0.0037770369,"d":1.3262890577,"shortest_distance":0.329072809,"num_points":1395,"plane_center_x":-1.3160319328,"plane_center_y":-0.5310376287,"plane_center_z":1.4641771317,"color_id":1},"1":{"ros_timestamp":"1696511920.5496588","wall_type":"right","a":0.9999967813,"b":0.0002706006,"c":0.0025216362,"d":-1.3208167553,"shortest_distance":2.3078186533,"num_points":1678,"plane_center_x":1.3164916039,"plane_center_y":0.1081221178,"plane_center_z":1.4241130352,"color_id":2},"2":{"ros_timestamp":"1696511920.5496588","wall_type":"front","a":0.0082763676,"b":-0.9999625683,"c":-0.0025159125,"d":2.930532217,"shortest_distance":3.4122913667,"num_points":595,"plane_center_x":-0.0751915723,"plane_center_y":2.9266316891,"plane_center_z":1.3465157747,"color_id":3},"3":{"ros_timestamp":"1696511920.5496588","wall_type":"back","a":0.0031498706,"b":-0.9999949932,"c":0.0002959056,"d":-2.9334526062,"shortest_distance":2.4423670771,"num_points":510,"plane_center_x":-0.0531648099,"plane_center_y":-2.93323946,"plane_center_z":1.3361401558,"color_id":4}}