{"0":{"ros_timestamp":"1696511920.8610935","wall_type":"left","a":0.9999886751,"b":0.002374307,"c":-0.0041199503,"d":1.3268384933,"shortest_distance":0.32794225,"num_points":1405,"plane_center_x":-1.3156890869,"plane_center_y":-0.5434526205,"plane_center_z":1.4629840851,"color_id":1},"1":{"ros_timestamp":"1696511920.8610935","wall_type":"right","a":0.9999967813,"b":0.0002706006,"c":0.0025216362,"d":-1.3208167553,"shortest_distance":2.3086552274,"num_points":1678,"plane_center_x":1.3164916039,"plane_center_y":0.1081221178,"plane_center_z":1.4241130352,"color_id":2},"2":{"ros_timestamp":"1696511920.8610935","wall_type":"front","a":0.0082288915,"b":-0.9999629855,"c":-0.002512943,"d":2.9305486679,"shortest_distance":3.4273289381,"num_points":597,"plane_center_x":-0.0792161897,"plane_center_y":2.9266209602,"plane_center_z":1.3467059135,"color_id":3},"3":{"ros_timestamp":"1696511920.8610935","wall_type":"back","a":0.0025352365,"b":-0.9999966621,"c":0.0005150561,"d":-2.9330649376,"shortest_distance":2.4260651215,"num_points":510,"plane_center_x":-0.0534727834,"plane_center_y":-2.9325220585,"plane_center_z":1.3362487555,"color_id":4}}