{"0":{"ros_timestamp":"1696511921.2495465","wall_type":"left","a":0.9999899268,"b":0.0021946046,"c":-0.0039190641,"d":1.326631546,"shortest_distance":0.3263970376,"num_points":1401,"plane_center_x":-1.31579566,"plane_center_y":-0.5444715619,"plane_center_z":1.4635747671,"color_id":1},"1":{"ros_timestamp":"1696511921.2495465","wall_type":"right","a":0.9999967813,"b":0.0002706006,"c":0.0025216362,"d":-1.3208167553,"shortest_distance":2.3103283755,"num_points":1678,"plane_center_x":1.3164916039,"plane_center_y":0.1081221178,"plane_center_z":1.4241130352,"color_id":2},"2":{"ros_timestamp":"1696511921.2495465","wall_type":"front","a":0.0082288915,"b":-0.9999629855,"c":-0.002512943,"d":2.9305486679,"shortest_distance":3.4572678855,"num_points":597,"plane_center_x":-0.0792161897,"plane_center_y":2.9266209602,"plane_center_z":1.3467059135,"color_id":3},"3":{"ros_timestamp":"1696511921.2495465","wall_type":"back","a":0.0026360617,"b":-0.9999963641,"c":0.0005034524,"d":-2.9330980778,"shortest_distance":2.3962666889,"num_points":510,"plane_center_x":-0.0536846071,"plane_center_y":-2.9325773716,"plane_center_z":1.3364367485,"color_id":4}}