{"0":{"ros_timestamp":"1696511921.4496567","wall_type":"left","a":0.9999915361,"b":0.0019851029,"c":-0.0036044435,"d":1.3262621164,"shortest_distance":0.3257501267,"num_points":1395,"plane_center_x":-1.3160241842,"plane_center_y":-0.5417153835,"plane_center_z":1.4631328583,"color_id":1},"1":{"ros_timestamp":"1696511921.4496567","wall_type":"right","a":0.9999967813,"b":0.0002706006,"c":0.0025216362,"d":-1.3208167553,"shortest_distance":2.3111649496,"num_points":1678,"plane_center_x":1.3164916039,"plane_center_y":0.1081221178,"plane_center_z":1.4241130352,"color_id":2},"2":{"ros_timestamp":"1696511921.4496567","wall_type":"front","a":0.0082288915,"b":-0.9999629855,"c":-0.002512943,"d":2.9305486679,"shortest_distance":3.4722373593,"num_points":597,"plane_center_x":-0.0792161897,"plane_center_y":2.9266209602,"plane_center_z":1.3467059135,"color_id":3},"3":{"ros_timestamp":"1696511921.4496567","wall_type":"back","a":0.0046461876,"b":-0.999989152,"c":-0.0000416276,"d":-2.9342942238,"shortest_distance":2.3853106461,"num_points":510,"plane_center_x":-0.0520450287,"plane_center_y":-2.9346237183,"plane_center_z":1.3364938498,"color_id":4}}