{"0":{"ros_timestamp":"1696511921.6638384","wall_type":"left","a":0.9999907017,"b":0.0022131933,"c":-0.0036979832,"d":1.3262319565,"shortest_distance":0.3245880733,"num_points":1402,"plane_center_x":-1.3155634403,"plane_center_y":-0.5510165691,"plane_center_z":1.4620033503,"color_id":1},"1":{"ros_timestamp":"1696511921.6638384","wall_type":"right","a":0.9999967813,"b":0.0002706006,"c":0.0025216362,"d":-1.3208167553,"shortest_distance":2.3120015236,"num_points":1678,"plane_center_x":1.3164916039,"plane_center_y":0.1081221178,"plane_center_z":1.4241130352,"color_id":2},"2":{"ros_timestamp":"1696511921.6638384","wall_type":"front","a":0.0082288915,"b":-0.9999629855,"c":-0.002512943,"d":2.9305486679,"shortest_distance":3.487206833,"num_points":597,"plane_center_x":-0.0792161897,"plane_center_y":2.9266209602,"plane_center_z":1.3467059135,"color_id":3},"3":{"ros_timestamp":"1696511921.6638384","wall_type":"back","a":0.0006932009,"b":-0.9999991059,"c":0.0011500932,"d":-2.9321539402,"shortest_distance":2.3624656228,"num_points":510,"plane_center_x":-0.0523943007,"plane_center_y":-2.9306559563,"plane_center_z":1.3364430666,"color_id":4}}