{"0":{"ros_timestamp":"1696511921.7755063","wall_type":"left","a":0.9999915957,"b":0.0016650576,"c":-0.0037590964,"d":1.3260439634,"shortest_distance":0.3237614379,"num_points":1395,"plane_center_x":-1.3158819675,"plane_center_y":-0.5363725424,"plane_center_z":1.4641911983,"color_id":1},"1":{"ros_timestamp":"1696511921.7755063","wall_type":"right","a":0.9999967813,"b":0.0002706006,"c":0.0025216362,"d":-1.3208167553,"shortest_distance":2.3128380977,"num_points":1678,"plane_center_x":1.3164916039,"plane_center_y":0.1081221178,"plane_center_z":1.4241130352,"color_id":2},"2":{"ros_timestamp":"1696511921.7755063","wall_type":"front","a":0.0082763676,"b":-0.9999625683,"c":-0.0025159125,"d":2.930532217,"shortest_distance":3.502107936,"num_points":595,"plane_center_x":-0.0751915723,"plane_center_y":2.9266316891,"plane_center_z":1.3465157747,"color_id":3},"3":{"ros_timestamp":"1696511921.7755063","wall_type":"back","a":0.0033153044,"b":-0.9999944568,"c":0.0003451034,"d":-2.9336452484,"shortest_distance":2.3528055826,"num_points":510,"plane_center_x":-0.0526179187,"plane_center_y":-2.9333746433,"plane_center_z":1.3364552259,"color_id":4}}