{"0":{"ros_timestamp":"1696511816.474093","wall_type":"right","a":0.9999764562,"b":-0.0068424423,"c":0.0005824573,"d":-1.3434226513,"shortest_distance":1.2545208809,"num_points":389,"plane_center_x":1.3288648129,"plane_center_y":-2.0082802773,"plane_center_z":1.4552631378,"color_id":2},"1":{"ros_timestamp":"1696511816.474093","wall_type":"back","a":-0.0005332074,"b":-0.9999998808,"c":-0.0000056779,"d":-2.9262564182,"shortest_distance":0.4841722109,"num_points":189,"plane_center_x":0.698227644,"plane_center_y":-2.9266374111,"plane_center_z":1.5078804493,"color_id":4}}