{"0":{"ros_timestamp":"1696511921.8601813","wall_type":"left","a":0.9999881983,"b":0.0024496098,"c":-0.0042011295,"d":1.3269190788,"shortest_distance":0.3235168004,"num_points":1405,"plane_center_x":-1.3155390024,"plane_center_y":-0.5496291518,"plane_center_z":1.4630151987,"color_id":1},"1":{"ros_timestamp":"1696511921.8601813","wall_type":"right","a":0.9999967813,"b":0.0002706006,"c":0.0025216362,"d":-1.3208167553,"shortest_distance":2.3128380977,"num_points":1678,"plane_center_x":1.3164916039,"plane_center_y":0.1081221178,"plane_center_z":1.4241130352,"color_id":2},"2":{"ros_timestamp":"1696511921.8601813","wall_type":"front","a":0.0082288915,"b":-0.9999629855,"c":-0.002512943,"d":2.9305486679,"shortest_distance":3.5021763067,"num_points":597,"plane_center_x":-0.0792161897,"plane_center_y":2.9266209602,"plane_center_z":1.3467059135,"color_id":3},"3":{"ros_timestamp":"1696511921.8601813","wall_type":"back","a":0.0005830633,"b":-0.9999991059,"c":0.001250156,"d":-2.9321393967,"shortest_distance":2.3472144197,"num_points":510,"plane_center_x":-0.0523088798,"plane_center_y":-2.9305016994,"plane_center_z":1.3364627361,"color_id":4}}