{"0":{"ros_timestamp":"1696511921.9495075","wall_type":"left","a":0.9999884367,"b":0.0023441324,"c":-0.0042070369,"d":1.3269519806,"shortest_distance":0.3227345075,"num_points":1404,"plane_center_x":-1.3156557083,"plane_center_y":-0.5452300906,"plane_center_z":1.463593483,"color_id":1},"1":{"ros_timestamp":"1696511921.9495075","wall_type":"right","a":0.9999967813,"b":0.0002706006,"c":0.0025216362,"d":-1.3208167553,"shortest_distance":2.3136746718,"num_points":1678,"plane_center_x":1.3164916039,"plane_center_y":0.1081221178,"plane_center_z":1.4241130352,"color_id":2},"2":{"ros_timestamp":"1696511921.9495075","wall_type":"front","a":0.0082288915,"b":-0.9999629855,"c":-0.002512943,"d":2.9305486679,"shortest_distance":3.5171457805,"num_points":597,"plane_center_x":-0.0792161897,"plane_center_y":2.9266209602,"plane_center_z":1.3467059135,"color_id":3},"3":{"ros_timestamp":"1696511921.9495075","wall_type":"back","a":0.0025627567,"b":-0.9999966025,"c":0.0005569395,"d":-2.9333152771,"shortest_distance":2.3364314994,"num_points":510,"plane_center_x":-0.0524373502,"plane_center_y":-2.932715416,"plane_center_z":1.3365054131,"color_id":4}}