{"0":{"ros_timestamp":"1696511922.2495978","wall_type":"left","a":0.9999878407,"b":0.0025284085,"c":-0.0042387242,"d":1.3269371986,"shortest_distance":0.3216919447,"num_points":1409,"plane_center_x":-1.3154630661,"plane_center_y":-0.5491235256,"plane_center_z":1.4622147083,"color_id":1},"1":{"ros_timestamp":"1696511922.2495978","wall_type":"right","a":0.9999967813,"b":0.0002706006,"c":0.0025216362,"d":-1.3208167553,"shortest_distance":2.3145112459,"num_points":1678,"plane_center_x":1.3164916039,"plane_center_y":0.1081221178,"plane_center_z":1.4241130352,"color_id":2},"2":{"ros_timestamp":"1696511922.2495978","wall_type":"front","a":0.0082288915,"b":-0.9999629855,"c":-0.002512943,"d":2.9305486679,"shortest_distance":3.5321152542,"num_points":597,"plane_center_x":-0.0792161897,"plane_center_y":2.9266209602,"plane_center_z":1.3467059135,"color_id":3},"3":{"ros_timestamp":"1696511922.2495978","wall_type":"back","a":0.0004468802,"b":-0.9999989271,"c":0.0013829346,"d":-2.9323644638,"shortest_distance":2.3171513588,"num_points":510,"plane_center_x":-0.0516343191,"plane_center_y":-2.9305422306,"plane_center_z":1.33659482,"color_id":4}}