{"0":{"ros_timestamp":"1696511922.580282","wall_type":"left","a":0.9999877214,"b":0.0025156892,"c":-0.0042655566,"d":1.3269619942,"shortest_distance":0.3199439102,"num_points":1408,"plane_center_x":-1.3154736757,"plane_center_y":-0.549737215,"plane_center_z":1.4628432989,"color_id":1},"1":{"ros_timestamp":"1696511922.580282","wall_type":"right","a":0.9999967813,"b":0.0002706006,"c":0.0025216362,"d":-1.3208167553,"shortest_distance":2.316184394,"num_points":1678,"plane_center_x":1.3164916039,"plane_center_y":0.1081221178,"plane_center_z":1.4241130352,"color_id":2},"2":{"ros_timestamp":"1696511922.580282","wall_type":"front","a":0.0082288915,"b":-0.9999629855,"c":-0.002512943,"d":2.9305486679,"shortest_distance":3.5620542017,"num_points":597,"plane_center_x":-0.0792161897,"plane_center_y":2.9266209602,"plane_center_z":1.3467059135,"color_id":3},"3":{"ros_timestamp":"1696511922.580282","wall_type":"back","a":0.0002122226,"b":-0.9999988675,"c":0.0014834198,"d":-2.9322440624,"shortest_distance":2.2866923461,"num_points":511,"plane_center_x":-0.0549762249,"plane_center_y":-2.9302785397,"plane_center_z":1.3351787329,"color_id":4}}