{"0":{"ros_timestamp":"1696511922.6496015","wall_type":"left","a":0.9999884367,"b":0.0024506478,"c":-0.0041218903,"d":1.326787591,"shortest_distance":0.320026882,"num_points":1405,"plane_center_x":-1.3155779839,"plane_center_y":-0.549448967,"plane_center_z":1.4630607367,"color_id":1},"1":{"ros_timestamp":"1696511922.6496015","wall_type":"right","a":0.9999967813,"b":0.0002706006,"c":0.0025216362,"d":-1.3208167553,"shortest_distance":2.316184394,"num_points":1678,"plane_center_x":1.3164916039,"plane_center_y":0.1081221178,"plane_center_z":1.4241130352,"color_id":2},"2":{"ros_timestamp":"1696511922.6496015","wall_type":"front","a":0.0082288915,"b":-0.9999629855,"c":-0.002512943,"d":2.9305486679,"shortest_distance":3.5620542017,"num_points":597,"plane_center_x":-0.0792161897,"plane_center_y":2.9266209602,"plane_center_z":1.3467059135,"color_id":3},"3":{"ros_timestamp":"1696511922.6496015","wall_type":"back","a":0.0004313804,"b":-0.9999989271,"c":0.0013950437,"d":-2.9323523045,"shortest_distance":2.2871524859,"num_points":511,"plane_center_x":-0.055548761,"plane_center_y":-2.9305164814,"plane_center_z":1.3353358507,"color_id":4}}