{"0":{"ros_timestamp":"1696511922.771634","wall_type":"left","a":0.9999883771,"b":0.0025063113,"c":-0.0041242517,"d":1.3267441988,"shortest_distance":0.3190740948,"num_points":1409,"plane_center_x":-1.3154577017,"plane_center_y":-0.5565490723,"plane_center_z":1.4621995687,"color_id":1},"1":{"ros_timestamp":"1696511922.771634","wall_type":"right","a":0.9999967813,"b":0.0002706006,"c":0.0025216362,"d":-1.3208167553,"shortest_distance":2.3170209681,"num_points":1678,"plane_center_x":1.3164916039,"plane_center_y":0.1081221178,"plane_center_z":1.4241130352,"color_id":2},"2":{"ros_timestamp":"1696511922.771634","wall_type":"front","a":0.0082288915,"b":-0.9999629855,"c":-0.002512943,"d":2.9305486679,"shortest_distance":3.5770236754,"num_points":597,"plane_center_x":-0.0792161897,"plane_center_y":2.9266209602,"plane_center_z":1.3467059135,"color_id":3},"3":{"ros_timestamp":"1696511922.771634","wall_type":"back","a":0.0006473222,"b":-0.9999988675,"c":0.0013466905,"d":-2.9323892593,"shortest_distance":2.2725016729,"num_points":510,"plane_center_x":-0.053947717,"plane_center_y":-2.9306271076,"plane_center_z":1.3369934559,"color_id":4}}