{"0":{"ros_timestamp":"1696511816.5494783","wall_type":"right","a":0.9999881387,"b":-0.0048710541,"c":0.0000400305,"d":-1.3415209055,"shortest_distance":1.2582490827,"num_points":387,"plane_center_x":1.3319340944,"plane_center_y":-2.0143210888,"plane_center_z":1.4550033808,"color_id":2},"1":{"ros_timestamp":"1696511816.5494783","wall_type":"back","a":0.0003852144,"b":-0.9999999404,"c":-0.0000010195,"d":-2.926627636,"shortest_distance":0.4844707775,"num_points":191,"plane_center_x":0.7059162259,"plane_center_y":-2.9263575077,"plane_center_z":1.5078555346,"color_id":4}}