{"0":{"ros_timestamp":"1696511922.9715722","wall_type":"left","a":0.9999886751,"b":0.0024336143,"c":-0.0040950309,"d":1.3266801834,"shortest_distance":0.3182326679,"num_points":1407,"plane_center_x":-1.3155739307,"plane_center_y":-0.5560141206,"plane_center_z":1.4618703127,"color_id":1},"1":{"ros_timestamp":"1696511922.9715722","wall_type":"right","a":0.9999967813,"b":0.0002706006,"c":0.0025216362,"d":-1.3208167553,"shortest_distance":2.3178575421,"num_points":1678,"plane_center_x":1.3164916039,"plane_center_y":0.1081221178,"plane_center_z":1.4241130352,"color_id":2},"2":{"ros_timestamp":"1696511922.9715722","wall_type":"front","a":0.0082288915,"b":-0.9999629855,"c":-0.002512943,"d":2.9305486679,"shortest_distance":3.5919931491,"num_points":597,"plane_center_x":-0.0792161897,"plane_center_y":2.9266209602,"plane_center_z":1.3467059135,"color_id":3},"3":{"ros_timestamp":"1696511922.9715722","wall_type":"back","a":0.002590178,"b":-0.9999964237,"c":0.0005876833,"d":-2.9332075119,"shortest_distance":2.2614317598,"num_points":510,"plane_center_x":-0.0545250215,"plane_center_y":-2.9325735569,"plane_center_z":1.3370387554,"color_id":4}}