{"0":{"ros_timestamp":"1696511923.173045","wall_type":"left","a":0.9999887943,"b":0.0024916264,"c":-0.0040154355,"d":1.3266322613,"shortest_distance":0.3173955349,"num_points":1407,"plane_center_x":-1.315562129,"plane_center_y":-0.5511026382,"plane_center_z":1.4618904591,"color_id":1},"1":{"ros_timestamp":"1696511923.173045","wall_type":"right","a":0.9999967813,"b":0.0002706006,"c":0.0025216362,"d":-1.3208167553,"shortest_distance":2.3186941162,"num_points":1678,"plane_center_x":1.3164916039,"plane_center_y":0.1081221178,"plane_center_z":1.4241130352,"color_id":2},"2":{"ros_timestamp":"1696511923.173045","wall_type":"front","a":0.0082288915,"b":-0.9999629855,"c":-0.002512943,"d":2.9305486679,"shortest_distance":3.6069626228,"num_points":597,"plane_center_x":-0.0792161897,"plane_center_y":2.9266209602,"plane_center_z":1.3467059135,"color_id":3},"3":{"ros_timestamp":"1696511923.173045","wall_type":"back","a":0.0030517108,"b":-0.999995172,"c":0.0004138055,"d":-2.9334876537,"shortest_distance":2.2474620824,"num_points":510,"plane_center_x":-0.0542511679,"plane_center_y":-2.9331140518,"plane_center_z":1.3371187449,"color_id":4}}