{"0":{"ros_timestamp":"1696511923.4685903","wall_type":"left","a":0.999991715,"b":0.0029189703,"c":-0.0028332672,"d":1.3244103193,"shortest_distance":0.3157793769,"num_points":1420,"plane_center_x":-1.3150355816,"plane_center_y":-0.5665217638,"plane_center_z":1.457216382,"color_id":1},"1":{"ros_timestamp":"1696511923.4685903","wall_type":"right","a":0.9999967813,"b":0.0002706006,"c":0.0025216362,"d":-1.3208167553,"shortest_distance":2.3195306903,"num_points":1678,"plane_center_x":1.3164916039,"plane_center_y":0.1081221178,"plane_center_z":1.4241130352,"color_id":2},"2":{"ros_timestamp":"1696511923.4685903","wall_type":"front","a":0.0081755314,"b":-0.9999636412,"c":-0.0024396146,"d":2.9304757118,"shortest_distance":3.6220233132,"num_points":599,"plane_center_x":-0.0832124203,"plane_center_y":2.9266088009,"plane_center_z":1.3497704268,"color_id":3},"3":{"ros_timestamp":"1696511923.4685903","wall_type":"back","a":0.0002276834,"b":-0.9999988675,"c":0.0015020273,"d":-2.9322628975,"shortest_distance":2.226791862,"num_points":510,"plane_center_x":-0.0535124205,"plane_center_y":-2.9302697182,"plane_center_z":1.3372708559,"color_id":4}}