{"0":{"ros_timestamp":"1696511816.6495438","wall_type":"right","a":0.9999802709,"b":-0.0062699481,"c":0.0004324476,"d":-1.3428281546,"shortest_distance":1.2406172892,"num_points":389,"plane_center_x":1.3295688629,"plane_center_y":-2.0185463428,"plane_center_z":1.4552617073,"color_id":2},"1":{"ros_timestamp":"1696511816.6495438","wall_type":"back","a":-0.0003221066,"b":-1.0,"c":-0.0000016239,"d":-2.9263498783,"shortest_distance":0.4855958594,"num_points":189,"plane_center_x":0.7013014555,"plane_center_y":-2.9265782833,"plane_center_z":1.5078806877,"color_id":4}}