{"0":{"ros_timestamp":"1696511924.0493984","wall_type":"left","a":0.9999943376,"b":0.0022431633,"c":-0.0024885519,"d":1.3243478537,"shortest_distance":0.3132440201,"num_points":1389,"plane_center_x":-1.3160812855,"plane_center_y":-0.519500792,"plane_center_z":1.4555711746,"color_id":1},"1":{"ros_timestamp":"1696511924.0493984","wall_type":"right","a":0.9999967813,"b":0.0002706006,"c":0.0025216362,"d":-1.3208167553,"shortest_distance":2.3228769865,"num_points":1678,"plane_center_x":1.3164916039,"plane_center_y":0.1081221178,"plane_center_z":1.4241130352,"color_id":2},"2":{"ros_timestamp":"1696511924.0493984","wall_type":"front","a":0.0082523571,"b":-0.9999628067,"c":-0.0024901174,"d":2.9305083752,"shortest_distance":3.6817804731,"num_points":596,"plane_center_x":-0.0772022754,"plane_center_y":2.9266240597,"plane_center_z":1.347795248,"color_id":3},"3":{"ros_timestamp":"1696511924.0493984","wall_type":"back","a":0.0032312598,"b":-0.9999946952,"c":0.0003153608,"d":-2.9335360527,"shortest_distance":2.1729681203,"num_points":529,"plane_center_x":-0.0964398533,"plane_center_y":-2.93343997,"plane_center_z":1.3418041468,"color_id":4}}