{"0":{"ros_timestamp":"1696511924.568519","wall_type":"left","a":0.9999921322,"b":0.0027708907,"c":-0.0028539966,"d":1.3245649338,"shortest_distance":0.3107624215,"num_points":1418,"plane_center_x":-1.3150970936,"plane_center_y":-0.5626950264,"plane_center_z":1.4572912455,"color_id":1},"1":{"ros_timestamp":"1696511924.568519","wall_type":"right","a":0.9999967813,"b":0.0002706006,"c":0.0025216362,"d":-1.3208167553,"shortest_distance":2.3245501347,"num_points":1678,"plane_center_x":1.3164916039,"plane_center_y":0.1081221178,"plane_center_z":1.4241130352,"color_id":2},"2":{"ros_timestamp":"1696511924.568519","wall_type":"front","a":0.0082072038,"b":-0.9999632239,"c":-0.002485743,"d":2.9305226803,"shortest_distance":3.7117859518,"num_points":598,"plane_center_x":-0.0812172741,"plane_center_y":2.9266123772,"plane_center_z":1.3481587172,"color_id":3},"3":{"ros_timestamp":"1696511924.568519","wall_type":"back","a":0.0004566444,"b":-0.9999989271,"c":0.0013819456,"d":-2.932612896,"shortest_distance":2.1376932145,"num_points":510,"plane_center_x":-0.0543730967,"plane_center_y":-2.9307923317,"plane_center_z":1.3375720978,"color_id":4}}