{"0":{"ros_timestamp":"1696511924.6702292","wall_type":"left","a":0.9999921322,"b":0.002815177,"c":-0.0028092917,"d":1.3244665861,"shortest_distance":0.3106962233,"num_points":1418,"plane_center_x":-1.3150783777,"plane_center_y":-0.5616871119,"plane_center_z":1.4572947025,"color_id":1},"1":{"ros_timestamp":"1696511924.6702292","wall_type":"right","a":0.9999967813,"b":0.0002706006,"c":0.0025216362,"d":-1.3208167553,"shortest_distance":2.3245501347,"num_points":1678,"plane_center_x":1.3164916039,"plane_center_y":0.1081221178,"plane_center_z":1.4241130352,"color_id":2},"2":{"ros_timestamp":"1696511924.6702292","wall_type":"front","a":0.0082072038,"b":-0.9999632239,"c":-0.002485743,"d":2.9305226803,"shortest_distance":3.7117859518,"num_points":598,"plane_center_x":-0.0812172741,"plane_center_y":2.9266123772,"plane_center_z":1.3481587172,"color_id":3},"3":{"ros_timestamp":"1696511924.6702292","wall_type":"back","a":-0.0008426517,"b":-0.9999979138,"c":0.0018752863,"d":-2.9321634769,"shortest_distance":2.135193231,"num_points":510,"plane_center_x":-0.0545518436,"plane_center_y":-2.9296152592,"plane_center_z":1.3375765085,"color_id":4}}