{"0":{"ros_timestamp":"1696511924.7611518","wall_type":"left","a":0.9999926686,"b":0.0027967428,"c":-0.002613757,"d":1.3242115974,"shortest_distance":0.3098752073,"num_points":1416,"plane_center_x":-1.3152302504,"plane_center_y":-0.5637797713,"plane_center_z":1.4564105272,"color_id":1},"1":{"ros_timestamp":"1696511924.7611518","wall_type":"right","a":0.9999967813,"b":0.0002706006,"c":0.0025216362,"d":-1.3208167553,"shortest_distance":2.3253867087,"num_points":1678,"plane_center_x":1.3164916039,"plane_center_y":0.1081221178,"plane_center_z":1.4241130352,"color_id":2},"2":{"ros_timestamp":"1696511924.7611518","wall_type":"front","a":0.0081755314,"b":-0.9999636412,"c":-0.0024396146,"d":2.9304757118,"shortest_distance":3.7268100052,"num_points":599,"plane_center_x":-0.0832124203,"plane_center_y":2.9266088009,"plane_center_z":1.3497704268,"color_id":3},"3":{"ros_timestamp":"1696511924.7611518","wall_type":"back","a":0.0042433017,"b":-0.9999909997,"c":-0.0000172038,"d":-2.9338371754,"shortest_distance":2.1298706201,"num_points":510,"plane_center_x":-0.0549876876,"plane_center_y":-2.9341199398,"plane_center_z":1.3375889063,"color_id":4}}