{"0":{"ros_timestamp":"1696511816.7607536","wall_type":"right","a":0.9999671578,"b":-0.0080893738,"c":0.0003937331,"d":-1.3478008509,"shortest_distance":1.2412086379,"num_points":389,"plane_center_x":1.332220912,"plane_center_y":-2.0288815498,"plane_center_z":1.4552608728,"color_id":2},"1":{"ros_timestamp":"1696511816.7607536","wall_type":"back","a":0.0003185814,"b":-1.0,"c":0.0000046245,"d":-2.9266293049,"shortest_distance":0.4858106183,"num_points":189,"plane_center_x":0.7012395859,"plane_center_y":-2.9263989925,"plane_center_z":1.5078804493,"color_id":4}}