{"0":{"ros_timestamp":"1696511924.9693232","wall_type":"left","a":0.9999924302,"b":0.002788042,"c":-0.0027021868,"d":1.3243378401,"shortest_distance":0.3090013706,"num_points":1417,"plane_center_x":-1.3151738644,"plane_center_y":-0.5624278188,"plane_center_z":1.4570145607,"color_id":1},"1":{"ros_timestamp":"1696511924.9693232","wall_type":"right","a":0.9999967813,"b":0.0002706006,"c":0.0025216362,"d":-1.3208167553,"shortest_distance":2.3262232828,"num_points":1678,"plane_center_x":1.3164916039,"plane_center_y":0.1081221178,"plane_center_z":1.4241130352,"color_id":2},"2":{"ros_timestamp":"1696511924.9693232","wall_type":"front","a":0.0082072038,"b":-0.9999632239,"c":-0.002485743,"d":2.9305226803,"shortest_distance":3.7417249427,"num_points":598,"plane_center_x":-0.0812172741,"plane_center_y":2.9266123772,"plane_center_z":1.3481587172,"color_id":3},"3":{"ros_timestamp":"1696511924.9693232","wall_type":"back","a":0.0035446628,"b":-0.9999936819,"c":0.000234992,"d":-2.933583498,"shortest_distance":2.1135570774,"num_points":510,"plane_center_x":-0.0534560271,"plane_center_y":-2.9334771633,"plane_center_z":1.337575078,"color_id":4}}