{"0":{"ros_timestamp":"1696511925.2497313","wall_type":"left","a":0.9999926686,"b":0.0028040705,"c":-0.0026287031,"d":1.3241863251,"shortest_distance":0.3080724712,"num_points":1418,"plane_center_x":-1.315101862,"plane_center_y":-0.5697077513,"plane_center_z":1.4563859701,"color_id":1},"1":{"ros_timestamp":"1696511925.2497313","wall_type":"right","a":0.9999967813,"b":0.0002706006,"c":0.0025216362,"d":-1.3208167553,"shortest_distance":2.3270598569,"num_points":1678,"plane_center_x":1.3164916039,"plane_center_y":0.1081221178,"plane_center_z":1.4241130352,"color_id":2},"2":{"ros_timestamp":"1696511925.2497313","wall_type":"front","a":0.0081755314,"b":-0.9999636412,"c":-0.0024396146,"d":2.9304757118,"shortest_distance":3.7567490601,"num_points":599,"plane_center_x":-0.0832124203,"plane_center_y":2.9266088009,"plane_center_z":1.3497704268,"color_id":3},"3":{"ros_timestamp":"1696511925.2497313","wall_type":"back","a":0.00026046,"b":-0.9999984503,"c":0.0016990865,"d":-2.932867527,"shortest_distance":2.092343512,"num_points":510,"plane_center_x":-0.0544684976,"plane_center_y":-2.9306135178,"plane_center_z":1.3376233578,"color_id":4}}