{"0":{"ros_timestamp":"1696511925.449491","wall_type":"left","a":0.9999940395,"b":0.0023960916,"c":-0.0024715378,"d":1.3242030144,"shortest_distance":0.3077979134,"num_points":1410,"plane_center_x":-1.3152714968,"plane_center_y":-0.5538107157,"plane_center_z":1.4562717676,"color_id":1},"1":{"ros_timestamp":"1696511925.449491","wall_type":"right","a":0.9999967813,"b":0.0002706006,"c":0.0025216362,"d":-1.3208167553,"shortest_distance":2.327896431,"num_points":1678,"plane_center_x":1.3164916039,"plane_center_y":0.1081221178,"plane_center_z":1.4241130352,"color_id":2},"2":{"ros_timestamp":"1696511925.449491","wall_type":"front","a":0.0082523571,"b":-0.9999628067,"c":-0.0024901174,"d":2.9305083752,"shortest_distance":3.771597186,"num_points":596,"plane_center_x":-0.0772022754,"plane_center_y":2.9266240597,"plane_center_z":1.347795248,"color_id":3},"3":{"ros_timestamp":"1696511925.449491","wall_type":"back","a":0.0003672832,"b":-0.9999984503,"c":0.0017228106,"d":-2.9329204559,"shortest_distance":2.0774919026,"num_points":510,"plane_center_x":-0.0548753105,"plane_center_y":-2.9306404591,"plane_center_z":1.3377164602,"color_id":4}}