{"0":{"ros_timestamp":"1696511926.0611415","wall_type":"left","a":0.9999912977,"b":0.0026270093,"c":-0.0032283785,"d":1.3251962662,"shortest_distance":0.3048422872,"num_points":1415,"plane_center_x":-1.3151826859,"plane_center_y":-0.5581338406,"plane_center_z":1.4585832357,"color_id":1},"1":{"ros_timestamp":"1696511926.0611415","wall_type":"right","a":0.9999967813,"b":0.0002706006,"c":0.0025216362,"d":-1.3208167553,"shortest_distance":2.3304061532,"num_points":1678,"plane_center_x":1.3164916039,"plane_center_y":0.1081221178,"plane_center_z":1.4241130352,"color_id":2},"2":{"ros_timestamp":"1696511926.0611415","wall_type":"front","a":0.0082288915,"b":-0.9999629855,"c":-0.002512943,"d":2.9305486679,"shortest_distance":3.8165352551,"num_points":597,"plane_center_x":-0.0792161897,"plane_center_y":2.9266209602,"plane_center_z":1.3467059135,"color_id":3},"3":{"ros_timestamp":"1696511926.0611415","wall_type":"back","a":0.002510617,"b":-0.9999966025,"c":0.0006858654,"d":-2.9334077835,"shortest_distance":2.0367833749,"num_points":510,"plane_center_x":-0.0551676378,"plane_center_y":-2.9326386452,"plane_center_z":1.3379011154,"color_id":4}}