{"0":{"ros_timestamp":"1696511926.1710715","wall_type":"left","a":0.9999864697,"b":0.002748366,"c":-0.0044021406,"d":1.3269224167,"shortest_distance":0.3038241538,"num_points":1417,"plane_center_x":-1.315071106,"plane_center_y":-0.5593442321,"plane_center_z":1.4631147385,"color_id":1},"1":{"ros_timestamp":"1696511926.1710715","wall_type":"right","a":0.9999998808,"b":0.0003288612,"c":0.0003989699,"d":-1.3173416853,"shortest_distance":2.3310185719,"num_points":1678,"plane_center_x":1.3164916039,"plane_center_y":0.1081221178,"plane_center_z":1.4241130352,"color_id":2},"2":{"ros_timestamp":"1696511926.1710715","wall_type":"front","a":0.0082288915,"b":-0.9999629855,"c":-0.002512943,"d":2.9305486679,"shortest_distance":3.8315047288,"num_points":597,"plane_center_x":-0.0792161897,"plane_center_y":2.9266209602,"plane_center_z":1.3467059135,"color_id":3},"3":{"ros_timestamp":"1696511926.1710715","wall_type":"back","a":0.0002558723,"b":-0.9999984503,"c":0.0017244593,"d":-2.932967186,"shortest_distance":2.0175170474,"num_points":510,"plane_center_x":-0.0538056269,"plane_center_y":-2.9306783676,"plane_center_z":1.3379024267,"color_id":4}}