{"0":{"ros_timestamp":"1696511926.7495909","wall_type":"left","a":0.9999912977,"b":0.0026832805,"c":-0.0032010071,"d":1.325083971,"shortest_distance":0.3012298112,"num_points":1416,"plane_center_x":-1.3151310682,"plane_center_y":-0.5623723865,"plane_center_z":1.4584492445,"color_id":1},"1":{"ros_timestamp":"1696511926.7495909","wall_type":"right","a":0.9999995828,"b":0.0001484709,"c":0.0009390194,"d":-1.3184205294,"shortest_distance":2.3336238169,"num_points":1678,"plane_center_x":1.3164916039,"plane_center_y":0.1081221178,"plane_center_z":1.4241130352,"color_id":2},"2":{"ros_timestamp":"1696511926.7495909","wall_type":"front","a":0.0082288915,"b":-0.9999629855,"c":-0.002512943,"d":2.9305486679,"shortest_distance":3.87641315,"num_points":597,"plane_center_x":-0.0792161897,"plane_center_y":2.9266209602,"plane_center_z":1.3467059135,"color_id":3},"3":{"ros_timestamp":"1696511926.7495909","wall_type":"back","a":-0.0008828171,"b":-0.9999972582,"c":0.002189527,"d":-2.9327619076,"shortest_distance":1.9705254573,"num_points":510,"plane_center_x":-0.0536515526,"plane_center_y":-2.9297933578,"plane_center_z":1.3379027843,"color_id":4}}