{"0":{"ros_timestamp":"1696511816.9651492","wall_type":"right","a":0.9999790192,"b":-0.0064790184,"c":0.0000893136,"d":-1.34476614,"shortest_distance":1.2127376965,"num_points":398,"plane_center_x":1.3314636946,"plane_center_y":-2.0574207306,"plane_center_z":1.4546000957,"color_id":2},"1":{"ros_timestamp":"1696511816.9651492","wall_type":"back","a":0.0004112555,"b":-0.9999999404,"c":-0.0000418274,"d":-2.9265809059,"shortest_distance":0.4889719403,"num_points":180,"plane_center_x":0.6736024618,"plane_center_y":-2.9263672829,"plane_center_z":1.5119708776,"color_id":4}}