{"0":{"ros_timestamp":"1696511927.0494123","wall_type":"left","a":0.9999915361,"b":0.0025647322,"c":-0.003208064,"d":1.3251690865,"shortest_distance":0.3005467246,"num_points":1414,"plane_center_x":-1.3152321577,"plane_center_y":-0.562889874,"plane_center_z":1.4582242966,"color_id":1},"1":{"ros_timestamp":"1696511927.0494123","wall_type":"right","a":0.9999995828,"b":0.0001484709,"c":0.0009390194,"d":-1.3184205294,"shortest_distance":2.3344585642,"num_points":1678,"plane_center_x":1.3164916039,"plane_center_y":0.1081221178,"plane_center_z":1.4241130352,"color_id":2},"2":{"ros_timestamp":"1696511927.0494123","wall_type":"front","a":0.0082288915,"b":-0.9999629855,"c":-0.002512943,"d":2.9305486679,"shortest_distance":3.8913826237,"num_points":597,"plane_center_x":-0.0792161897,"plane_center_y":2.9266209602,"plane_center_z":1.3467059135,"color_id":3},"3":{"ros_timestamp":"1696511927.0494123","wall_type":"back","a":0.0020843705,"b":-0.9999974966,"c":0.0008393535,"d":-2.9333019257,"shortest_distance":1.9611382706,"num_points":510,"plane_center_x":-0.0545629114,"plane_center_y":-2.9323000908,"plane_center_z":1.3379017115,"color_id":4}}