{"0":{"ros_timestamp":"1696511927.3495283","wall_type":"left","a":0.9999912977,"b":0.0027960374,"c":-0.003094096,"d":1.3248665333,"shortest_distance":0.2998641477,"num_points":1418,"plane_center_x":-1.3150426149,"plane_center_y":-0.5636792779,"plane_center_z":1.4572886229,"color_id":1},"1":{"ros_timestamp":"1696511927.3495283","wall_type":"right","a":0.9999967813,"b":0.0002706006,"c":0.0025216362,"d":-1.3208167553,"shortest_distance":2.3349016088,"num_points":1678,"plane_center_x":1.3164916039,"plane_center_y":0.1081221178,"plane_center_z":1.4241130352,"color_id":2},"2":{"ros_timestamp":"1696511927.3495283","wall_type":"front","a":0.0082072038,"b":-0.9999632239,"c":-0.002485743,"d":2.9305226803,"shortest_distance":3.8970132383,"num_points":598,"plane_center_x":-0.0812172741,"plane_center_y":2.9266123772,"plane_center_z":1.3481587172,"color_id":3},"3":{"ros_timestamp":"1696511927.3495283","wall_type":"back","a":-0.0007280885,"b":-0.999997437,"c":0.0021603005,"d":-2.9328229427,"shortest_distance":1.9502138453,"num_points":510,"plane_center_x":-0.0549902096,"plane_center_y":-2.929899931,"plane_center_z":1.3379005194,"color_id":4}}