{"0":{"ros_timestamp":"1696511927.6496587","wall_type":"left","a":0.9999854565,"b":0.0027845814,"c":-0.0046278392,"d":1.3271040916,"shortest_distance":0.2998105624,"num_points":1419,"plane_center_x":-1.314966917,"plane_center_y":-0.5608581901,"plane_center_z":1.4634492397,"color_id":1},"1":{"ros_timestamp":"1696511927.6496587","wall_type":"right","a":0.9999967813,"b":0.0002706006,"c":0.0025216362,"d":-1.3208167553,"shortest_distance":2.3349016088,"num_points":1678,"plane_center_x":1.3164916039,"plane_center_y":0.1081221178,"plane_center_z":1.4241130352,"color_id":2},"2":{"ros_timestamp":"1696511927.6496587","wall_type":"front","a":0.0082288915,"b":-0.9999629855,"c":-0.002512943,"d":2.9305486679,"shortest_distance":3.8969759564,"num_points":597,"plane_center_x":-0.0792161897,"plane_center_y":2.9266209602,"plane_center_z":1.3467059135,"color_id":3},"3":{"ros_timestamp":"1696511927.6496587","wall_type":"back","a":-0.0016895164,"b":-0.9999952316,"c":0.002573112,"d":-2.9326622486,"shortest_distance":1.9484557903,"num_points":510,"plane_center_x":-0.0547972172,"plane_center_y":-2.929141283,"plane_center_z":1.3379001617,"color_id":4}}