{"0":{"ros_timestamp":"1696511928.6495495","wall_type":"left","a":0.9999853373,"b":0.0027897342,"c":-0.0046391292,"d":1.3271183968,"shortest_distance":0.2998029706,"num_points":1419,"plane_center_x":-1.3149623871,"plane_center_y":-0.5607571602,"plane_center_z":1.4634492397,"color_id":1},"1":{"ros_timestamp":"1696511928.6495495","wall_type":"right","a":0.9999967813,"b":0.0002706006,"c":0.0025216362,"d":-1.3208167553,"shortest_distance":2.3349016088,"num_points":1678,"plane_center_x":1.3164916039,"plane_center_y":0.1081221178,"plane_center_z":1.4241130352,"color_id":2},"2":{"ros_timestamp":"1696511928.6495495","wall_type":"front","a":0.0082288915,"b":-0.9999629855,"c":-0.002512943,"d":2.9305486679,"shortest_distance":3.8969759564,"num_points":597,"plane_center_x":-0.0792161897,"plane_center_y":2.9266209602,"plane_center_z":1.3467059135,"color_id":3},"3":{"ros_timestamp":"1696511928.6495495","wall_type":"back","a":-0.0019429896,"b":-0.9999944568,"c":0.0026915907,"d":-2.9326369762,"shortest_distance":1.9479950317,"num_points":510,"plane_center_x":-0.0548342653,"plane_center_y":-2.9289455414,"plane_center_z":1.3379004002,"color_id":4}}