{"0":{"ros_timestamp":"1696511817.5614839","wall_type":"right","a":0.9999909401,"b":-0.0042541362,"c":0.0000366949,"d":-1.3407558203,"shortest_distance":1.1844198875,"num_points":387,"plane_center_x":1.3323484659,"plane_center_y":-2.0306992531,"plane_center_z":1.4547364712,"color_id":2},"1":{"ros_timestamp":"1696511817.5614839","wall_type":"back","a":0.0007090031,"b":-0.999999702,"c":-0.000008252,"d":-2.9267737865,"shortest_distance":0.4924207732,"num_points":191,"plane_center_x":0.7072821259,"plane_center_y":-2.9262857437,"plane_center_z":1.5078564882,"color_id":4}}