{"0":{"ros_timestamp":"1696511817.8494182","wall_type":"right","a":0.9999865294,"b":-0.0051797447,"c":0.000340825,"d":-1.3415243626,"shortest_distance":1.1526814567,"num_points":388,"plane_center_x":1.3306593895,"plane_center_y":-2.0311012268,"plane_center_z":1.4529784918,"color_id":2},"1":{"ros_timestamp":"1696511817.8494182","wall_type":"back","a":0.0003206147,"b":-0.9999999404,"c":-0.0000385241,"d":-2.9265611172,"shortest_distance":0.4957062364,"num_points":190,"plane_center_x":0.7057054043,"plane_center_y":-2.9263932705,"plane_center_z":1.5116137266,"color_id":4}}