{"0":{"ros_timestamp":"1696511818.0672684","wall_type":"right","a":0.9999784231,"b":-0.0065594981,"c":0.0003144915,"d":-1.3453230858,"shortest_distance":1.1382904522,"num_points":396,"plane_center_x":1.3317260742,"plane_center_y":-2.0472240448,"plane_center_z":1.4540032148,"color_id":2},"1":{"ros_timestamp":"1696511818.0672684","wall_type":"back","a":0.0003381,"b":-0.9999999404,"c":-0.0000496291,"d":-2.9265525341,"shortest_distance":0.4975835435,"num_points":182,"plane_center_x":0.6815911531,"plane_center_y":-2.9263973236,"plane_center_z":1.5118991137,"color_id":4}}