{"0":{"ros_timestamp":"1696511818.1679485","wall_type":"right","a":0.9999678731,"b":-0.0079898648,"c":0.0006761038,"d":-1.3468643427,"shortest_distance":1.1209285818,"num_points":399,"plane_center_x":1.3293943405,"plane_center_y":-2.0533187389,"plane_center_z":1.4561934471,"color_id":2},"1":{"ros_timestamp":"1696511818.1679485","wall_type":"back","a":0.0002372309,"b":-0.9999999404,"c":-0.0000077165,"d":-2.9265708923,"shortest_distance":0.499300383,"num_points":179,"plane_center_x":0.6716629267,"plane_center_y":-2.9264233112,"plane_center_z":1.5080324411,"color_id":4}}