{"0":{"ros_timestamp":"1696511818.2660658","wall_type":"right","a":0.9999620914,"b":-0.0086621549,"c":0.0008552317,"d":-1.347607851,"shortest_distance":1.1197719385,"num_points":399,"plane_center_x":1.3285084963,"plane_center_y":-2.0532400608,"plane_center_z":1.4562119246,"color_id":2},"1":{"ros_timestamp":"1696511818.2660658","wall_type":"back","a":0.0002372309,"b":-0.9999999404,"c":-0.0000077165,"d":-2.9265708923,"shortest_distance":0.499300383,"num_points":179,"plane_center_x":0.6716629267,"plane_center_y":-2.9264233112,"plane_center_z":1.5080324411,"color_id":4}}