{"0":{"ros_timestamp":"1696511818.7749004","wall_type":"right","a":0.9999783635,"b":-0.006553309,"c":0.0005608693,"d":-1.3443802595,"shortest_distance":1.0775249006,"num_points":397,"plane_center_x":1.3303074837,"plane_center_y":-2.0464978218,"plane_center_z":1.4559162855,"color_id":2},"1":{"ros_timestamp":"1696511818.7749004","wall_type":"back","a":0.0003728822,"b":-0.9999999404,"c":-0.0000129257,"d":-2.9266238213,"shortest_distance":0.5053280763,"num_points":181,"plane_center_x":0.6783178449,"plane_center_y":-2.9263906479,"plane_center_z":1.5080040693,"color_id":4}}