{"0":{"ros_timestamp":"1696511806.1609414","wall_type":"right","a":0.9999985695,"b":-0.0016546868,"c":-0.000319363,"d":-1.3321434259,"shortest_distance":2.1409413059,"num_points":381,"plane_center_x":1.329308629,"plane_center_y":-1.9949954748,"plane_center_z":1.4542319775,"color_id":2},"1":{"ros_timestamp":"1696511806.1609414","wall_type":"back","a":-0.001756827,"b":-0.9999985099,"c":-0.0000062587,"d":-2.9263012409,"shortest_distance":0.4367476195,"num_points":197,"plane_center_x":0.6861662269,"plane_center_y":-2.9275205135,"plane_center_z":1.5080821514,"color_id":4}}