{"0":{"ros_timestamp":"1696511818.9492378","wall_type":"right","a":0.99997437,"b":-0.0071297302,"c":0.0006505201,"d":-1.3449745178,"shortest_distance":1.0617828616,"num_points":399,"plane_center_x":1.3293236494,"plane_center_y":-2.0496613979,"plane_center_z":1.4562954903,"color_id":2},"1":{"ros_timestamp":"1696511818.9492378","wall_type":"back","a":0.0002372309,"b":-0.9999999404,"c":-0.0000077165,"d":-2.9265708923,"shortest_distance":0.5077084571,"num_points":179,"plane_center_x":0.6716629267,"plane_center_y":-2.9264233112,"plane_center_z":1.5080324411,"color_id":4}}