{"0":{"ros_timestamp":"1696511819.149245","wall_type":"right","a":0.9999777675,"b":-0.0066468804,"c":0.0005532304,"d":-1.3443926573,"shortest_distance":1.0476696382,"num_points":397,"plane_center_x":1.3301618099,"plane_center_y":-2.0431945324,"plane_center_z":1.4560759068,"color_id":2},"1":{"ros_timestamp":"1696511819.149245","wall_type":"back","a":0.0003728822,"b":-0.9999999404,"c":-0.0000129257,"d":-2.9266238213,"shortest_distance":0.5098115219,"num_points":181,"plane_center_x":0.6783178449,"plane_center_y":-2.9263906479,"plane_center_z":1.5080040693,"color_id":4}}