{"0":{"ros_timestamp":"1696511819.3492742","wall_type":"right","a":0.9999835491,"b":-0.0057271547,"c":0.000299039,"d":-1.3436120749,"shortest_distance":1.0346669521,"num_points":396,"plane_center_x":1.3317828178,"plane_center_y":-2.0394947529,"plane_center_z":1.454161644,"color_id":2},"1":{"ros_timestamp":"1696511819.3492742","wall_type":"back","a":0.0003381,"b":-0.9999999404,"c":-0.0000496291,"d":-2.9265525341,"shortest_distance":0.5120447632,"num_points":182,"plane_center_x":0.6815911531,"plane_center_y":-2.9263973236,"plane_center_z":1.5118991137,"color_id":4}}