{"0":{"ros_timestamp":"1696511819.4657912","wall_type":"right","a":0.999977231,"b":-0.0067242673,"c":0.0005494199,"d":-1.3445495367,"shortest_distance":1.0180394023,"num_points":398,"plane_center_x":1.3300327063,"plane_center_y":-2.0443100929,"plane_center_z":1.4572855234,"color_id":2},"1":{"ros_timestamp":"1696511819.4657912","wall_type":"back","a":0.0003058221,"b":-0.9999999404,"c":-0.0000487595,"d":-2.9265396595,"shortest_distance":0.5145794071,"num_points":180,"plane_center_x":0.6750092506,"plane_center_y":-2.9264068604,"plane_center_z":1.5056333542,"color_id":4}}