{"0":{"ros_timestamp":"1696511819.5652294","wall_type":"right","a":0.9999836683,"b":-0.005698808,"c":0.0003198614,"d":-1.3434892893,"shortest_distance":1.0197960262,"num_points":396,"plane_center_x":1.3316924572,"plane_center_y":-2.038531065,"plane_center_z":1.4541615248,"color_id":2},"1":{"ros_timestamp":"1696511819.5652294","wall_type":"back","a":0.0003381,"b":-0.9999999404,"c":-0.0000496291,"d":-2.9265525341,"shortest_distance":0.5145835961,"num_points":182,"plane_center_x":0.6815911531,"plane_center_y":-2.9263973236,"plane_center_z":1.5118991137,"color_id":4}}