{"0":{"ros_timestamp":"1696511819.849387","wall_type":"right","a":0.9999741912,"b":-0.0071548638,"c":0.0006807796,"d":-1.3450191021,"shortest_distance":0.9876893429,"num_points":399,"plane_center_x":1.3293244839,"plane_center_y":-2.0424852371,"plane_center_z":1.4562609196,"color_id":2},"1":{"ros_timestamp":"1696511819.849387","wall_type":"back","a":0.0002372309,"b":-0.9999999404,"c":-0.0000077165,"d":-2.9265708923,"shortest_distance":0.519430164,"num_points":179,"plane_center_x":0.6716629267,"plane_center_y":-2.9264233112,"plane_center_z":1.5080324411,"color_id":4}}