{"0":{"ros_timestamp":"1696511821.0608175","wall_type":"right","a":0.9999810457,"b":-0.0061490783,"c":0.0003060871,"d":-1.3445222378,"shortest_distance":0.8871806297,"num_points":396,"plane_center_x":1.3317906857,"plane_center_y":-2.0448966026,"plane_center_z":1.4538826942,"color_id":2},"1":{"ros_timestamp":"1696511821.0608175","wall_type":"back","a":0.0003381,"b":-0.9999999404,"c":-0.0000496291,"d":-2.9265525341,"shortest_distance":0.5396835888,"num_points":182,"plane_center_x":0.6815911531,"plane_center_y":-2.9263973236,"plane_center_z":1.5118991137,"color_id":4}}