{"0":{"ros_timestamp":"1696511821.7494812","wall_type":"right","a":0.9999806285,"b":-0.0062068533,"c":0.0003924339,"d":-1.3443928957,"shortest_distance":0.8139536991,"num_points":396,"plane_center_x":1.3314361572,"plane_center_y":-2.0416193008,"plane_center_z":1.4538042545,"color_id":2},"1":{"ros_timestamp":"1696511821.7494812","wall_type":"back","a":0.0003381,"b":-0.9999999404,"c":-0.0000496291,"d":-2.9265525341,"shortest_distance":0.5576170014,"num_points":182,"plane_center_x":0.6815911531,"plane_center_y":-2.9263973236,"plane_center_z":1.5118991137,"color_id":4}}