{"0":{"ros_timestamp":"1696511822.263187","wall_type":"right","a":0.9999775887,"b":-0.0066739605,"c":0.0005635027,"d":-1.3446571827,"shortest_distance":0.7839576179,"num_points":397,"plane_center_x":1.3303689957,"plane_center_y":-2.0413851738,"plane_center_z":1.4557930231,"color_id":2},"1":{"ros_timestamp":"1696511822.263187","wall_type":"back","a":0.0003728822,"b":-0.9999999404,"c":-0.0000129257,"d":-2.9266238213,"shortest_distance":0.5657010103,"num_points":181,"plane_center_x":0.6783178449,"plane_center_y":-2.9263906479,"plane_center_z":1.5080040693,"color_id":4}}