{"0":{"ros_timestamp":"1696511822.4629295","wall_type":"right","a":0.9999767542,"b":-0.0067831869,"c":0.0006514517,"d":-1.3445923328,"shortest_distance":0.7691170036,"num_points":398,"plane_center_x":1.3298190832,"plane_center_y":-2.042545557,"plane_center_z":1.4569705725,"color_id":2},"1":{"ros_timestamp":"1696511822.4629295","wall_type":"back","a":0.0003058221,"b":-0.9999999404,"c":-0.0000487595,"d":-2.9265396595,"shortest_distance":0.5699785168,"num_points":180,"plane_center_x":0.6750092506,"plane_center_y":-2.9264068604,"plane_center_z":1.5056333542,"color_id":4}}