{"0":{"ros_timestamp":"1696511822.7494102","wall_type":"right","a":0.999977529,"b":-0.0066769514,"c":0.0005911839,"d":-1.3447388411,"shortest_distance":0.7410271832,"num_points":397,"plane_center_x":1.3304283619,"plane_center_y":-2.0377914906,"plane_center_z":1.4556311369,"color_id":2},"1":{"ros_timestamp":"1696511822.7494102","wall_type":"back","a":0.0003728822,"b":-0.9999999404,"c":-0.0000129257,"d":-2.9266238213,"shortest_distance":0.5792152459,"num_points":181,"plane_center_x":0.6783178449,"plane_center_y":-2.9263906479,"plane_center_z":1.5080040693,"color_id":4}}