{"0":{"ros_timestamp":"1696511806.5492525","wall_type":"right","a":0.9999992847,"b":-0.0011783253,"c":-0.0003295404,"d":-1.3315187693,"shortest_distance":2.1115498862,"num_points":381,"plane_center_x":1.3296483755,"plane_center_y":-1.9949593544,"plane_center_z":1.454408288,"color_id":2},"1":{"ros_timestamp":"1696511806.5492525","wall_type":"back","a":-0.0017481745,"b":-0.9999984503,"c":-0.000002038,"d":-2.9262661934,"shortest_distance":0.4381196071,"num_points":197,"plane_center_x":0.7128238678,"plane_center_y":-2.9275200367,"plane_center_z":1.5079913139,"color_id":4}}