{"0":{"ros_timestamp":"1696511823.0495589","wall_type":"right","a":0.9999775887,"b":-0.0066700028,"c":0.0006070747,"d":-1.3447226286,"shortest_distance":0.7267120765,"num_points":397,"plane_center_x":1.3303972483,"plane_center_y":-2.0386669636,"plane_center_z":1.4555745125,"color_id":2},"1":{"ros_timestamp":"1696511823.0495589","wall_type":"back","a":0.0003728822,"b":-0.9999999404,"c":-0.0000129257,"d":-2.9266238213,"shortest_distance":0.5837686858,"num_points":181,"plane_center_x":0.6783178449,"plane_center_y":-2.9263906479,"plane_center_z":1.5080040693,"color_id":4}}