{"0":{"ros_timestamp":"1696511823.5492706","wall_type":"right","a":0.9999783039,"b":-0.0065746075,"c":0.0004353426,"d":-1.3450300694,"shortest_distance":0.6852205755,"num_points":396,"plane_center_x":1.3312673569,"plane_center_y":-2.0406057835,"plane_center_z":1.4536534548,"color_id":2},"1":{"ros_timestamp":"1696511823.5492706","wall_type":"back","a":0.0003381,"b":-0.9999999404,"c":-0.0000496291,"d":-2.9265525341,"shortest_distance":0.5994129269,"num_points":182,"plane_center_x":0.6815911531,"plane_center_y":-2.9263973236,"plane_center_z":1.5118991137,"color_id":4}}