{"0":{"ros_timestamp":"1696511823.7703054","wall_type":"right","a":0.9999784231,"b":-0.0065562041,"c":0.0004824896,"d":-1.3448147774,"shortest_distance":0.6710658673,"num_points":396,"plane_center_x":1.3310235739,"plane_center_y":-2.0400035381,"plane_center_z":1.4536838531,"color_id":2},"1":{"ros_timestamp":"1696511823.7703054","wall_type":"back","a":0.0003381,"b":-0.9999999404,"c":-0.0000496291,"d":-2.9265525341,"shortest_distance":0.6051513393,"num_points":182,"plane_center_x":0.6815911531,"plane_center_y":-2.9263973236,"plane_center_z":1.5118991137,"color_id":4}}