{"0":{"ros_timestamp":"1696511806.665967","wall_type":"right","a":0.9999701381,"b":-0.0077221305,"c":0.0002562598,"d":-1.3435256481,"shortest_distance":2.0914003413,"num_points":399,"plane_center_x":1.3274643421,"plane_center_y":-2.0367186069,"plane_center_z":1.4566115141,"color_id":2},"1":{"ros_timestamp":"1696511806.665967","wall_type":"back","a":-0.0017250516,"b":-0.9999985099,"c":-0.0000177353,"d":-2.9262170792,"shortest_distance":0.4388147953,"num_points":179,"plane_center_x":0.666700542,"plane_center_y":-2.9273982048,"plane_center_z":1.508312583,"color_id":4}}