{"0":{"ros_timestamp":"1696511824.465266","wall_type":"right","a":0.9999784827,"b":-0.0065316116,"c":0.0005214477,"d":-1.3445757627,"shortest_distance":0.6163282357,"num_points":396,"plane_center_x":1.3308122158,"plane_center_y":-2.0345644951,"plane_center_z":1.4536546469,"color_id":2},"1":{"ros_timestamp":"1696511824.465266","wall_type":"back","a":0.0003381,"b":-0.9999999404,"c":-0.0000496291,"d":-2.9265525341,"shortest_distance":0.6309304964,"num_points":182,"plane_center_x":0.6815911531,"plane_center_y":-2.9263973236,"plane_center_z":1.5118991137,"color_id":4}}