{"0":{"ros_timestamp":"1696511824.5493221","wall_type":"right","a":0.9999778867,"b":-0.0066270758,"c":0.0006394179,"d":-1.3443094492,"shortest_distance":0.6021072107,"num_points":398,"plane_center_x":1.3298976421,"plane_center_y":-2.0385603905,"plane_center_z":1.4567369223,"color_id":2},"1":{"ros_timestamp":"1696511824.5493221","wall_type":"back","a":0.0003058221,"b":-0.9999999404,"c":-0.0000487595,"d":-2.9265396595,"shortest_distance":0.6374140554,"num_points":180,"plane_center_x":0.6750092506,"plane_center_y":-2.9264068604,"plane_center_z":1.5056333542,"color_id":4}}