{"0":{"ros_timestamp":"1696511824.6697633","wall_type":"right","a":0.9999774098,"b":-0.0067032492,"c":0.0004955151,"d":-1.3449761868,"shortest_distance":0.6028165396,"num_points":396,"plane_center_x":1.3308910131,"plane_center_y":-2.0362429619,"plane_center_z":1.4535896778,"color_id":2},"1":{"ros_timestamp":"1696511824.6697633","wall_type":"back","a":0.0003381,"b":-0.9999999404,"c":-0.0000496291,"d":-2.9265525341,"shortest_distance":0.6374047957,"num_points":182,"plane_center_x":0.6815911531,"plane_center_y":-2.9263973236,"plane_center_z":1.5118991137,"color_id":4}}