{"0":{"ros_timestamp":"1696511806.749258","wall_type":"right","a":0.9999985695,"b":-0.0016952229,"c":-0.0002922985,"d":-1.3374416828,"shortest_distance":2.1011471939,"num_points":380,"plane_center_x":1.3346232176,"plane_center_y":-1.993437767,"plane_center_z":1.4565966129,"color_id":2},"1":{"ros_timestamp":"1696511806.749258","wall_type":"back","a":-0.0016373772,"b":-0.9999986291,"c":-0.000010032,"d":-2.9260866642,"shortest_distance":0.4387397914,"num_points":198,"plane_center_x":0.7041444182,"plane_center_y":-2.9272587299,"plane_center_z":1.5033599138,"color_id":4}}