{"0":{"ros_timestamp":"1696511825.062812","wall_type":"right","a":0.9999784231,"b":-0.0065493872,"c":0.0005528288,"d":-1.344412446,"shortest_distance":0.5769148787,"num_points":397,"plane_center_x":1.3304082155,"plane_center_y":-2.0391397476,"plane_center_z":1.4555600882,"color_id":2},"1":{"ros_timestamp":"1696511825.062812","wall_type":"back","a":0.0003728822,"b":-0.9999999404,"c":-0.0000129257,"d":-2.9266238213,"shortest_distance":0.6539204832,"num_points":181,"plane_center_x":0.6783178449,"plane_center_y":-2.9263906479,"plane_center_z":1.5080040693,"color_id":4}}