{"0":{"ros_timestamp":"1696511825.165513","wall_type":"right","a":0.9999766946,"b":-0.0068144011,"c":0.0004743117,"d":-1.3442257643,"shortest_distance":0.5633374119,"num_points":399,"plane_center_x":1.3296380043,"plane_center_y":-2.0439565182,"plane_center_z":1.4558099508,"color_id":2},"1":{"ros_timestamp":"1696511825.165513","wall_type":"back","a":0.0002372309,"b":-0.9999999404,"c":-0.0000077165,"d":-2.9265708923,"shortest_distance":0.6617851043,"num_points":179,"plane_center_x":0.6716629267,"plane_center_y":-2.9264233112,"plane_center_z":1.5080324411,"color_id":4}}