{"0":{"ros_timestamp":"1696511825.2617798","wall_type":"right","a":0.9999785423,"b":-0.006529286,"c":0.0005571914,"d":-1.3443652391,"shortest_distance":0.5639964228,"num_points":397,"plane_center_x":1.3303970098,"plane_center_y":-2.038869381,"plane_center_z":1.4555596113,"color_id":2},"1":{"ros_timestamp":"1696511825.2617798","wall_type":"back","a":0.0003728822,"b":-0.9999999404,"c":-0.0000129257,"d":-2.9266238213,"shortest_distance":0.6617421049,"num_points":181,"plane_center_x":0.6783178449,"plane_center_y":-2.9263906479,"plane_center_z":1.5080040693,"color_id":4}}