{"0":{"ros_timestamp":"1696511825.564955","wall_type":"right","a":0.9999780655,"b":-0.006603932,"c":0.0004922341,"d":-1.3436908722,"shortest_distance":0.5390277921,"num_points":399,"plane_center_x":1.3295272589,"plane_center_y":-2.0406475067,"plane_center_z":1.455786705,"color_id":2},"1":{"ros_timestamp":"1696511825.564955","wall_type":"back","a":0.0002372309,"b":-0.9999999404,"c":-0.0000077165,"d":-2.9265708923,"shortest_distance":0.6805034503,"num_points":179,"plane_center_x":0.6716629267,"plane_center_y":-2.9264233112,"plane_center_z":1.5080324411,"color_id":4}}