{"0":{"ros_timestamp":"1696511825.7700012","wall_type":"right","a":0.9999783039,"b":-0.0065585244,"c":0.0005090833,"d":-1.343524456,"shortest_distance":0.5274865718,"num_points":399,"plane_center_x":1.3294228315,"plane_center_y":-2.0415234566,"plane_center_z":1.4557722807,"color_id":2},"1":{"ros_timestamp":"1696511825.7700012","wall_type":"back","a":0.0002372309,"b":-0.9999999404,"c":-0.0000077165,"d":-2.9265708923,"shortest_distance":0.6908802425,"num_points":179,"plane_center_x":0.6716629267,"plane_center_y":-2.9264233112,"plane_center_z":1.5080324411,"color_id":4}}