{"0":{"ros_timestamp":"1696511826.5592644","wall_type":"right","a":0.9999942183,"b":0.0030270822,"c":0.0015659645,"d":-1.3224143982,"shortest_distance":0.4854196648,"num_points":430,"plane_center_x":1.3259872198,"plane_center_y":-1.9702428579,"plane_center_z":1.460128665,"color_id":2},"1":{"ros_timestamp":"1696511826.5592644","wall_type":"back","a":0.0003018103,"b":-0.9999999404,"c":-0.0000129263,"d":-2.9265909195,"shortest_distance":0.7387606393,"num_points":183,"plane_center_x":0.6848434806,"plane_center_y":-2.9264039993,"plane_center_z":1.5079762936,"color_id":4}}