{"0":{"ros_timestamp":"1696511826.9688528","wall_type":"right","a":0.9999884963,"b":0.0038081796,"c":0.0029352771,"d":-1.322306633,"shortest_distance":0.4632270832,"num_points":480,"plane_center_x":1.3242526054,"plane_center_y":-1.8723983765,"plane_center_z":1.4662774801,"color_id":2},"1":{"ros_timestamp":"1696511826.9688528","wall_type":"back","a":0.0003018103,"b":-0.9999999404,"c":-0.0000129263,"d":-2.9265909195,"shortest_distance":0.7826795885,"num_points":183,"plane_center_x":0.6848434806,"plane_center_y":-2.9264039993,"plane_center_z":1.5079762936,"color_id":4}}