{"0":{"ros_timestamp":"1696511827.04928","wall_type":"right","a":0.9999709129,"b":0.0065978733,"c":0.0038448402,"d":-1.3162567616,"shortest_distance":0.4618036687,"num_points":513,"plane_center_x":1.3206920624,"plane_center_y":-1.8050832748,"plane_center_z":1.4766801596,"color_id":2},"1":{"ros_timestamp":"1696511827.04928","wall_type":"back","a":0.0002553533,"b":-0.9999999404,"c":0.000058972,"d":-2.926680088,"shortest_distance":0.7827006439,"num_points":184,"plane_center_x":0.6880890727,"plane_center_y":-2.9264159203,"plane_center_z":1.5029832125,"color_id":4}}