{"0":{"ros_timestamp":"1696511827.5648751","wall_type":"right","a":0.993640244,"b":0.1125982851,"c":-0.0008473561,"d":-1.1181848049,"shortest_distance":0.4871628702,"num_points":185,"plane_center_x":1.1985144615,"plane_center_y":-0.6343788505,"plane_center_z":1.5076264143,"color_id":2},"1":{"ros_timestamp":"1696511827.5648751","wall_type":"back","a":0.0003381,"b":-0.9999999404,"c":-0.0000496291,"d":-2.9265525341,"shortest_distance":0.8323738138,"num_points":182,"plane_center_x":0.6815911531,"plane_center_y":-2.9263973236,"plane_center_z":1.5118991137,"color_id":4}}