{"0":{"ros_timestamp":"1696511827.7722802","wall_type":"right","a":0.9997232556,"b":0.0235136636,"c":-0.0006927461,"d":-1.2485947609,"shortest_distance":0.422510725,"num_points":401,"plane_center_x":1.2460548878,"plane_center_y":0.165446654,"plane_center_z":1.4514645338,"color_id":2},"1":{"ros_timestamp":"1696511827.7722802","wall_type":"back","a":0.0002372309,"b":-0.9999999404,"c":-0.0000077165,"d":-2.9265708923,"shortest_distance":0.8487257051,"num_points":179,"plane_center_x":0.6716629267,"plane_center_y":-2.9264233112,"plane_center_z":1.5080324411,"color_id":4}}