{"0":{"ros_timestamp":"1696511807.0685995","wall_type":"right","a":0.9999983311,"b":-0.00184997,"c":0.0001472903,"d":-1.3333427906,"shortest_distance":2.0660349289,"num_points":381,"plane_center_x":1.3294379711,"plane_center_y":-1.9961534739,"plane_center_z":1.4544425011,"color_id":2},"1":{"ros_timestamp":"1696511807.0685995","wall_type":"back","a":-0.0016862804,"b":-0.9999985695,"c":0.0000166536,"d":-2.9262571335,"shortest_distance":0.4402370272,"num_points":197,"plane_center_x":0.6778751016,"plane_center_y":-2.9273793697,"plane_center_z":1.5079852343,"color_id":4}}