{"0":{"ros_timestamp":"1696511828.2671888","wall_type":"right","a":0.9999982715,"b":0.0007859519,"c":0.0016809934,"d":-1.1767272949,"shortest_distance":0.2926513351,"num_points":300,"plane_center_x":1.174197793,"plane_center_y":0.1943273991,"plane_center_z":1.4151338339,"color_id":2},"1":{"ros_timestamp":"1696511828.2671888","wall_type":"back","a":0.0002372309,"b":-0.9999999404,"c":-0.0000077165,"d":-2.9265708923,"shortest_distance":0.896220825,"num_points":179,"plane_center_x":0.6716629267,"plane_center_y":-2.9264233112,"plane_center_z":1.5080324411,"color_id":4}}