{"0":{"ros_timestamp":"1696511828.471297","wall_type":"right","a":0.9999634624,"b":-0.0085091852,"c":-0.000750096,"d":-1.3237816095,"shortest_distance":0.4220214351,"num_points":416,"plane_center_x":1.3266100883,"plane_center_y":0.2005095333,"plane_center_z":1.4316046238,"color_id":2},"1":{"ros_timestamp":"1696511828.471297","wall_type":"back","a":0.0002372309,"b":-0.9999999404,"c":-0.0000077165,"d":-2.9265708923,"shortest_distance":0.9114929719,"num_points":179,"plane_center_x":0.6716629267,"plane_center_y":-2.9264233112,"plane_center_z":1.5080324411,"color_id":4}}