{"0":{"ros_timestamp":"1696511829.3726656","wall_type":"right","a":0.999986887,"b":-0.0048200144,"c":0.0017166663,"d":-1.1819956303,"shortest_distance":0.2745694271,"num_points":351,"plane_center_x":1.1812218428,"plane_center_y":0.3376465142,"plane_center_z":1.4078083038,"color_id":2},"1":{"ros_timestamp":"1696511829.3726656","wall_type":"back","a":0.0004704607,"b":-0.9999999404,"c":-0.0000135402,"d":-2.9266459942,"shortest_distance":0.971882234,"num_points":161,"plane_center_x":0.6251190901,"plane_center_y":-2.9263725281,"plane_center_z":1.5084309578,"color_id":4}}