{"0":{"ros_timestamp":"1696511829.549376","wall_type":"right","a":0.9997835755,"b":-0.0208062865,"c":0.0000026934,"d":-1.1690238714,"shortest_distance":0.2301226753,"num_points":351,"plane_center_x":1.1762982607,"plane_center_y":0.3375672102,"plane_center_z":1.4078024626,"color_id":2},"1":{"ros_timestamp":"1696511829.549376","wall_type":"back","a":0.0005008729,"b":-0.9999998808,"c":-0.0000109425,"d":-2.9266629219,"shortest_distance":1.0021431838,"num_points":163,"plane_center_x":0.6330977678,"plane_center_y":-2.9263625145,"plane_center_z":1.50139606,"color_id":4}}