{"0":{"ros_timestamp":"1696511807.2494116","wall_type":"right","a":0.9999970794,"b":-0.002244757,"c":0.0008884026,"d":-1.3355157375,"shortest_distance":2.0511275968,"num_points":381,"plane_center_x":1.3299831152,"plane_center_y":-1.9956051111,"plane_center_z":1.4545162916,"color_id":2},"1":{"ros_timestamp":"1696511807.2494116","wall_type":"back","a":-0.0017064472,"b":-0.9999985695,"c":-0.0000176847,"d":-2.9261579514,"shortest_distance":0.4408770989,"num_points":197,"plane_center_x":0.6855809689,"plane_center_y":-2.9273588657,"plane_center_z":1.5079813004,"color_id":4}}