{"0":{"ros_timestamp":"1696511830.5495632","wall_type":"right","a":0.9998293519,"b":-0.018427236,"c":0.0012897945,"d":-1.1724057198,"shortest_distance":0.2293472321,"num_points":351,"plane_center_x":1.1762982607,"plane_center_y":0.3375672102,"plane_center_z":1.4078024626,"color_id":2},"1":{"ros_timestamp":"1696511830.5495632","wall_type":"back","a":0.0004347758,"b":-0.9999999404,"c":-0.0000310483,"d":-2.9265971184,"shortest_distance":1.0773939806,"num_points":165,"plane_center_x":0.6518007517,"plane_center_y":-2.9263608456,"plane_center_z":1.5083532333,"color_id":4}}