{"0":{"ros_timestamp":"1696511832.2493281","wall_type":"right","a":0.9999890327,"b":-0.0020446919,"c":0.0042085191,"d":-1.183422327,"shortest_distance":0.2546735982,"num_points":329,"plane_center_x":1.1789073944,"plane_center_y":0.2827066481,"plane_center_z":1.4145768881,"color_id":2},"1":{"ros_timestamp":"1696511832.2493281","wall_type":"back","a":-0.0001415411,"b":-1.0,"c":-0.0000096718,"d":-2.9264183044,"shortest_distance":1.2277155519,"num_points":165,"plane_center_x":0.630392015,"plane_center_y":-2.9265220165,"plane_center_z":1.5083463192,"color_id":4}}