{"0":{"ros_timestamp":"1696511832.366104","wall_type":"right","a":0.9999028444,"b":-0.0121524697,"c":0.0068255025,"d":-1.1834812164,"shortest_distance":0.2337015574,"num_points":330,"plane_center_x":1.1767957211,"plane_center_y":0.2729829848,"plane_center_z":1.4190243483,"color_id":2},"1":{"ros_timestamp":"1696511832.366104","wall_type":"back","a":-0.0001786386,"b":-1.0,"c":-0.0000040255,"d":-2.9264054298,"shortest_distance":1.2277282632,"num_points":164,"plane_center_x":0.6312968135,"plane_center_y":-2.9265241623,"plane_center_z":1.4999693632,"color_id":4}}