{"0":{"ros_timestamp":"1696511832.4794786","wall_type":"right","a":0.9997900724,"b":-0.0204898622,"c":0.0001795017,"d":-1.1666944027,"shortest_distance":0.2124573643,"num_points":328,"plane_center_x":1.1735172272,"plane_center_y":0.2807502151,"plane_center_z":1.4179816246,"color_id":2},"1":{"ros_timestamp":"1696511832.4794786","wall_type":"back","a":0.0008104842,"b":-0.999999702,"c":-0.0001817668,"d":-2.9265394211,"shortest_distance":1.2422367714,"num_points":175,"plane_center_x":0.6777583361,"plane_center_y":-2.9262678623,"plane_center_z":1.5231928825,"color_id":4}}