{"0":{"ros_timestamp":"1696511834.1706765","wall_type":"right","a":0.9999940991,"b":-0.003099401,"c":0.0015137248,"d":-1.1801655293,"shortest_distance":0.248440989,"num_points":329,"plane_center_x":1.1789073944,"plane_center_y":0.2827066481,"plane_center_z":1.4145768881,"color_id":2},"1":{"ros_timestamp":"1696511834.1706765","wall_type":"back","a":-0.0001075219,"b":-1.0,"c":-0.0000413598,"d":-2.9263854027,"shortest_distance":1.3777707964,"num_points":164,"plane_center_x":0.6264507771,"plane_center_y":-2.9265153408,"plane_center_z":1.5127022266,"color_id":4}}