{"0":{"ros_timestamp":"1696511834.865187","wall_type":"right","a":0.9999965429,"b":-0.0024027945,"c":0.0011006355,"d":-1.1818429232,"shortest_distance":0.2511828453,"num_points":329,"plane_center_x":1.1789073944,"plane_center_y":0.2827066481,"plane_center_z":1.4145768881,"color_id":2},"1":{"ros_timestamp":"1696511834.865187","wall_type":"back","a":-0.0000720447,"b":-1.0,"c":-0.0000127173,"d":-2.9264445305,"shortest_distance":1.4377968392,"num_points":163,"plane_center_x":0.6224777102,"plane_center_y":-2.9265086651,"plane_center_z":1.5083818436,"color_id":4}}