{"0":{"ros_timestamp":"1696511835.2493262","wall_type":"right","a":0.999787569,"b":-0.0205363464,"c":-0.0017435504,"d":-1.1647506952,"shortest_distance":0.2123090949,"num_points":329,"plane_center_x":1.1736547947,"plane_center_y":0.2826220095,"plane_center_z":1.4145706892,"color_id":2},"1":{"ros_timestamp":"1696511835.2493262","wall_type":"back","a":0.0005312927,"b":-0.9999998808,"c":-0.0000097327,"d":-2.9266786575,"shortest_distance":1.4824941436,"num_points":165,"plane_center_x":0.6408658624,"plane_center_y":-2.9263529778,"plane_center_z":1.5083588362,"color_id":4}}