{"0":{"ros_timestamp":"1696511808.149406","wall_type":"right","a":0.9999921322,"b":-0.0037924051,"c":0.0011561982,"d":-1.338550806,"shortest_distance":1.9750014105,"num_points":381,"plane_center_x":1.3295354843,"plane_center_y":-1.9980458021,"plane_center_z":1.4549615383,"color_id":2},"1":{"ros_timestamp":"1696511808.149406","wall_type":"back","a":-0.0016201145,"b":-0.9999986887,"c":-0.0000251328,"d":-2.9261214733,"shortest_distance":0.4444197704,"num_points":197,"plane_center_x":0.6876991987,"plane_center_y":-2.9272773266,"plane_center_z":1.5079320669,"color_id":4}}