{"0":{"ros_timestamp":"1696511839.5492814","wall_type":"right","a":0.9997469187,"b":-0.0224934164,"c":-0.0003022285,"d":-1.1632291079,"shortest_distance":0.2083391139,"num_points":329,"plane_center_x":1.1736547947,"plane_center_y":0.2826220095,"plane_center_z":1.4145706892,"color_id":2},"1":{"ros_timestamp":"1696511839.5492814","wall_type":"back","a":0.0004704607,"b":-0.9999999404,"c":-0.0000135402,"d":-2.9266459942,"shortest_distance":1.572557233,"num_points":161,"plane_center_x":0.6251190901,"plane_center_y":-2.9263725281,"plane_center_z":1.5084309578,"color_id":4}}