{"0":{"ros_timestamp":"1696511808.249342","wall_type":"right","a":0.9999949932,"b":-0.0030355561,"c":0.0009518504,"d":-1.3373627663,"shortest_distance":1.9610175668,"num_points":381,"plane_center_x":1.3301163912,"plane_center_y":-1.9973353148,"plane_center_z":1.4549622536,"color_id":2},"1":{"ros_timestamp":"1696511808.249342","wall_type":"back","a":-0.0016020667,"b":-0.9999986887,"c":-0.0000063847,"d":-2.9261317253,"shortest_distance":0.4451144067,"num_points":197,"plane_center_x":0.6864726543,"plane_center_y":-2.9272449017,"plane_center_z":1.5078533888,"color_id":4}}