{"0":{"ros_timestamp":"1696511808.3728106","wall_type":"right","a":0.9999933839,"b":-0.0034264508,"c":0.0012464215,"d":-1.336582303,"shortest_distance":1.958823375,"num_points":381,"plane_center_x":1.3281136751,"plane_center_y":-1.9971601963,"plane_center_z":1.4549621344,"color_id":2},"1":{"ros_timestamp":"1696511808.3728106","wall_type":"back","a":-0.0016711651,"b":-0.9999986291,"c":-0.000022711,"d":-2.92613554,"shortest_distance":0.4450992033,"num_points":197,"plane_center_x":0.6860319972,"plane_center_y":-2.9273202419,"plane_center_z":1.507833004,"color_id":4}}