{"0":{"ros_timestamp":"1696511808.5628395","wall_type":"right","a":0.9999995232,"b":-0.0008533654,"c":0.0004147684,"d":-1.336861372,"shortest_distance":1.9517552381,"num_points":380,"plane_center_x":1.3346954584,"plane_center_y":-1.9958534241,"plane_center_z":1.457239747,"color_id":2},"1":{"ros_timestamp":"1696511808.5628395","wall_type":"back","a":-0.0014652391,"b":-0.9999989271,"c":-0.0000063576,"d":-2.9260332584,"shortest_distance":0.4458007036,"num_points":198,"plane_center_x":0.703590095,"plane_center_y":-2.9270768166,"plane_center_z":1.5032652617,"color_id":4}}