{"0":{"ros_timestamp":"1696511808.9654505","wall_type":"right","a":0.9999606609,"b":-0.0088432264,"c":0.0007283841,"d":-1.3466455936,"shortest_distance":1.8962993477,"num_points":399,"plane_center_x":1.3276000023,"plane_center_y":-2.0395619869,"plane_center_z":1.4572253227,"color_id":2},"1":{"ros_timestamp":"1696511808.9654505","wall_type":"back","a":-0.001509678,"b":-0.9999988079,"c":-0.0000081674,"d":-2.9261283875,"shortest_distance":0.4479699731,"num_points":179,"plane_center_x":0.6645497084,"plane_center_y":-2.9271476269,"plane_center_z":1.5081806183,"color_id":4}}