{"0":{"ros_timestamp":"1696511809.049329","wall_type":"right","a":0.9999973774,"b":-0.0022692583,"c":-0.000330398,"d":-1.3381985426,"shortest_distance":1.9057525819,"num_points":383,"plane_center_x":1.3341393471,"plane_center_y":-2.0021717548,"plane_center_z":1.4552223682,"color_id":2},"1":{"ros_timestamp":"1696511809.049329","wall_type":"back","a":-0.0013889143,"b":-0.9999989867,"c":-0.0000171557,"d":-2.9260380268,"shortest_distance":0.4479618541,"num_points":195,"plane_center_x":0.7121396065,"plane_center_y":-2.9270558357,"plane_center_z":1.5079458952,"color_id":4}}