{"0":{"ros_timestamp":"1696511809.6693895","wall_type":"right","a":0.9999942183,"b":-0.0032726,"c":0.0009281082,"d":-1.3364864588,"shortest_distance":1.8397293854,"num_points":383,"plane_center_x":1.3285877705,"plane_center_y":-2.0033421516,"plane_center_z":1.45477283,"color_id":2},"1":{"ros_timestamp":"1696511809.6693895","wall_type":"back","a":-0.0015251143,"b":-0.9999988079,"c":-0.0000146709,"d":-2.9261028767,"shortest_distance":0.4507443841,"num_points":195,"plane_center_x":0.6974720359,"plane_center_y":-2.9271922112,"plane_center_z":1.5078898668,"color_id":4}}