{"0":{"ros_timestamp":"1696511809.7493384","wall_type":"right","a":0.9999911189,"b":-0.0038978092,"c":0.0015889404,"d":-1.3377349377,"shortest_distance":1.8234526794,"num_points":383,"plane_center_x":1.3277983665,"plane_center_y":-2.00334692,"plane_center_z":1.4546846151,"color_id":2},"1":{"ros_timestamp":"1696511809.7493384","wall_type":"back","a":-0.0015602496,"b":-0.9999987483,"c":-0.0000260751,"d":-2.9260821342,"shortest_distance":0.451423212,"num_points":195,"plane_center_x":0.7018212676,"plane_center_y":-2.9272201061,"plane_center_z":1.5078525543,"color_id":4}}