{"0":{"ros_timestamp":"1696511855.0662248","wall_type":"right","a":0.9996792078,"b":-0.0251983311,"c":0.0025660403,"d":-1.1712696552,"shortest_distance":0.2820853854,"num_points":351,"plane_center_x":1.1794196367,"plane_center_y":0.4482495785,"plane_center_z":1.4077082872,"color_id":2},"1":{"ros_timestamp":"1696511855.0662248","wall_type":"back","a":0.0004704607,"b":-0.9999999404,"c":-0.0000135402,"d":-2.9266459942,"shortest_distance":2.8619477752,"num_points":161,"plane_center_x":0.6251190901,"plane_center_y":-2.9263725281,"plane_center_z":1.5084309578,"color_id":4}}