{"0":{"ros_timestamp":"1696511855.549301","wall_type":"right","a":0.9999927282,"b":-0.0037408096,"c":0.0007084797,"d":-1.1785191298,"shortest_distance":0.2942728078,"num_points":329,"plane_center_x":1.1789073944,"plane_center_y":0.2827066481,"plane_center_z":1.4145768881,"color_id":2},"1":{"ros_timestamp":"1696511855.549301","wall_type":"front","a":0.0027054453,"b":-0.9999963045,"c":0.0000031071,"d":2.9276823997,"shortest_distance":2.9493871219,"num_points":484,"plane_center_x":0.2154447734,"plane_center_y":2.9282801151,"plane_center_z":1.3053582907,"color_id":3},"2":{"ros_timestamp":"1696511855.549301","wall_type":"back","a":0.0004704607,"b":-0.9999999404,"c":-0.0000135402,"d":-2.9266459942,"shortest_distance":2.9069399595,"num_points":161,"plane_center_x":0.6251190901,"plane_center_y":-2.9263725281,"plane_center_z":1.5084309578,"color_id":4}}