{"0":{"ros_timestamp":"1696511856.949417","wall_type":"right","a":0.9998916388,"b":-0.0147182047,"c":0.0002732818,"d":-1.1712982655,"shortest_distance":0.2913954283,"num_points":329,"plane_center_x":1.1736547947,"plane_center_y":0.2826220095,"plane_center_z":1.4145706892,"color_id":2},"1":{"ros_timestamp":"1696511856.949417","wall_type":"front","a":-0.0001604227,"b":-1.0,"c":-0.0000167325,"d":2.9300785065,"shortest_distance":2.829239521,"num_points":467,"plane_center_x":0.1884903163,"plane_center_y":2.9300262928,"plane_center_z":1.315571785,"color_id":3},"2":{"ros_timestamp":"1696511856.949417","wall_type":"back","a":0.0004704607,"b":-0.9999999404,"c":-0.0000135402,"d":-2.9266459942,"shortest_distance":3.0269241259,"num_points":161,"plane_center_x":0.6251190901,"plane_center_y":-2.9263725281,"plane_center_z":1.5084309578,"color_id":4}}