{"0":{"ros_timestamp":"1696511857.1493692","wall_type":"right","a":0.9998916388,"b":-0.0147182047,"c":0.0002732818,"d":-1.1712982655,"shortest_distance":0.2918555911,"num_points":329,"plane_center_x":1.1736547947,"plane_center_y":0.2826220095,"plane_center_z":1.4145706892,"color_id":2},"1":{"ros_timestamp":"1696511857.1493692","wall_type":"front","a":0.0000211152,"b":-1.0,"c":-0.000006781,"d":2.930066824,"shortest_distance":2.8144046452,"num_points":464,"plane_center_x":0.1809254587,"plane_center_y":2.9300618172,"plane_center_z":1.3109418154,"color_id":3},"2":{"ros_timestamp":"1696511857.1493692","wall_type":"back","a":0.0004704607,"b":-0.9999999404,"c":-0.0000135402,"d":-2.9266459942,"shortest_distance":3.0419223857,"num_points":161,"plane_center_x":0.6251190901,"plane_center_y":-2.9263725281,"plane_center_z":1.5084309578,"color_id":4}}