{"0":{"ros_timestamp":"1696511857.64932","wall_type":"right","a":0.9999935627,"b":-0.0029793864,"c":0.002020912,"d":-1.1811697483,"shortest_distance":0.298431791,"num_points":329,"plane_center_x":1.1789073944,"plane_center_y":0.2827066481,"plane_center_z":1.4145768881,"color_id":2},"1":{"ros_timestamp":"1696511857.64932","wall_type":"front","a":0.0002595241,"b":-0.9999999404,"c":-0.0003001355,"d":2.9303505421,"shortest_distance":2.76946103,"num_points":462,"plane_center_x":0.1775559336,"plane_center_y":2.9300048351,"plane_center_z":1.3064155579,"color_id":3},"2":{"ros_timestamp":"1696511857.64932","wall_type":"back","a":0.0004704607,"b":-0.9999999404,"c":-0.0000135402,"d":-2.9266459942,"shortest_distance":3.0869183067,"num_points":161,"plane_center_x":0.6251190901,"plane_center_y":-2.9263725281,"plane_center_z":1.5084309578,"color_id":4}}