{"0":{"ros_timestamp":"1696511810.049567","wall_type":"right","a":0.9999662638,"b":-0.0081848521,"c":0.0007443569,"d":-1.3459830284,"shortest_distance":1.8073748935,"num_points":397,"plane_center_x":1.3282705545,"plane_center_y":-2.0370645523,"plane_center_z":1.4565529823,"color_id":2},"1":{"ros_timestamp":"1696511810.049567","wall_type":"back","a":-0.0013789765,"b":-0.9999990463,"c":-0.0000056104,"d":-2.9261140823,"shortest_distance":0.4522113955,"num_points":181,"plane_center_x":0.6733335257,"plane_center_y":-2.9270539284,"plane_center_z":1.5080763102,"color_id":4}}