{"0":{"ros_timestamp":"1696511858.2494678","wall_type":"right","a":0.9998095036,"b":-0.0195073076,"c":-0.0006094423,"d":-1.1669528484,"shortest_distance":0.2924568627,"num_points":329,"plane_center_x":1.1736547947,"plane_center_y":0.2826220095,"plane_center_z":1.4145706892,"color_id":2},"1":{"ros_timestamp":"1696511858.2494678","wall_type":"front","a":0.0003254761,"b":-0.9999999404,"c":0.0000451893,"d":2.9348299503,"shortest_distance":2.729521612,"num_points":462,"plane_center_x":0.1842307597,"plane_center_y":2.9349491596,"plane_center_z":1.3072072268,"color_id":3},"2":{"ros_timestamp":"1696511858.2494678","wall_type":"back","a":0.0004704607,"b":-0.9999999404,"c":-0.0000135402,"d":-2.9266459942,"shortest_distance":3.1319150481,"num_points":161,"plane_center_x":0.6251190901,"plane_center_y":-2.9263725281,"plane_center_z":1.5084309578,"color_id":4}}