{"0":{"ros_timestamp":"1696511810.1493545","wall_type":"right","a":0.9999584556,"b":-0.0090503078,"c":0.0010800101,"d":-1.3464314938,"shortest_distance":1.7901960529,"num_points":397,"plane_center_x":1.3264722824,"plane_center_y":-2.0376205444,"plane_center_z":1.4566236734,"color_id":2},"1":{"ros_timestamp":"1696511810.1493545","wall_type":"back","a":-0.001460203,"b":-0.9999989271,"c":-0.0000059281,"d":-2.9261128902,"shortest_distance":0.4528705379,"num_points":181,"plane_center_x":0.6745405793,"plane_center_y":-2.9271099567,"plane_center_z":1.5080822706,"color_id":4}}