{"0":{"ros_timestamp":"1696511859.0492752","wall_type":"right","a":0.999984622,"b":-0.0023900815,"c":0.0050076833,"d":-1.1881523132,"shortest_distance":0.3023843495,"num_points":329,"plane_center_x":1.1789073944,"plane_center_y":0.2827066481,"plane_center_z":1.4145768881,"color_id":2},"1":{"ros_timestamp":"1696511859.0492752","wall_type":"front","a":-0.0010227291,"b":-0.9999991655,"c":-0.0007721659,"d":2.9294257164,"shortest_distance":2.661706213,"num_points":462,"plane_center_x":0.1861237735,"plane_center_y":2.9282279015,"plane_center_z":1.307767868,"color_id":3},"2":{"ros_timestamp":"1696511859.0492752","wall_type":"back","a":0.0004704607,"b":-0.9999999404,"c":-0.0000135402,"d":-2.9266459942,"shortest_distance":3.1919115081,"num_points":161,"plane_center_x":0.6251190901,"plane_center_y":-2.9263725281,"plane_center_z":1.5084309578,"color_id":4}}