{"0":{"ros_timestamp":"1696511859.3636289","wall_type":"right","a":0.999984622,"b":-0.0023900815,"c":0.0050076833,"d":-1.1881523132,"shortest_distance":0.3027607445,"num_points":329,"plane_center_x":1.1789073944,"plane_center_y":0.2827066481,"plane_center_z":1.4145768881,"color_id":2},"1":{"ros_timestamp":"1696511859.3636289","wall_type":"front","a":-0.0004713701,"b":-0.9999997616,"c":-0.0005079971,"d":2.9310698509,"shortest_distance":2.6342337595,"num_points":462,"plane_center_x":0.1885715276,"plane_center_y":2.9303171635,"plane_center_z":1.3080074787,"color_id":3},"2":{"ros_timestamp":"1696511859.3636289","wall_type":"back","a":0.0004704607,"b":-0.9999999404,"c":-0.0000135402,"d":-2.9266459942,"shortest_distance":3.2219103414,"num_points":161,"plane_center_x":0.6251190901,"plane_center_y":-2.9263725281,"plane_center_z":1.5084309578,"color_id":4}}