{"0":{"ros_timestamp":"1696511860.664732","wall_type":"right","a":0.999984622,"b":-0.0023900815,"c":0.0050076833,"d":-1.1881523132,"shortest_distance":0.3040522158,"num_points":329,"plane_center_x":1.1789073944,"plane_center_y":0.2827066481,"plane_center_z":1.4145768881,"color_id":2},"1":{"ros_timestamp":"1696511860.664732","wall_type":"front","a":-0.0011403547,"b":-0.9999989271,"c":-0.0009440879,"d":2.932379961,"shortest_distance":2.5143047207,"num_points":462,"plane_center_x":0.1882764995,"plane_center_y":2.9309334755,"plane_center_z":1.3081239462,"color_id":3},"2":{"ros_timestamp":"1696511860.664732","wall_type":"back","a":0.0004704607,"b":-0.9999999404,"c":-0.0000135402,"d":-2.9266459942,"shortest_distance":3.3419073468,"num_points":161,"plane_center_x":0.6251190901,"plane_center_y":-2.9263725281,"plane_center_z":1.5084309578,"color_id":4}}