{"0":{"ros_timestamp":"1696511861.649719","wall_type":"right","a":0.9999927282,"b":-0.0037408096,"c":0.0007084797,"d":-1.1785191298,"shortest_distance":0.3021443631,"num_points":329,"plane_center_x":1.1789073944,"plane_center_y":0.2827066481,"plane_center_z":1.4145768881,"color_id":2},"1":{"ros_timestamp":"1696511861.649719","wall_type":"front","a":-0.0019475726,"b":-0.999997139,"c":-0.0013961757,"d":2.9309561253,"shortest_distance":2.4364945803,"num_points":482,"plane_center_x":0.172794953,"plane_center_y":2.9287941456,"plane_center_z":1.3134431839,"color_id":3},"2":{"ros_timestamp":"1696511861.649719","wall_type":"back","a":0.0004704607,"b":-0.9999999404,"c":-0.0000135402,"d":-2.9266459942,"shortest_distance":3.4169068661,"num_points":161,"plane_center_x":0.6251190901,"plane_center_y":-2.9263725281,"plane_center_z":1.5084309578,"color_id":4}}