{"0":{"ros_timestamp":"1696511862.1610081","wall_type":"right","a":0.9999927282,"b":-0.0037408096,"c":0.0007084797,"d":-1.1785191298,"shortest_distance":0.3024643335,"num_points":329,"plane_center_x":1.1789073944,"plane_center_y":0.2827066481,"plane_center_z":1.4145768881,"color_id":2},"1":{"ros_timestamp":"1696511862.1610081","wall_type":"front","a":0.0001855872,"b":-0.9999999404,"c":-0.000152626,"d":2.9341361523,"shortest_distance":2.39841581,"num_points":482,"plane_center_x":0.1747590303,"plane_center_y":2.9339683056,"plane_center_z":1.3136978149,"color_id":3},"2":{"ros_timestamp":"1696511862.1610081","wall_type":"back","a":0.0004704607,"b":-0.9999999404,"c":-0.0000135402,"d":-2.9266459942,"shortest_distance":3.461907075,"num_points":161,"plane_center_x":0.6251190901,"plane_center_y":-2.9263725281,"plane_center_z":1.5084309578,"color_id":4}}