{"0":{"ros_timestamp":"1696511863.162662","wall_type":"right","a":0.9998034239,"b":-0.0198200438,"c":-0.00063836,"d":-1.1666591167,"shortest_distance":0.3030366089,"num_points":329,"plane_center_x":1.1736547947,"plane_center_y":0.2826220095,"plane_center_z":1.4145706892,"color_id":2},"1":{"ros_timestamp":"1696511863.162662","wall_type":"front","a":-0.0022843461,"b":-0.9999958873,"c":-0.0017358756,"d":2.9320278168,"shortest_distance":2.3167608338,"num_points":482,"plane_center_x":0.1802915037,"plane_center_y":2.9293479919,"plane_center_z":1.3135226965,"color_id":3},"2":{"ros_timestamp":"1696511863.162662","wall_type":"back","a":0.0004704607,"b":-0.9999999404,"c":-0.0000135402,"d":-2.9266459942,"shortest_distance":3.5369075692,"num_points":161,"plane_center_x":0.6251190901,"plane_center_y":-2.9263725281,"plane_center_z":1.5084309578,"color_id":4}}