{"0":{"ros_timestamp":"1696511863.6627917","wall_type":"right","a":0.9998034239,"b":-0.0198200438,"c":-0.00063836,"d":-1.1666591167,"shortest_distance":0.3039012687,"num_points":329,"plane_center_x":1.1736547947,"plane_center_y":0.2826220095,"plane_center_z":1.4145706892,"color_id":2},"1":{"ros_timestamp":"1696511863.6627917","wall_type":"front","a":-0.0012585393,"b":-0.9999984503,"c":-0.0012376244,"d":2.9329543114,"shortest_distance":2.2743346828,"num_points":482,"plane_center_x":0.1829136908,"plane_center_y":2.931101799,"plane_center_z":1.314422965,"color_id":3},"2":{"ros_timestamp":"1696511863.6627917","wall_type":"back","a":0.0004704607,"b":-0.9999999404,"c":-0.0000135402,"d":-2.9266459942,"shortest_distance":3.5819080127,"num_points":161,"plane_center_x":0.6251190901,"plane_center_y":-2.9263725281,"plane_center_z":1.5084309578,"color_id":4}}