{"0":{"ros_timestamp":"1696511810.6666257","wall_type":"right","a":0.9999988079,"b":-0.0015409584,"c":-0.0003533133,"d":-1.3367702961,"shortest_distance":1.7563271931,"num_points":382,"plane_center_x":1.3343321085,"plane_center_y":-2.0030806065,"plane_center_z":1.4572691917,"color_id":2},"1":{"ros_timestamp":"1696511810.6666257","wall_type":"back","a":-0.0011529572,"b":-0.9999993443,"c":0.000026113,"d":-2.9261295795,"shortest_distance":0.4550642013,"num_points":196,"plane_center_x":0.7034834027,"plane_center_y":-2.9269032478,"plane_center_z":1.5031431913,"color_id":4}}