{"0":{"ros_timestamp":"1696511864.9669564","wall_type":"right","a":0.9999871254,"b":-0.0019815809,"c":0.0046663661,"d":-1.185189724,"shortest_distance":0.3053388611,"num_points":329,"plane_center_x":1.1789073944,"plane_center_y":0.2827066481,"plane_center_z":1.4145768881,"color_id":2},"1":{"ros_timestamp":"1696511864.9669564","wall_type":"front","a":-0.0014591905,"b":-0.9999977946,"c":-0.0015317715,"d":2.9327003956,"shortest_distance":2.1684902634,"num_points":463,"plane_center_x":0.1776919216,"plane_center_y":2.9304418564,"plane_center_z":1.3094654083,"color_id":3},"2":{"ros_timestamp":"1696511864.9669564","wall_type":"back","a":0.0004704607,"b":-0.9999999404,"c":-0.0000135402,"d":-2.9266459942,"shortest_distance":3.6868853744,"num_points":161,"plane_center_x":0.6251190901,"plane_center_y":-2.9263725281,"plane_center_z":1.5084309578,"color_id":4}}