{"0":{"ros_timestamp":"1696511865.3715277","wall_type":"right","a":0.9999871254,"b":-0.0019815809,"c":0.0046663661,"d":-1.185189724,"shortest_distance":0.307984637,"num_points":329,"plane_center_x":1.1789073944,"plane_center_y":0.2827066481,"plane_center_z":1.4145768881,"color_id":2},"1":{"ros_timestamp":"1696511865.3715277","wall_type":"front","a":-0.0010324174,"b":-0.9999984503,"c":-0.0014144114,"d":2.9327821732,"shortest_distance":2.1391795181,"num_points":463,"plane_center_x":0.1797202975,"plane_center_y":2.9307487011,"plane_center_z":1.3096786737,"color_id":3},"2":{"ros_timestamp":"1696511865.3715277","wall_type":"back","a":0.0004704607,"b":-0.9999999404,"c":-0.0000135402,"d":-2.9266459942,"shortest_distance":3.7168312092,"num_points":161,"plane_center_x":0.6251190901,"plane_center_y":-2.9263725281,"plane_center_z":1.5084309578,"color_id":4}}