{"0":{"ros_timestamp":"1696511866.5494545","wall_type":"right","a":0.999774158,"b":-0.021153247,"c":-0.0020774496,"d":-1.1628881693,"shortest_distance":0.3248845842,"num_points":329,"plane_center_x":1.1736547947,"plane_center_y":0.2826220095,"plane_center_z":1.4145706892,"color_id":2},"1":{"ros_timestamp":"1696511866.5494545","wall_type":"front","a":0.0022752236,"b":-0.9999972582,"c":-0.000574024,"d":2.9332377911,"shortest_distance":2.0392356837,"num_points":464,"plane_center_x":0.1745940298,"plane_center_y":2.9328920841,"plane_center_z":1.308345437,"color_id":3},"2":{"ros_timestamp":"1696511866.5494545","wall_type":"back","a":0.0004704607,"b":-0.9999999404,"c":-0.0000135402,"d":-2.9266459942,"shortest_distance":3.8213593174,"num_points":161,"plane_center_x":0.6251190901,"plane_center_y":-2.9263725281,"plane_center_z":1.5084309578,"color_id":4}}