{"0":{"ros_timestamp":"1696511866.865193","wall_type":"right","a":0.9999871254,"b":-0.0019815809,"c":0.0046663661,"d":-1.185189724,"shortest_distance":0.3221823041,"num_points":329,"plane_center_x":1.1789073944,"plane_center_y":0.2827066481,"plane_center_z":1.4145768881,"color_id":2},"1":{"ros_timestamp":"1696511866.865193","wall_type":"front","a":-0.0009980728,"b":-0.9999967813,"c":-0.0023448954,"d":2.9323482513,"shortest_distance":2.0180176019,"num_points":482,"plane_center_x":0.2088111341,"plane_center_y":2.929063797,"plane_center_z":1.3158521652,"color_id":3},"2":{"ros_timestamp":"1696511866.865193","wall_type":"back","a":0.0004704607,"b":-0.9999999404,"c":-0.0000135402,"d":-2.9266459942,"shortest_distance":3.8362108629,"num_points":161,"plane_center_x":0.6251190901,"plane_center_y":-2.9263725281,"plane_center_z":1.5084309578,"color_id":4}}