{"0":{"ros_timestamp":"1696511867.0493612","wall_type":"right","a":0.9999871254,"b":-0.0019815809,"c":0.0046663661,"d":-1.185189724,"shortest_distance":0.3244557668,"num_points":329,"plane_center_x":1.1789073944,"plane_center_y":0.2827066481,"plane_center_z":1.4145768881,"color_id":2},"1":{"ros_timestamp":"1696511867.0493612","wall_type":"front","a":0.0026301953,"b":-0.9999963641,"c":-0.0005754749,"d":2.9331445694,"shortest_distance":2.0097242148,"num_points":482,"plane_center_x":0.1905302405,"plane_center_y":2.9328992367,"plane_center_z":1.3158922195,"color_id":3},"2":{"ros_timestamp":"1696511867.0493612","wall_type":"back","a":0.0004704607,"b":-0.9999999404,"c":-0.0000135402,"d":-2.9266459942,"shortest_distance":3.8510715399,"num_points":161,"plane_center_x":0.6251190901,"plane_center_y":-2.9263725281,"plane_center_z":1.5084309578,"color_id":4}}