{"0":{"ros_timestamp":"1696511811.0601292","wall_type":"right","a":0.9999548197,"b":-0.0094545921,"c":0.000928662,"d":-1.3491541147,"shortest_distance":1.7022793542,"num_points":385,"plane_center_x":1.3306503296,"plane_center_y":-2.0093650818,"plane_center_z":1.4552627802,"color_id":2},"1":{"ros_timestamp":"1696511811.0601292","wall_type":"back","a":-0.0011648504,"b":-0.9999992847,"c":-0.0000231408,"d":-2.9260993004,"shortest_distance":0.4571862324,"num_points":193,"plane_center_x":0.7078846097,"plane_center_y":-2.9269609451,"plane_center_z":1.5076963902,"color_id":4}}