{"0":{"ros_timestamp":"1696511868.0495858","wall_type":"right","a":0.9999871254,"b":-0.0019815809,"c":0.0046663661,"d":-1.185189724,"shortest_distance":0.3408726833,"num_points":329,"plane_center_x":1.1789073944,"plane_center_y":0.2827066481,"plane_center_z":1.4145768881,"color_id":2},"1":{"ros_timestamp":"1696511868.0495858","wall_type":"front","a":0.0042041973,"b":-0.9999907613,"c":-0.0009300797,"d":2.9325256348,"shortest_distance":1.9211376122,"num_points":482,"plane_center_x":0.2014929801,"plane_center_y":2.9321761131,"plane_center_z":1.3158994913,"color_id":3},"2":{"ros_timestamp":"1696511868.0495858","wall_type":"back","a":0.0004704607,"b":-0.9999999404,"c":-0.0000135402,"d":-2.9266459942,"shortest_distance":3.9397974389,"num_points":161,"plane_center_x":0.6251190901,"plane_center_y":-2.9263725281,"plane_center_z":1.5084309578,"color_id":4}}