{"0":{"ros_timestamp":"1696511868.9595551","wall_type":"right","a":0.9999871254,"b":-0.0019815809,"c":0.0046663661,"d":-1.185189724,"shortest_distance":0.3586198434,"num_points":329,"plane_center_x":1.1789073944,"plane_center_y":0.2827066481,"plane_center_z":1.4145768881,"color_id":2},"1":{"ros_timestamp":"1696511868.9595551","wall_type":"front","a":0.0021800492,"b":-0.9999950528,"c":-0.0022547692,"d":2.932059288,"shortest_distance":1.8438032933,"num_points":482,"plane_center_x":0.2039885074,"plane_center_y":2.9295516014,"plane_center_z":1.31584692,"color_id":3},"2":{"ros_timestamp":"1696511868.9595551","wall_type":"back","a":0.0004704607,"b":-0.9999999404,"c":-0.0000135402,"d":-2.9266459942,"shortest_distance":4.0129388803,"num_points":161,"plane_center_x":0.6251190901,"plane_center_y":-2.9263725281,"plane_center_z":1.5084309578,"color_id":4}}