{"0":{"ros_timestamp":"1696511869.6494567","wall_type":"right","a":0.9999871254,"b":-0.0019815809,"c":0.0046663661,"d":-1.185189724,"shortest_distance":0.3748691228,"num_points":329,"plane_center_x":1.1789073944,"plane_center_y":0.2827066481,"plane_center_z":1.4145768881,"color_id":2},"1":{"ros_timestamp":"1696511869.6494567","wall_type":"front","a":0.0033513072,"b":-0.9999939799,"c":-0.0008843877,"d":2.9327600002,"shortest_distance":1.7895150395,"num_points":482,"plane_center_x":0.2078356147,"plane_center_y":2.9323103428,"plane_center_z":1.3158867359,"color_id":3},"2":{"ros_timestamp":"1696511869.6494567","wall_type":"back","a":0.0004704607,"b":-0.9999999404,"c":-0.0000135402,"d":-2.9266459942,"shortest_distance":4.0709077069,"num_points":161,"plane_center_x":0.6251190901,"plane_center_y":-2.9263725281,"plane_center_z":1.5084309578,"color_id":4}}