{"0":{"ros_timestamp":"1696511871.749508","wall_type":"right","a":0.9998095036,"b":-0.0195073076,"c":-0.0006094423,"d":-1.1669528484,"shortest_distance":0.4459393702,"num_points":329,"plane_center_x":1.1736547947,"plane_center_y":0.2826220095,"plane_center_z":1.4145706892,"color_id":2},"1":{"ros_timestamp":"1696511871.749508","wall_type":"front","a":0.0034976555,"b":-0.9999920726,"c":-0.001875016,"d":2.9318916798,"shortest_distance":1.6320259875,"num_points":518,"plane_center_x":0.1085262075,"plane_center_y":2.9298033714,"plane_center_z":1.3284791708,"color_id":3},"2":{"ros_timestamp":"1696511871.749508","wall_type":"back","a":0.0004704607,"b":-0.9999999404,"c":-0.0000135402,"d":-2.9266459942,"shortest_distance":4.2259828606,"num_points":161,"plane_center_x":0.6251190901,"plane_center_y":-2.9263725281,"plane_center_z":1.5084309578,"color_id":4}}