{"0":{"ros_timestamp":"1696511811.4494047","wall_type":"right","a":0.9999855161,"b":-0.0053664451,"c":0.0003192214,"d":-1.3399680853,"shortest_distance":1.6741519873,"num_points":385,"plane_center_x":1.3286036253,"plane_center_y":-2.0107233524,"plane_center_z":1.4552606344,"color_id":2},"1":{"ros_timestamp":"1696511811.4494047","wall_type":"back","a":-0.0012914522,"b":-0.9999991655,"c":-0.0000157261,"d":-2.9260640144,"shortest_distance":0.4584847149,"num_points":193,"plane_center_x":0.6855883598,"plane_center_y":-2.9269754887,"plane_center_z":1.5077353716,"color_id":4}}