{"0":{"ros_timestamp":"1696511872.1620202","wall_type":"right","a":0.9998095036,"b":-0.0195073076,"c":-0.0006094423,"d":-1.1669528484,"shortest_distance":0.4594273512,"num_points":329,"plane_center_x":1.1736547947,"plane_center_y":0.2826220095,"plane_center_z":1.4145706892,"color_id":2},"1":{"ros_timestamp":"1696511872.1620202","wall_type":"front","a":0.0050863451,"b":-0.9999844432,"c":-0.0022845671,"d":2.9310798645,"shortest_distance":1.6044768435,"num_points":537,"plane_center_x":0.0629691705,"plane_center_y":2.9284002781,"plane_center_z":1.3329917192,"color_id":3},"2":{"ros_timestamp":"1696511872.1620202","wall_type":"back","a":0.0004704607,"b":-0.9999999404,"c":-0.0000135402,"d":-2.9266459942,"shortest_distance":4.2532416947,"num_points":161,"plane_center_x":0.6251190901,"plane_center_y":-2.9263725281,"plane_center_z":1.5084309578,"color_id":4}}