{"0":{"ros_timestamp":"1696511873.149662","wall_type":"right","a":0.9998095036,"b":-0.0195073076,"c":-0.0006094423,"d":-1.1669528484,"shortest_distance":0.5030101734,"num_points":329,"plane_center_x":1.1736547947,"plane_center_y":0.2826220095,"plane_center_z":1.4145706892,"color_id":2},"1":{"ros_timestamp":"1696511873.149662","wall_type":"front","a":0.0061049159,"b":-0.9999801517,"c":-0.0015509267,"d":2.9313368797,"shortest_distance":1.5262393735,"num_points":575,"plane_center_x":-0.0296937022,"plane_center_y":2.9291338921,"plane_center_z":1.3409867287,"color_id":3},"2":{"ros_timestamp":"1696511873.149662","wall_type":"back","a":0.0004704607,"b":-0.9999999404,"c":-0.0000135402,"d":-2.9266459942,"shortest_distance":4.3333588834,"num_points":161,"plane_center_x":0.6251190901,"plane_center_y":-2.9263725281,"plane_center_z":1.5084309578,"color_id":4}}