{"0":{"ros_timestamp":"1696511873.2684116","wall_type":"right","a":0.9998095036,"b":-0.0195073076,"c":-0.0006094423,"d":-1.1669528484,"shortest_distance":0.5115294821,"num_points":329,"plane_center_x":1.1736547947,"plane_center_y":0.2826220095,"plane_center_z":1.4145706892,"color_id":2},"1":{"ros_timestamp":"1696511873.2684116","wall_type":"front","a":0.0044761649,"b":-0.9999881983,"c":-0.001873084,"d":2.9314517975,"shortest_distance":1.511968468,"num_points":575,"plane_center_x":-0.0296993554,"plane_center_y":2.9288415909,"plane_center_z":1.3409557343,"color_id":3},"2":{"ros_timestamp":"1696511873.2684116","wall_type":"back","a":0.0004704607,"b":-0.9999999404,"c":-0.0000135402,"d":-2.9266459942,"shortest_distance":4.3460877663,"num_points":161,"plane_center_x":0.6251190901,"plane_center_y":-2.9263725281,"plane_center_z":1.5084309578,"color_id":4}}