{"0":{"ros_timestamp":"1696511873.9671724","wall_type":"right","a":0.99977386,"b":-0.0211035833,"c":-0.0026259688,"d":-1.1631385088,"shortest_distance":0.5379017559,"num_points":329,"plane_center_x":1.1736547947,"plane_center_y":0.2826220095,"plane_center_z":1.4145706892,"color_id":2},"1":{"ros_timestamp":"1696511873.9671724","wall_type":"front","a":0.0035057678,"b":-0.999992609,"c":-0.0015937277,"d":2.9313700199,"shortest_distance":1.4732055006,"num_points":576,"plane_center_x":-0.031060027,"plane_center_y":2.9291477203,"plane_center_z":1.3396657705,"color_id":3},"2":{"ros_timestamp":"1696511873.9671724","wall_type":"back","a":0.0004704607,"b":-0.9999999404,"c":-0.0000135402,"d":-2.9266459942,"shortest_distance":4.3844463908,"num_points":161,"plane_center_x":0.6251190901,"plane_center_y":-2.9263725281,"plane_center_z":1.5084309578,"color_id":4}}