{"0":{"ros_timestamp":"1696511874.0672834","wall_type":"right","a":0.9997769594,"b":-0.021118721,"c":-0.000096167,"d":-1.1656383276,"shortest_distance":0.544748443,"num_points":329,"plane_center_x":1.1736547947,"plane_center_y":0.2826220095,"plane_center_z":1.4145706892,"color_id":2},"1":{"ros_timestamp":"1696511874.0672834","wall_type":"front","a":0.0092754522,"b":-0.9999554157,"c":-0.0017817901,"d":2.9290983677,"shortest_distance":1.4616177744,"num_points":576,"plane_center_x":-0.0311038289,"plane_center_y":2.9267921448,"plane_center_z":1.3396826982,"color_id":3},"2":{"ros_timestamp":"1696511874.0672834","wall_type":"back","a":0.0004704607,"b":-0.9999999404,"c":-0.0000135402,"d":-2.9266459942,"shortest_distance":4.3972736054,"num_points":161,"plane_center_x":0.6251190901,"plane_center_y":-2.9263725281,"plane_center_z":1.5084309578,"color_id":4}}