{"0":{"ros_timestamp":"1696511874.361929","wall_type":"right","a":0.9997614026,"b":-0.0218097158,"c":-0.0012189543,"d":-1.1635143757,"shortest_distance":0.5540533466,"num_points":329,"plane_center_x":1.1736547947,"plane_center_y":0.2826220095,"plane_center_z":1.4145706892,"color_id":2},"1":{"ros_timestamp":"1696511874.361929","wall_type":"front","a":0.0062750918,"b":-0.999979496,"c":-0.0012946785,"d":2.9309127331,"shortest_distance":1.4496116149,"num_points":575,"plane_center_x":-0.0293431897,"plane_center_y":2.9291598797,"plane_center_z":1.3409795761,"color_id":3},"2":{"ros_timestamp":"1696511874.361929","wall_type":"back","a":0.0004704607,"b":-0.9999999404,"c":-0.0000135402,"d":-2.9266459942,"shortest_distance":4.4097860994,"num_points":161,"plane_center_x":0.6251190901,"plane_center_y":-2.9263725281,"plane_center_z":1.5084309578,"color_id":4}}