{"0":{"ros_timestamp":"1696511874.5496004","wall_type":"right","a":0.9997614026,"b":-0.0218097158,"c":-0.0012189543,"d":-1.1635143757,"shortest_distance":0.5720540008,"num_points":329,"plane_center_x":1.1736547947,"plane_center_y":0.2826220095,"plane_center_z":1.4145706892,"color_id":2},"1":{"ros_timestamp":"1696511874.5496004","wall_type":"front","a":0.0074716723,"b":-0.9999699593,"c":-0.0020591242,"d":2.9305257797,"shortest_distance":1.4240993155,"num_points":575,"plane_center_x":-0.0273627155,"plane_center_y":2.9276480675,"plane_center_z":1.3410189152,"color_id":3},"2":{"ros_timestamp":"1696511874.5496004","wall_type":"back","a":0.0004704607,"b":-0.9999999404,"c":-0.0000135402,"d":-2.9266459942,"shortest_distance":4.4344239467,"num_points":161,"plane_center_x":0.6251190901,"plane_center_y":-2.9263725281,"plane_center_z":1.5084309578,"color_id":4}}