{"0":{"ros_timestamp":"1696511874.7685664","wall_type":"right","a":0.9999167919,"b":-0.012682898,"c":-0.0023591437,"d":-1.1693798304,"shortest_distance":0.575215208,"num_points":334,"plane_center_x":1.1757158041,"plane_center_y":0.2346664518,"plane_center_z":1.4085171223,"color_id":2},"1":{"ros_timestamp":"1696511874.7685664","wall_type":"front","a":0.0048612407,"b":-0.9999874234,"c":-0.0012664647,"d":2.9317805767,"shortest_distance":1.4128820464,"num_points":575,"plane_center_x":-0.0298376735,"plane_center_y":2.9299743176,"plane_center_z":1.3409283161,"color_id":3},"2":{"ros_timestamp":"1696511874.7685664","wall_type":"back","a":0.0004704607,"b":-0.9999999404,"c":-0.0000135402,"d":-2.9266459942,"shortest_distance":4.4463869174,"num_points":161,"plane_center_x":0.6251190901,"plane_center_y":-2.9263725281,"plane_center_z":1.5084309578,"color_id":4}}