{"0":{"ros_timestamp":"1696511805.463147","wall_type":"right","a":0.9999755621,"b":-0.0068879845,"c":0.0012440146,"d":-1.342615962,"shortest_distance":2.195939705,"num_points":387,"plane_center_x":1.3280363083,"plane_center_y":-2.0083415508,"plane_center_z":1.46342659,"color_id":2},"1":{"ros_timestamp":"1696511805.463147","wall_type":"back","a":-0.0017470069,"b":-0.9999984503,"c":-0.0000192577,"d":-2.9263718128,"shortest_distance":0.4340336315,"num_points":191,"plane_center_x":0.69980371,"plane_center_y":-2.9276275635,"plane_center_z":1.4896469116,"color_id":4}}