{"0":{"ros_timestamp":"1696511874.8653836","wall_type":"right","a":0.9999638796,"b":-0.0061936006,"c":-0.0058178916,"d":-1.1701489687,"shortest_distance":0.5712969232,"num_points":329,"plane_center_x":1.1789073944,"plane_center_y":0.2827066481,"plane_center_z":1.4145768881,"color_id":2},"1":{"ros_timestamp":"1696511874.8653836","wall_type":"front","a":0.0038069526,"b":-0.9999915957,"c":-0.0015319121,"d":2.9313402176,"shortest_distance":1.4113853397,"num_points":576,"plane_center_x":-0.0338341966,"plane_center_y":2.9291837215,"plane_center_z":1.3396258354,"color_id":3},"2":{"ros_timestamp":"1696511874.8653836","wall_type":"back","a":0.0004704607,"b":-0.9999999404,"c":-0.0000135402,"d":-2.9266459942,"shortest_distance":4.4463869174,"num_points":161,"plane_center_x":0.6251190901,"plane_center_y":-2.9263725281,"plane_center_z":1.5084309578,"color_id":4}}