{"0":{"ros_timestamp":"1696511875.1700156","wall_type":"right","a":0.9999984503,"b":-0.0016142961,"c":0.0007014687,"d":-1.1834834814,"shortest_distance":0.5860851526,"num_points":329,"plane_center_x":1.1789073944,"plane_center_y":0.2827066481,"plane_center_z":1.4145768881,"color_id":2},"1":{"ros_timestamp":"1696511875.1700156","wall_type":"front","a":0.0057229633,"b":-0.9999821186,"c":-0.0016944685,"d":2.9307904243,"shortest_distance":1.3876318053,"num_points":576,"plane_center_x":-0.0333174653,"plane_center_y":2.9283821583,"plane_center_z":1.3396373987,"color_id":3},"2":{"ros_timestamp":"1696511875.1700156","wall_type":"back","a":0.0004704607,"b":-0.9999999404,"c":-0.0000135402,"d":-2.9266459942,"shortest_distance":4.4704475858,"num_points":161,"plane_center_x":0.6251190901,"plane_center_y":-2.9263725281,"plane_center_z":1.5084309578,"color_id":4}}