{"0":{"ros_timestamp":"1696511875.8492436","wall_type":"right","a":0.9999984503,"b":-0.0016142961,"c":0.0007014687,"d":-1.1834834814,"shortest_distance":0.6259753106,"num_points":329,"plane_center_x":1.1789073944,"plane_center_y":0.2827066481,"plane_center_z":1.4145768881,"color_id":2},"1":{"ros_timestamp":"1696511875.8492436","wall_type":"front","a":0.0052468255,"b":-0.9999850392,"c":-0.0015316622,"d":2.9310450554,"shortest_distance":1.3420370422,"num_points":576,"plane_center_x":-0.0348071717,"plane_center_y":2.9288544655,"plane_center_z":1.3396553993,"color_id":3},"2":{"ros_timestamp":"1696511875.8492436","wall_type":"back","a":0.0004704607,"b":-0.9999999404,"c":-0.0000135402,"d":-2.9266459942,"shortest_distance":4.5160627989,"num_points":161,"plane_center_x":0.6251190901,"plane_center_y":-2.9263725281,"plane_center_z":1.5084309578,"color_id":4}}