{"0":{"ros_timestamp":"1696511876.0493255","wall_type":"right","a":0.9997683764,"b":-0.0206635781,"c":-0.0060157464,"d":-1.1557121277,"shortest_distance":0.6486671918,"num_points":329,"plane_center_x":1.1736547947,"plane_center_y":0.2826220095,"plane_center_z":1.4145706892,"color_id":2},"1":{"ros_timestamp":"1696511876.0493255","wall_type":"front","a":0.0095853554,"b":-0.9999508262,"c":-0.0025402207,"d":2.9294774532,"shortest_distance":1.3298377316,"num_points":576,"plane_center_x":-0.0351492949,"plane_center_y":2.9258813858,"plane_center_z":1.3396439552,"color_id":3},"2":{"ros_timestamp":"1696511876.0493255","wall_type":"back","a":0.0004704607,"b":-0.9999999404,"c":-0.0000135402,"d":-2.9266459942,"shortest_distance":4.5275683899,"num_points":161,"plane_center_x":0.6251190901,"plane_center_y":-2.9263725281,"plane_center_z":1.5084309578,"color_id":4}}