{"0":{"ros_timestamp":"1696511876.1666195","wall_type":"right","a":0.9998916388,"b":-0.0147182047,"c":0.0002732818,"d":-1.1712982655,"shortest_distance":0.6452011152,"num_points":329,"plane_center_x":1.1736547947,"plane_center_y":0.2826220095,"plane_center_z":1.4145706892,"color_id":2},"1":{"ros_timestamp":"1696511876.1666195","wall_type":"front","a":0.0066233571,"b":-0.9999761581,"c":-0.0019548384,"d":2.9303693771,"shortest_distance":1.329943023,"num_points":575,"plane_center_x":-0.0325359292,"plane_center_y":2.9276919365,"plane_center_z":1.3409528732,"color_id":3},"2":{"ros_timestamp":"1696511876.1666195","wall_type":"back","a":0.0004704607,"b":-0.9999999404,"c":-0.0000135402,"d":-2.9266459942,"shortest_distance":4.5275683899,"num_points":161,"plane_center_x":0.6251190901,"plane_center_y":-2.9263725281,"plane_center_z":1.5084309578,"color_id":4}}