{"0":{"ros_timestamp":"1696511876.4699972","wall_type":"right","a":0.9999850988,"b":-0.0026159713,"c":0.0047984002,"d":-1.1875104904,"shortest_distance":0.6563975899,"num_points":329,"plane_center_x":1.1789073944,"plane_center_y":0.2827066481,"plane_center_z":1.4145768881,"color_id":2},"1":{"ros_timestamp":"1696511876.4699972","wall_type":"front","a":0.0062251566,"b":-0.9999774098,"c":-0.00256203,"d":2.9317986965,"shortest_distance":1.3084581865,"num_points":576,"plane_center_x":-0.0353263952,"plane_center_y":2.9286334515,"plane_center_z":1.3395980597,"color_id":3},"2":{"ros_timestamp":"1696511876.4699972","wall_type":"back","a":0.0004704607,"b":-0.9999999404,"c":-0.0000135402,"d":-2.9266459942,"shortest_distance":4.5492265716,"num_points":161,"plane_center_x":0.6251190901,"plane_center_y":-2.9263725281,"plane_center_z":1.5084309578,"color_id":4}}