{"0":{"ros_timestamp":"1696511811.966967","wall_type":"right","a":0.9999908805,"b":-0.0042610229,"c":0.0004297832,"d":-1.3382072449,"shortest_distance":1.6300086317,"num_points":384,"plane_center_x":1.32903862,"plane_center_y":-2.008048296,"plane_center_z":1.4529527426,"color_id":2},"1":{"ros_timestamp":"1696511811.966967","wall_type":"back","a":-0.0012410907,"b":-0.9999992251,"c":-0.0000080776,"d":-2.9260892868,"shortest_distance":0.4606023235,"num_points":194,"plane_center_x":0.7053509951,"plane_center_y":-2.9269793034,"plane_center_z":1.5113676786,"color_id":4}}