{"0":{"ros_timestamp":"1696511876.8499806","wall_type":"right","a":0.9999940991,"b":-0.003099401,"c":0.0015137248,"d":-1.1801655293,"shortest_distance":0.6760093605,"num_points":329,"plane_center_x":1.1789073944,"plane_center_y":0.2827066481,"plane_center_z":1.4145768881,"color_id":2},"1":{"ros_timestamp":"1696511876.8499806","wall_type":"front","a":0.0085162651,"b":-0.9999617338,"c":-0.0020128703,"d":2.9306116104,"shortest_distance":1.2876353105,"num_points":588,"plane_center_x":-0.06289801,"plane_center_y":2.9279022217,"plane_center_z":1.3489849567,"color_id":3},"2":{"ros_timestamp":"1696511876.8499806","wall_type":"back","a":0.0004704607,"b":-0.9999999404,"c":-0.0000135402,"d":-2.9266459942,"shortest_distance":4.5707548981,"num_points":161,"plane_center_x":0.6251190901,"plane_center_y":-2.9263725281,"plane_center_z":1.5084309578,"color_id":4}}