{"0":{"ros_timestamp":"1696511877.2607858","wall_type":"right","a":0.9998089075,"b":-0.0195467658,"c":-0.0002524889,"d":-1.1675490141,"shortest_distance":0.7152800244,"num_points":329,"plane_center_x":1.1736547947,"plane_center_y":0.2826220095,"plane_center_z":1.4145706892,"color_id":2},"1":{"ros_timestamp":"1696511877.2607858","wall_type":"front","a":0.005244168,"b":-0.9999846816,"c":-0.0017876802,"d":2.9310743809,"shortest_distance":1.2656318888,"num_points":576,"plane_center_x":-0.0348732769,"plane_center_y":2.9285416603,"plane_center_z":1.3395880461,"color_id":3},"2":{"ros_timestamp":"1696511877.2607858","wall_type":"back","a":0.0004704607,"b":-0.9999999404,"c":-0.0000135402,"d":-2.9266459942,"shortest_distance":4.5917601875,"num_points":161,"plane_center_x":0.6251190901,"plane_center_y":-2.9263725281,"plane_center_z":1.5084309578,"color_id":4}}