{"0":{"ros_timestamp":"1696511812.0492744","wall_type":"right","a":0.9999993443,"b":-0.0011027184,"c":0.000221297,"d":-1.3360732794,"shortest_distance":1.620992775,"num_points":382,"plane_center_x":1.3335430622,"plane_center_y":-2.002897501,"plane_center_z":1.4569257498,"color_id":2},"1":{"ros_timestamp":"1696511812.0492744","wall_type":"back","a":-0.0010221062,"b":-0.9999995232,"c":0.0000122151,"d":-2.9261469841,"shortest_distance":0.4613872742,"num_points":196,"plane_center_x":0.7135688066,"plane_center_y":-2.9268593788,"plane_center_z":1.5029805899,"color_id":4}}