{"0":{"ros_timestamp":"1696511877.866626","wall_type":"right","a":0.9998990893,"b":-0.0139366072,"c":0.0027593477,"d":-1.1752456427,"shortest_distance":0.7559563914,"num_points":339,"plane_center_x":1.1738058329,"plane_center_y":0.1880434602,"plane_center_z":1.4172435999,"color_id":2},"1":{"ros_timestamp":"1696511877.866626","wall_type":"front","a":0.0045479648,"b":-0.9999887347,"c":-0.0013954873,"d":2.9310016632,"shortest_distance":1.2266221643,"num_points":576,"plane_center_x":-0.0363071971,"plane_center_y":2.9291014671,"plane_center_z":1.3395981789,"color_id":3},"2":{"ros_timestamp":"1696511877.866626","wall_type":"back","a":-0.000423026,"b":-0.9999999404,"c":-0.0000105445,"d":-2.9262912273,"shortest_distance":4.6307872121,"num_points":151,"plane_center_x":0.5884523988,"plane_center_y":-2.9265563488,"plane_center_z":1.5086466074,"color_id":4}}