{"0":{"ros_timestamp":"1696511878.7631383","wall_type":"right","a":0.9999940991,"b":-0.003099401,"c":0.0015137248,"d":-1.1801655293,"shortest_distance":0.7915979395,"num_points":329,"plane_center_x":1.1789073944,"plane_center_y":0.2827066481,"plane_center_z":1.4145768881,"color_id":2},"1":{"ros_timestamp":"1696511878.7631383","wall_type":"front","a":0.006802693,"b":-0.9999747276,"c":-0.0020737057,"d":2.9306149483,"shortest_distance":1.1883493192,"num_points":576,"plane_center_x":-0.0390121341,"plane_center_y":2.9276454449,"plane_center_z":1.3396100998,"color_id":3},"2":{"ros_timestamp":"1696511878.7631383","wall_type":"back","a":-0.0002947672,"b":-0.9999999404,"c":-0.0000105735,"d":-2.9263489246,"shortest_distance":4.6683335147,"num_points":161,"plane_center_x":0.6143850088,"plane_center_y":-2.9265460968,"plane_center_z":1.5084180832,"color_id":4}}