{"0":{"ros_timestamp":"1696511879.2663465","wall_type":"right","a":0.999995172,"b":-0.0029897017,"c":0.0008155149,"d":-1.1790083647,"shortest_distance":0.8283445793,"num_points":329,"plane_center_x":1.1789073944,"plane_center_y":0.2827066481,"plane_center_z":1.4145768881,"color_id":2},"1":{"ros_timestamp":"1696511879.2663465","wall_type":"front","a":0.0070161726,"b":-0.9999714494,"c":-0.0027848859,"d":2.9316728115,"shortest_distance":1.1619462141,"num_points":577,"plane_center_x":-0.0378886387,"plane_center_y":2.9282104969,"plane_center_z":1.3385703564,"color_id":3},"2":{"ros_timestamp":"1696511879.2663465","wall_type":"back","a":-0.0002947672,"b":-0.9999999404,"c":-0.0000105735,"d":-2.9263489246,"shortest_distance":4.6945440611,"num_points":161,"plane_center_x":0.6143850088,"plane_center_y":-2.9265460968,"plane_center_z":1.5084180832,"color_id":4}}