{"0":{"ros_timestamp":"1696511879.664392","wall_type":"right","a":0.9997676611,"b":-0.0215529241,"c":0.0001176682,"d":-1.1696677208,"shortest_distance":0.8788693082,"num_points":329,"plane_center_x":1.1736547947,"plane_center_y":0.2826220095,"plane_center_z":1.4145706892,"color_id":2},"1":{"ros_timestamp":"1696511879.664392","wall_type":"front","a":0.0087312749,"b":-0.999961257,"c":-0.0011556268,"d":2.9288487434,"shortest_distance":1.1457564382,"num_points":576,"plane_center_x":-0.0400687717,"plane_center_y":2.9280695915,"plane_center_z":1.3395608664,"color_id":3},"2":{"ros_timestamp":"1696511879.664392","wall_type":"back","a":0.0004704607,"b":-0.9999999404,"c":-0.0000135402,"d":-2.9266459942,"shortest_distance":4.710807274,"num_points":161,"plane_center_x":0.6251190901,"plane_center_y":-2.9263725281,"plane_center_z":1.5084309578,"color_id":4}}