{"0":{"ros_timestamp":"1696511812.2492464","wall_type":"right","a":0.9999929667,"b":-0.0037169126,"c":0.0004156065,"d":-1.338733077,"shortest_distance":1.6019336817,"num_points":384,"plane_center_x":1.3305448294,"plane_center_y":-2.0078113079,"plane_center_z":1.4562937021,"color_id":2},"1":{"ros_timestamp":"1696511812.2492464","wall_type":"back","a":-0.0010657234,"b":-0.9999994636,"c":-0.0000145867,"d":-2.9261295795,"shortest_distance":0.4620906618,"num_points":194,"plane_center_x":0.7143284678,"plane_center_y":-2.9269144535,"plane_center_z":1.5044132471,"color_id":4}}