{"0":{"ros_timestamp":"1696511880.4494479","wall_type":"right","a":0.9999594688,"b":-0.0009275982,"c":-0.0089619635,"d":-1.1641738415,"shortest_distance":0.9154621901,"num_points":328,"plane_center_x":1.1787859201,"plane_center_y":0.2808350325,"plane_center_z":1.4179879427,"color_id":2},"1":{"ros_timestamp":"1696511880.4494479","wall_type":"front","a":0.0047500087,"b":-0.9999874234,"c":-0.0016503151,"d":2.9312655926,"shortest_distance":1.1076689137,"num_points":576,"plane_center_x":-0.042422194,"plane_center_y":2.9288902283,"plane_center_z":1.3395340443,"color_id":3},"2":{"ros_timestamp":"1696511880.4494479","wall_type":"back","a":-0.0002947672,"b":-0.9999999404,"c":-0.0000105735,"d":-2.9263489246,"shortest_distance":4.7488319213,"num_points":161,"plane_center_x":0.6143850088,"plane_center_y":-2.9265460968,"plane_center_z":1.5084180832,"color_id":4}}