{"0":{"ros_timestamp":"1696511880.7748375","wall_type":"right","a":0.9996572137,"b":-0.0259731654,"c":-0.0032814494,"d":-1.1568408012,"shortest_distance":0.9722991483,"num_points":317,"plane_center_x":1.1727955341,"plane_center_y":0.3200952411,"plane_center_z":1.4111403227,"color_id":2},"1":{"ros_timestamp":"1696511880.7748375","wall_type":"front","a":0.004590488,"b":-0.9999881387,"c":-0.0016165109,"d":2.9313030243,"shortest_distance":1.093374423,"num_points":576,"plane_center_x":-0.0409394093,"plane_center_y":2.928984642,"plane_center_z":1.3394991159,"color_id":3},"2":{"ros_timestamp":"1696511880.7748375","wall_type":"back","a":0.0004704607,"b":-0.9999999404,"c":-0.0000135402,"d":-2.9266459942,"shortest_distance":4.7631611072,"num_points":161,"plane_center_x":0.6251190901,"plane_center_y":-2.9263725281,"plane_center_z":1.5084309578,"color_id":4}}