{"0":{"ros_timestamp":"1696511880.9495852","wall_type":"left","a":0.999971509,"b":0.007545983,"c":-0.0000922401,"d":1.3150163889,"shortest_distance":1.5522223327,"num_points":161,"plane_center_x":-1.3332865238,"plane_center_y":2.4345731735,"plane_center_z":1.5083011389,"color_id":1},"1":{"ros_timestamp":"1696511880.9495852","wall_type":"right","a":0.998950541,"b":-0.0457688309,"c":-0.001765054,"d":-1.1407132149,"shortest_distance":1.0045064836,"num_points":290,"plane_center_x":1.1654618979,"plane_center_y":0.4041719139,"plane_center_z":1.404605031,"color_id":2},"2":{"ros_timestamp":"1696511880.9495852","wall_type":"front","a":0.0051065059,"b":-0.9999853969,"c":-0.0017462888,"d":2.9311490059,"shortest_distance":1.0867955232,"num_points":576,"plane_center_x":-0.041748073,"plane_center_y":2.9286394119,"plane_center_z":1.3395160437,"color_id":3},"3":{"ros_timestamp":"1696511880.9495852","wall_type":"back","a":0.0004704607,"b":-0.9999999404,"c":-0.0000135402,"d":-2.9266459942,"shortest_distance":4.7694541878,"num_points":161,"plane_center_x":0.6251190901,"plane_center_y":-2.9263725281,"plane_center_z":1.5084309578,"color_id":4}}