{"0":{"ros_timestamp":"1696511881.5665753","wall_type":"left","a":0.999971509,"b":0.007545983,"c":-0.0000922401,"d":1.3150163889,"shortest_distance":1.4971521624,"num_points":161,"plane_center_x":-1.3332865238,"plane_center_y":2.4345731735,"plane_center_z":1.5083011389,"color_id":1},"1":{"ros_timestamp":"1696511881.5665753","wall_type":"right","a":0.9997885823,"b":-0.0204470325,"c":-0.0021516802,"d":-1.1654442549,"shortest_distance":1.0387148564,"num_points":329,"plane_center_x":1.1736547947,"plane_center_y":0.2826220095,"plane_center_z":1.4145706892,"color_id":2},"2":{"ros_timestamp":"1696511881.5665753","wall_type":"front","a":0.0069622402,"b":-0.9999736547,"c":-0.0020508997,"d":2.9305438995,"shortest_distance":1.061208663,"num_points":578,"plane_center_x":-0.0481480509,"plane_center_y":2.9275374413,"plane_center_z":1.3400156498,"color_id":3},"3":{"ros_timestamp":"1696511881.5665753","wall_type":"back","a":0.0004704607,"b":-0.9999999404,"c":-0.0000135402,"d":-2.9266459942,"shortest_distance":4.7940556846,"num_points":161,"plane_center_x":0.6251190901,"plane_center_y":-2.9263725281,"plane_center_z":1.5084309578,"color_id":4}}