{"0":{"ros_timestamp":"1696511812.4631","wall_type":"right","a":0.9999832511,"b":-0.005735429,"c":0.0007860413,"d":-1.3404875994,"shortest_distance":1.5831742238,"num_points":386,"plane_center_x":1.3275624514,"plane_center_y":-2.0136535168,"plane_center_z":1.4562523365,"color_id":2},"1":{"ros_timestamp":"1696511812.4631","wall_type":"back","a":-0.0011672067,"b":-0.9999993443,"c":-0.0000359029,"d":-2.9260780811,"shortest_distance":0.4627382204,"num_points":192,"plane_center_x":0.7094447613,"plane_center_y":-2.9269621372,"plane_center_z":1.5048723221,"color_id":4}}