{"0":{"ros_timestamp":"1696511882.0493138","wall_type":"left","a":0.9999601841,"b":0.008925817,"c":-0.0001479563,"d":1.3124861717,"shortest_distance":1.4684033851,"num_points":171,"plane_center_x":-1.3336274624,"plane_center_y":2.387617588,"plane_center_z":1.5083445311,"color_id":1},"1":{"ros_timestamp":"1696511882.0493138","wall_type":"right","a":0.9999864101,"b":-0.0046648942,"c":0.0023479282,"d":-1.1803747416,"shortest_distance":1.0462113966,"num_points":329,"plane_center_x":1.1789073944,"plane_center_y":0.2827066481,"plane_center_z":1.4145768881,"color_id":2},"2":{"ros_timestamp":"1696511882.0493138","wall_type":"front","a":0.0093924683,"b":-0.9999551773,"c":-0.0011871748,"d":2.928437233,"shortest_distance":1.0507374166,"num_points":610,"plane_center_x":-0.1099918038,"plane_center_y":2.9265890121,"plane_center_z":1.3487360477,"color_id":3},"3":{"ros_timestamp":"1696511882.0493138","wall_type":"back","a":0.0004704607,"b":-0.9999999404,"c":-0.0000135402,"d":-2.9266459942,"shortest_distance":4.8039069141,"num_points":161,"plane_center_x":0.6251190901,"plane_center_y":-2.9263725281,"plane_center_z":1.5084309578,"color_id":4}}