{"0":{"ros_timestamp":"1696511882.2696655","wall_type":"left","a":0.9999860525,"b":0.005289562,"c":0.0001568369,"d":1.3265476227,"shortest_distance":1.4469655604,"num_points":170,"plane_center_x":-1.3394172192,"plane_center_y":2.3848712444,"plane_center_z":1.5039514303,"color_id":1},"1":{"ros_timestamp":"1696511882.2696655","wall_type":"right","a":0.9999510646,"b":-0.0098822704,"c":0.0004316505,"d":-1.1743806601,"shortest_distance":1.0821667233,"num_points":330,"plane_center_x":1.1783522367,"plane_center_y":0.2729847431,"plane_center_z":1.4124014378,"color_id":2},"2":{"ros_timestamp":"1696511882.2696655","wall_type":"front","a":0.0105745187,"b":-0.9999427199,"c":-0.0016564856,"d":2.9284880161,"shortest_distance":1.0412861679,"num_points":611,"plane_center_x":-0.1128861606,"plane_center_y":2.9260940552,"plane_center_z":1.3501834869,"color_id":3},"3":{"ros_timestamp":"1696511882.2696655","wall_type":"back","a":0.0004704607,"b":-0.9999999404,"c":-0.0000135402,"d":-2.9266459942,"shortest_distance":4.8125964159,"num_points":161,"plane_center_x":0.6251190901,"plane_center_y":-2.9263725281,"plane_center_z":1.5084309578,"color_id":4}}