{"0":{"ros_timestamp":"1696511882.3633223","wall_type":"left","a":0.9999944568,"b":0.0033243729,"c":0.000070444,"d":1.3241785765,"shortest_distance":1.4407612078,"num_points":171,"plane_center_x":-1.3322298527,"plane_center_y":2.3877062798,"plane_center_z":1.508228302,"color_id":1},"1":{"ros_timestamp":"1696511882.3633223","wall_type":"right","a":0.9998089075,"b":-0.0195467658,"c":-0.0002524889,"d":-1.1675490141,"shortest_distance":1.0946074345,"num_points":329,"plane_center_x":1.1736547947,"plane_center_y":0.2826220095,"plane_center_z":1.4145706892,"color_id":2},"2":{"ros_timestamp":"1696511882.3633223","wall_type":"front","a":0.0096204961,"b":-0.9999533892,"c":-0.0009229958,"d":2.9282090664,"shortest_distance":1.0419857662,"num_points":610,"plane_center_x":-0.111304909,"plane_center_y":2.9268195629,"plane_center_z":1.348731041,"color_id":3},"3":{"ros_timestamp":"1696511882.3633223","wall_type":"back","a":0.0004704607,"b":-0.9999999404,"c":-0.0000135402,"d":-2.9266459942,"shortest_distance":4.8125964159,"num_points":161,"plane_center_x":0.6251190901,"plane_center_y":-2.9263725281,"plane_center_z":1.5084309578,"color_id":4}}