{"0":{"ros_timestamp":"1696511882.4683356","wall_type":"left","a":0.9999008775,"b":0.0140759358,"c":0.0001983226,"d":1.30858922,"shortest_distance":1.4314129616,"num_points":167,"plane_center_x":-1.3414043188,"plane_center_y":2.3006024361,"plane_center_z":1.5083628893,"color_id":1},"1":{"ros_timestamp":"1696511882.4683356","wall_type":"right","a":0.9999883175,"b":-0.0040478739,"c":0.0026295013,"d":-1.1805069447,"shortest_distance":1.0882849453,"num_points":329,"plane_center_x":1.1789073944,"plane_center_y":0.2827066481,"plane_center_z":1.4145768881,"color_id":2},"2":{"ros_timestamp":"1696511882.4683356","wall_type":"front","a":0.011280505,"b":-0.999932766,"c":-0.0026515997,"d":2.9292545319,"shortest_distance":1.0356467748,"num_points":626,"plane_center_x":-0.1420712471,"plane_center_y":2.9242618084,"plane_center_z":1.3527234793,"color_id":3},"3":{"ros_timestamp":"1696511882.4683356","wall_type":"back","a":0.0004704607,"b":-0.9999999404,"c":-0.0000135402,"d":-2.9266459942,"shortest_distance":4.8174472249,"num_points":161,"plane_center_x":0.6251190901,"plane_center_y":-2.9263725281,"plane_center_z":1.5084309578,"color_id":4}}