{"0":{"ros_timestamp":"1696511882.5494685","wall_type":"left","a":0.9999880195,"b":0.0048915427,"c":0.0001378181,"d":1.3214035034,"shortest_distance":1.4267784166,"num_points":183,"plane_center_x":-1.3331092596,"plane_center_y":2.3473243713,"plane_center_z":1.5079483986,"color_id":1},"1":{"ros_timestamp":"1696511882.5494685","wall_type":"right","a":0.9999947548,"b":-0.0030564775,"c":0.0011274946,"d":-1.1795201302,"shortest_distance":1.0876833755,"num_points":329,"plane_center_x":1.1789073944,"plane_center_y":0.2827066481,"plane_center_z":1.4145768881,"color_id":2},"2":{"ros_timestamp":"1696511882.5494685","wall_type":"front","a":0.0079961475,"b":-0.9999656677,"c":-0.002132135,"d":2.9302356243,"shortest_distance":1.0370324151,"num_points":610,"plane_center_x":-0.1101547852,"plane_center_y":2.9265794754,"plane_center_z":1.3487046957,"color_id":3},"3":{"ros_timestamp":"1696511882.5494685","wall_type":"back","a":0.0004704607,"b":-0.9999999404,"c":-0.0000135402,"d":-2.9266459942,"shortest_distance":4.8174472249,"num_points":161,"plane_center_x":0.6251190901,"plane_center_y":-2.9263725281,"plane_center_z":1.5084309578,"color_id":4}}