{"0":{"ros_timestamp":"1696511882.6598396","wall_type":"left","a":0.9999650717,"b":0.0083628502,"c":0.0001391388,"d":1.3197071552,"shortest_distance":1.4169376991,"num_points":183,"plane_center_x":-1.3396185637,"plane_center_y":2.3502521515,"plane_center_z":1.5079267025,"color_id":1},"1":{"ros_timestamp":"1696511882.6598396","wall_type":"right","a":0.9999947548,"b":-0.0030564775,"c":0.0011274946,"d":-1.1795201302,"shortest_distance":1.1024346439,"num_points":329,"plane_center_x":1.1789073944,"plane_center_y":0.2827066481,"plane_center_z":1.4145768881,"color_id":2},"2":{"ros_timestamp":"1696511882.6598396","wall_type":"front","a":0.0085918931,"b":-0.9999606013,"c":-0.0022175203,"d":2.9300603867,"shortest_distance":1.0328929095,"num_points":610,"plane_center_x":-0.109820053,"plane_center_y":2.9262413979,"plane_center_z":1.3486882448,"color_id":3},"3":{"ros_timestamp":"1696511882.6598396","wall_type":"back","a":0.0004704607,"b":-0.9999999404,"c":-0.0000135402,"d":-2.9266459942,"shortest_distance":4.8212300882,"num_points":161,"plane_center_x":0.6251190901,"plane_center_y":-2.9263725281,"plane_center_z":1.5084309578,"color_id":4}}