{"0":{"ros_timestamp":"1696511882.9497225","wall_type":"left","a":0.9998969436,"b":0.0143519416,"c":0.0003078769,"d":1.3079116344,"shortest_distance":1.3873554279,"num_points":167,"plane_center_x":-1.3414821625,"plane_center_y":2.2971084118,"plane_center_z":1.5082489252,"color_id":1},"1":{"ros_timestamp":"1696511882.9497225","wall_type":"right","a":0.9999883175,"b":-0.0040478739,"c":0.0026295013,"d":-1.1805069447,"shortest_distance":1.1325572016,"num_points":329,"plane_center_x":1.1789073944,"plane_center_y":0.2827066481,"plane_center_z":1.4145768881,"color_id":2},"2":{"ros_timestamp":"1696511882.9497225","wall_type":"front","a":0.0112280641,"b":-0.9999335408,"c":-0.0026171855,"d":2.9293327332,"shortest_distance":1.0243008559,"num_points":626,"plane_center_x":-0.1433624178,"plane_center_y":2.924377203,"plane_center_z":1.3526939154,"color_id":3},"3":{"ros_timestamp":"1696511882.9497225","wall_type":"back","a":0.0004704607,"b":-0.9999999404,"c":-0.0000135402,"d":-2.9266459942,"shortest_distance":4.8284414832,"num_points":161,"plane_center_x":0.6251190901,"plane_center_y":-2.9263725281,"plane_center_z":1.5084309578,"color_id":4}}