{"0":{"ros_timestamp":"1696511883.0493617","wall_type":"left","a":0.9999580383,"b":0.0091641666,"c":0.0001466304,"d":1.3123190403,"shortest_distance":1.3816571293,"num_points":181,"plane_center_x":-1.3340189457,"plane_center_y":2.3376591206,"plane_center_z":1.5079724789,"color_id":1},"1":{"ros_timestamp":"1696511883.0493617","wall_type":"right","a":0.9999800324,"b":-0.0010848166,"c":0.0062224697,"d":-1.1850886345,"shortest_distance":1.1260967387,"num_points":329,"plane_center_x":1.1789073944,"plane_center_y":0.2827066481,"plane_center_z":1.4145768881,"color_id":2},"2":{"ros_timestamp":"1696511883.0493617","wall_type":"front","a":0.0080745611,"b":-0.9999650717,"c":-0.0021413078,"d":2.930252552,"shortest_distance":1.0257139371,"num_points":612,"plane_center_x":-0.1168043241,"plane_center_y":2.9263641834,"plane_center_z":1.3492081165,"color_id":3},"3":{"ros_timestamp":"1696511883.0493617","wall_type":"back","a":0.0004704607,"b":-0.9999999404,"c":-0.0000135402,"d":-2.9266459942,"shortest_distance":4.8284414832,"num_points":161,"plane_center_x":0.6251190901,"plane_center_y":-2.9263725281,"plane_center_z":1.5084309578,"color_id":4}}