{"0":{"ros_timestamp":"1696511883.1493921","wall_type":"left","a":0.9999793172,"b":0.0064333347,"c":0.0000010402,"d":1.315359354,"shortest_distance":1.3641532961,"num_points":183,"plane_center_x":-1.3304524422,"plane_center_y":2.3415470123,"plane_center_z":1.5079367161,"color_id":1},"1":{"ros_timestamp":"1696511883.1493921","wall_type":"right","a":0.9999947548,"b":-0.0030564775,"c":0.0011274946,"d":-1.1795201302,"shortest_distance":1.1471004692,"num_points":329,"plane_center_x":1.1789073944,"plane_center_y":0.2827066481,"plane_center_z":1.4145768881,"color_id":2},"2":{"ros_timestamp":"1696511883.1493921","wall_type":"front","a":0.0074819871,"b":-0.9999700189,"c":-0.0020186848,"d":2.9304292202,"shortest_distance":1.0235482363,"num_points":610,"plane_center_x":-0.1132928059,"plane_center_y":2.92694664,"plane_center_z":1.3486970663,"color_id":3},"3":{"ros_timestamp":"1696511883.1493921","wall_type":"back","a":0.0004704607,"b":-0.9999999404,"c":-0.0000135402,"d":-2.9266459942,"shortest_distance":4.8308221344,"num_points":161,"plane_center_x":0.6251190901,"plane_center_y":-2.9263725281,"plane_center_z":1.5084309578,"color_id":4}}