{"0":{"ros_timestamp":"1696511883.4607437","wall_type":"left","a":0.9999768138,"b":0.0067942776,"c":0.0004184155,"d":1.3173909187,"shortest_distance":1.3525678668,"num_points":194,"plane_center_x":-1.3337199688,"plane_center_y":2.3057246208,"plane_center_z":1.5113965273,"color_id":1},"1":{"ros_timestamp":"1696511883.4607437","wall_type":"right","a":0.999940455,"b":-0.0105405897,"c":-0.0028221793,"d":-1.1694197655,"shortest_distance":1.1721767064,"num_points":328,"plane_center_x":1.1782597303,"plane_center_y":0.2924966216,"plane_center_z":1.4152562618,"color_id":2},"2":{"ros_timestamp":"1696511883.4607437","wall_type":"front","a":0.0081650903,"b":-0.9999647141,"c":-0.0019864065,"d":2.9300341606,"shortest_distance":1.0203817935,"num_points":611,"plane_center_x":-0.1132383719,"plane_center_y":2.9265356064,"plane_center_z":1.3477377892,"color_id":3},"3":{"ros_timestamp":"1696511883.4607437","wall_type":"back","a":0.0004704607,"b":-0.9999999404,"c":-0.0000135402,"d":-2.9266459942,"shortest_distance":4.8335622374,"num_points":161,"plane_center_x":0.6251190901,"plane_center_y":-2.9263725281,"plane_center_z":1.5084309578,"color_id":4}}