{"0":{"ros_timestamp":"1696511812.649594","wall_type":"right","a":0.9999985099,"b":-0.0016858295,"c":0.000151367,"d":-1.3372856379,"shortest_distance":1.5759224763,"num_points":382,"plane_center_x":1.3336890936,"plane_center_y":-2.0038151741,"plane_center_z":1.4568660259,"color_id":2},"1":{"ros_timestamp":"1696511812.649594","wall_type":"back","a":-0.0009012629,"b":-0.9999995232,"c":0.0000140851,"d":-2.9261772633,"shortest_distance":0.4635207869,"num_points":196,"plane_center_x":0.7044394612,"plane_center_y":-2.9267923832,"plane_center_z":1.5029586554,"color_id":4}}