{"0":{"ros_timestamp":"1696511883.9493132","wall_type":"left","a":0.9999458194,"b":0.0104081584,"c":0.0002754702,"d":1.3100200891,"shortest_distance":1.3067859115,"num_points":179,"plane_center_x":-1.3340256214,"plane_center_y":2.2595629692,"plane_center_z":1.5079131126,"color_id":1},"1":{"ros_timestamp":"1696511883.9493132","wall_type":"right","a":0.9999702573,"b":-0.0067681703,"c":0.0036901832,"d":-1.180957675,"shortest_distance":1.2119173426,"num_points":329,"plane_center_x":1.1789073944,"plane_center_y":0.2827066481,"plane_center_z":1.4145768881,"color_id":2},"2":{"ros_timestamp":"1696511883.9493132","wall_type":"front","a":0.010041263,"b":-0.9999477267,"c":-0.0019460027,"d":2.9290983677,"shortest_distance":1.0126987406,"num_points":638,"plane_center_x":-0.1593460292,"plane_center_y":2.9247715473,"plane_center_z":1.3554501534,"color_id":3},"3":{"ros_timestamp":"1696511883.9493132","wall_type":"back","a":0.0004704607,"b":-0.9999999404,"c":-0.0000135402,"d":-2.9266459942,"shortest_distance":4.8400113519,"num_points":161,"plane_center_x":0.6251190901,"plane_center_y":-2.9263725281,"plane_center_z":1.5084309578,"color_id":4}}