{"0":{"ros_timestamp":"1696511884.4658873","wall_type":"left","a":0.9999398589,"b":0.0109641682,"c":0.000213642,"d":1.3094059229,"shortest_distance":1.2616531269,"num_points":190,"plane_center_x":-1.3341692686,"plane_center_y":2.2218339443,"plane_center_z":1.5101113319,"color_id":1},"1":{"ros_timestamp":"1696511884.4658873","wall_type":"right","a":0.9999928474,"b":-0.0027648662,"c":0.0025749141,"d":-1.1825278997,"shortest_distance":1.2530473573,"num_points":329,"plane_center_x":1.1789073944,"plane_center_y":0.2827066481,"plane_center_z":1.4145768881,"color_id":2},"2":{"ros_timestamp":"1696511884.4658873","wall_type":"front","a":0.0100767631,"b":-0.9999463558,"c":-0.002371924,"d":2.9296076298,"shortest_distance":1.0085808693,"num_points":638,"plane_center_x":-0.1593851149,"plane_center_y":2.9249434471,"plane_center_z":1.3554201126,"color_id":3},"3":{"ros_timestamp":"1696511884.4658873","wall_type":"back","a":0.0004704607,"b":-0.9999999404,"c":-0.0000135402,"d":-2.9266459942,"shortest_distance":4.843562159,"num_points":161,"plane_center_x":0.6251190901,"plane_center_y":-2.9263725281,"plane_center_z":1.5084309578,"color_id":4}}