{"0":{"ros_timestamp":"1696511805.561153","wall_type":"right","a":0.9999941587,"b":-0.0033984771,"c":-0.0002434429,"d":-1.3356699944,"shortest_distance":2.1849582898,"num_points":381,"plane_center_x":1.3295462132,"plane_center_y":-1.9947520494,"plane_center_z":1.4537400007,"color_id":2},"1":{"ros_timestamp":"1696511805.561153","wall_type":"back","a":-0.0017459365,"b":-0.9999984503,"c":0.0000014932,"d":-2.9263644218,"shortest_distance":0.4346989998,"num_points":197,"plane_center_x":0.7075027823,"plane_center_y":-2.9276020527,"plane_center_z":1.507930994,"color_id":4}}