{"0":{"ros_timestamp":"1696511885.1493776","wall_type":"left","a":0.9999643564,"b":0.0084312037,"c":0.0005064443,"d":1.314137578,"shortest_distance":1.2009852735,"num_points":200,"plane_center_x":-1.3334372044,"plane_center_y":2.19272089,"plane_center_z":1.5100250244,"color_id":1},"1":{"ros_timestamp":"1696511885.1493776","wall_type":"right","a":0.9999973178,"b":-0.0022507031,"c":-0.0004510814,"d":-1.180275321,"shortest_distance":1.3153478602,"num_points":329,"plane_center_x":1.1789073944,"plane_center_y":0.2827066481,"plane_center_z":1.4145768881,"color_id":2},"2":{"ros_timestamp":"1696511885.1493776","wall_type":"front","a":0.0102205835,"b":-0.9999450445,"c":-0.0023075354,"d":2.9294555187,"shortest_distance":1.007980889,"num_points":638,"plane_center_x":-0.1594782323,"plane_center_y":2.9246513844,"plane_center_z":1.3553950787,"color_id":3},"3":{"ros_timestamp":"1696511885.1493776","wall_type":"back","a":0.0004704607,"b":-0.9999999404,"c":-0.0000135402,"d":-2.9266459942,"shortest_distance":4.8435049008,"num_points":161,"plane_center_x":0.6251190901,"plane_center_y":-2.9263725281,"plane_center_z":1.5084309578,"color_id":4}}