{"0":{"ros_timestamp":"1696511885.349389","wall_type":"left","a":0.999900043,"b":0.0141324168,"c":0.000428752,"d":1.306800127,"shortest_distance":1.1892428387,"num_points":212,"plane_center_x":-1.338932991,"plane_center_y":2.2184243202,"plane_center_z":1.5097157955,"color_id":1},"1":{"ros_timestamp":"1696511885.349389","wall_type":"right","a":0.9998089075,"b":-0.0195467658,"c":-0.0002524889,"d":-1.1675490141,"shortest_distance":1.3506502632,"num_points":329,"plane_center_x":1.1736547947,"plane_center_y":0.2826220095,"plane_center_z":1.4145706892,"color_id":2},"2":{"ros_timestamp":"1696511885.349389","wall_type":"front","a":0.0088596512,"b":-0.9999585152,"c":-0.0021312512,"d":2.9297904968,"shortest_distance":1.0092974372,"num_points":626,"plane_center_x":-0.1369939595,"plane_center_y":2.9255921841,"plane_center_z":1.3525277376,"color_id":3},"3":{"ros_timestamp":"1696511885.349389","wall_type":"back","a":0.0004704607,"b":-0.9999999404,"c":-0.0000135402,"d":-2.9266459942,"shortest_distance":4.842812073,"num_points":161,"plane_center_x":0.6251190901,"plane_center_y":-2.9263725281,"plane_center_z":1.5084309578,"color_id":4}}