{"0":{"ros_timestamp":"1696511887.0493774","wall_type":"left","a":0.9999508262,"b":0.0099197533,"c":0.0002709763,"d":1.3163766861,"shortest_distance":1.0399468679,"num_points":232,"plane_center_x":-1.338039875,"plane_center_y":2.1359782219,"plane_center_z":1.5092122555,"color_id":1},"1":{"ros_timestamp":"1696511887.0493774","wall_type":"right","a":0.9997778535,"b":-0.0208125077,"c":0.0033225783,"d":-1.1722919941,"shortest_distance":1.5022820175,"num_points":329,"plane_center_x":1.1736547947,"plane_center_y":0.2826220095,"plane_center_z":1.4145706892,"color_id":2},"2":{"ros_timestamp":"1696511887.0493774","wall_type":"front","a":0.0090188449,"b":-0.9999573231,"c":-0.001992943,"d":2.9295432568,"shortest_distance":1.0300515032,"num_points":626,"plane_center_x":-0.1369939595,"plane_center_y":2.9255921841,"plane_center_z":1.3525277376,"color_id":3},"3":{"ros_timestamp":"1696511887.0493774","wall_type":"back","a":0.0004704607,"b":-0.9999999404,"c":-0.0000135402,"d":-2.9266459942,"shortest_distance":4.8207119948,"num_points":161,"plane_center_x":0.6251190901,"plane_center_y":-2.9263725281,"plane_center_z":1.5084309578,"color_id":4}}