{"0":{"ros_timestamp":"1696511813.0495207","wall_type":"right","a":0.999994278,"b":-0.003338147,"c":0.0005992467,"d":-1.3382319212,"shortest_distance":1.5271777197,"num_points":383,"plane_center_x":1.3308091164,"plane_center_y":-2.0063009262,"plane_center_z":1.4547988176,"color_id":2},"1":{"ros_timestamp":"1696511813.0495207","wall_type":"back","a":-0.0010162317,"b":-0.9999995232,"c":-0.0000001143,"d":-2.9261515141,"shortest_distance":0.4655647809,"num_points":195,"plane_center_x":0.711974144,"plane_center_y":-2.926876545,"plane_center_z":1.5076053143,"color_id":4}}