{"0":{"ros_timestamp":"1696511887.9705966","wall_type":"left","a":0.9999514222,"b":0.0098516829,"c":0.0002673108,"d":1.3157281876,"shortest_distance":0.9657555574,"num_points":242,"plane_center_x":-1.3367874622,"plane_center_y":2.0901002884,"plane_center_z":1.5088236332,"color_id":1},"1":{"ros_timestamp":"1696511887.9705966","wall_type":"right","a":0.9999847412,"b":-0.0015857163,"c":0.0052918908,"d":-1.1859805584,"shortest_distance":1.549839043,"num_points":329,"plane_center_x":1.1789073944,"plane_center_y":0.2827066481,"plane_center_z":1.4145768881,"color_id":2},"2":{"ros_timestamp":"1696511887.9705966","wall_type":"front","a":0.0089737009,"b":-0.999956429,"c":-0.0025548374,"d":2.9303007126,"shortest_distance":1.0490644831,"num_points":626,"plane_center_x":-0.1369939595,"plane_center_y":2.9255921841,"plane_center_z":1.3525277376,"color_id":3},"3":{"ros_timestamp":"1696511887.9705966","wall_type":"back","a":0.0004704607,"b":-0.9999999404,"c":-0.0000135402,"d":-2.9266459942,"shortest_distance":4.8010024408,"num_points":161,"plane_center_x":0.6251190901,"plane_center_y":-2.9263725281,"plane_center_z":1.5084309578,"color_id":4}}