{"0":{"ros_timestamp":"1696511813.1618907","wall_type":"right","a":0.9999998212,"b":-0.000657882,"c":0.0000679473,"d":-1.3354949951,"shortest_distance":1.5318359684,"num_points":382,"plane_center_x":1.3340779543,"plane_center_y":-2.0037786961,"plane_center_z":1.4570655823,"color_id":2},"1":{"ros_timestamp":"1696511813.1618907","wall_type":"back","a":-0.0008398974,"b":-0.9999996424,"c":0.0000270227,"d":-2.926230669,"shortest_distance":0.465637747,"num_points":196,"plane_center_x":0.7172635794,"plane_center_y":-2.9267933369,"plane_center_z":1.5029270649,"color_id":4}}