{"0":{"ros_timestamp":"1696511889.2647743","wall_type":"left","a":0.9999502897,"b":0.0099671958,"c":0.0003185783,"d":1.3148217201,"shortest_distance":0.8656127827,"num_points":262,"plane_center_x":-1.3354039192,"plane_center_y":2.0101215839,"plane_center_z":1.5084705353,"color_id":1},"1":{"ros_timestamp":"1696511889.2647743","wall_type":"right","a":0.9998089075,"b":-0.0195467658,"c":-0.0002524889,"d":-1.1675490141,"shortest_distance":1.671744439,"num_points":329,"plane_center_x":1.1736547947,"plane_center_y":0.2826220095,"plane_center_z":1.4145706892,"color_id":2},"2":{"ros_timestamp":"1696511889.2647743","wall_type":"front","a":0.0092804888,"b":-0.9999542832,"c":-0.0022983772,"d":2.929838419,"shortest_distance":1.0859311486,"num_points":626,"plane_center_x":-0.1369939595,"plane_center_y":2.9255921841,"plane_center_z":1.3525277376,"color_id":3},"3":{"ros_timestamp":"1696511889.2647743","wall_type":"back","a":0.0004704607,"b":-0.9999999404,"c":-0.0000135402,"d":-2.9266459942,"shortest_distance":4.7630749769,"num_points":161,"plane_center_x":0.6251190901,"plane_center_y":-2.9263725281,"plane_center_z":1.5084309578,"color_id":4}}