{"0":{"ros_timestamp":"1696511891.4715288","wall_type":"left","a":0.9999727607,"b":0.0073764855,"c":0.0004208095,"d":1.3203259706,"shortest_distance":0.6913599824,"num_points":272,"plane_center_x":-1.3354542255,"plane_center_y":1.9599266052,"plane_center_z":1.5080385208,"color_id":1},"1":{"ros_timestamp":"1696511891.4715288","wall_type":"right","a":0.9998612404,"b":-0.015930064,"c":0.0048742951,"d":-1.1768612862,"shortest_distance":1.8397603508,"num_points":329,"plane_center_x":1.1736547947,"plane_center_y":0.2826220095,"plane_center_z":1.4145706892,"color_id":2},"2":{"ros_timestamp":"1696511891.4715288","wall_type":"front","a":0.0092804888,"b":-0.9999542832,"c":-0.0022983772,"d":2.929838419,"shortest_distance":1.173893722,"num_points":626,"plane_center_x":-0.1369939595,"plane_center_y":2.9255921841,"plane_center_z":1.3525277376,"color_id":3},"3":{"ros_timestamp":"1696511891.4715288","wall_type":"back","a":0.0004704607,"b":-0.9999999404,"c":-0.0000135402,"d":-2.9266459942,"shortest_distance":4.6735710829,"num_points":161,"plane_center_x":0.6251190901,"plane_center_y":-2.9263725281,"plane_center_z":1.5084309578,"color_id":4}}