{"0":{"ros_timestamp":"1696511813.4613802","wall_type":"right","a":0.999980092,"b":-0.006306292,"c":0.0001229258,"d":-1.3444694281,"shortest_distance":1.4968662575,"num_points":396,"plane_center_x":1.3316044807,"plane_center_y":-2.0365633965,"plane_center_z":1.4544882774,"color_id":2},"1":{"ros_timestamp":"1696511813.4613802","wall_type":"back","a":-0.0008397258,"b":-0.999999702,"c":-0.0000488605,"d":-2.9261200428,"shortest_distance":0.4670201369,"num_points":182,"plane_center_x":0.6789205074,"plane_center_y":-2.9267649651,"plane_center_z":1.5120486021,"color_id":4}}