{"0":{"ros_timestamp":"1696511892.066591","wall_type":"left","a":0.9999613166,"b":0.0087882336,"c":0.000417267,"d":1.3166102171,"shortest_distance":0.6514800842,"num_points":282,"plane_center_x":-1.3341245651,"plane_center_y":1.9154647589,"plane_center_z":1.5079199076,"color_id":1},"1":{"ros_timestamp":"1696511892.066591","wall_type":"right","a":0.9997662902,"b":-0.0214030221,"c":-0.0030620995,"d":-1.1615389585,"shortest_distance":1.8837851654,"num_points":329,"plane_center_x":1.1736547947,"plane_center_y":0.2826220095,"plane_center_z":1.4145706892,"color_id":2},"2":{"ros_timestamp":"1696511892.066591","wall_type":"front","a":0.009137609,"b":-0.9999560118,"c":-0.0021412959,"d":2.9296905994,"shortest_distance":1.1975534063,"num_points":626,"plane_center_x":-0.1369939595,"plane_center_y":2.9255921841,"plane_center_z":1.3525277376,"color_id":3},"3":{"ros_timestamp":"1696511892.066591","wall_type":"back","a":0.0004704607,"b":-0.9999999404,"c":-0.0000135402,"d":-2.9266459942,"shortest_distance":4.6497546195,"num_points":161,"plane_center_x":0.6251190901,"plane_center_y":-2.9263725281,"plane_center_z":1.5084309578,"color_id":4}}