{"0":{"ros_timestamp":"1696511813.5492656","wall_type":"right","a":0.9999941587,"b":-0.0033799626,"c":-0.0003959235,"d":-1.339281559,"shortest_distance":1.4996576141,"num_points":384,"plane_center_x":1.3333548307,"plane_center_y":-2.0102083683,"plane_center_z":1.4533244371,"color_id":2},"1":{"ros_timestamp":"1696511813.5492656","wall_type":"back","a":-0.0007522595,"b":-0.999999702,"c":-0.0000079127,"d":-2.9262127876,"shortest_distance":0.4670659907,"num_points":194,"plane_center_x":0.7060034275,"plane_center_y":-2.9267568588,"plane_center_z":1.5107533932,"color_id":4}}