{"0":{"ros_timestamp":"1696511893.6697817","wall_type":"left","a":0.9999606609,"b":0.0088522956,"c":0.0004884994,"d":1.316362381,"shortest_distance":0.5390315566,"num_points":293,"plane_center_x":-1.3337459564,"plane_center_y":1.8744963408,"plane_center_z":1.5097601414,"color_id":1},"1":{"ros_timestamp":"1696511893.6697817","wall_type":"right","a":0.9998135567,"b":-0.0192327984,"c":0.001716238,"d":-1.1698822975,"shortest_distance":1.9914839431,"num_points":329,"plane_center_x":1.1736547947,"plane_center_y":0.2826220095,"plane_center_z":1.4145706892,"color_id":2},"2":{"ros_timestamp":"1696511893.6697817","wall_type":"front","a":0.0087086773,"b":-0.9999595881,"c":-0.0022456304,"d":2.9300024509,"shortest_distance":1.2735340401,"num_points":625,"plane_center_x":-0.1350567937,"plane_center_y":2.9256916046,"plane_center_z":1.351316452,"color_id":3},"3":{"ros_timestamp":"1696511893.6697817","wall_type":"back","a":0.0004704607,"b":-0.9999999404,"c":-0.0000135402,"d":-2.9266459942,"shortest_distance":4.573291079,"num_points":161,"plane_center_x":0.6251190901,"plane_center_y":-2.9263725281,"plane_center_z":1.5084309578,"color_id":4}}