{"0":{"ros_timestamp":"1696511813.675922","wall_type":"right","a":0.9999862909,"b":-0.0052355267,"c":0.000092856,"d":-1.3410321474,"shortest_distance":1.4811273268,"num_points":385,"plane_center_x":1.3305116892,"plane_center_y":-2.0127286911,"plane_center_z":1.4516116381,"color_id":2},"1":{"ros_timestamp":"1696511813.675922","wall_type":"back","a":-0.000915462,"b":-0.9999995828,"c":-0.0000213624,"d":-2.9261436462,"shortest_distance":0.4676805543,"num_points":193,"plane_center_x":0.6976156831,"plane_center_y":-2.9268157482,"plane_center_z":1.5144779682,"color_id":4}}