{"0":{"ros_timestamp":"1696511894.649747","wall_type":"left","a":0.9999602437,"b":0.0089087086,"c":0.0003929039,"d":1.316395998,"shortest_distance":0.4689203786,"num_points":294,"plane_center_x":-1.333616972,"plane_center_y":1.860601306,"plane_center_z":1.5076225996,"color_id":1},"1":{"ros_timestamp":"1696511894.649747","wall_type":"right","a":0.9999450445,"b":-0.0089718802,"c":-0.00541338,"d":-1.1679099798,"shortest_distance":2.0525142669,"num_points":330,"plane_center_x":1.1786599159,"plane_center_y":0.2729805708,"plane_center_z":1.4133182764,"color_id":2},"2":{"ros_timestamp":"1696511894.649747","wall_type":"front","a":0.0121684037,"b":-0.9999233484,"c":-0.0022911988,"d":2.9286065102,"shortest_distance":1.326293356,"num_points":626,"plane_center_x":-0.1369939595,"plane_center_y":2.9255921841,"plane_center_z":1.3525277376,"color_id":3},"3":{"ros_timestamp":"1696511894.649747","wall_type":"back","a":0.0004704607,"b":-0.9999999404,"c":-0.0000135402,"d":-2.9266459942,"shortest_distance":4.5155661133,"num_points":161,"plane_center_x":0.6251190901,"plane_center_y":-2.9263725281,"plane_center_z":1.5084309578,"color_id":4}}