{"0":{"ros_timestamp":"1696511895.4743018","wall_type":"left","a":0.9999630451,"b":0.0085888179,"c":0.000400339,"d":1.3172214031,"shortest_distance":0.425938251,"num_points":312,"plane_center_x":-1.3331724405,"plane_center_y":1.7811999321,"plane_center_z":1.5073361397,"color_id":1},"1":{"ros_timestamp":"1696511895.4743018","wall_type":"right","a":0.9999957085,"b":-0.0029213845,"c":0.0001640257,"d":-1.1790543795,"shortest_distance":2.088516595,"num_points":329,"plane_center_x":1.1789073944,"plane_center_y":0.2827066481,"plane_center_z":1.4145768881,"color_id":2},"2":{"ros_timestamp":"1696511895.4743018","wall_type":"front","a":0.0088289278,"b":-0.9999581575,"c":-0.0023966508,"d":2.9301524162,"shortest_distance":1.3727003953,"num_points":626,"plane_center_x":-0.1369939595,"plane_center_y":2.9255921841,"plane_center_z":1.3525277376,"color_id":3},"3":{"ros_timestamp":"1696511895.4743018","wall_type":"back","a":0.0004704607,"b":-0.9999999404,"c":-0.0000135402,"d":-2.9266459942,"shortest_distance":4.4730097375,"num_points":161,"plane_center_x":0.6251190901,"plane_center_y":-2.9263725281,"plane_center_z":1.5084309578,"color_id":4}}