{"0":{"ros_timestamp":"1696511896.0494108","wall_type":"left","a":0.9999477267,"b":0.0102291079,"c":0.0003816167,"d":1.3135350943,"shortest_distance":0.3840737292,"num_points":312,"plane_center_x":-1.3323767185,"plane_center_y":1.7789298296,"plane_center_z":1.5073831081,"color_id":1},"1":{"ros_timestamp":"1696511896.0494108","wall_type":"right","a":0.9999957085,"b":-0.0029213845,"c":0.0001640257,"d":-1.1790543795,"shortest_distance":2.1286239715,"num_points":329,"plane_center_x":1.1789073944,"plane_center_y":0.2827066481,"plane_center_z":1.4145768881,"color_id":2},"2":{"ros_timestamp":"1696511896.0494108","wall_type":"front","a":0.0088289278,"b":-0.9999581575,"c":-0.0023966508,"d":2.9301524162,"shortest_distance":1.4175254985,"num_points":626,"plane_center_x":-0.1369939595,"plane_center_y":2.9255921841,"plane_center_z":1.3525277376,"color_id":3},"3":{"ros_timestamp":"1696511896.0494108","wall_type":"back","a":0.0004704607,"b":-0.9999999404,"c":-0.0000135402,"d":-2.9266459942,"shortest_distance":4.4278464081,"num_points":161,"plane_center_x":0.6251190901,"plane_center_y":-2.9263725281,"plane_center_z":1.5084309578,"color_id":4}}