{"0":{"ros_timestamp":"1696511896.3605812","wall_type":"left","a":0.9999691844,"b":0.0078402832,"c":0.0003794553,"d":1.318841815,"shortest_distance":0.3672283856,"num_points":322,"plane_center_x":-1.3330607414,"plane_center_y":1.7353760004,"plane_center_z":1.5073657036,"color_id":1},"1":{"ros_timestamp":"1696511896.3605812","wall_type":"right","a":0.9998095036,"b":-0.0195073076,"c":-0.0006094423,"d":-1.1669528484,"shortest_distance":2.1602796192,"num_points":329,"plane_center_x":1.1736547947,"plane_center_y":0.2826220095,"plane_center_z":1.4145706892,"color_id":2},"2":{"ros_timestamp":"1696511896.3605812","wall_type":"front","a":0.0089737009,"b":-0.999956429,"c":-0.0025548374,"d":2.9303007126,"shortest_distance":1.4413648629,"num_points":626,"plane_center_x":-0.1369939595,"plane_center_y":2.9255921841,"plane_center_z":1.3525277376,"color_id":3},"3":{"ros_timestamp":"1696511896.3605812","wall_type":"back","a":0.0004704607,"b":-0.9999999404,"c":-0.0000135402,"d":-2.9266459942,"shortest_distance":4.4036259365,"num_points":161,"plane_center_x":0.6251190901,"plane_center_y":-2.9263725281,"plane_center_z":1.5084309578,"color_id":4}}