{"0":{"ros_timestamp":"1696511896.9655402","wall_type":"left","a":0.999977231,"b":0.0067478265,"c":0.0003485827,"d":1.3211468458,"shortest_distance":0.3414789134,"num_points":356,"plane_center_x":-1.3323814869,"plane_center_y":1.5825923681,"plane_center_z":1.5071567297,"color_id":1},"1":{"ros_timestamp":"1696511896.9655402","wall_type":"right","a":0.9998095036,"b":-0.0195073076,"c":-0.0006094423,"d":-1.1669528484,"shortest_distance":2.1856835979,"num_points":329,"plane_center_x":1.1736547947,"plane_center_y":0.2826220095,"plane_center_z":1.4145706892,"color_id":2},"2":{"ros_timestamp":"1696511896.9655402","wall_type":"front","a":0.0092804888,"b":-0.9999542832,"c":-0.0022983772,"d":2.929838419,"shortest_distance":1.4780351032,"num_points":626,"plane_center_x":-0.1369939595,"plane_center_y":2.9255921841,"plane_center_z":1.3525277376,"color_id":3},"3":{"ros_timestamp":"1696511896.9655402","wall_type":"back","a":0.0004704607,"b":-0.9999999404,"c":-0.0000135402,"d":-2.9266459942,"shortest_distance":4.3663548565,"num_points":161,"plane_center_x":0.6251190901,"plane_center_y":-2.9263725281,"plane_center_z":1.5084309578,"color_id":4}}