{"0":{"ros_timestamp":"1696511898.0733814","wall_type":"left","a":0.9999937415,"b":0.0035248958,"c":-0.0002796309,"d":1.3196347952,"shortest_distance":0.2898304128,"num_points":744,"plane_center_x":-1.3200976849,"plane_center_y":0.6021364927,"plane_center_z":1.5006492138,"color_id":1},"1":{"ros_timestamp":"1696511898.0733814","wall_type":"right","a":0.9998095036,"b":-0.0195073076,"c":-0.0006094423,"d":-1.1669528484,"shortest_distance":2.2283719709,"num_points":329,"plane_center_x":1.1736547947,"plane_center_y":0.2826220095,"plane_center_z":1.4145706892,"color_id":2},"2":{"ros_timestamp":"1696511898.0733814","wall_type":"front","a":0.0081755314,"b":-0.9999636412,"c":-0.0024396146,"d":2.9304757118,"shortest_distance":1.559047314,"num_points":599,"plane_center_x":-0.0832124203,"plane_center_y":2.9266088009,"plane_center_z":1.3497704268,"color_id":3},"3":{"ros_timestamp":"1696511898.0733814","wall_type":"back","a":0.0004704607,"b":-0.9999999404,"c":-0.0000135402,"d":-2.9266459942,"shortest_distance":4.2865037797,"num_points":161,"plane_center_x":0.6251190901,"plane_center_y":-2.9263725281,"plane_center_z":1.5084309578,"color_id":4}}