{"0":{"ros_timestamp":"1696511814.1667256","wall_type":"right","a":0.9999911189,"b":-0.0041800523,"c":0.0005380946,"d":-1.3401043415,"shortest_distance":1.4371851888,"num_points":385,"plane_center_x":1.3310588598,"plane_center_y":-2.0122354031,"plane_center_z":1.4550199509,"color_id":2},"1":{"ros_timestamp":"1696511814.1667256","wall_type":"back","a":-0.0008448786,"b":-0.9999996424,"c":-0.0000079051,"d":-2.9261875153,"shortest_distance":0.4698950684,"num_points":193,"plane_center_x":0.7057051659,"plane_center_y":-2.9267966747,"plane_center_z":1.5076708794,"color_id":4}}