{"0":{"ros_timestamp":"1696511898.9653592","wall_type":"left","a":0.9998460412,"b":0.0117901787,"c":0.0129935509,"d":1.2896322012,"shortest_distance":0.2641006618,"num_points":1173,"plane_center_x":-1.3099278212,"plane_center_y":-0.1525893062,"plane_center_z":1.4897950888,"color_id":1},"1":{"ros_timestamp":"1696511898.9653592","wall_type":"right","a":0.9999965429,"b":-0.0024027945,"c":0.0011006355,"d":-1.1818429232,"shortest_distance":2.2437039683,"num_points":329,"plane_center_x":1.1789073944,"plane_center_y":0.2827066481,"plane_center_z":1.4145768881,"color_id":2},"2":{"ros_timestamp":"1696511898.9653592","wall_type":"front","a":0.0081755314,"b":-0.9999636412,"c":-0.0024396146,"d":2.9304757118,"shortest_distance":1.6308416691,"num_points":599,"plane_center_x":-0.0832124203,"plane_center_y":2.9266088009,"plane_center_z":1.3497704268,"color_id":3},"3":{"ros_timestamp":"1696511898.9653592","wall_type":"back","a":0.0004704607,"b":-0.9999999404,"c":-0.0000135402,"d":-2.9266459942,"shortest_distance":4.2145045815,"num_points":161,"plane_center_x":0.6251190901,"plane_center_y":-2.9263725281,"plane_center_z":1.5084309578,"color_id":4}}