{"0":{"ros_timestamp":"1696511899.44945","wall_type":"left","a":0.9999396205,"b":0.00529258,"c":-0.0096290363,"d":1.3328306675,"shortest_distance":0.2531195483,"num_points":1070,"plane_center_x":-1.3155692816,"plane_center_y":-0.0079063568,"plane_center_z":1.5096731186,"color_id":1},"1":{"ros_timestamp":"1696511899.44945","wall_type":"right","a":0.9999970198,"b":-0.0022298126,"c":-0.0009596201,"d":-1.175807476,"shortest_distance":2.2518813008,"num_points":329,"plane_center_x":1.1789073944,"plane_center_y":0.2827066481,"plane_center_z":1.4145768881,"color_id":2},"2":{"ros_timestamp":"1696511899.44945","wall_type":"front","a":0.0082080718,"b":-0.9999632239,"c":-0.0024840001,"d":2.9305198193,"shortest_distance":1.6752665009,"num_points":599,"plane_center_x":-0.0832294002,"plane_center_y":2.9265973568,"plane_center_z":1.3474037647,"color_id":3},"3":{"ros_timestamp":"1696511899.44945","wall_type":"back","a":0.0004704607,"b":-0.9999999404,"c":-0.0000135402,"d":-2.9266459942,"shortest_distance":4.1699330526,"num_points":161,"plane_center_x":0.6251190901,"plane_center_y":-2.9263725281,"plane_center_z":1.5084309578,"color_id":4}}