{"0":{"ros_timestamp":"1696511899.6492338","wall_type":"left","a":0.9997861385,"b":0.012651206,"c":0.0163588766,"d":1.2824647427,"shortest_distance":0.247018089,"num_points":1147,"plane_center_x":-1.3090130091,"plane_center_y":-0.1208033115,"plane_center_z":1.5032646656,"color_id":1},"1":{"ros_timestamp":"1696511899.6492338","wall_type":"right","a":0.9998095036,"b":-0.0195073076,"c":-0.0006094423,"d":-1.1669528484,"shortest_distance":2.2674562661,"num_points":329,"plane_center_x":1.1736547947,"plane_center_y":0.2826220095,"plane_center_z":1.4145706892,"color_id":2},"2":{"ros_timestamp":"1696511899.6492338","wall_type":"front","a":0.0081755314,"b":-0.9999636412,"c":-0.0024396146,"d":2.9304757118,"shortest_distance":1.6899398845,"num_points":599,"plane_center_x":-0.0832124203,"plane_center_y":2.9266088009,"plane_center_z":1.3497704268,"color_id":3},"3":{"ros_timestamp":"1696511899.6492338","wall_type":"back","a":0.0004704607,"b":-0.9999999404,"c":-0.0000135402,"d":-2.9266459942,"shortest_distance":4.1552855141,"num_points":161,"plane_center_x":0.6251190901,"plane_center_y":-2.9263725281,"plane_center_z":1.5084309578,"color_id":4}}