{"0":{"ros_timestamp":"1696511900.049769","wall_type":"left","a":0.9998426437,"b":0.0056096376,"c":-0.0168305449,"d":1.3417966366,"shortest_distance":0.2412500698,"num_points":1075,"plane_center_x":-1.3149430752,"plane_center_y":-0.0328628533,"plane_center_z":1.5232183933,"color_id":1},"1":{"ros_timestamp":"1696511900.049769","wall_type":"right","a":0.9999927878,"b":-0.0033777989,"c":0.0017253041,"d":-1.1802909374,"shortest_distance":2.2636989195,"num_points":329,"plane_center_x":1.1789073944,"plane_center_y":0.2827066481,"plane_center_z":1.4145768881,"color_id":2},"2":{"ros_timestamp":"1696511900.049769","wall_type":"front","a":0.0081968401,"b":-0.9999633431,"c":-0.0024652197,"d":2.9305000305,"shortest_distance":1.7357119552,"num_points":596,"plane_center_x":-0.0772366449,"plane_center_y":2.9266629219,"plane_center_z":1.3431947231,"color_id":3},"3":{"ros_timestamp":"1696511900.049769","wall_type":"back","a":0.0004704607,"b":-0.9999999404,"c":-0.0000135402,"d":-2.9266459942,"shortest_distance":4.1094273082,"num_points":161,"plane_center_x":0.6251190901,"plane_center_y":-2.9263725281,"plane_center_z":1.5084309578,"color_id":4}}