{"0":{"ros_timestamp":"1696511900.2496092","wall_type":"left","a":0.9999588728,"b":0.0090670967,"c":-0.0002134445,"d":1.3131612539,"shortest_distance":0.2419835555,"num_points":1214,"plane_center_x":-1.3110342026,"plane_center_y":-0.2107888162,"plane_center_z":1.4604626894,"color_id":1},"1":{"ros_timestamp":"1696511900.2496092","wall_type":"right","a":0.9999940991,"b":-0.003099401,"c":0.0015137248,"d":-1.1801655293,"shortest_distance":2.2629718694,"num_points":329,"plane_center_x":1.1789073944,"plane_center_y":0.2827066481,"plane_center_z":1.4145768881,"color_id":2},"2":{"ros_timestamp":"1696511900.2496092","wall_type":"front","a":0.0081765074,"b":-0.999963522,"c":-0.0024384854,"d":2.9304735661,"shortest_distance":1.7516828594,"num_points":600,"plane_center_x":-0.0852178708,"plane_center_y":2.9265940189,"plane_center_z":1.3490140438,"color_id":3},"3":{"ros_timestamp":"1696511900.2496092","wall_type":"back","a":0.0004704607,"b":-0.9999999404,"c":-0.0000135402,"d":-2.9266459942,"shortest_distance":4.0934956608,"num_points":161,"plane_center_x":0.6251190901,"plane_center_y":-2.9263725281,"plane_center_z":1.5084309578,"color_id":4}}