{"0":{"ros_timestamp":"1696511900.5493062","wall_type":"left","a":0.9993968606,"b":0.0162464306,"c":-0.030692637,"d":1.3480513096,"shortest_distance":0.2378919776,"num_points":1039,"plane_center_x":-1.3049641848,"plane_center_y":0.003786287,"plane_center_z":1.4405354261,"color_id":1},"1":{"ros_timestamp":"1696511900.5493062","wall_type":"right","a":0.9998089075,"b":-0.0195467658,"c":-0.0002524889,"d":-1.1675490141,"shortest_distance":2.2735489834,"num_points":329,"plane_center_x":1.1736547947,"plane_center_y":0.2826220095,"plane_center_z":1.4145706892,"color_id":2},"2":{"ros_timestamp":"1696511900.5493062","wall_type":"front","a":0.008204584,"b":-0.9999633431,"c":-0.0024865547,"d":2.930524826,"shortest_distance":1.7666956575,"num_points":600,"plane_center_x":-0.0852799043,"plane_center_y":2.9265837669,"plane_center_z":1.3467084169,"color_id":3},"3":{"ros_timestamp":"1696511900.5493062","wall_type":"back","a":0.0004704607,"b":-0.9999999404,"c":-0.0000135402,"d":-2.9266459942,"shortest_distance":4.078416482,"num_points":161,"plane_center_x":0.6251190901,"plane_center_y":-2.9263725281,"plane_center_z":1.5084309578,"color_id":4}}