{"0":{"ros_timestamp":"1696511900.6723883","wall_type":"left","a":0.9999088645,"b":0.0083513325,"c":-0.0106044607,"d":1.3303807974,"shortest_distance":0.2402443373,"num_points":1196,"plane_center_x":-1.3103743792,"plane_center_y":-0.1791957468,"plane_center_z":1.4774730206,"color_id":1},"1":{"ros_timestamp":"1696511900.6723883","wall_type":"right","a":0.9999940991,"b":-0.003099401,"c":0.0015137248,"d":-1.1801655293,"shortest_distance":2.2651625601,"num_points":329,"plane_center_x":1.1789073944,"plane_center_y":0.2827066481,"plane_center_z":1.4145768881,"color_id":2},"2":{"ros_timestamp":"1696511900.6723883","wall_type":"front","a":0.0081765074,"b":-0.999963522,"c":-0.0024384854,"d":2.9304735661,"shortest_distance":1.78215008,"num_points":600,"plane_center_x":-0.0852178708,"plane_center_y":2.9265940189,"plane_center_z":1.3490140438,"color_id":3},"3":{"ros_timestamp":"1696511900.6723883","wall_type":"back","a":0.0004704607,"b":-0.9999999404,"c":-0.0000135402,"d":-2.9266459942,"shortest_distance":4.0630097241,"num_points":161,"plane_center_x":0.6251190901,"plane_center_y":-2.9263725281,"plane_center_z":1.5084309578,"color_id":4}}