{"0":{"ros_timestamp":"1696511900.7495415","wall_type":"left","a":0.9997877479,"b":0.0170042273,"c":0.0116299586,"d":1.2843488455,"shortest_distance":0.2382881393,"num_points":1067,"plane_center_x":-1.3045766354,"plane_center_y":-0.0124265216,"plane_center_z":1.5054215193,"color_id":1},"1":{"ros_timestamp":"1696511900.7495415","wall_type":"right","a":0.9999958873,"b":-0.0028822487,"c":0.0000697382,"d":-1.1790608168,"shortest_distance":2.2650219729,"num_points":329,"plane_center_x":1.1789073944,"plane_center_y":0.2827066481,"plane_center_z":1.4145768881,"color_id":2},"2":{"ros_timestamp":"1696511900.7495415","wall_type":"front","a":0.0081765074,"b":-0.999963522,"c":-0.0024384854,"d":2.9304735661,"shortest_distance":1.7977790798,"num_points":600,"plane_center_x":-0.0852178708,"plane_center_y":2.9265940189,"plane_center_z":1.3490140438,"color_id":3},"3":{"ros_timestamp":"1696511900.7495415","wall_type":"back","a":0.0004704607,"b":-0.9999999404,"c":-0.0000135402,"d":-2.9266459942,"shortest_distance":4.0473872419,"num_points":161,"plane_center_x":0.6251190901,"plane_center_y":-2.9263725281,"plane_center_z":1.5084309578,"color_id":4}}