{"0":{"ros_timestamp":"1696511901.049715","wall_type":"left","a":0.999999404,"b":-0.0010942091,"c":0.0000081084,"d":1.3277844191,"shortest_distance":0.2430350767,"num_points":168,"plane_center_x":-1.3295425177,"plane_center_y":-1.5980352163,"plane_center_z":1.0701109171,"color_id":1},"1":{"ros_timestamp":"1696511901.049715","wall_type":"right","a":0.9988937378,"b":-0.0464963503,"c":-0.0070252363,"d":-1.1374535561,"shortest_distance":2.281761227,"num_points":291,"plane_center_x":1.165489316,"plane_center_y":0.4011966288,"plane_center_z":1.4028089046,"color_id":2},"2":{"ros_timestamp":"1696511901.049715","wall_type":"front","a":0.0081646675,"b":-0.9999637008,"c":-0.0024250527,"d":2.9304609299,"shortest_distance":1.8129647135,"num_points":601,"plane_center_x":-0.087260738,"plane_center_y":2.9265801907,"plane_center_z":1.3502804041,"color_id":3},"3":{"ros_timestamp":"1696511901.049715","wall_type":"back","a":0.0004704607,"b":-0.9999999404,"c":-0.0000135402,"d":-2.9266459942,"shortest_distance":4.0322156999,"num_points":161,"plane_center_x":0.6251190901,"plane_center_y":-2.9263725281,"plane_center_z":1.5084309578,"color_id":4}}