{"0":{"ros_timestamp":"1696511901.8645413","wall_type":"left","a":0.9998805523,"b":0.0099534811,"c":0.0118219778,"d":1.2936288118,"shortest_distance":0.2464675933,"num_points":1173,"plane_center_x":-1.3091739416,"plane_center_y":-0.1614528,"plane_center_z":1.4483128786,"color_id":1},"1":{"ros_timestamp":"1696511901.8645413","wall_type":"right","a":0.9997377396,"b":-0.0221132208,"c":-0.0059607564,"d":-1.1608000994,"shortest_distance":2.2675474587,"num_points":329,"plane_center_x":1.1736547947,"plane_center_y":0.2826220095,"plane_center_z":1.4145706892,"color_id":2},"2":{"ros_timestamp":"1696511901.8645413","wall_type":"front","a":0.0081755314,"b":-0.9999636412,"c":-0.0024396146,"d":2.9304757118,"shortest_distance":1.8896678074,"num_points":599,"plane_center_x":-0.0832124203,"plane_center_y":2.9266088009,"plane_center_z":1.3497704268,"color_id":3},"3":{"ros_timestamp":"1696511901.8645413","wall_type":"back","a":0.0004704607,"b":-0.9999999404,"c":-0.0000135402,"d":-2.9266459942,"shortest_distance":3.9555543222,"num_points":161,"plane_center_x":0.6251190901,"plane_center_y":-2.9263725281,"plane_center_z":1.5084309578,"color_id":4}}