{"0":{"ros_timestamp":"1696511902.061362","wall_type":"left","a":0.9998582602,"b":0.00991101,"c":-0.0136076352,"d":1.3328828812,"shortest_distance":0.2489858041,"num_points":1215,"plane_center_x":-1.3112171888,"plane_center_y":-0.2014425695,"plane_center_z":1.4696185589,"color_id":1},"1":{"ros_timestamp":"1696511902.061362","wall_type":"right","a":0.999851644,"b":-0.0171883274,"c":0.0010817741,"d":-1.1708854437,"shortest_distance":2.2601268689,"num_points":329,"plane_center_x":1.1736547947,"plane_center_y":0.2826220095,"plane_center_z":1.4145706892,"color_id":2},"2":{"ros_timestamp":"1696511902.061362","wall_type":"front","a":0.0081765074,"b":-0.999963522,"c":-0.0024384854,"d":2.9304735661,"shortest_distance":1.9047953451,"num_points":600,"plane_center_x":-0.0852178708,"plane_center_y":2.9265940189,"plane_center_z":1.3490140438,"color_id":3},"3":{"ros_timestamp":"1696511902.061362","wall_type":"back","a":0.0004704607,"b":-0.9999999404,"c":-0.0000135402,"d":-2.9266459942,"shortest_distance":3.9404382199,"num_points":161,"plane_center_x":0.6251190901,"plane_center_y":-2.9263725281,"plane_center_z":1.5084309578,"color_id":4}}