{"0":{"ros_timestamp":"1696511902.1630032","wall_type":"left","a":0.9999924302,"b":0.0034885199,"c":-0.0017329436,"d":1.3194051981,"shortest_distance":0.2512815148,"num_points":1198,"plane_center_x":-1.312620163,"plane_center_y":-0.1589206755,"plane_center_z":1.467066884,"color_id":1},"1":{"ros_timestamp":"1696511902.1630032","wall_type":"right","a":0.9997867942,"b":-0.0205848403,"c":0.0016151803,"d":-1.1690217257,"shortest_distance":2.25591529,"num_points":329,"plane_center_x":1.1736547947,"plane_center_y":0.2826220095,"plane_center_z":1.4145706892,"color_id":2},"2":{"ros_timestamp":"1696511902.1630032","wall_type":"front","a":0.0082523571,"b":-0.9999628067,"c":-0.0024901174,"d":2.9305083752,"shortest_distance":1.9198353771,"num_points":596,"plane_center_x":-0.0772022754,"plane_center_y":2.9266240597,"plane_center_z":1.347795248,"color_id":3},"3":{"ros_timestamp":"1696511902.1630032","wall_type":"back","a":0.0004704607,"b":-0.9999999404,"c":-0.0000135402,"d":-2.9266459942,"shortest_distance":3.9253098034,"num_points":161,"plane_center_x":0.6251190901,"plane_center_y":-2.9263725281,"plane_center_z":1.5084309578,"color_id":4}}