{"0":{"ros_timestamp":"1696511814.5656683","wall_type":"right","a":0.9999909997,"b":-0.0041734888,"c":0.0007443371,"d":-1.339979887,"shortest_distance":1.4068271894,"num_points":385,"plane_center_x":1.3303954601,"plane_center_y":-2.0116767883,"plane_center_z":1.4547594786,"color_id":2},"1":{"ros_timestamp":"1696511814.5656683","wall_type":"back","a":-0.0002514466,"b":-0.9999999404,"c":-0.0000071201,"d":-2.9264237881,"shortest_distance":0.4720254558,"num_points":193,"plane_center_x":0.7124911547,"plane_center_y":-2.9266138077,"plane_center_z":1.5078158379,"color_id":4}}