{"0":{"ros_timestamp":"1696511903.4495707","wall_type":"left","a":0.9999493957,"b":0.0098464321,"c":0.00208552,"d":1.309795022,"shortest_distance":0.2793343017,"num_points":1243,"plane_center_x":-1.3113101721,"plane_center_y":-0.2561712861,"plane_center_z":1.4603404999,"color_id":1},"1":{"ros_timestamp":"1696511903.4495707","wall_type":"right","a":0.9998089075,"b":-0.0195467658,"c":-0.0002524889,"d":-1.1675490141,"shortest_distance":2.2276816367,"num_points":329,"plane_center_x":1.1736547947,"plane_center_y":0.2826220095,"plane_center_z":1.4145706892,"color_id":2},"2":{"ros_timestamp":"1696511903.4495707","wall_type":"front","a":0.0081765074,"b":-0.999963522,"c":-0.0024384854,"d":2.9304735661,"shortest_distance":2.0235593358,"num_points":600,"plane_center_x":-0.0852178708,"plane_center_y":2.9265940189,"plane_center_z":1.3490140438,"color_id":3},"3":{"ros_timestamp":"1696511903.4495707","wall_type":"back","a":0.0004704607,"b":-0.9999999404,"c":-0.0000135402,"d":-2.9266459942,"shortest_distance":3.821909972,"num_points":161,"plane_center_x":0.6251190901,"plane_center_y":-2.9263725281,"plane_center_z":1.5084309578,"color_id":4}}