{"0":{"ros_timestamp":"1696511903.8494754","wall_type":"left","a":0.9999781847,"b":0.0046836208,"c":0.0046418859,"d":1.3118925095,"shortest_distance":0.2959308593,"num_points":1124,"plane_center_x":-1.3157411814,"plane_center_y":-0.0771765038,"plane_center_z":1.4513272047,"color_id":1},"1":{"ros_timestamp":"1696511903.8494754","wall_type":"right","a":0.9999940991,"b":-0.003099401,"c":0.0015137248,"d":-1.1801655293,"shortest_distance":2.2074804139,"num_points":329,"plane_center_x":1.1789073944,"plane_center_y":0.2827066481,"plane_center_z":1.4145768881,"color_id":2},"2":{"ros_timestamp":"1696511903.8494754","wall_type":"front","a":0.0081986338,"b":-0.999963522,"c":-0.0024175134,"d":2.9304366112,"shortest_distance":2.066670543,"num_points":598,"plane_center_x":-0.0812119171,"plane_center_y":2.9266119003,"plane_center_z":1.350861311,"color_id":3},"3":{"ros_timestamp":"1696511903.8494754","wall_type":"back","a":0.0004704607,"b":-0.9999999404,"c":-0.0000135402,"d":-2.9266459942,"shortest_distance":3.7788882862,"num_points":161,"plane_center_x":0.6251190901,"plane_center_y":-2.9263725281,"plane_center_z":1.5084309578,"color_id":4}}