{"0":{"ros_timestamp":"1696511904.4495707","wall_type":"left","a":0.9999738932,"b":0.0053443015,"c":-0.0048590139,"d":1.3254007101,"shortest_distance":0.3099166765,"num_points":1282,"plane_center_x":-1.3121685982,"plane_center_y":-0.3140211701,"plane_center_z":1.4672025442,"color_id":1},"1":{"ros_timestamp":"1696511904.4495707","wall_type":"right","a":0.9999919534,"b":-0.0015676315,"c":0.0036781789,"d":-1.182205081,"shortest_distance":2.1903435235,"num_points":329,"plane_center_x":1.1789073944,"plane_center_y":0.2827066481,"plane_center_z":1.4145768881,"color_id":2},"2":{"ros_timestamp":"1696511904.4495707","wall_type":"front","a":0.0081765074,"b":-0.999963522,"c":-0.0024384854,"d":2.9304735661,"shortest_distance":2.1250793842,"num_points":600,"plane_center_x":-0.0852178708,"plane_center_y":2.9265940189,"plane_center_z":1.3490140438,"color_id":3},"3":{"ros_timestamp":"1696511904.4495707","wall_type":"back","a":0.0004704607,"b":-0.9999999404,"c":-0.0000135402,"d":-2.9266459942,"shortest_distance":3.7206176149,"num_points":161,"plane_center_x":0.6251190901,"plane_center_y":-2.9263725281,"plane_center_z":1.5084309578,"color_id":4}}