{"0":{"ros_timestamp":"1696511805.7669394","wall_type":"right","a":0.9999965429,"b":-0.0026197226,"c":-0.0002845928,"d":-1.3305255175,"shortest_distance":2.1668340119,"num_points":381,"plane_center_x":1.3257176876,"plane_center_y":-1.9949100018,"plane_center_z":1.4539527893,"color_id":2},"1":{"ros_timestamp":"1696511805.7669394","wall_type":"back","a":-0.0017989471,"b":-0.9999983311,"c":0.0000048203,"d":-2.9264793396,"shortest_distance":0.4354676165,"num_points":197,"plane_center_x":0.6732741594,"plane_center_y":-2.9276881218,"plane_center_z":1.5079402924,"color_id":4}}