{"0":{"ros_timestamp":"1695818919.3138947","wall_type":"floor","a":-0.0015780695,"b":-0.0016300248,"c":0.999997437,"d":0.0019141096,"shortest_distance":1.0008362948,"num_points":434,"plane_center_x":0.080570139,"plane_center_y":2.2244961262,"plane_center_z":0.0019533355,"color_id":0},"1":{"ros_timestamp":"1695818919.3138947","wall_type":"left","a":0.9998793006,"b":0.0154627357,"c":0.001525894,"d":1.3244028091,"shortest_distance":1.7811465221,"num_points":1201,"plane_center_x":-1.3254413605,"plane_center_y":-0.0454007983,"plane_center_z":1.035836339,"color_id":1},"2":{"ros_timestamp":"1695818919.3138947","wall_type":"right","a":0.9999053478,"b":0.0137598962,"c":-0.0000000192,"d":-1.3269832134,"shortest_distance":0.8721058565,"num_points":384,"plane_center_x":1.2945224047,"plane_center_y":2.3679924011,"plane_center_z":1.1670200825,"color_id":2},"3":{"ros_timestamp":"1695818919.3138947","wall_type":"front","a":0.0124045573,"b":-0.99992311,"c":0.0000155729,"d":2.9276957512,"shortest_distance":2.7264400568,"num_points":349,"plane_center_x":-0.0373150781,"plane_center_y":2.9274775982,"plane_center_z":1.2662723064,"color_id":3}}