{"0":{"ros_timestamp":"1695818919.995515","wall_type":"floor","a":-0.0017572935,"b":-0.0006485134,"c":0.9999982715,"d":-0.0003032457,"shortest_distance":0.9987433997,"num_points":440,"plane_center_x":0.060352724,"plane_center_y":2.1557297707,"plane_center_z":0.0018073261,"color_id":0},"1":{"ros_timestamp":"1695818919.995515","wall_type":"left","a":0.9998795986,"b":0.0154638086,"c":0.0012711399,"d":1.3246861696,"shortest_distance":1.7770872091,"num_points":1266,"plane_center_x":-1.3237198591,"plane_center_y":-0.1615041643,"plane_center_z":1.0464164019,"color_id":1},"2":{"ros_timestamp":"1695818919.995515","wall_type":"right","a":0.9999053478,"b":0.0137598962,"c":-0.0000000192,"d":-1.3269832134,"shortest_distance":0.8762096562,"num_points":384,"plane_center_x":1.2945224047,"plane_center_y":2.3679924011,"plane_center_z":1.1670200825,"color_id":2},"3":{"ros_timestamp":"1695818919.995515","wall_type":"front","a":0.0124042751,"b":-0.99992311,"c":0.0000146843,"d":2.9276969433,"shortest_distance":2.7173890034,"num_points":350,"plane_center_x":-0.0371624827,"plane_center_y":2.9274795055,"plane_center_z":1.262804389,"color_id":3}}