{"0":{"ros_timestamp":"1695818920.4746735","wall_type":"floor","a":-0.0018364678,"b":-0.0001760796,"c":0.9999983311,"d":-0.0013742223,"shortest_distance":0.9977455378,"num_points":446,"plane_center_x":0.0442743376,"plane_center_y":2.1002726555,"plane_center_z":0.0018253488,"color_id":0},"1":{"ros_timestamp":"1695818920.4746735","wall_type":"left","a":0.9998859763,"b":0.0150532899,"c":0.0011473163,"d":1.3255497217,"shortest_distance":1.7734687435,"num_points":1289,"plane_center_x":-1.3238476515,"plane_center_y":-0.2007352114,"plane_center_z":1.0481317043,"color_id":1},"2":{"ros_timestamp":"1695818920.4746735","wall_type":"right","a":0.9999053478,"b":0.0137598962,"c":-0.0000000192,"d":-1.3269832134,"shortest_distance":0.8804937594,"num_points":384,"plane_center_x":1.2945224047,"plane_center_y":2.3679924011,"plane_center_z":1.1670200825,"color_id":2},"3":{"ros_timestamp":"1695818920.4746735","wall_type":"front","a":0.0124042751,"b":-0.99992311,"c":0.0000146843,"d":2.9276969433,"shortest_distance":2.7084218907,"num_points":350,"plane_center_x":-0.0371624827,"plane_center_y":2.9274795055,"plane_center_z":1.262804389,"color_id":3}}