{"0":{"ros_timestamp":"1695818876.4566486","wall_type":"floor","a":-0.0000289078,"b":-0.0004237965,"c":0.9999998808,"d":-0.0013775581,"shortest_distance":0.9987989998,"num_points":344,"plane_center_x":0.0436078161,"plane_center_y":2.1762869358,"plane_center_z":0.0023011216,"color_id":0},"1":{"ros_timestamp":"1695818876.4566486","wall_type":"left","a":0.9999431968,"b":0.0106586637,"c":0.000204566,"d":1.3340693712,"shortest_distance":1.4472980401,"num_points":306,"plane_center_x":-1.353428483,"plane_center_y":1.7877327204,"plane_center_z":1.1115611792,"color_id":1},"2":{"ros_timestamp":"1695818876.4566486","wall_type":"right","a":0.9999053478,"b":0.0137598962,"c":-0.0000000192,"d":-1.3269832134,"shortest_distance":1.2154611812,"num_points":384,"plane_center_x":1.2945224047,"plane_center_y":2.3679924011,"plane_center_z":1.1670200825,"color_id":2}}