{"0":{"ros_timestamp":"1695818920.7412183","wall_type":"floor","a":-0.0018166564,"b":-0.0003401354,"c":0.9999983311,"d":-0.000999806,"shortest_distance":0.9980944718,"num_points":449,"plane_center_x":0.0364234373,"plane_center_y":2.0730547905,"plane_center_z":0.0017710971,"color_id":0},"1":{"ros_timestamp":"1695818920.7412183","wall_type":"left","a":0.999886632,"b":0.0149919651,"c":0.0013654929,"d":1.325214982,"shortest_distance":1.7711350238,"num_points":1291,"plane_center_x":-1.323749423,"plane_center_y":-0.2049337178,"plane_center_z":1.0482091904,"color_id":1},"2":{"ros_timestamp":"1695818920.7412183","wall_type":"right","a":0.9999053478,"b":0.0137598962,"c":-0.0000000192,"d":-1.3269832134,"shortest_distance":0.882702892,"num_points":384,"plane_center_x":1.2945224047,"plane_center_y":2.3679924011,"plane_center_z":1.1670200825,"color_id":2},"3":{"ros_timestamp":"1695818920.7412183","wall_type":"front","a":0.0124042751,"b":-0.99992311,"c":0.0000146843,"d":2.9276969433,"shortest_distance":2.7039710038,"num_points":350,"plane_center_x":-0.0371624827,"plane_center_y":2.9274795055,"plane_center_z":1.262804389,"color_id":3}}