{"0":{"ros_timestamp":"1695818921.135884","wall_type":"floor","a":-0.001848623,"b":-0.0001562268,"c":0.9999983311,"d":-0.00141472,"shortest_distance":0.9977148664,"num_points":452,"plane_center_x":0.0285865255,"plane_center_y":2.0450704098,"plane_center_z":0.0017870634,"color_id":0},"1":{"ros_timestamp":"1695818921.135884","wall_type":"left","a":0.9998798966,"b":0.0154558131,"c":0.0011754456,"d":1.3247109652,"shortest_distance":1.7660078505,"num_points":1358,"plane_center_x":-1.3212102652,"plane_center_y":-0.3173778355,"plane_center_z":1.054894805,"color_id":1},"2":{"ros_timestamp":"1695818921.135884","wall_type":"right","a":0.9999053478,"b":0.0137598962,"c":-0.0000000192,"d":-1.3269832134,"shortest_distance":0.8872542149,"num_points":384,"plane_center_x":1.2945224047,"plane_center_y":2.3679924011,"plane_center_z":1.1670200825,"color_id":2},"3":{"ros_timestamp":"1695818921.135884","wall_type":"front","a":0.0124042751,"b":-0.99992311,"c":0.0000146843,"d":2.9276969433,"shortest_distance":2.6951367946,"num_points":350,"plane_center_x":-0.0371624827,"plane_center_y":2.9274795055,"plane_center_z":1.262804389,"color_id":3}}