{"0":{"ros_timestamp":"1695818921.275307","wall_type":"floor","a":-0.0018328285,"b":-0.0002655488,"c":0.9999983311,"d":-0.0011670914,"shortest_distance":0.9979433757,"num_points":453,"plane_center_x":0.0261869598,"plane_center_y":2.0349712372,"plane_center_z":0.0017554746,"color_id":0},"1":{"ros_timestamp":"1695818921.275307","wall_type":"left","a":0.9998845458,"b":0.0151051497,"c":0.0016393915,"d":1.3243699074,"shortest_distance":1.7660493962,"num_points":1384,"plane_center_x":-1.3209661245,"plane_center_y":-0.3581670523,"plane_center_z":1.0542125702,"color_id":1},"2":{"ros_timestamp":"1695818921.275307","wall_type":"right","a":0.9999053478,"b":0.0137598962,"c":-0.0000000192,"d":-1.3269832134,"shortest_distance":0.8872542149,"num_points":384,"plane_center_x":1.2945224047,"plane_center_y":2.3679924011,"plane_center_z":1.1670200825,"color_id":2},"3":{"ros_timestamp":"1695818921.275307","wall_type":"front","a":0.0124042751,"b":-0.99992311,"c":0.0000146843,"d":2.9276969433,"shortest_distance":2.6951367946,"num_points":350,"plane_center_x":-0.0371624827,"plane_center_y":2.9274795055,"plane_center_z":1.262804389,"color_id":3}}