{"0":{"ros_timestamp":"1695818921.5547347","wall_type":"floor","a":-0.0018572243,"b":-0.0000522944,"c":0.9999982715,"d":-0.0016549057,"shortest_distance":0.9975042058,"num_points":459,"plane_center_x":0.0111749656,"plane_center_y":1.9797666073,"plane_center_z":0.0017791939,"color_id":0},"1":{"ros_timestamp":"1695818921.5547347","wall_type":"left","a":0.9998879433,"b":0.0148805724,"c":0.0016261046,"d":1.3251157999,"shortest_distance":1.7620126243,"num_points":1408,"plane_center_x":-1.3211932182,"plane_center_y":-0.3968703449,"plane_center_z":1.0594489574,"color_id":1},"2":{"ros_timestamp":"1695818921.5547347","wall_type":"right","a":0.9999053478,"b":0.0137598962,"c":-0.0000000192,"d":-1.3269832134,"shortest_distance":0.8919814236,"num_points":384,"plane_center_x":1.2945224047,"plane_center_y":2.3679924011,"plane_center_z":1.1670200825,"color_id":2},"3":{"ros_timestamp":"1695818921.5547347","wall_type":"front","a":0.0124042751,"b":-0.99992311,"c":0.0000146843,"d":2.9276969433,"shortest_distance":2.6863956122,"num_points":350,"plane_center_x":-0.0371624827,"plane_center_y":2.9274795055,"plane_center_z":1.262804389,"color_id":3}}