{"0":{"ros_timestamp":"1695818876.6196268","wall_type":"floor","a":0.0017185758,"b":-0.0001953044,"c":0.9999985099,"d":-0.0007368227,"shortest_distance":0.9995425546,"num_points":332,"plane_center_x":-0.0015864939,"plane_center_y":2.1682486534,"plane_center_z":0.0011630196,"color_id":0},"1":{"ros_timestamp":"1695818876.6196268","wall_type":"left","a":0.9999234676,"b":0.0123719769,"c":0.0000900491,"d":1.3261961937,"shortest_distance":1.4433183893,"num_points":306,"plane_center_x":-1.3485273123,"plane_center_y":1.7885348797,"plane_center_z":1.1116006374,"color_id":1},"2":{"ros_timestamp":"1695818876.6196268","wall_type":"right","a":0.9999126792,"b":0.0131944334,"c":-0.0007327893,"d":-1.3245575428,"shortest_distance":1.208655671,"num_points":396,"plane_center_x":1.2943818569,"plane_center_y":2.3685481548,"plane_center_z":1.1326767206,"color_id":2}}