{"0":{"ros_timestamp":"1695818921.8059394","wall_type":"floor","a":-0.0018550799,"b":-0.0001144146,"c":0.9999982715,"d":-0.0015107717,"shortest_distance":0.9976339399,"num_points":460,"plane_center_x":0.0085247746,"plane_center_y":1.9701639414,"plane_center_z":0.0017520044,"color_id":0},"1":{"ros_timestamp":"1695818921.8059394","wall_type":"left","a":0.9998914599,"b":0.0144866584,"c":0.0026805222,"d":1.3236777782,"shortest_distance":1.7615333332,"num_points":1407,"plane_center_x":-1.3214635849,"plane_center_y":-0.394921273,"plane_center_z":1.0601973534,"color_id":1},"2":{"ros_timestamp":"1695818921.8059394","wall_type":"right","a":0.9999053478,"b":0.0137598962,"c":-0.0000000192,"d":-1.3269832134,"shortest_distance":0.8919814236,"num_points":384,"plane_center_x":1.2945224047,"plane_center_y":2.3679924011,"plane_center_z":1.1670200825,"color_id":2},"3":{"ros_timestamp":"1695818921.8059394","wall_type":"front","a":0.0124042751,"b":-0.99992311,"c":0.0000146843,"d":2.9276969433,"shortest_distance":2.6863956122,"num_points":350,"plane_center_x":-0.0371624827,"plane_center_y":2.9274795055,"plane_center_z":1.262804389,"color_id":3}}