{"0":{"ros_timestamp":"1695818921.8502052","wall_type":"floor","a":-0.0018537879,"b":-0.0001677761,"c":0.9999983311,"d":-0.0013865271,"shortest_distance":0.9977494644,"num_points":462,"plane_center_x":0.0038551695,"plane_center_y":1.952301383,"plane_center_z":0.0017212261,"color_id":0},"1":{"ros_timestamp":"1695818921.8502052","wall_type":"left","a":0.9998850822,"b":0.0150162997,"c":0.0021029462,"d":1.323879838,"shortest_distance":1.7588621236,"num_points":1434,"plane_center_x":-1.3199765682,"plane_center_y":-0.4351354539,"plane_center_z":1.0617302656,"color_id":1},"2":{"ros_timestamp":"1695818921.8502052","wall_type":"right","a":0.9999053478,"b":0.0137598962,"c":-0.0000000192,"d":-1.3269832134,"shortest_distance":0.8944103969,"num_points":384,"plane_center_x":1.2945224047,"plane_center_y":2.3679924011,"plane_center_z":1.1670200825,"color_id":2},"3":{"ros_timestamp":"1695818921.8502052","wall_type":"front","a":0.0124042751,"b":-0.99992311,"c":0.0000146843,"d":2.9276969433,"shortest_distance":2.6820610001,"num_points":350,"plane_center_x":-0.0371624827,"plane_center_y":2.9274795055,"plane_center_z":1.262804389,"color_id":3}}