{"0":{"ros_timestamp":"1695818922.4445","wall_type":"floor","a":-0.0018643737,"b":-0.0001204192,"c":0.9999982715,"d":-0.0014927933,"shortest_distance":0.9976590193,"num_points":470,"plane_center_x":-0.0146956649,"plane_center_y":1.8814190626,"plane_center_z":0.001691957,"color_id":0},"1":{"ros_timestamp":"1695818922.4445","wall_type":"left","a":0.999884069,"b":0.0151629699,"c":0.0013890628,"d":1.3246130943,"shortest_distance":1.7539425842,"num_points":1480,"plane_center_x":-1.3185952902,"plane_center_y":-0.5070031881,"plane_center_z":1.0658282042,"color_id":1},"2":{"ros_timestamp":"1695818922.4445","wall_type":"right","a":0.9999053478,"b":0.0137598962,"c":-0.0000000192,"d":-1.3269832134,"shortest_distance":0.8993978671,"num_points":384,"plane_center_x":1.2945224047,"plane_center_y":2.3679924011,"plane_center_z":1.1670200825,"color_id":2},"3":{"ros_timestamp":"1695818922.4445","wall_type":"front","a":0.0124042751,"b":-0.99992311,"c":0.0000146843,"d":2.9276969433,"shortest_distance":2.6734659015,"num_points":350,"plane_center_x":-0.0371624827,"plane_center_y":2.9274795055,"plane_center_z":1.262804389,"color_id":3}}