{"0":{"ros_timestamp":"1695818876.7022848","wall_type":"floor","a":0.0016251917,"b":-0.0003118577,"c":0.9999986291,"d":-0.0004108961,"shortest_distance":0.9999132666,"num_points":334,"plane_center_x":-0.0084833633,"plane_center_y":2.1655066013,"plane_center_z":0.0011000145,"color_id":0},"1":{"ros_timestamp":"1695818876.7022848","wall_type":"left","a":0.9999441504,"b":0.0105681773,"c":0.0002917561,"d":1.334171176,"shortest_distance":1.4523664854,"num_points":308,"plane_center_x":-1.353405118,"plane_center_y":1.7819818258,"plane_center_z":1.1174519062,"color_id":1},"2":{"ros_timestamp":"1695818876.7022848","wall_type":"right","a":0.9999155402,"b":0.0129052354,"c":-0.0015606463,"d":-1.3226400614,"shortest_distance":1.2074263206,"num_points":396,"plane_center_x":1.2943818569,"plane_center_y":2.3685481548,"plane_center_z":1.1326767206,"color_id":2}}