{"0":{"ros_timestamp":"1695818922.6674242","wall_type":"floor","a":-0.0018694467,"b":-0.0001004035,"c":0.9999982119,"d":-0.001537393,"shortest_distance":0.9976219225,"num_points":475,"plane_center_x":-0.0255740825,"plane_center_y":1.8378112316,"plane_center_z":0.0016741093,"color_id":0},"1":{"ros_timestamp":"1695818922.6674242","wall_type":"left","a":0.9998824,"b":0.0152658867,"c":0.0015204166,"d":1.3244309425,"shortest_distance":1.7513660587,"num_points":1481,"plane_center_x":-1.3185201883,"plane_center_y":-0.5091922283,"plane_center_z":1.0666115284,"color_id":1},"2":{"ros_timestamp":"1695818922.6674242","wall_type":"right","a":0.9999053478,"b":0.0137598962,"c":-0.0000000192,"d":-1.3269832134,"shortest_distance":0.9019558652,"num_points":384,"plane_center_x":1.2945224047,"plane_center_y":2.3679924011,"plane_center_z":1.1670200825,"color_id":2},"3":{"ros_timestamp":"1695818922.6674242","wall_type":"front","a":0.0124042751,"b":-0.99992311,"c":0.0000146843,"d":2.9276969433,"shortest_distance":2.6692062744,"num_points":350,"plane_center_x":-0.0371624827,"plane_center_y":2.9274795055,"plane_center_z":1.262804389,"color_id":3}}