{"0":{"ros_timestamp":"1695818922.8962765","wall_type":"floor","a":-0.001881146,"b":-0.0000506481,"c":0.9999982715,"d":-0.0016477803,"shortest_distance":0.9975244981,"num_points":487,"plane_center_x":-0.0514197946,"plane_center_y":1.7361940145,"plane_center_z":0.00163899,"color_id":0},"1":{"ros_timestamp":"1695818922.8962765","wall_type":"left","a":0.9998829961,"b":0.0152303716,"c":0.0014657037,"d":1.3244898319,"shortest_distance":1.748766905,"num_points":1481,"plane_center_x":-1.3185366392,"plane_center_y":-0.506716907,"plane_center_z":1.0679452419,"color_id":1},"2":{"ros_timestamp":"1695818922.8962765","wall_type":"right","a":0.9999053478,"b":0.0137598962,"c":-0.0000000192,"d":-1.3269832134,"shortest_distance":0.9045563657,"num_points":384,"plane_center_x":1.2945224047,"plane_center_y":2.3679924011,"plane_center_z":1.1670200825,"color_id":2},"3":{"ros_timestamp":"1695818922.8962765","wall_type":"front","a":0.0124042751,"b":-0.99992311,"c":0.0000146843,"d":2.9276969433,"shortest_distance":2.6649724977,"num_points":350,"plane_center_x":-0.0371624827,"plane_center_y":2.9274795055,"plane_center_z":1.262804389,"color_id":3}}