{"0":{"ros_timestamp":"1695818922.9963925","wall_type":"floor","a":-0.0018810333,"b":-0.000051177,"c":0.9999982715,"d":-0.0016466036,"shortest_distance":0.9975255805,"num_points":487,"plane_center_x":-0.0513386428,"plane_center_y":1.73612535,"plane_center_z":0.0016388864,"color_id":0},"1":{"ros_timestamp":"1695818922.9963925","wall_type":"left","a":0.9998845458,"b":0.0150983064,"c":0.0017701725,"d":1.3246926069,"shortest_distance":1.7492393338,"num_points":1483,"plane_center_x":-1.3192634583,"plane_center_y":-0.5090137124,"plane_center_z":1.0694401264,"color_id":1},"2":{"ros_timestamp":"1695818922.9963925","wall_type":"right","a":0.9999053478,"b":0.0137598962,"c":-0.0000000192,"d":-1.3269832134,"shortest_distance":0.9045563657,"num_points":384,"plane_center_x":1.2945224047,"plane_center_y":2.3679924011,"plane_center_z":1.1670200825,"color_id":2},"3":{"ros_timestamp":"1695818922.9963925","wall_type":"front","a":0.0124042751,"b":-0.99992311,"c":0.0000146843,"d":2.9276969433,"shortest_distance":2.6649724977,"num_points":350,"plane_center_x":-0.0371624827,"plane_center_y":2.9274795055,"plane_center_z":1.262804389,"color_id":3}}