{"0":{"ros_timestamp":"1695818923.6399927","wall_type":"floor","a":-0.0018817148,"b":-0.0000434314,"c":0.9999982119,"d":-0.0016643457,"shortest_distance":0.9975245657,"num_points":497,"plane_center_x":-0.0701222047,"plane_center_y":1.6577479839,"plane_center_z":0.001604397,"color_id":0},"1":{"ros_timestamp":"1695818923.6399927","wall_type":"left","a":0.999881804,"b":0.0151896933,"c":0.0023487599,"d":1.3240685463,"shortest_distance":1.7411815627,"num_points":1490,"plane_center_x":-1.3193281889,"plane_center_y":-0.5165632963,"plane_center_z":1.0689357519,"color_id":1},"2":{"ros_timestamp":"1695818923.6399927","wall_type":"right","a":0.9999053478,"b":0.0137598962,"c":-0.0000000192,"d":-1.3269832134,"shortest_distance":0.9126102599,"num_points":384,"plane_center_x":1.2945224047,"plane_center_y":2.3679924011,"plane_center_z":1.1670200825,"color_id":2},"3":{"ros_timestamp":"1695818923.6399927","wall_type":"front","a":0.0124042751,"b":-0.99992311,"c":0.0000146843,"d":2.9276969433,"shortest_distance":2.6524304899,"num_points":350,"plane_center_x":-0.0371624827,"plane_center_y":2.9274795055,"plane_center_z":1.262804389,"color_id":3}}