{"0":{"ros_timestamp":"1695818923.8464258","wall_type":"floor","a":-0.0018301741,"b":-0.0001107826,"c":0.9999983311,"d":-0.0016508007,"shortest_distance":0.9975451925,"num_points":501,"plane_center_x":-0.07500083,"plane_center_y":1.6174435616,"plane_center_z":0.0015919438,"color_id":0},"1":{"ros_timestamp":"1695818923.8464258","wall_type":"left","a":0.9998898506,"b":0.0144893387,"c":0.0032215037,"d":1.3225539923,"shortest_distance":1.7375816739,"num_points":1496,"plane_center_x":-1.3191721439,"plane_center_y":-0.5221256018,"plane_center_z":1.0647110939,"color_id":1},"2":{"ros_timestamp":"1695818923.8464258","wall_type":"right","a":0.9999053478,"b":0.0137598962,"c":-0.0000000192,"d":-1.3269832134,"shortest_distance":0.9153781273,"num_points":384,"plane_center_x":1.2945224047,"plane_center_y":2.3679924011,"plane_center_z":1.1670200825,"color_id":2},"3":{"ros_timestamp":"1695818923.8464258","wall_type":"front","a":0.0124042751,"b":-0.99992311,"c":0.0000146843,"d":2.9276969433,"shortest_distance":2.6483043217,"num_points":350,"plane_center_x":-0.0371624827,"plane_center_y":2.9274795055,"plane_center_z":1.262804389,"color_id":3}}