{"0":{"ros_timestamp":"1695818924.6022942","wall_type":"floor","a":-0.0018330034,"b":-0.000087832,"c":0.9999983311,"d":-0.0017032751,"shortest_distance":0.9975130057,"num_points":535,"plane_center_x":-0.1301002651,"plane_center_y":1.3734413385,"plane_center_z":0.0014910331,"color_id":0},"1":{"ros_timestamp":"1695818924.6022942","wall_type":"left","a":0.9998815656,"b":0.0142307384,"c":0.0058635292,"d":1.3193025589,"shortest_distance":1.7283517179,"num_points":1496,"plane_center_x":-1.31932199,"plane_center_y":-0.5206807256,"plane_center_z":1.0689600706,"color_id":1},"2":{"ros_timestamp":"1695818924.6022942","wall_type":"right","a":0.9999053478,"b":0.0137598962,"c":-0.0000000192,"d":-1.3269832134,"shortest_distance":0.9239275629,"num_points":384,"plane_center_x":1.2945224047,"plane_center_y":2.3679924011,"plane_center_z":1.1670200825,"color_id":2},"3":{"ros_timestamp":"1695818924.6022942","wall_type":"front","a":0.0124042751,"b":-0.99992311,"c":0.0000146843,"d":2.9276969433,"shortest_distance":2.6360950963,"num_points":350,"plane_center_x":-0.0371624827,"plane_center_y":2.9274795055,"plane_center_z":1.262804389,"color_id":3}}