{"0":{"ros_timestamp":"1695818925.609086","wall_type":"floor","a":-0.0018816605,"b":-0.0000297647,"c":0.9999982119,"d":-0.0016953205,"shortest_distance":0.9975411305,"num_points":557,"plane_center_x":-0.1590063274,"plane_center_y":1.2266111374,"plane_center_z":0.0014326368,"color_id":0},"1":{"ros_timestamp":"1695818925.609086","wall_type":"left","a":0.9998863339,"b":0.0149965854,"c":0.0015773133,"d":1.3248928785,"shortest_distance":1.7179425137,"num_points":1495,"plane_center_x":-1.3190283775,"plane_center_y":-0.5164812207,"plane_center_z":1.0712317228,"color_id":1},"2":{"ros_timestamp":"1695818925.609086","wall_type":"right","a":0.9999053478,"b":0.0137598962,"c":-0.0000000192,"d":-1.3269832134,"shortest_distance":0.935889669,"num_points":384,"plane_center_x":1.2945224047,"plane_center_y":2.3679924011,"plane_center_z":1.1670200825,"color_id":2},"3":{"ros_timestamp":"1695818925.609086","wall_type":"front","a":0.0124042751,"b":-0.99992311,"c":0.0000146843,"d":2.9276969433,"shortest_distance":2.6202262266,"num_points":350,"plane_center_x":-0.0371624827,"plane_center_y":2.9274795055,"plane_center_z":1.262804389,"color_id":3}}