{"0":{"ros_timestamp":"1695818925.6600256","wall_type":"floor","a":-0.0018662579,"b":0.0000008004,"c":0.9999982715,"d":-0.0017681915,"shortest_distance":0.9974837929,"num_points":562,"plane_center_x":-0.1659476012,"plane_center_y":1.1946253777,"plane_center_z":0.0014575369,"color_id":0},"1":{"ros_timestamp":"1695818925.6600256","wall_type":"left","a":0.9998902082,"b":0.014174643,"c":0.0043389159,"d":1.3210446835,"shortest_distance":1.7166005597,"num_points":1493,"plane_center_x":-1.3195815086,"plane_center_y":-0.5137907863,"plane_center_z":1.0726168156,"color_id":1},"2":{"ros_timestamp":"1695818925.6600256","wall_type":"right","a":0.9999053478,"b":0.0137598962,"c":-0.0000000192,"d":-1.3269832134,"shortest_distance":0.935889669,"num_points":384,"plane_center_x":1.2945224047,"plane_center_y":2.3679924011,"plane_center_z":1.1670200825,"color_id":2},"3":{"ros_timestamp":"1695818925.6600256","wall_type":"front","a":0.0124042751,"b":-0.99992311,"c":0.0000146843,"d":2.9276969433,"shortest_distance":2.6202262266,"num_points":350,"plane_center_x":-0.0371624827,"plane_center_y":2.9274795055,"plane_center_z":1.262804389,"color_id":3}}