{"0":{"ros_timestamp":"1695818926.077219","wall_type":"floor","a":-0.0018545146,"b":0.0000051415,"c":0.9999983311,"d":-0.0017811347,"shortest_distance":0.9974826173,"num_points":568,"plane_center_x":-0.1715649962,"plane_center_y":1.1574083567,"plane_center_z":0.0014570166,"color_id":0},"1":{"ros_timestamp":"1695818926.077219","wall_type":"left","a":0.9998901486,"b":0.014785191,"c":0.0009913425,"d":1.3262650967,"shortest_distance":1.7155793201,"num_points":1494,"plane_center_x":-1.3197780848,"plane_center_y":-0.516387403,"plane_center_z":1.0733428001,"color_id":1},"2":{"ros_timestamp":"1695818926.077219","wall_type":"right","a":0.9999053478,"b":0.0137598962,"c":-0.0000000192,"d":-1.3269832134,"shortest_distance":0.9389787256,"num_points":384,"plane_center_x":1.2945224047,"plane_center_y":2.3679924011,"plane_center_z":1.1670200825,"color_id":2},"3":{"ros_timestamp":"1695818926.077219","wall_type":"front","a":0.0124042751,"b":-0.99992311,"c":0.0000146843,"d":2.9276969433,"shortest_distance":2.6163348956,"num_points":350,"plane_center_x":-0.0371624827,"plane_center_y":2.9274795055,"plane_center_z":1.262804389,"color_id":3}}