{"0":{"ros_timestamp":"1695818926.1903503","wall_type":"floor","a":-0.0018724231,"b":-0.0000213966,"c":0.9999982715,"d":-0.0017148867,"shortest_distance":0.9975335701,"num_points":570,"plane_center_x":-0.1718156934,"plane_center_y":1.1435024738,"plane_center_z":0.0014176446,"color_id":0},"1":{"ros_timestamp":"1695818926.1903503","wall_type":"left","a":0.9998837113,"b":0.015150981,"c":0.0016827987,"d":1.3249021769,"shortest_distance":1.7150210811,"num_points":1496,"plane_center_x":-1.3190944195,"plane_center_y":-0.5189378262,"plane_center_z":1.0719736814,"color_id":1},"2":{"ros_timestamp":"1695818926.1903503","wall_type":"right","a":0.9999053478,"b":0.0137598962,"c":-0.0000000192,"d":-1.3269832134,"shortest_distance":0.9389787256,"num_points":384,"plane_center_x":1.2945224047,"plane_center_y":2.3679924011,"plane_center_z":1.1670200825,"color_id":2},"3":{"ros_timestamp":"1695818926.1903503","wall_type":"front","a":0.0124042751,"b":-0.99992311,"c":0.0000146843,"d":2.9276969433,"shortest_distance":2.6163348956,"num_points":350,"plane_center_x":-0.0371624827,"plane_center_y":2.9274795055,"plane_center_z":1.262804389,"color_id":3}}