{"0":{"ros_timestamp":"1695818927.201514","wall_type":"floor","a":-0.0019256168,"b":0.0000538622,"c":0.9999981523,"d":-0.0018681159,"shortest_distance":0.9974093721,"num_points":584,"plane_center_x":-0.1860801727,"plane_center_y":1.0574967861,"plane_center_z":0.0014528403,"color_id":0},"1":{"ros_timestamp":"1695818927.201514","wall_type":"left","a":0.9998865724,"b":0.014363219,"c":0.0045350874,"d":1.3204061985,"shortest_distance":1.7003974497,"num_points":1495,"plane_center_x":-1.3191770315,"plane_center_y":-0.5175400376,"plane_center_z":1.0742138624,"color_id":1},"2":{"ros_timestamp":"1695818927.201514","wall_type":"right","a":0.9999053478,"b":0.0137598962,"c":-0.0000000192,"d":-1.3269832134,"shortest_distance":0.9517198063,"num_points":384,"plane_center_x":1.2945224047,"plane_center_y":2.3679924011,"plane_center_z":1.1670200825,"color_id":2},"3":{"ros_timestamp":"1695818927.201514","wall_type":"front","a":0.0124042751,"b":-0.99992311,"c":0.0000146843,"d":2.9276969433,"shortest_distance":2.6010847899,"num_points":350,"plane_center_x":-0.0371624827,"plane_center_y":2.9274795055,"plane_center_z":1.262804389,"color_id":3}}