{"0":{"ros_timestamp":"1695818927.434408","wall_type":"floor","a":-0.0019319698,"b":0.0000592087,"c":0.9999981523,"d":-0.0018784802,"shortest_distance":0.9973984109,"num_points":588,"plane_center_x":-0.1901122779,"plane_center_y":1.0357903242,"plane_center_z":0.001449864,"color_id":0},"1":{"ros_timestamp":"1695818927.434408","wall_type":"left","a":0.9998881817,"b":0.0149014695,"c":0.0012093277,"d":1.3254387379,"shortest_distance":1.7022833183,"num_points":1496,"plane_center_x":-1.3191529512,"plane_center_y":-0.5189534426,"plane_center_z":1.0749855042,"color_id":1},"2":{"ros_timestamp":"1695818927.434408","wall_type":"right","a":0.9999053478,"b":0.0137598962,"c":-0.0000000192,"d":-1.3269832134,"shortest_distance":0.9517198063,"num_points":384,"plane_center_x":1.2945224047,"plane_center_y":2.3679924011,"plane_center_z":1.1670200825,"color_id":2},"3":{"ros_timestamp":"1695818927.434408","wall_type":"front","a":0.0124042751,"b":-0.99992311,"c":0.0000146843,"d":2.9276969433,"shortest_distance":2.6010847899,"num_points":350,"plane_center_x":-0.0371624827,"plane_center_y":2.9274795055,"plane_center_z":1.262804389,"color_id":3}}