{"0":{"ros_timestamp":"1695818927.502842","wall_type":"floor","a":-0.0019429332,"b":0.0000725792,"c":0.9999980927,"d":-0.0019056051,"shortest_distance":0.997378368,"num_points":590,"plane_center_x":-0.1916978955,"plane_center_y":1.0233135223,"plane_center_z":0.0014588805,"color_id":0},"1":{"ros_timestamp":"1695818927.502842","wall_type":"left","a":0.9998893738,"b":0.0148254465,"c":0.0011662572,"d":1.325923562,"shortest_distance":1.6994244085,"num_points":1496,"plane_center_x":-1.3196226358,"plane_center_y":-0.519421339,"plane_center_z":1.0749742985,"color_id":1},"2":{"ros_timestamp":"1695818927.502842","wall_type":"right","a":0.9999053478,"b":0.0137598962,"c":-0.0000000192,"d":-1.3269832134,"shortest_distance":0.9549996974,"num_points":384,"plane_center_x":1.2945224047,"plane_center_y":2.3679924011,"plane_center_z":1.1670200825,"color_id":2},"3":{"ros_timestamp":"1695818927.502842","wall_type":"front","a":0.0124042751,"b":-0.99992311,"c":0.0000146843,"d":2.9276969433,"shortest_distance":2.5973529743,"num_points":350,"plane_center_x":-0.0371624827,"plane_center_y":2.9274795055,"plane_center_z":1.262804389,"color_id":3}}