{"0":{"ros_timestamp":"1695818928.0067377","wall_type":"floor","a":-0.0019633784,"b":0.0001001989,"c":0.9999980927,"d":-0.0020873761,"shortest_distance":0.9972052726,"num_points":597,"plane_center_x":-0.1964239329,"plane_center_y":0.9837368131,"plane_center_z":0.0015182814,"color_id":0},"1":{"ros_timestamp":"1695818928.0067377","wall_type":"left","a":0.9998885393,"b":0.0148801785,"c":0.0012262426,"d":1.3254907131,"shortest_distance":1.6957565481,"num_points":1497,"plane_center_x":-1.3192183971,"plane_center_y":-0.5200462937,"plane_center_z":1.0756876469,"color_id":1},"2":{"ros_timestamp":"1695818928.0067377","wall_type":"right","a":0.9999053478,"b":0.0137598962,"c":-0.0000000192,"d":-1.3269832134,"shortest_distance":0.9583167866,"num_points":384,"plane_center_x":1.2945224047,"plane_center_y":2.3679924011,"plane_center_z":1.1670200825,"color_id":2},"3":{"ros_timestamp":"1695818928.0067377","wall_type":"front","a":0.0124042751,"b":-0.99992311,"c":0.0000146843,"d":2.9276969433,"shortest_distance":2.5936541943,"num_points":350,"plane_center_x":-0.0371624827,"plane_center_y":2.9274795055,"plane_center_z":1.262804389,"color_id":3}}