{"0":{"ros_timestamp":"1695818928.5762389","wall_type":"floor","a":-0.0019662434,"b":0.0000960647,"c":0.999998033,"d":-0.0019467159,"shortest_distance":0.9973576352,"num_points":619,"plane_center_x":-0.2117848396,"plane_center_y":0.8690041304,"plane_center_z":0.0014468175,"color_id":0},"1":{"ros_timestamp":"1695818928.5762389","wall_type":"left","a":0.9998899698,"b":0.0147880763,"c":0.0011693327,"d":1.3260071278,"shortest_distance":1.6894484753,"num_points":1497,"plane_center_x":-1.3197102547,"plane_center_y":-0.5185210109,"plane_center_z":1.0756524801,"color_id":1},"2":{"ros_timestamp":"1695818928.5762389","wall_type":"right","a":0.9999053478,"b":0.0137598962,"c":-0.0000000192,"d":-1.3269832134,"shortest_distance":0.9650612284,"num_points":384,"plane_center_x":1.2945224047,"plane_center_y":2.3679924011,"plane_center_z":1.1670200825,"color_id":2},"3":{"ros_timestamp":"1695818928.5762389","wall_type":"front","a":0.0124042751,"b":-0.99992311,"c":0.0000146843,"d":2.9276969433,"shortest_distance":2.5863572172,"num_points":350,"plane_center_x":-0.0371624827,"plane_center_y":2.9274795055,"plane_center_z":1.262804389,"color_id":3}}