{"0":{"ros_timestamp":"1695818928.7005548","wall_type":"floor","a":-0.0020213597,"b":0.0001741722,"c":0.9999979734,"d":-0.0021093704,"shortest_distance":0.9972098286,"num_points":623,"plane_center_x":-0.2151069492,"plane_center_y":0.8478668928,"plane_center_z":0.0015268902,"color_id":0},"1":{"ros_timestamp":"1695818928.7005548","wall_type":"left","a":0.9998880029,"b":0.0149016017,"c":0.0013727085,"d":1.3252865076,"shortest_distance":1.6855472607,"num_points":1496,"plane_center_x":-1.3192254305,"plane_center_y":-0.5180873275,"plane_center_z":1.076385498,"color_id":1},"2":{"ros_timestamp":"1695818928.7005548","wall_type":"right","a":0.9999053478,"b":0.0137598962,"c":-0.0000000192,"d":-1.3269832134,"shortest_distance":0.9684879068,"num_points":384,"plane_center_x":1.2945224047,"plane_center_y":2.3679924011,"plane_center_z":1.1670200825,"color_id":2},"3":{"ros_timestamp":"1695818928.7005548","wall_type":"front","a":0.0124042751,"b":-0.99992311,"c":0.0000146843,"d":2.9276969433,"shortest_distance":2.5827597498,"num_points":350,"plane_center_x":-0.0371624827,"plane_center_y":2.9274795055,"plane_center_z":1.262804389,"color_id":3}}