{"0":{"ros_timestamp":"1695818928.813278","wall_type":"floor","a":-0.0020260361,"b":0.0001667269,"c":0.9999979138,"d":-0.0020899829,"shortest_distance":0.9972249525,"num_points":625,"plane_center_x":-0.2163318843,"plane_center_y":0.8384693265,"plane_center_z":0.0015118945,"color_id":0},"1":{"ros_timestamp":"1695818928.813278","wall_type":"left","a":0.9998757243,"b":0.0149398074,"c":0.0050272625,"d":1.320528388,"shortest_distance":1.6844526309,"num_points":1496,"plane_center_x":-1.3196450472,"plane_center_y":-0.5183097124,"plane_center_z":1.076336503,"color_id":1},"2":{"ros_timestamp":"1695818928.813278","wall_type":"right","a":0.9999053478,"b":0.0137598962,"c":-0.0000000192,"d":-1.3269832134,"shortest_distance":0.9684879068,"num_points":384,"plane_center_x":1.2945224047,"plane_center_y":2.3679924011,"plane_center_z":1.1670200825,"color_id":2},"3":{"ros_timestamp":"1695818928.813278","wall_type":"front","a":0.0124042751,"b":-0.99992311,"c":0.0000146843,"d":2.9276969433,"shortest_distance":2.5827597498,"num_points":350,"plane_center_x":-0.0371624827,"plane_center_y":2.9274795055,"plane_center_z":1.262804389,"color_id":3}}