{"0":{"ros_timestamp":"1695818930.5855253","wall_type":"floor","a":-0.0019969833,"b":0.0001615181,"c":0.999998033,"d":-0.0020812184,"shortest_distance":0.9972807704,"num_points":651,"plane_center_x":-0.2230509669,"plane_center_y":0.7049236298,"plane_center_z":0.0015219345,"color_id":0},"1":{"ros_timestamp":"1695818930.5855253","wall_type":"left","a":0.9998896122,"b":0.0148168188,"c":0.001070207,"d":1.3257571459,"shortest_distance":1.6680407401,"num_points":1496,"plane_center_x":-1.319244504,"plane_center_y":-0.5185892582,"plane_center_z":1.0764092207,"color_id":1},"2":{"ros_timestamp":"1695818930.5855253","wall_type":"right","a":0.9999053478,"b":0.0137598962,"c":-0.0000000192,"d":-1.3269832134,"shortest_distance":0.9861520587,"num_points":384,"plane_center_x":1.2945224047,"plane_center_y":2.3679924011,"plane_center_z":1.1670200825,"color_id":2},"3":{"ros_timestamp":"1695818930.5855253","wall_type":"front","a":0.0124042751,"b":-0.99992311,"c":0.0000146843,"d":2.9276969433,"shortest_distance":2.5652969093,"num_points":350,"plane_center_x":-0.0371624827,"plane_center_y":2.9274795055,"plane_center_z":1.262804389,"color_id":3}}