{"0":{"ros_timestamp":"1695818931.1680114","wall_type":"floor","a":-0.0020155555,"b":0.0001402638,"c":0.9999979734,"d":-0.002022343,"shortest_distance":0.9973414273,"num_points":659,"plane_center_x":-0.2236227691,"plane_center_y":0.667655766,"plane_center_z":0.0014779739,"color_id":0},"1":{"ros_timestamp":"1695818931.1680114","wall_type":"left","a":0.999891758,"b":0.014481998,"c":0.00259462,"d":1.3238635063,"shortest_distance":1.6602475508,"num_points":1499,"plane_center_x":-1.319685936,"plane_center_y":-0.5203564763,"plane_center_z":1.0771071911,"color_id":1},"2":{"ros_timestamp":"1695818931.1680114","wall_type":"right","a":0.999909997,"b":0.0134134991,"c":0.0001214936,"d":-1.3262587786,"shortest_distance":0.9927406683,"num_points":384,"plane_center_x":1.2945224047,"plane_center_y":2.3679924011,"plane_center_z":1.1670200825,"color_id":2},"3":{"ros_timestamp":"1695818931.1680114","wall_type":"front","a":0.0124042751,"b":-0.99992311,"c":0.0000146843,"d":2.9276969433,"shortest_distance":2.5585630412,"num_points":350,"plane_center_x":-0.0371624827,"plane_center_y":2.9274795055,"plane_center_z":1.262804389,"color_id":3}}