{"0":{"ros_timestamp":"1695818931.2748454","wall_type":"floor","a":-0.0020812759,"b":0.0002006307,"c":0.9999977946,"d":-0.0021400906,"shortest_distance":0.9972244828,"num_points":665,"plane_center_x":-0.226881668,"plane_center_y":0.6409003735,"plane_center_z":0.0015393064,"color_id":0},"1":{"ros_timestamp":"1695818931.2748454","wall_type":"left","a":0.9998908043,"b":0.0144141773,"c":0.0032711572,"d":1.3223963976,"shortest_distance":1.659431251,"num_points":1498,"plane_center_x":-1.3192695379,"plane_center_y":-0.5190402865,"plane_center_z":1.0778301954,"color_id":1},"2":{"ros_timestamp":"1695818931.2748454","wall_type":"right","a":0.9999053478,"b":0.0137598962,"c":-0.0000000192,"d":-1.3269832134,"shortest_distance":0.9934587969,"num_points":384,"plane_center_x":1.2945224047,"plane_center_y":2.3679924011,"plane_center_z":1.1670200825,"color_id":2},"3":{"ros_timestamp":"1695818931.2748454","wall_type":"front","a":0.0124042751,"b":-0.99992311,"c":0.0000146843,"d":2.9276969433,"shortest_distance":2.5585630412,"num_points":350,"plane_center_x":-0.0371624827,"plane_center_y":2.9274795055,"plane_center_z":1.262804389,"color_id":3}}