{"0":{"ros_timestamp":"1695818931.8850276","wall_type":"floor","a":-0.002103549,"b":0.0002169699,"c":0.9999977946,"d":-0.0021695076,"shortest_distance":0.9972197625,"num_points":671,"plane_center_x":-0.2288140208,"plane_center_y":0.6160532236,"plane_center_z":0.0015545243,"color_id":0},"1":{"ros_timestamp":"1695818931.8850276","wall_type":"left","a":0.9998919368,"b":0.0146683138,"c":0.00095795,"d":1.326536417,"shortest_distance":1.6501530881,"num_points":1498,"plane_center_x":-1.3200343847,"plane_center_y":-0.5190588236,"plane_center_z":1.0778750181,"color_id":1},"2":{"ros_timestamp":"1695818931.8850276","wall_type":"right","a":0.9999053478,"b":0.0137598962,"c":-0.0000000192,"d":-1.3269832134,"shortest_distance":1.0046681111,"num_points":384,"plane_center_x":1.2945224047,"plane_center_y":2.3679924011,"plane_center_z":1.1670200825,"color_id":2},"3":{"ros_timestamp":"1695818931.8850276","wall_type":"front","a":0.0124042751,"b":-0.99992311,"c":0.0000146843,"d":2.9276969433,"shortest_distance":2.5487399166,"num_points":350,"plane_center_x":-0.0371624827,"plane_center_y":2.9274795055,"plane_center_z":1.262804389,"color_id":3}}