{"0":{"ros_timestamp":"1695818934.3824823","wall_type":"floor","a":-0.0021563796,"b":0.0002495669,"c":0.9999976754,"d":-0.0022184248,"shortest_distance":0.9972406509,"num_points":712,"plane_center_x":-0.2285088599,"plane_center_y":0.4393247664,"plane_center_z":0.0016160358,"color_id":0},"1":{"ros_timestamp":"1695818934.3824823","wall_type":"left","a":0.9998899698,"b":0.0147846201,"c":0.0012202942,"d":1.3257451057,"shortest_distance":1.6184118097,"num_points":1498,"plane_center_x":-1.3195569515,"plane_center_y":-0.5197638273,"plane_center_z":1.0793793201,"color_id":1},"2":{"ros_timestamp":"1695818934.3824823","wall_type":"right","a":0.9999053478,"b":0.0137598962,"c":-0.0000000192,"d":-1.3269832134,"shortest_distance":1.035949474,"num_points":384,"plane_center_x":1.2945224047,"plane_center_y":2.3679924011,"plane_center_z":1.1670200825,"color_id":2},"3":{"ros_timestamp":"1695818934.3824823","wall_type":"front","a":0.0124042751,"b":-0.99992311,"c":0.0000146843,"d":2.9276969433,"shortest_distance":2.5242353022,"num_points":350,"plane_center_x":-0.0371624827,"plane_center_y":2.9274795055,"plane_center_z":1.262804389,"color_id":3}}