{"0":{"ros_timestamp":"1695818934.910688","wall_type":"floor","a":-0.0021781279,"b":0.0002506315,"c":0.9999975562,"d":-0.0022151298,"shortest_distance":0.9972477307,"num_points":716,"plane_center_x":-0.2285910249,"plane_center_y":0.4248400629,"plane_center_z":0.0016107549,"color_id":0},"1":{"ros_timestamp":"1695818934.910688","wall_type":"left","a":0.9998934269,"b":0.0138131455,"c":0.0047281152,"d":1.3206831217,"shortest_distance":1.6124180074,"num_points":1498,"plane_center_x":-1.3201069832,"plane_center_y":-0.5195141435,"plane_center_z":1.0793471336,"color_id":1},"2":{"ros_timestamp":"1695818934.910688","wall_type":"right","a":0.9999053478,"b":0.0137598962,"c":-0.0000000192,"d":-1.3269832134,"shortest_distance":1.0399947784,"num_points":384,"plane_center_x":1.2945224047,"plane_center_y":2.3679924011,"plane_center_z":1.1670200825,"color_id":2},"3":{"ros_timestamp":"1695818934.910688","wall_type":"front","a":0.0124042751,"b":-0.99992311,"c":0.0000146843,"d":2.9276969433,"shortest_distance":2.5213506544,"num_points":350,"plane_center_x":-0.0371624827,"plane_center_y":2.9274795055,"plane_center_z":1.262804389,"color_id":3}}