{"0":{"ros_timestamp":"1695818935.1178653","wall_type":"floor","a":-0.0021594127,"b":0.0002353166,"c":0.9999976754,"d":-0.0021813111,"shortest_distance":0.9972901211,"num_points":724,"plane_center_x":-0.2249797583,"plane_center_y":0.3926240206,"plane_center_z":0.0016030999,"color_id":0},"1":{"ros_timestamp":"1695818935.1178653","wall_type":"left","a":0.9998800159,"b":0.0151404347,"c":0.0032625445,"d":1.3234103918,"shortest_distance":1.6101500401,"num_points":1499,"plane_center_x":-1.3198705912,"plane_center_y":-0.5218061805,"plane_center_z":1.0786298513,"color_id":1},"2":{"ros_timestamp":"1695818935.1178653","wall_type":"right","a":0.9999053478,"b":0.0137598962,"c":-0.0000000192,"d":-1.3269832134,"shortest_distance":1.0440687813,"num_points":384,"plane_center_x":1.2945224047,"plane_center_y":2.3679924011,"plane_center_z":1.1670200825,"color_id":2},"3":{"ros_timestamp":"1695818935.1178653","wall_type":"front","a":0.0124042751,"b":-0.99992311,"c":0.0000146843,"d":2.9276969433,"shortest_distance":2.5185066423,"num_points":350,"plane_center_x":-0.0371624827,"plane_center_y":2.9274795055,"plane_center_z":1.262804389,"color_id":3}}