{"0":{"ros_timestamp":"1695818935.7482896","wall_type":"floor","a":-0.0021887408,"b":0.0002362539,"c":0.9999975562,"d":-0.0023052504,"shortest_distance":0.9971778485,"num_points":731,"plane_center_x":-0.2268639952,"plane_center_y":0.368011713,"plane_center_z":0.0016522063,"color_id":0},"1":{"ros_timestamp":"1695818935.7482896","wall_type":"left","a":0.9998918772,"b":0.0146752354,"c":0.0009802588,"d":1.3264200687,"shortest_distance":1.6024613084,"num_points":1498,"plane_center_x":-1.3199545145,"plane_center_y":-0.5201770067,"plane_center_z":1.079361558,"color_id":1},"2":{"ros_timestamp":"1695818935.7482896","wall_type":"right","a":0.9999053478,"b":0.0137598962,"c":-0.0000000192,"d":-1.3269832134,"shortest_distance":1.0523012506,"num_points":384,"plane_center_x":1.2945224047,"plane_center_y":2.3679924011,"plane_center_z":1.1670200825,"color_id":2},"3":{"ros_timestamp":"1695818935.7482896","wall_type":"front","a":0.0124042751,"b":-0.99992311,"c":0.0000146843,"d":2.9276969433,"shortest_distance":2.5129416588,"num_points":350,"plane_center_x":-0.0371624827,"plane_center_y":2.9274795055,"plane_center_z":1.262804389,"color_id":3}}