{"0":{"ros_timestamp":"1695818936.0939317","wall_type":"floor","a":-0.0021937329,"b":0.0002607129,"c":0.9999975562,"d":-0.0022265946,"shortest_distance":0.9972752698,"num_points":736,"plane_center_x":-0.2243362069,"plane_center_y":0.3479831219,"plane_center_z":0.0016437414,"color_id":0},"1":{"ros_timestamp":"1695818936.0939317","wall_type":"left","a":0.9998906851,"b":0.0146750407,"c":0.0018212848,"d":1.3253774643,"shortest_distance":1.5981041946,"num_points":1498,"plane_center_x":-1.3201326132,"plane_center_y":-0.5201445222,"plane_center_z":1.0793571472,"color_id":1},"2":{"ros_timestamp":"1695818936.0939317","wall_type":"right","a":0.9999053478,"b":0.0137598962,"c":-0.0000000192,"d":-1.3269832134,"shortest_distance":1.0564588937,"num_points":384,"plane_center_x":1.2945224047,"plane_center_y":2.3679924011,"plane_center_z":1.1670200825,"color_id":2},"3":{"ros_timestamp":"1695818936.0939317","wall_type":"front","a":0.0124042751,"b":-0.99992311,"c":0.0000146843,"d":2.9276969433,"shortest_distance":2.5102212439,"num_points":350,"plane_center_x":-0.0371624827,"plane_center_y":2.9274795055,"plane_center_z":1.262804389,"color_id":3}}