{"0":{"ros_timestamp":"1695818936.2892087","wall_type":"floor","a":-0.0021740417,"b":0.0002414596,"c":0.9999976754,"d":-0.0021851475,"shortest_distance":0.9973236877,"num_points":739,"plane_center_x":-0.2213923484,"plane_center_y":0.3362027109,"plane_center_z":0.0016226555,"color_id":0},"1":{"ros_timestamp":"1695818936.2892087","wall_type":"left","a":0.9998825192,"b":0.0150351264,"c":0.0029732226,"d":1.3234893084,"shortest_distance":1.5933361498,"num_points":1499,"plane_center_x":-1.3196280003,"plane_center_y":-0.5202462077,"plane_center_z":1.0786744356,"color_id":1},"2":{"ros_timestamp":"1695818936.2892087","wall_type":"right","a":0.9999053478,"b":0.0137598962,"c":-0.0000000192,"d":-1.3269832134,"shortest_distance":1.060643589,"num_points":384,"plane_center_x":1.2945224047,"plane_center_y":2.3679924011,"plane_center_z":1.1670200825,"color_id":2},"3":{"ros_timestamp":"1695818936.2892087","wall_type":"front","a":0.0124042751,"b":-0.99992311,"c":0.0000146843,"d":2.9276969433,"shortest_distance":2.5075425777,"num_points":350,"plane_center_x":-0.0371624827,"plane_center_y":2.9274795055,"plane_center_z":1.262804389,"color_id":3}}