{"0":{"ros_timestamp":"1695818936.6583967","wall_type":"floor","a":-0.0022654466,"b":0.0002863328,"c":0.9999973774,"d":-0.0022665516,"shortest_distance":0.997247617,"num_points":742,"plane_center_x":-0.2196540534,"plane_center_y":0.3240402639,"plane_center_z":0.0016761582,"color_id":0},"1":{"ros_timestamp":"1695818936.6583967","wall_type":"left","a":0.9998900294,"b":0.0142397406,"c":0.0041554538,"d":1.3216735125,"shortest_distance":1.5881575673,"num_points":1499,"plane_center_x":-1.3199636936,"plane_center_y":-0.5213614106,"plane_center_z":1.0786533356,"color_id":1},"2":{"ros_timestamp":"1695818936.6583967","wall_type":"right","a":0.9999053478,"b":0.0137598962,"c":-0.0000000192,"d":-1.3269832134,"shortest_distance":1.064854918,"num_points":384,"plane_center_x":1.2945224047,"plane_center_y":2.3679924011,"plane_center_z":1.1670200825,"color_id":2},"3":{"ros_timestamp":"1695818936.6583967","wall_type":"front","a":0.0124042751,"b":-0.99992311,"c":0.0000146843,"d":2.9276969433,"shortest_distance":2.504905928,"num_points":350,"plane_center_x":-0.0371624827,"plane_center_y":2.9274795055,"plane_center_z":1.262804389,"color_id":3}}