{"0":{"ros_timestamp":"1695818937.0256395","wall_type":"floor","a":-0.002167824,"b":0.0002382297,"c":0.9999975562,"d":-0.0021718671,"shortest_distance":0.9973569258,"num_points":756,"plane_center_x":-0.2139639109,"plane_center_y":0.2719598711,"plane_center_z":0.0016432462,"color_id":0},"1":{"ros_timestamp":"1695818937.0256395","wall_type":"left","a":0.9998928905,"b":0.0141069181,"c":0.0038990171,"d":1.3214385509,"shortest_distance":1.5833738041,"num_points":1499,"plane_center_x":-1.3193928003,"plane_center_y":-0.5218339562,"plane_center_z":1.0786445141,"color_id":1},"2":{"ros_timestamp":"1695818937.0256395","wall_type":"right","a":0.9999053478,"b":0.0137598962,"c":-0.0000000192,"d":-1.3269832134,"shortest_distance":1.0690924597,"num_points":384,"plane_center_x":1.2945224047,"plane_center_y":2.3679924011,"plane_center_z":1.1670200825,"color_id":2},"3":{"ros_timestamp":"1695818937.0256395","wall_type":"front","a":0.0124042751,"b":-0.99992311,"c":0.0000146843,"d":2.9276969433,"shortest_distance":2.5023115585,"num_points":350,"plane_center_x":-0.0371624827,"plane_center_y":2.9274795055,"plane_center_z":1.262804389,"color_id":3}}