{"0":{"ros_timestamp":"1695818937.776321","wall_type":"floor","a":-0.0021100244,"b":0.0002054512,"c":0.999997735,"d":-0.0020949012,"shortest_distance":0.9974634185,"num_points":785,"plane_center_x":-0.2073263526,"plane_center_y":0.1774592549,"plane_center_z":0.001620982,"color_id":0},"1":{"ros_timestamp":"1695818937.776321","wall_type":"left","a":0.9998759627,"b":0.0151238516,"c":0.0044140518,"d":1.3217636347,"shortest_distance":1.5717901156,"num_points":1499,"plane_center_x":-1.3199611902,"plane_center_y":-0.5214751959,"plane_center_z":1.0786170959,"color_id":1},"2":{"ros_timestamp":"1695818937.776321","wall_type":"right","a":0.9999053478,"b":0.0137598962,"c":-0.0000000192,"d":-1.3269832134,"shortest_distance":1.0819581099,"num_points":384,"plane_center_x":1.2945224047,"plane_center_y":2.3679924011,"plane_center_z":1.1670200825,"color_id":2},"3":{"ros_timestamp":"1695818937.776321","wall_type":"front","a":0.0124042751,"b":-0.99992311,"c":0.0000146843,"d":2.9276969433,"shortest_distance":2.4947847044,"num_points":350,"plane_center_x":-0.0371624827,"plane_center_y":2.9274795055,"plane_center_z":1.262804389,"color_id":3}}