{"0":{"ros_timestamp":"1695818938.2515879","wall_type":"floor","a":-0.0020430353,"b":0.0001877308,"c":0.9999979138,"d":-0.0020656851,"shortest_distance":0.997519856,"num_points":791,"plane_center_x":-0.2049635053,"plane_center_y":0.1573049426,"plane_center_z":0.0016174096,"color_id":0},"1":{"ros_timestamp":"1695818938.2515879","wall_type":"left","a":0.9998887777,"b":0.0148667423,"c":0.0012215168,"d":1.3258208036,"shortest_distance":1.5638508842,"num_points":1498,"plane_center_x":-1.3195810318,"plane_center_y":-0.5196297169,"plane_center_z":1.0793136358,"color_id":1},"2":{"ros_timestamp":"1695818938.2515879","wall_type":"right","a":0.9999053478,"b":0.0137598962,"c":-0.0000000192,"d":-1.3269832134,"shortest_distance":1.0906584365,"num_points":384,"plane_center_x":1.2945224047,"plane_center_y":2.3679924011,"plane_center_z":1.1670200825,"color_id":2},"3":{"ros_timestamp":"1695818938.2515879","wall_type":"front","a":0.0124042751,"b":-0.99992311,"c":0.0000146843,"d":2.9276969433,"shortest_distance":2.4899828451,"num_points":350,"plane_center_x":-0.0371624827,"plane_center_y":2.9274795055,"plane_center_z":1.262804389,"color_id":3}}