{"0":{"ros_timestamp":"1695818938.635235","wall_type":"floor","a":-0.0019571355,"b":0.0001486824,"c":0.9999980927,"d":-0.0021256031,"shortest_distance":0.9974716772,"num_points":802,"plane_center_x":-0.2029935271,"plane_center_y":0.1240145639,"plane_center_z":0.0016465731,"color_id":0},"1":{"ros_timestamp":"1695818938.635235","wall_type":"left","a":0.9998907447,"b":0.0147265317,"c":0.0012357883,"d":1.3260990381,"shortest_distance":1.5596986439,"num_points":1496,"plane_center_x":-1.3200162649,"plane_center_y":-0.5187687874,"plane_center_z":1.0806902647,"color_id":1},"2":{"ros_timestamp":"1695818938.635235","wall_type":"right","a":0.9999053478,"b":0.0137598962,"c":-0.0000000192,"d":-1.3269832134,"shortest_distance":1.0950442663,"num_points":384,"plane_center_x":1.2945224047,"plane_center_y":2.3679924011,"plane_center_z":1.1670200825,"color_id":2},"3":{"ros_timestamp":"1695818938.635235","wall_type":"front","a":0.0124042751,"b":-0.99992311,"c":0.0000146843,"d":2.9276969433,"shortest_distance":2.4876474552,"num_points":350,"plane_center_x":-0.0371624827,"plane_center_y":2.9274795055,"plane_center_z":1.262804389,"color_id":3}}