{"0":{"ros_timestamp":"1695818939.338691","wall_type":"floor","a":-0.0019522472,"b":0.0001396206,"c":0.9999980927,"d":-0.0019654536,"shortest_distance":0.9976469265,"num_points":810,"plane_center_x":-0.1922993958,"plane_center_y":0.0965440273,"plane_center_z":0.0015765611,"color_id":0},"1":{"ros_timestamp":"1695818939.338691","wall_type":"left","a":0.9998901486,"b":0.0148118921,"c":0.000540244,"d":1.3265151978,"shortest_distance":1.5506208684,"num_points":1499,"plane_center_x":-1.3192230463,"plane_center_y":-0.5224648118,"plane_center_z":1.0786200762,"color_id":1},"2":{"ros_timestamp":"1695818939.338691","wall_type":"right","a":0.9999053478,"b":0.0137598962,"c":-0.0000000192,"d":-1.3269832134,"shortest_distance":1.103885066,"num_points":384,"plane_center_x":1.2945224047,"plane_center_y":2.3679924011,"plane_center_z":1.1670200825,"color_id":2},"3":{"ros_timestamp":"1695818939.338691","wall_type":"front","a":0.0124042751,"b":-0.99992311,"c":0.0000146843,"d":2.9276969433,"shortest_distance":2.4831089227,"num_points":350,"plane_center_x":-0.0371624827,"plane_center_y":2.9274795055,"plane_center_z":1.262804389,"color_id":3}}