{"0":{"ros_timestamp":"1695818939.5829973","wall_type":"floor","a":-0.001945205,"b":0.0001368081,"c":0.9999980927,"d":-0.0019586752,"shortest_distance":0.997663005,"num_points":814,"plane_center_x":-0.1902631968,"plane_center_y":0.0842903107,"plane_center_z":0.0015770458,"color_id":0},"1":{"ros_timestamp":"1695818939.5829973","wall_type":"left","a":0.9998892546,"b":0.0148210833,"c":0.0013286587,"d":1.3255428076,"shortest_distance":1.5459890883,"num_points":1499,"plane_center_x":-1.319422245,"plane_center_y":-0.522230804,"plane_center_z":1.0786180496,"color_id":1},"2":{"ros_timestamp":"1695818939.5829973","wall_type":"right","a":0.9999053478,"b":0.0137598962,"c":-0.0000000192,"d":-1.3269832134,"shortest_distance":1.108339152,"num_points":384,"plane_center_x":1.2945224047,"plane_center_y":2.3679924011,"plane_center_z":1.1670200825,"color_id":2},"3":{"ros_timestamp":"1695818939.5829973","wall_type":"front","a":0.0124042751,"b":-0.99992311,"c":0.0000146843,"d":2.9276969433,"shortest_distance":2.4809062339,"num_points":350,"plane_center_x":-0.0371624827,"plane_center_y":2.9274795055,"plane_center_z":1.262804389,"color_id":3},"4":{"ros_timestamp":"1695818939.5829973","wall_type":"back","a":0.013822278,"b":-0.9999044538,"c":0.0000464272,"d":-2.9245302677,"shortest_distance":3.3709794821,"num_points":279,"plane_center_x":-0.1416578591,"plane_center_y":-2.9267113209,"plane_center_z":1.2225990295,"color_id":4}}