{"0":{"ros_timestamp":"1695818939.6691005","wall_type":"floor","a":-0.0019414185,"b":0.0001354017,"c":0.9999980927,"d":-0.0019561725,"shortest_distance":0.9976656876,"num_points":814,"plane_center_x":-0.1900666207,"plane_center_y":0.0842792913,"plane_center_z":0.0015757651,"color_id":0},"1":{"ros_timestamp":"1695818939.6691005","wall_type":"left","a":0.9998912215,"b":0.0146995289,"c":0.001141931,"d":1.3261723518,"shortest_distance":1.5463777816,"num_points":1499,"plane_center_x":-1.3198713064,"plane_center_y":-0.5222116709,"plane_center_z":1.0785917044,"color_id":1},"2":{"ros_timestamp":"1695818939.6691005","wall_type":"right","a":0.9999053478,"b":0.0137598962,"c":-0.0000000192,"d":-1.3269832134,"shortest_distance":1.108339152,"num_points":384,"plane_center_x":1.2945224047,"plane_center_y":2.3679924011,"plane_center_z":1.1670200825,"color_id":2},"3":{"ros_timestamp":"1695818939.6691005","wall_type":"front","a":0.0124042751,"b":-0.99992311,"c":0.0000146843,"d":2.9276969433,"shortest_distance":2.4809062339,"num_points":350,"plane_center_x":-0.0371624827,"plane_center_y":2.9274795055,"plane_center_z":1.262804389,"color_id":3},"4":{"ros_timestamp":"1695818939.6691005","wall_type":"back","a":0.0130847078,"b":-0.9999144077,"c":-0.0000147447,"d":-2.9247694016,"shortest_distance":3.3714408804,"num_points":279,"plane_center_x":-0.1424052864,"plane_center_y":-2.9269013405,"plane_center_z":1.2226547003,"color_id":4}}