{"0":{"ros_timestamp":"1695818939.9547594","wall_type":"floor","a":-0.0019153297,"b":0.0000461338,"c":0.9999981523,"d":-0.0021019701,"shortest_distance":0.9974940941,"num_points":822,"plane_center_x":-0.1895584166,"plane_center_y":0.0639547706,"plane_center_z":0.0015841487,"color_id":0},"1":{"ros_timestamp":"1695818939.9547594","wall_type":"left","a":0.9998921752,"b":0.0144568738,"c":0.0025602207,"d":1.3240360022,"shortest_distance":1.5410763318,"num_points":1498,"plane_center_x":-1.3198837042,"plane_center_y":-0.5221967697,"plane_center_z":1.0792658329,"color_id":1},"2":{"ros_timestamp":"1695818939.9547594","wall_type":"right","a":0.9999053478,"b":0.0137598962,"c":-0.0000000192,"d":-1.3269832134,"shortest_distance":1.1128151021,"num_points":384,"plane_center_x":1.2945224047,"plane_center_y":2.3679924011,"plane_center_z":1.1670200825,"color_id":2},"3":{"ros_timestamp":"1695818939.9547594","wall_type":"front","a":0.0124042751,"b":-0.99992311,"c":0.0000146843,"d":2.9276969433,"shortest_distance":2.4787482253,"num_points":350,"plane_center_x":-0.0371624827,"plane_center_y":2.9274795055,"plane_center_z":1.262804389,"color_id":3},"4":{"ros_timestamp":"1695818939.9547594","wall_type":"back","a":0.0128423646,"b":-0.9999175072,"c":-0.0000361589,"d":-2.9248430729,"shortest_distance":3.3737489635,"num_points":279,"plane_center_x":-0.1403740197,"plane_center_y":-2.9269316196,"plane_center_z":1.2227110863,"color_id":4}}