{"0":{"ros_timestamp":"1695818940.07688","wall_type":"floor","a":-0.0019531585,"b":0.000042102,"c":0.9999980927,"d":-0.002079858,"shortest_distance":0.997515372,"num_points":822,"plane_center_x":-0.1873673052,"plane_center_y":0.0626449585,"plane_center_z":0.0015595061,"color_id":0},"1":{"ros_timestamp":"1695818940.07688","wall_type":"left","a":0.999887526,"b":0.0143875498,"c":0.0042314073,"d":1.3212189674,"shortest_distance":1.5354021345,"num_points":1499,"plane_center_x":-1.3194334507,"plane_center_y":-0.5233193636,"plane_center_z":1.0785794258,"color_id":1},"2":{"ros_timestamp":"1695818940.07688","wall_type":"right","a":0.9999053478,"b":0.0137598962,"c":-0.0000000192,"d":-1.3269832134,"shortest_distance":1.1173124689,"num_points":384,"plane_center_x":1.2945224047,"plane_center_y":2.3679924011,"plane_center_z":1.1670200825,"color_id":2},"3":{"ros_timestamp":"1695818940.07688","wall_type":"front","a":0.0124042751,"b":-0.99992311,"c":0.0000146843,"d":2.9276969433,"shortest_distance":2.4766351126,"num_points":350,"plane_center_x":-0.0371624827,"plane_center_y":2.9274795055,"plane_center_z":1.262804389,"color_id":3},"4":{"ros_timestamp":"1695818940.07688","wall_type":"back","a":0.013525472,"b":-0.9999085665,"c":0.0000347152,"d":-2.9246463776,"shortest_distance":3.3754532244,"num_points":279,"plane_center_x":-0.1381516308,"plane_center_y":-2.9267399311,"plane_center_z":1.2227221727,"color_id":4}}