{"0":{"ros_timestamp":"1695818940.5403197","wall_type":"floor","a":-0.0018786256,"b":0.0001107439,"c":0.9999982119,"d":-0.0019067739,"shortest_distance":0.9977436595,"num_points":825,"plane_center_x":-0.1854234338,"plane_center_y":0.0529050902,"plane_center_z":0.0015525765,"color_id":0},"1":{"ros_timestamp":"1695818940.5403197","wall_type":"left","a":0.9998909831,"b":0.0147273494,"c":0.0010928917,"d":1.3259761333,"shortest_distance":1.5326593143,"num_points":1499,"plane_center_x":-1.3195111752,"plane_center_y":-0.5245280266,"plane_center_z":1.078573823,"color_id":1},"2":{"ros_timestamp":"1695818940.5403197","wall_type":"right","a":0.9999053478,"b":0.0137598962,"c":-0.0000000192,"d":-1.3269832134,"shortest_distance":1.1218308025,"num_points":384,"plane_center_x":1.2945224047,"plane_center_y":2.3679924011,"plane_center_z":1.1670200825,"color_id":2},"3":{"ros_timestamp":"1695818940.5403197","wall_type":"front","a":0.0124042751,"b":-0.99992311,"c":0.0000146843,"d":2.9276969433,"shortest_distance":2.4745671072,"num_points":350,"plane_center_x":-0.0371624827,"plane_center_y":2.9274795055,"plane_center_z":1.262804389,"color_id":3},"4":{"ros_timestamp":"1695818940.5403197","wall_type":"back","a":0.0131929545,"b":-0.9999129772,"c":-0.000005367,"d":-2.9247441292,"shortest_distance":3.3777323883,"num_points":279,"plane_center_x":-0.1366410553,"plane_center_y":-2.9268081188,"plane_center_z":1.2228161097,"color_id":4}}