{"0":{"ros_timestamp":"1695818940.8226578","wall_type":"floor","a":-0.0017663197,"b":0.0000706631,"c":0.9999984503,"d":-0.0018300451,"shortest_distance":0.9978328762,"num_points":840,"plane_center_x":-0.1744088382,"plane_center_y":0.0086889314,"plane_center_z":0.0015213718,"color_id":0},"1":{"ros_timestamp":"1695818940.8226578","wall_type":"left","a":0.999896884,"b":0.0140847042,"c":0.002789465,"d":1.3235276937,"shortest_distance":1.5270776878,"num_points":1499,"plane_center_x":-1.3198649883,"plane_center_y":-0.5235939622,"plane_center_z":1.0785540342,"color_id":1},"2":{"ros_timestamp":"1695818940.8226578","wall_type":"right","a":0.9999053478,"b":0.0137598962,"c":-0.0000000192,"d":-1.3269832134,"shortest_distance":1.1263696513,"num_points":384,"plane_center_x":1.2945224047,"plane_center_y":2.3679924011,"plane_center_z":1.1670200825,"color_id":2},"3":{"ros_timestamp":"1695818940.8226578","wall_type":"front","a":0.0124042751,"b":-0.99992311,"c":0.0000146843,"d":2.9276969433,"shortest_distance":2.4725444158,"num_points":350,"plane_center_x":-0.0371624827,"plane_center_y":2.9274795055,"plane_center_z":1.262804389,"color_id":3},"4":{"ros_timestamp":"1695818940.8226578","wall_type":"back","a":0.0129571911,"b":-0.9999160767,"c":-0.0000227246,"d":-2.9248218536,"shortest_distance":3.3799009215,"num_points":295,"plane_center_x":-0.1009251699,"plane_center_y":-2.9264032841,"plane_center_z":1.2379194498,"color_id":4}}