{"0":{"ros_timestamp":"1695818941.4942904","wall_type":"floor","a":-0.0016639475,"b":0.0000082622,"c":0.9999986291,"d":-0.0018340154,"shortest_distance":0.997835747,"num_points":852,"plane_center_x":-0.165118292,"plane_center_y":-0.0253380053,"plane_center_z":0.0015000202,"color_id":0},"1":{"ros_timestamp":"1695818941.4942904","wall_type":"left","a":0.9998924732,"b":0.0145871071,"c":0.001452979,"d":1.3257092237,"shortest_distance":1.5190177106,"num_points":1499,"plane_center_x":-1.3199150562,"plane_center_y":-0.5224309564,"plane_center_z":1.0785417557,"color_id":1},"2":{"ros_timestamp":"1695818941.4942904","wall_type":"right","a":0.9999053478,"b":0.0137598962,"c":-0.0000000192,"d":-1.3269832134,"shortest_distance":1.1355070764,"num_points":384,"plane_center_x":1.2945224047,"plane_center_y":2.3679924011,"plane_center_z":1.1670200825,"color_id":2},"3":{"ros_timestamp":"1695818941.4942904","wall_type":"front","a":0.0124042751,"b":-0.99992311,"c":0.0000146843,"d":2.9276969433,"shortest_distance":2.4686357798,"num_points":350,"plane_center_x":-0.0371624827,"plane_center_y":2.9274795055,"plane_center_z":1.262804389,"color_id":3},"4":{"ros_timestamp":"1695818941.4942904","wall_type":"back","a":0.0128233097,"b":-0.9999178052,"c":-0.0000574334,"d":-2.9248306751,"shortest_distance":3.3838837132,"num_points":296,"plane_center_x":-0.0961798131,"plane_center_y":-2.9263756275,"plane_center_z":1.2361334562,"color_id":4}}