{"0":{"ros_timestamp":"1695818878.6222143","wall_type":"floor","a":0.0015003433,"b":-0.0001877993,"c":0.9999988675,"d":-0.0005777497,"shortest_distance":0.9997265536,"num_points":367,"plane_center_x":0.0166951232,"plane_center_y":2.1959707737,"plane_center_z":0.0009651041,"color_id":0},"1":{"ros_timestamp":"1695818878.6222143","wall_type":"left","a":0.9999411106,"b":0.0108486339,"c":0.0003109033,"d":1.3352460861,"shortest_distance":1.4915486906,"num_points":343,"plane_center_x":-1.3539706469,"plane_center_y":1.6868413687,"plane_center_z":1.1094144583,"color_id":1},"2":{"ros_timestamp":"1695818878.6222143","wall_type":"right","a":0.9999198914,"b":0.0126468558,"c":-0.000483006,"d":-1.3236386776,"shortest_distance":1.1689791698,"num_points":396,"plane_center_x":1.2943818569,"plane_center_y":2.3685481548,"plane_center_z":1.1326767206,"color_id":2}}