{"0":{"ros_timestamp":"1695818941.954866","wall_type":"floor","a":-0.0016457104,"b":0.0000302689,"c":0.9999986887,"d":-0.0017526568,"shortest_distance":0.9979460221,"num_points":858,"plane_center_x":-0.1601557136,"plane_center_y":-0.0419708528,"plane_center_z":0.0014903593,"color_id":0},"1":{"ros_timestamp":"1695818941.954866","wall_type":"left","a":0.9998909235,"b":0.0147305187,"c":0.0011388185,"d":1.3259618282,"shortest_distance":1.5098114508,"num_points":1499,"plane_center_x":-1.3196308613,"plane_center_y":-0.5229431987,"plane_center_z":1.0785562992,"color_id":1},"2":{"ros_timestamp":"1695818941.954866","wall_type":"right","a":0.9999207854,"b":0.0125748441,"c":-0.0005542942,"d":-1.3237798214,"shortest_distance":1.1426203306,"num_points":384,"plane_center_x":1.2945224047,"plane_center_y":2.3679924011,"plane_center_z":1.1670200825,"color_id":2},"3":{"ros_timestamp":"1695818941.954866","wall_type":"front","a":0.0124042751,"b":-0.99992311,"c":0.0000146843,"d":2.9276969433,"shortest_distance":2.464910768,"num_points":350,"plane_center_x":-0.0371624827,"plane_center_y":2.9274795055,"plane_center_z":1.262804389,"color_id":3},"4":{"ros_timestamp":"1695818941.954866","wall_type":"back","a":0.0136687262,"b":-0.9999065399,"c":0.0000186254,"d":-2.9246249199,"shortest_distance":3.3871770737,"num_points":312,"plane_center_x":-0.0576668158,"plane_center_y":-2.9256632328,"plane_center_z":1.2497116327,"color_id":4}}