{"0":{"ros_timestamp":"1695818942.0454135","wall_type":"floor","a":-0.0016413997,"b":0.000047959,"c":0.9999986887,"d":-0.0018034868,"shortest_distance":0.9979041828,"num_points":863,"plane_center_x":-0.1599766165,"plane_center_y":-0.0535853356,"plane_center_z":0.0015434731,"color_id":0},"1":{"ros_timestamp":"1695818942.0454135","wall_type":"left","a":0.9998935461,"b":0.0145604769,"c":0.000929519,"d":1.3265138865,"shortest_distance":1.510075731,"num_points":1498,"plane_center_x":-1.3199602365,"plane_center_y":-0.5226094723,"plane_center_z":1.079197526,"color_id":1},"2":{"ros_timestamp":"1695818942.0454135","wall_type":"right","a":0.9999053478,"b":0.0137598962,"c":-0.0000000192,"d":-1.3269832134,"shortest_distance":1.1447210895,"num_points":384,"plane_center_x":1.2945224047,"plane_center_y":2.3679924011,"plane_center_z":1.1670200825,"color_id":2},"3":{"ros_timestamp":"1695818942.0454135","wall_type":"front","a":0.0124042751,"b":-0.99992311,"c":0.0000146843,"d":2.9276969433,"shortest_distance":2.464910768,"num_points":350,"plane_center_x":-0.0371624827,"plane_center_y":2.9274795055,"plane_center_z":1.262804389,"color_id":3},"4":{"ros_timestamp":"1695818942.0454135","wall_type":"back","a":0.0130523406,"b":-0.999914825,"c":-0.0000319506,"d":-2.9247705936,"shortest_distance":3.3874854175,"num_points":312,"plane_center_x":-0.0572683327,"plane_center_y":-2.9258072376,"plane_center_z":1.2497165203,"color_id":4}}