{"0":{"ros_timestamp":"1695818942.3225577","wall_type":"floor","a":-0.0016167486,"b":0.0000223649,"c":0.9999986887,"d":-0.0017389077,"shortest_distance":0.9979688079,"num_points":868,"plane_center_x":-0.1532916278,"plane_center_y":-0.0670133606,"plane_center_z":0.0014925743,"color_id":0},"1":{"ros_timestamp":"1695818942.3225577","wall_type":"left","a":0.9998898506,"b":0.0147575634,"c":0.0015615678,"d":1.3256671429,"shortest_distance":1.5053192747,"num_points":1499,"plane_center_x":-1.3198968172,"plane_center_y":-0.5234895945,"plane_center_z":1.0784858465,"color_id":1},"2":{"ros_timestamp":"1695818942.3225577","wall_type":"right","a":0.9999053478,"b":0.0137598962,"c":-0.0000000192,"d":-1.3269832134,"shortest_distance":1.1493556659,"num_points":384,"plane_center_x":1.2945224047,"plane_center_y":2.3679924011,"plane_center_z":1.1670200825,"color_id":2},"3":{"ros_timestamp":"1695818942.3225577","wall_type":"front","a":0.0124042751,"b":-0.99992311,"c":0.0000146843,"d":2.9276969433,"shortest_distance":2.4631175896,"num_points":350,"plane_center_x":-0.0371624827,"plane_center_y":2.9274795055,"plane_center_z":1.262804389,"color_id":3},"4":{"ros_timestamp":"1695818942.3225577","wall_type":"back","a":0.0133404667,"b":-0.9999110103,"c":-0.0000068627,"d":-2.9247090816,"shortest_distance":3.3891439306,"num_points":328,"plane_center_x":-0.0189122111,"plane_center_y":-2.9252305031,"plane_center_z":1.261977911,"color_id":4}}