{"0":{"ros_timestamp":"1695818943.224744","wall_type":"floor","a":-0.0015501691,"b":0.0000051811,"c":0.9999988079,"d":-0.0017168578,"shortest_distance":0.9980161908,"num_points":885,"plane_center_x":-0.1382786334,"plane_center_y":-0.1130738929,"plane_center_z":0.00150309,"color_id":0},"1":{"ros_timestamp":"1695818943.224744","wall_type":"left","a":0.9998914003,"b":0.0146864215,"c":0.0012233203,"d":1.3260989189,"shortest_distance":1.4913761419,"num_points":1499,"plane_center_x":-1.3198848963,"plane_center_y":-0.5227012634,"plane_center_z":1.0784566402,"color_id":1},"2":{"ros_timestamp":"1695818943.224744","wall_type":"right","a":0.9999053478,"b":0.0137598962,"c":-0.0000000192,"d":-1.3269832134,"shortest_distance":1.1633641082,"num_points":384,"plane_center_x":1.2945224047,"plane_center_y":2.3679924011,"plane_center_z":1.1670200825,"color_id":2},"3":{"ros_timestamp":"1695818943.224744","wall_type":"front","a":0.0124042751,"b":-0.99992311,"c":0.0000146843,"d":2.9276969433,"shortest_distance":2.4580175026,"num_points":350,"plane_center_x":-0.0371624827,"plane_center_y":2.9274795055,"plane_center_z":1.262804389,"color_id":3},"4":{"ros_timestamp":"1695818943.224744","wall_type":"back","a":0.0133008603,"b":-0.9999116063,"c":-0.0000126813,"d":-2.9247190952,"shortest_distance":3.3942792422,"num_points":344,"plane_center_x":0.0222696606,"plane_center_y":-2.9246973991,"plane_center_z":1.2731019258,"color_id":4}}