{"0":{"ros_timestamp":"1695818943.6614742","wall_type":"floor","a":-0.0014163606,"b":-0.0000395982,"c":0.9999989867,"d":-0.001771947,"shortest_distance":0.9979744892,"num_points":894,"plane_center_x":-0.1345514208,"plane_center_y":-0.1336015761,"plane_center_z":0.0015195025,"color_id":0},"1":{"ros_timestamp":"1695818943.6614742","wall_type":"left","a":0.9998793006,"b":0.0151779372,"c":0.003331274,"d":1.3233240843,"shortest_distance":1.4815221045,"num_points":1497,"plane_center_x":-1.319930315,"plane_center_y":-0.520776093,"plane_center_z":1.0798412561,"color_id":1},"2":{"ros_timestamp":"1695818943.6614742","wall_type":"right","a":0.9999053478,"b":0.0137598962,"c":-0.0000000192,"d":-1.3269832134,"shortest_distance":1.172785657,"num_points":384,"plane_center_x":1.2945224047,"plane_center_y":2.3679924011,"plane_center_z":1.1670200825,"color_id":2},"3":{"ros_timestamp":"1695818943.6614742","wall_type":"front","a":0.0124042751,"b":-0.99992311,"c":0.0000146843,"d":2.9276969433,"shortest_distance":2.4548520062,"num_points":350,"plane_center_x":-0.0371624827,"plane_center_y":2.9274795055,"plane_center_z":1.262804389,"color_id":3},"4":{"ros_timestamp":"1695818943.6614742","wall_type":"back","a":0.0129602775,"b":-0.9999160171,"c":-0.0000309102,"d":-2.9247977734,"shortest_distance":3.3976026948,"num_points":344,"plane_center_x":0.023614293,"plane_center_y":-2.9247765541,"plane_center_z":1.273073554,"color_id":4}}