{"0":{"ros_timestamp":"1695818943.8555667","wall_type":"floor","a":-0.0014668149,"b":0.0000351462,"c":0.9999989867,"d":-0.0015622121,"shortest_distance":0.9982121838,"num_points":897,"plane_center_x":-0.1274838448,"plane_center_y":-0.1441756934,"plane_center_z":0.0014779613,"color_id":0},"1":{"ros_timestamp":"1695818943.8555667","wall_type":"left","a":0.9998911619,"b":0.0147035168,"c":0.0012297513,"d":1.3260264397,"shortest_distance":1.4818995507,"num_points":1500,"plane_center_x":-1.3197997808,"plane_center_y":-0.5233883262,"plane_center_z":1.0777276754,"color_id":1},"2":{"ros_timestamp":"1695818943.8555667","wall_type":"right","a":0.9999053478,"b":0.0137598962,"c":-0.0000000192,"d":-1.3269832134,"shortest_distance":1.172785657,"num_points":384,"plane_center_x":1.2945224047,"plane_center_y":2.3679924011,"plane_center_z":1.1670200825,"color_id":2},"3":{"ros_timestamp":"1695818943.8555667","wall_type":"front","a":0.0124042751,"b":-0.99992311,"c":0.0000146843,"d":2.9276969433,"shortest_distance":2.4548520062,"num_points":350,"plane_center_x":-0.0371624827,"plane_center_y":2.9274795055,"plane_center_z":1.262804389,"color_id":3},"4":{"ros_timestamp":"1695818943.8555667","wall_type":"back","a":0.0134139322,"b":-0.9999100566,"c":-0.0000120642,"d":-2.9246940613,"shortest_distance":3.3974102373,"num_points":344,"plane_center_x":0.0245422628,"plane_center_y":-2.9246432781,"plane_center_z":1.2730636597,"color_id":4}}