{"0":{"ros_timestamp":"1695818944.38112","wall_type":"floor","a":-0.0014325618,"b":-0.0000318736,"c":0.9999989867,"d":-0.0016447878,"shortest_distance":0.9981164519,"num_points":904,"plane_center_x":-0.1209245324,"plane_center_y":-0.1602917612,"plane_center_z":0.0014664484,"color_id":0},"1":{"ros_timestamp":"1695818944.38112","wall_type":"left","a":0.9998901486,"b":0.0147612933,"c":0.0013301981,"d":1.3257608414,"shortest_distance":1.472281506,"num_points":1501,"plane_center_x":-1.3196327686,"plane_center_y":-0.5247532129,"plane_center_z":1.0770332813,"color_id":1},"2":{"ros_timestamp":"1695818944.38112","wall_type":"right","a":0.9999053478,"b":0.0137598962,"c":-0.0000000192,"d":-1.3269832134,"shortest_distance":1.1822688826,"num_points":384,"plane_center_x":1.2945224047,"plane_center_y":2.3679924011,"plane_center_z":1.1670200825,"color_id":2},"3":{"ros_timestamp":"1695818944.38112","wall_type":"front","a":0.0124042751,"b":-0.99992311,"c":0.0000146843,"d":2.9276969433,"shortest_distance":2.4518756474,"num_points":350,"plane_center_x":-0.0371624827,"plane_center_y":2.9274795055,"plane_center_z":1.262804389,"color_id":3},"4":{"ros_timestamp":"1695818944.38112","wall_type":"back","a":0.0134139322,"b":-0.9999100566,"c":-0.0000120642,"d":-2.9246940613,"shortest_distance":3.4003961743,"num_points":344,"plane_center_x":0.0245422628,"plane_center_y":-2.9246432781,"plane_center_z":1.2730636597,"color_id":4}}