{"0":{"ros_timestamp":"1695818944.883398","wall_type":"floor","a":-0.0013770398,"b":-0.0000464821,"c":0.9999989867,"d":-0.00161864,"shortest_distance":0.9981564372,"num_points":917,"plane_center_x":-0.1107253358,"plane_center_y":-0.1902314425,"plane_center_z":0.001457326,"color_id":0},"1":{"ros_timestamp":"1695818944.883398","wall_type":"left","a":0.9998909831,"b":0.014744455,"c":0.0008176457,"d":1.3264887333,"shortest_distance":1.4629505338,"num_points":1501,"plane_center_x":-1.319568634,"plane_center_y":-0.5273624659,"plane_center_z":1.0770081282,"color_id":1},"2":{"ros_timestamp":"1695818944.883398","wall_type":"right","a":0.9999053478,"b":0.0137598962,"c":-0.0000000192,"d":-1.3269832134,"shortest_distance":1.1918099921,"num_points":384,"plane_center_x":1.2945224047,"plane_center_y":2.3679924011,"plane_center_z":1.1670200825,"color_id":2},"3":{"ros_timestamp":"1695818944.883398","wall_type":"front","a":0.0124042751,"b":-0.99992311,"c":0.0000146843,"d":2.9276969433,"shortest_distance":2.4490896165,"num_points":350,"plane_center_x":-0.0371624827,"plane_center_y":2.9274795055,"plane_center_z":1.262804389,"color_id":3},"4":{"ros_timestamp":"1695818944.883398","wall_type":"back","a":0.0134139322,"b":-0.9999100566,"c":-0.0000120642,"d":-2.9246940613,"shortest_distance":3.4031918417,"num_points":344,"plane_center_x":0.0245422628,"plane_center_y":-2.9246432781,"plane_center_z":1.2730636597,"color_id":4}}