{"0":{"ros_timestamp":"1695818945.0023212","wall_type":"floor","a":-0.0012738646,"b":-0.0000548295,"c":0.9999991655,"d":-0.0016193977,"shortest_distance":0.9981650731,"num_points":926,"plane_center_x":-0.1069609225,"plane_center_y":-0.2099429816,"plane_center_z":0.0014716341,"color_id":0},"1":{"ros_timestamp":"1695818945.0023212","wall_type":"left","a":0.9998916984,"b":0.0146665508,"c":0.0012562987,"d":1.3261032104,"shortest_distance":1.4629662956,"num_points":1499,"plane_center_x":-1.3199144602,"plane_center_y":-0.5264391303,"plane_center_z":1.0783805847,"color_id":1},"2":{"ros_timestamp":"1695818945.0023212","wall_type":"right","a":0.9999053478,"b":0.0137598962,"c":-0.0000000192,"d":-1.3269832134,"shortest_distance":1.1918099921,"num_points":384,"plane_center_x":1.2945224047,"plane_center_y":2.3679924011,"plane_center_z":1.1670200825,"color_id":2},"3":{"ros_timestamp":"1695818945.0023212","wall_type":"front","a":0.0124042751,"b":-0.99992311,"c":0.0000146843,"d":2.9276969433,"shortest_distance":2.4490896165,"num_points":350,"plane_center_x":-0.0371624827,"plane_center_y":2.9274795055,"plane_center_z":1.262804389,"color_id":3},"4":{"ros_timestamp":"1695818945.0023212","wall_type":"back","a":0.0134139322,"b":-0.9999100566,"c":-0.0000120642,"d":-2.9246940613,"shortest_distance":3.4031918417,"num_points":344,"plane_center_x":0.0245422628,"plane_center_y":-2.9246432781,"plane_center_z":1.2730636597,"color_id":4}}