{"0":{"ros_timestamp":"1695818945.593737","wall_type":"floor","a":-0.0013510076,"b":-0.000061253,"c":0.9999991059,"d":-0.0015902584,"shortest_distance":0.9981939658,"num_points":929,"plane_center_x":-0.0902150795,"plane_center_y":-0.2200106084,"plane_center_z":0.0014549021,"color_id":0},"1":{"ros_timestamp":"1695818945.593737","wall_type":"left","a":0.9998914003,"b":0.0146786077,"c":0.0013108897,"d":1.3257789612,"shortest_distance":1.4531096939,"num_points":1506,"plane_center_x":-1.3193800449,"plane_center_y":-0.5354521275,"plane_center_z":1.0734407902,"color_id":1},"2":{"ros_timestamp":"1695818945.593737","wall_type":"right","a":0.9998372197,"b":0.0177599918,"c":-0.0031819602,"d":-1.3312296867,"shortest_distance":1.2069106651,"num_points":384,"plane_center_x":1.2945224047,"plane_center_y":2.3679924011,"plane_center_z":1.1670200825,"color_id":2},"3":{"ros_timestamp":"1695818945.593737","wall_type":"front","a":0.0124042751,"b":-0.99992311,"c":0.0000146843,"d":2.9276969433,"shortest_distance":2.446495028,"num_points":350,"plane_center_x":-0.0371624827,"plane_center_y":2.9274795055,"plane_center_z":1.262804389,"color_id":3},"4":{"ros_timestamp":"1695818945.593737","wall_type":"back","a":0.0134139322,"b":-0.9999100566,"c":-0.0000120642,"d":-2.9246940613,"shortest_distance":3.4057961211,"num_points":344,"plane_center_x":0.0245422628,"plane_center_y":-2.9246432781,"plane_center_z":1.2730636597,"color_id":4}}