{"0":{"ros_timestamp":"1695818872.1585202","wall_type":"floor","a":0.0021803288,"b":-0.0015614267,"c":0.9999964237,"d":0.0017838826,"shortest_distance":1.0026058994,"num_points":227,"plane_center_x":0.0053547123,"plane_center_y":2.1380410194,"plane_center_z":0.001542842,"color_id":0},"1":{"ros_timestamp":"1695818872.1585202","wall_type":"left","a":0.9999534488,"b":0.0096448334,"c":0.0002029537,"d":1.3318865299,"shortest_distance":1.3620778977,"num_points":188,"plane_center_x":-1.3521965742,"plane_center_y":2.0753874779,"plane_center_z":1.1349290609,"color_id":1},"2":{"ros_timestamp":"1695818872.1585202","wall_type":"right","a":0.9999332428,"b":0.0114241019,"c":-0.0017126802,"d":-1.3193615675,"shortest_distance":1.2919689853,"num_points":305,"plane_center_x":1.2960596085,"plane_center_y":2.2480170727,"plane_center_z":1.1244310141,"color_id":2}}