{"0":{"ros_timestamp":"1695818946.1438975","wall_type":"floor","a":-0.0011659098,"b":-0.0000986226,"c":0.9999993443,"d":-0.0015242323,"shortest_distance":0.9982752576,"num_points":948,"plane_center_x":-0.0799580067,"plane_center_y":-0.2605099678,"plane_center_z":0.0014053172,"color_id":0},"1":{"ros_timestamp":"1695818946.1438975","wall_type":"left","a":0.9998933077,"b":0.0145763662,"c":0.0009521639,"d":1.3265397549,"shortest_distance":1.4438192074,"num_points":1502,"plane_center_x":-1.3199317455,"plane_center_y":-0.5288596153,"plane_center_z":1.07619524,"color_id":1},"2":{"ros_timestamp":"1695818946.1438975","wall_type":"right","a":0.9999053478,"b":0.0137598962,"c":-0.0000000192,"d":-1.3269832134,"shortest_distance":1.2110505756,"num_points":384,"plane_center_x":1.2945224047,"plane_center_y":2.3679924011,"plane_center_z":1.1670200825,"color_id":2},"3":{"ros_timestamp":"1695818946.1438975","wall_type":"front","a":0.0124042751,"b":-0.99992311,"c":0.0000146843,"d":2.9276969433,"shortest_distance":2.4440929196,"num_points":350,"plane_center_x":-0.0371624827,"plane_center_y":2.9274795055,"plane_center_z":1.262804389,"color_id":3},"4":{"ros_timestamp":"1695818946.1438975","wall_type":"back","a":0.0134139322,"b":-0.9999100566,"c":-0.0000120642,"d":-2.9246940613,"shortest_distance":3.4082079708,"num_points":344,"plane_center_x":0.0245422628,"plane_center_y":-2.9246432781,"plane_center_z":1.2730636597,"color_id":4}}