{"0":{"ros_timestamp":"1695818947.5835238","wall_type":"floor","a":-0.0011658916,"b":-0.0001042504,"c":0.9999993443,"d":-0.0015191894,"shortest_distance":0.9983054872,"num_points":975,"plane_center_x":-0.0539531186,"plane_center_y":-0.3174689412,"plane_center_z":0.0014231906,"color_id":0},"1":{"ros_timestamp":"1695818947.5835238","wall_type":"left","a":0.9998882413,"b":0.0142983589,"c":0.0043601068,"d":1.3214381933,"shortest_distance":1.4176852777,"num_points":1502,"plane_center_x":-1.3199062347,"plane_center_y":-0.5268296599,"plane_center_z":1.0761753321,"color_id":1},"2":{"ros_timestamp":"1695818947.5835238","wall_type":"right","a":0.9999053478,"b":0.0137598962,"c":-0.0000000192,"d":-1.3269832134,"shortest_distance":1.2353584824,"num_points":384,"plane_center_x":1.2945224047,"plane_center_y":2.3679924011,"plane_center_z":1.1670200825,"color_id":2},"3":{"ros_timestamp":"1695818947.5835238","wall_type":"front","a":0.0124042751,"b":-0.99992311,"c":0.0000146843,"d":2.9276969433,"shortest_distance":2.4389358644,"num_points":350,"plane_center_x":-0.0371624827,"plane_center_y":2.9274795055,"plane_center_z":1.262804389,"color_id":3},"4":{"ros_timestamp":"1695818947.5835238","wall_type":"back","a":0.0134139322,"b":-0.9999100566,"c":-0.0000120642,"d":-2.9246940613,"shortest_distance":3.4133895753,"num_points":344,"plane_center_x":0.0245422628,"plane_center_y":-2.9246432781,"plane_center_z":1.2730636597,"color_id":4}}