{"0":{"ros_timestamp":"1695818947.7683063","wall_type":"floor","a":-0.0011452287,"b":-0.0001026212,"c":0.9999993443,"d":-0.0015273861,"shortest_distance":0.998305397,"num_points":976,"plane_center_x":-0.0552997068,"plane_center_y":-0.3190071285,"plane_center_z":0.0014313193,"color_id":0},"1":{"ros_timestamp":"1695818947.7683063","wall_type":"left","a":0.999892056,"b":0.0146422666,"c":0.0012040953,"d":1.3262479305,"shortest_distance":1.4146176331,"num_points":1501,"plane_center_x":-1.3200608492,"plane_center_y":-0.5263041854,"plane_center_z":1.076872468,"color_id":1},"2":{"ros_timestamp":"1695818947.7683063","wall_type":"right","a":0.9999053478,"b":0.0137598962,"c":-0.0000000192,"d":-1.3269832134,"shortest_distance":1.2402495008,"num_points":384,"plane_center_x":1.2945224047,"plane_center_y":2.3679924011,"plane_center_z":1.1670200825,"color_id":2},"3":{"ros_timestamp":"1695818947.7683063","wall_type":"front","a":0.0124042751,"b":-0.99992311,"c":0.0000146843,"d":2.9276969433,"shortest_distance":2.4380506965,"num_points":350,"plane_center_x":-0.0371624827,"plane_center_y":2.9274795055,"plane_center_z":1.262804389,"color_id":3},"4":{"ros_timestamp":"1695818947.7683063","wall_type":"back","a":0.0134139322,"b":-0.9999100566,"c":-0.0000120642,"d":-2.9246940613,"shortest_distance":3.4142796825,"num_points":344,"plane_center_x":0.0245422628,"plane_center_y":-2.9246432781,"plane_center_z":1.2730636597,"color_id":4}}