{"0":{"ros_timestamp":"1695818879.1928594","wall_type":"floor","a":0.0017629133,"b":-0.0004144332,"c":0.9999982715,"d":-0.0003635366,"shortest_distance":1.0001118197,"num_points":379,"plane_center_x":0.0126712695,"plane_center_y":2.197568655,"plane_center_z":0.001251946,"color_id":0},"1":{"ros_timestamp":"1695818879.1928594","wall_type":"left","a":0.9999192953,"b":0.0126969414,"c":0.0001764302,"d":1.3256040812,"shortest_distance":1.4949980489,"num_points":344,"plane_center_x":-1.3473552465,"plane_center_y":1.6890872717,"plane_center_z":1.1119248867,"color_id":1},"2":{"ros_timestamp":"1695818879.1928594","wall_type":"right","a":0.9998521805,"b":0.0169684179,"c":-0.0027739326,"d":-1.3304065466,"shortest_distance":1.165962248,"num_points":396,"plane_center_x":1.2943818569,"plane_center_y":2.3685481548,"plane_center_z":1.1326767206,"color_id":2}}