{"0":{"ros_timestamp":"1695818948.1148574","wall_type":"floor","a":-0.0011690084,"b":-0.0001038013,"c":0.9999992847,"d":-0.0015244932,"shortest_distance":0.9983114413,"num_points":981,"plane_center_x":-0.0401796438,"plane_center_y":-0.3304449618,"plane_center_z":0.0014432233,"color_id":0},"1":{"ros_timestamp":"1695818948.1148574","wall_type":"left","a":0.9998890162,"b":0.0147947548,"c":0.001756786,"d":1.3253537416,"shortest_distance":1.4094518609,"num_points":1505,"plane_center_x":-1.3196508884,"plane_center_y":-0.5330082774,"plane_center_z":1.074059248,"color_id":1},"2":{"ros_timestamp":"1695818948.1148574","wall_type":"right","a":0.9999053478,"b":0.0137598962,"c":-0.0000000192,"d":-1.3269832134,"shortest_distance":1.2451491924,"num_points":384,"plane_center_x":1.2945224047,"plane_center_y":2.3679924011,"plane_center_z":1.1670200825,"color_id":2},"3":{"ros_timestamp":"1695818948.1148574","wall_type":"front","a":0.0124042751,"b":-0.99992311,"c":0.0000146843,"d":2.9276969433,"shortest_distance":2.4372144944,"num_points":350,"plane_center_x":-0.0371624827,"plane_center_y":2.9274795055,"plane_center_z":1.262804389,"color_id":3},"4":{"ros_timestamp":"1695818948.1148574","wall_type":"back","a":0.0134139322,"b":-0.9999100566,"c":-0.0000120642,"d":-2.9246940613,"shortest_distance":3.4151208328,"num_points":344,"plane_center_x":0.0245422628,"plane_center_y":-2.9246432781,"plane_center_z":1.2730636597,"color_id":4}}