{"0":{"ros_timestamp":"1695818948.426215","wall_type":"floor","a":-0.0010983313,"b":-0.0001213745,"c":0.999999404,"d":-0.0014860521,"shortest_distance":0.9983519442,"num_points":988,"plane_center_x":-0.0377977453,"plane_center_y":-0.3430894315,"plane_center_z":0.0014028961,"color_id":0},"1":{"ros_timestamp":"1695818948.426215","wall_type":"left","a":0.9998933673,"b":0.0145891113,"c":0.0006333417,"d":1.3270151615,"shortest_distance":1.4049819287,"num_points":1503,"plane_center_x":-1.319827795,"plane_center_y":-0.5346376896,"plane_center_z":1.0754421949,"color_id":1},"2":{"ros_timestamp":"1695818948.426215","wall_type":"right","a":0.9999053478,"b":0.0137598962,"c":-0.0000000192,"d":-1.3269832134,"shortest_distance":1.2500570674,"num_points":384,"plane_center_x":1.2945224047,"plane_center_y":2.3679924011,"plane_center_z":1.1670200825,"color_id":2},"3":{"ros_timestamp":"1695818948.426215","wall_type":"front","a":0.0124042751,"b":-0.99992311,"c":0.0000146843,"d":2.9276969433,"shortest_distance":2.4364273415,"num_points":350,"plane_center_x":-0.0371624827,"plane_center_y":2.9274795055,"plane_center_z":1.262804389,"color_id":3},"4":{"ros_timestamp":"1695818948.426215","wall_type":"back","a":0.0134139322,"b":-0.9999100566,"c":-0.0000120642,"d":-2.9246940613,"shortest_distance":3.415912942,"num_points":344,"plane_center_x":0.0245422628,"plane_center_y":-2.9246432781,"plane_center_z":1.2730636597,"color_id":4}}