{"0":{"ros_timestamp":"1695818948.8138947","wall_type":"floor","a":-0.0011318338,"b":-0.0001126747,"c":0.999999404,"d":-0.0014996929,"shortest_distance":0.9983456969,"num_points":992,"plane_center_x":-0.0359230004,"plane_center_y":-0.3499055803,"plane_center_z":0.0014196093,"color_id":0},"1":{"ros_timestamp":"1695818948.8138947","wall_type":"left","a":0.9998921156,"b":0.0146387927,"c":0.0012301875,"d":1.3261646032,"shortest_distance":1.3998376161,"num_points":1502,"plane_center_x":-1.3198618889,"plane_center_y":-0.5355418324,"plane_center_z":1.0761502981,"color_id":1},"2":{"ros_timestamp":"1695818948.8138947","wall_type":"right","a":0.9998258352,"b":0.0186134782,"c":0.0013620647,"d":-1.3409328461,"shortest_distance":1.2651732361,"num_points":406,"plane_center_x":1.2976467609,"plane_center_y":2.0927493572,"plane_center_z":1.1688066721,"color_id":2},"3":{"ros_timestamp":"1695818948.8138947","wall_type":"front","a":0.0124042751,"b":-0.99992311,"c":0.0000146843,"d":2.9276969433,"shortest_distance":2.4356893167,"num_points":350,"plane_center_x":-0.0371624827,"plane_center_y":2.9274795055,"plane_center_z":1.262804389,"color_id":3},"4":{"ros_timestamp":"1695818948.8138947","wall_type":"back","a":0.0134139322,"b":-0.9999100566,"c":-0.0000120642,"d":-2.9246940613,"shortest_distance":3.416655931,"num_points":344,"plane_center_x":0.0245422628,"plane_center_y":-2.9246432781,"plane_center_z":1.2730636597,"color_id":4}}