{"0":{"ros_timestamp":"1695818948.9848807","wall_type":"floor","a":-0.0012210995,"b":-0.0000907506,"c":0.9999992847,"d":-0.0015415178,"shortest_distance":0.998314717,"num_points":999,"plane_center_x":-0.0282082353,"plane_center_y":-0.3636527061,"plane_center_z":0.0014740721,"color_id":0},"1":{"ros_timestamp":"1695818948.9848807","wall_type":"left","a":0.9998911619,"b":0.0146874497,"c":0.0013584888,"d":1.3259301186,"shortest_distance":1.3948333359,"num_points":1502,"plane_center_x":-1.3197876215,"plane_center_y":-0.5355075598,"plane_center_z":1.0761474371,"color_id":1},"2":{"ros_timestamp":"1695818948.9848807","wall_type":"right","a":0.9999016523,"b":0.0140196858,"c":-0.0000000096,"d":-1.3275998831,"shortest_distance":1.2603841901,"num_points":428,"plane_center_x":1.3018405437,"plane_center_y":1.8465037346,"plane_center_z":1.1704095602,"color_id":2},"3":{"ros_timestamp":"1695818948.9848807","wall_type":"front","a":0.0124042751,"b":-0.99992311,"c":0.0000146843,"d":2.9276969433,"shortest_distance":2.4350004936,"num_points":350,"plane_center_x":-0.0371624827,"plane_center_y":2.9274795055,"plane_center_z":1.262804389,"color_id":3},"4":{"ros_timestamp":"1695818948.9848807","wall_type":"back","a":0.0134139322,"b":-0.9999100566,"c":-0.0000120642,"d":-2.9246940613,"shortest_distance":3.4173497254,"num_points":344,"plane_center_x":0.0245422628,"plane_center_y":-2.9246432781,"plane_center_z":1.2730636597,"color_id":4}}