{"0":{"ros_timestamp":"1695818879.2705252","wall_type":"floor","a":0.0018025362,"b":-0.0006713544,"c":0.9999982119,"d":0.0003160913,"shortest_distance":1.0009177218,"num_points":382,"plane_center_x":0.0131229293,"plane_center_y":2.2019138336,"plane_center_z":0.0011385207,"color_id":0},"1":{"ros_timestamp":"1695818879.2705252","wall_type":"left","a":0.9999409318,"b":0.0108652283,"c":0.0002612462,"d":1.3329287767,"shortest_distance":1.5032635291,"num_points":346,"plane_center_x":-1.3515872955,"plane_center_y":1.6832057238,"plane_center_z":1.1113349199,"color_id":1},"2":{"ros_timestamp":"1695818879.2705252","wall_type":"right","a":0.9998356104,"b":0.0178331677,"c":-0.0032801023,"d":-1.3316853046,"shortest_distance":1.1681524173,"num_points":397,"plane_center_x":1.2942510843,"plane_center_y":2.3682243824,"plane_center_z":1.1298729181,"color_id":2}}