{"0":{"ros_timestamp":"1695818949.9333315","wall_type":"floor","a":-0.0013118389,"b":-0.0000691777,"c":0.9999991655,"d":-0.0015751038,"shortest_distance":0.9983055366,"num_points":1026,"plane_center_x":-0.0000258867,"plane_center_y":-0.4125335515,"plane_center_z":0.001546533,"color_id":0},"1":{"ros_timestamp":"1695818949.9333315","wall_type":"left","a":0.9998925924,"b":0.0146244373,"c":0.0010366989,"d":1.3263351917,"shortest_distance":1.3800804238,"num_points":1502,"plane_center_x":-1.319890976,"plane_center_y":-0.5266194344,"plane_center_z":1.0760576725,"color_id":1},"2":{"ros_timestamp":"1695818949.9333315","wall_type":"right","a":0.9998986721,"b":0.0142328581,"c":0.000045395,"d":-1.3281809092,"shortest_distance":1.2756204885,"num_points":472,"plane_center_x":1.3076853752,"plane_center_y":1.4455815554,"plane_center_z":1.1730344296,"color_id":2},"3":{"ros_timestamp":"1695818949.9333315","wall_type":"front","a":0.0124042751,"b":-0.99992311,"c":0.0000146843,"d":2.9276969433,"shortest_distance":2.4332298995,"num_points":350,"plane_center_x":-0.0371624827,"plane_center_y":2.9274795055,"plane_center_z":1.262804389,"color_id":3},"4":{"ros_timestamp":"1695818949.9333315","wall_type":"back","a":0.0134139322,"b":-0.9999100566,"c":-0.0000120642,"d":-2.9246940613,"shortest_distance":3.4191352718,"num_points":344,"plane_center_x":0.0245422628,"plane_center_y":-2.9246432781,"plane_center_z":1.2730636597,"color_id":4}}