{"0":{"ros_timestamp":"1695818950.2772648","wall_type":"floor","a":-0.001331851,"b":-0.0000648517,"c":0.9999991059,"d":-0.0015834725,"shortest_distance":0.9983049423,"num_points":1025,"plane_center_x":0.0071489448,"plane_center_y":-0.4099399745,"plane_center_z":0.0015664099,"color_id":0},"1":{"ros_timestamp":"1695818950.2772648","wall_type":"left","a":0.9998941422,"b":0.0145334965,"c":0.0007394101,"d":1.326772213,"shortest_distance":1.3752290111,"num_points":1506,"plane_center_x":-1.3197612762,"plane_center_y":-0.5326703191,"plane_center_z":1.0732012987,"color_id":1},"2":{"ros_timestamp":"1695818950.2772648","wall_type":"right","a":0.9999200106,"b":0.012645402,"c":0.0000634302,"d":-1.3244136572,"shortest_distance":1.2775673461,"num_points":493,"plane_center_x":1.3082541227,"plane_center_y":1.2802915573,"plane_center_z":1.1720679998,"color_id":2},"3":{"ros_timestamp":"1695818950.2772648","wall_type":"front","a":0.0124042751,"b":-0.99992311,"c":0.0000146843,"d":2.9276969433,"shortest_distance":2.4327385232,"num_points":350,"plane_center_x":-0.0371624827,"plane_center_y":2.9274795055,"plane_center_z":1.262804389,"color_id":3},"4":{"ros_timestamp":"1695818950.2772648","wall_type":"back","a":0.0134139322,"b":-0.9999100566,"c":-0.0000120642,"d":-2.9246940613,"shortest_distance":3.4196316434,"num_points":344,"plane_center_x":0.0245422628,"plane_center_y":-2.9246432781,"plane_center_z":1.2730636597,"color_id":4}}