{"0":{"ros_timestamp":"1695818950.4496288","wall_type":"floor","a":-0.001341107,"b":-0.000048605,"c":0.9999991059,"d":-0.0016240261,"shortest_distance":0.9982786822,"num_points":1032,"plane_center_x":0.0086248023,"plane_center_y":-0.4212363362,"plane_center_z":0.0016151201,"color_id":0},"1":{"ros_timestamp":"1695818950.4496288","wall_type":"left","a":0.999889195,"b":0.0148156667,"c":0.001443082,"d":1.3259217739,"shortest_distance":1.3702710026,"num_points":1502,"plane_center_x":-1.3198531866,"plane_center_y":-0.5303645134,"plane_center_z":1.0759949684,"color_id":1},"2":{"ros_timestamp":"1695818950.4496288","wall_type":"right","a":0.9999170899,"b":0.0128744328,"c":0.0000427639,"d":-1.3249260187,"shortest_distance":1.2829387746,"num_points":514,"plane_center_x":1.3103727102,"plane_center_y":1.1349486113,"plane_center_z":1.1711372137,"color_id":2},"3":{"ros_timestamp":"1695818950.4496288","wall_type":"front","a":0.0124042751,"b":-0.99992311,"c":0.0000146843,"d":2.9276969433,"shortest_distance":2.4322966437,"num_points":350,"plane_center_x":-0.0371624827,"plane_center_y":2.9274795055,"plane_center_z":1.262804389,"color_id":3},"4":{"ros_timestamp":"1695818950.4496288","wall_type":"back","a":0.0134139322,"b":-0.9999100566,"c":-0.0000120642,"d":-2.9246940613,"shortest_distance":3.4200785228,"num_points":344,"plane_center_x":0.0245422628,"plane_center_y":-2.9246432781,"plane_center_z":1.2730636597,"color_id":4}}