{"0":{"ros_timestamp":"1695818951.157768","wall_type":"floor","a":-0.0013727805,"b":-0.0000670521,"c":0.9999990463,"d":-0.0015608942,"shortest_distance":0.9983518808,"num_points":1042,"plane_center_x":0.0140741821,"plane_center_y":-0.4354470968,"plane_center_z":0.0015510188,"color_id":0},"1":{"ros_timestamp":"1695818951.157768","wall_type":"left","a":0.9998871684,"b":0.0148574635,"c":0.0022238027,"d":1.3248195648,"shortest_distance":1.3550937345,"num_points":1503,"plane_center_x":-1.3197822571,"plane_center_y":-0.5375301838,"plane_center_z":1.0752958059,"color_id":1},"2":{"ros_timestamp":"1695818951.157768","wall_type":"right","a":0.9999005795,"b":0.0141008804,"c":0.0000467922,"d":-1.3278729916,"shortest_distance":1.3001512948,"num_points":536,"plane_center_x":1.3137727976,"plane_center_y":1.0053262711,"plane_center_z":1.1721832752,"color_id":2},"3":{"ros_timestamp":"1695818951.157768","wall_type":"front","a":0.0124042751,"b":-0.99992311,"c":0.0000146843,"d":2.9276969433,"shortest_distance":2.4312684039,"num_points":350,"plane_center_x":-0.0371624827,"plane_center_y":2.9274795055,"plane_center_z":1.262804389,"color_id":3},"4":{"ros_timestamp":"1695818951.157768","wall_type":"back","a":0.0134139322,"b":-0.9999100566,"c":-0.0000120642,"d":-2.9246940613,"shortest_distance":3.4211217861,"num_points":344,"plane_center_x":0.0245422628,"plane_center_y":-2.9246432781,"plane_center_z":1.2730636597,"color_id":4}}