{"0":{"ros_timestamp":"1695818951.5748906","wall_type":"floor","a":-0.0014184358,"b":-0.0000999083,"c":0.9999989867,"d":-0.0016205703,"shortest_distance":0.9982819026,"num_points":1044,"plane_center_x":0.02215432,"plane_center_y":-0.4361625314,"plane_center_z":0.0015599917,"color_id":0},"1":{"ros_timestamp":"1695818951.5748906","wall_type":"left","a":0.9998808503,"b":0.0149603738,"c":0.0038112749,"d":1.3226772547,"shortest_distance":1.3496248216,"num_points":1505,"plane_center_x":-1.3197022676,"plane_center_y":-0.5386056304,"plane_center_z":1.0738054514,"color_id":1},"2":{"ros_timestamp":"1695818951.5748906","wall_type":"right","a":0.9999164343,"b":0.012932607,"c":0.0000124021,"d":-1.3250149488,"shortest_distance":1.3028731201,"num_points":556,"plane_center_x":1.3134596348,"plane_center_y":0.9008713365,"plane_center_z":1.1695635319,"color_id":2},"3":{"ros_timestamp":"1695818951.5748906","wall_type":"front","a":0.0124042751,"b":-0.99992311,"c":0.0000146843,"d":2.9276969433,"shortest_distance":2.4310249043,"num_points":350,"plane_center_x":-0.0371624827,"plane_center_y":2.9274795055,"plane_center_z":1.262804389,"color_id":3},"4":{"ros_timestamp":"1695818951.5748906","wall_type":"back","a":0.0134139322,"b":-0.9999100566,"c":-0.0000120642,"d":-2.9246940613,"shortest_distance":3.4213702996,"num_points":344,"plane_center_x":0.0245422628,"plane_center_y":-2.9246432781,"plane_center_z":1.2730636597,"color_id":4}}