{"0":{"ros_timestamp":"1695818951.8056538","wall_type":"floor","a":-0.0014447016,"b":-0.0000670178,"c":0.9999989271,"d":-0.0015521368,"shortest_distance":0.9983734037,"num_points":1052,"plane_center_x":0.0323614366,"plane_center_y":-0.4494764805,"plane_center_z":0.0015687682,"color_id":0},"1":{"ros_timestamp":"1695818951.8056538","wall_type":"left","a":0.9998915195,"b":0.0146579631,"c":0.0014909771,"d":1.3258036375,"shortest_distance":1.3453133845,"num_points":1504,"plane_center_x":-1.3198860884,"plane_center_y":-0.5313497186,"plane_center_z":1.0745307207,"color_id":1},"2":{"ros_timestamp":"1695818951.8056538","wall_type":"right","a":0.9999141097,"b":0.0131087657,"c":0.0000534165,"d":-1.3255007267,"shortest_distance":1.3081981612,"num_points":556,"plane_center_x":1.313860774,"plane_center_y":0.8917995691,"plane_center_z":1.1696221828,"color_id":2},"3":{"ros_timestamp":"1695818951.8056538","wall_type":"front","a":0.0124042751,"b":-0.99992311,"c":0.0000146843,"d":2.9276969433,"shortest_distance":2.430831073,"num_points":350,"plane_center_x":-0.0371624827,"plane_center_y":2.9274795055,"plane_center_z":1.262804389,"color_id":3},"4":{"ros_timestamp":"1695818951.8056538","wall_type":"back","a":0.0134139322,"b":-0.9999100566,"c":-0.0000120642,"d":-2.9246940613,"shortest_distance":3.4215691471,"num_points":344,"plane_center_x":0.0245422628,"plane_center_y":-2.9246432781,"plane_center_z":1.2730636597,"color_id":4}}