{"0":{"ros_timestamp":"1695818952.6270456","wall_type":"floor","a":-0.0014841219,"b":-0.0000595545,"c":0.9999989271,"d":-0.0015792593,"shortest_distance":0.9983716392,"num_points":1062,"plane_center_x":0.0340939574,"plane_center_y":-0.4637455046,"plane_center_z":0.0016022425,"color_id":0},"1":{"ros_timestamp":"1695818952.6270456","wall_type":"left","a":0.9998930693,"b":0.0145826936,"c":0.0010639442,"d":1.3263685703,"shortest_distance":1.3305029088,"num_points":1504,"plane_center_x":-1.3198907375,"plane_center_y":-0.532284379,"plane_center_z":1.0744917393,"color_id":1},"2":{"ros_timestamp":"1695818952.6270456","wall_type":"right","a":0.9999010563,"b":0.0140638594,"c":0.000078797,"d":-1.3278890848,"shortest_distance":1.3249979358,"num_points":598,"plane_center_x":1.3181484938,"plane_center_y":0.6953279972,"plane_center_z":1.1682639122,"color_id":2},"3":{"ros_timestamp":"1695818952.6270456","wall_type":"front","a":0.0124042751,"b":-0.99992311,"c":0.0000146843,"d":2.9276969433,"shortest_distance":2.4305477575,"num_points":350,"plane_center_x":-0.0371624827,"plane_center_y":2.9274795055,"plane_center_z":1.262804389,"color_id":3},"4":{"ros_timestamp":"1695818952.6270456","wall_type":"back","a":0.0134139322,"b":-0.9999100566,"c":-0.0000120642,"d":-2.9246940613,"shortest_distance":3.4218675195,"num_points":344,"plane_center_x":0.0245422628,"plane_center_y":-2.9246432781,"plane_center_z":1.2730636597,"color_id":4}}