{"0":{"ros_timestamp":"1695818953.0380714","wall_type":"floor","a":-0.0016076741,"b":-0.0000708305,"c":0.9999986887,"d":-0.0016829503,"shortest_distance":0.9982786626,"num_points":1055,"plane_center_x":0.0505664535,"plane_center_y":-0.4532284141,"plane_center_z":0.0016842023,"color_id":0},"1":{"ros_timestamp":"1695818953.0380714","wall_type":"left","a":0.9998884797,"b":0.0147887012,"c":0.0020832743,"d":1.3250178099,"shortest_distance":1.3203307338,"num_points":1515,"plane_center_x":-1.3193112612,"plane_center_y":-0.548786819,"plane_center_z":1.066627264,"color_id":1},"2":{"ros_timestamp":"1695818953.0380714","wall_type":"right","a":0.9999029636,"b":0.013927578,"c":0.0000734421,"d":-1.3275293112,"shortest_distance":1.3346543666,"num_points":598,"plane_center_x":1.3177947998,"plane_center_y":0.7019631863,"plane_center_z":1.1682718992,"color_id":2},"3":{"ros_timestamp":"1695818953.0380714","wall_type":"front","a":0.0124042751,"b":-0.99992311,"c":0.0000146843,"d":2.9276969433,"shortest_distance":2.4306074445,"num_points":350,"plane_center_x":-0.0371624827,"plane_center_y":2.9274795055,"plane_center_z":1.262804389,"color_id":3},"4":{"ros_timestamp":"1695818953.0380714","wall_type":"back","a":0.0134139322,"b":-0.9999100566,"c":-0.0000120642,"d":-2.9246940613,"shortest_distance":3.4218178723,"num_points":344,"plane_center_x":0.0245422628,"plane_center_y":-2.9246432781,"plane_center_z":1.2730636597,"color_id":4}}