{"0":{"ros_timestamp":"1695818879.6548386","wall_type":"floor","a":-0.000079533,"b":-0.0002667895,"c":0.9999999404,"d":-0.0016788235,"shortest_distance":0.9984050539,"num_points":400,"plane_center_x":0.0562013052,"plane_center_y":2.2120931149,"plane_center_z":0.0022734569,"color_id":0},"1":{"ros_timestamp":"1695818879.6548386","wall_type":"left","a":0.9999146461,"b":0.0130629484,"c":0.0000964437,"d":1.3252865076,"shortest_distance":1.5037457774,"num_points":362,"plane_center_x":-1.3469839096,"plane_center_y":1.6440194845,"plane_center_z":1.1064742804,"color_id":1},"2":{"ros_timestamp":"1695818879.6548386","wall_type":"right","a":0.9999053478,"b":0.0137598962,"c":-0.0000000192,"d":-1.3269832134,"shortest_distance":1.1489439165,"num_points":384,"plane_center_x":1.2945224047,"plane_center_y":2.3679924011,"plane_center_z":1.1670200825,"color_id":2}}