{"0":{"ros_timestamp":"1695818953.8687541","wall_type":"floor","a":-0.0016256927,"b":-0.0000315216,"c":0.9999986887,"d":-0.0016439385,"shortest_distance":0.9983616809,"num_points":1064,"plane_center_x":0.0372857489,"plane_center_y":-0.4659609497,"plane_center_z":0.0016898679,"color_id":0},"1":{"ros_timestamp":"1695818953.8687541","wall_type":"left","a":0.9998937845,"b":0.0145443017,"c":0.0009558149,"d":1.3265268803,"shortest_distance":1.3056825773,"num_points":1508,"plane_center_x":-1.3198301792,"plane_center_y":-0.5384180546,"plane_center_z":1.0715239048,"color_id":1},"2":{"ros_timestamp":"1695818953.8687541","wall_type":"right","a":0.9999065399,"b":0.0136690605,"c":0.0002012663,"d":-1.3271360397,"shortest_distance":1.3491696413,"num_points":637,"plane_center_x":1.3194737434,"plane_center_y":0.5525016189,"plane_center_z":1.1595345736,"color_id":2},"3":{"ros_timestamp":"1695818953.8687541","wall_type":"front","a":0.0124042751,"b":-0.99992311,"c":0.0000146843,"d":2.9276969433,"shortest_distance":2.4310697615,"num_points":350,"plane_center_x":-0.0371624827,"plane_center_y":2.9274795055,"plane_center_z":1.262804389,"color_id":3},"4":{"ros_timestamp":"1695818953.8687541","wall_type":"back","a":0.0134139322,"b":-0.9999100566,"c":-0.0000120642,"d":-2.9246940613,"shortest_distance":3.4213706081,"num_points":344,"plane_center_x":0.0245422628,"plane_center_y":-2.9246432781,"plane_center_z":1.2730636597,"color_id":4}}