{"0":{"ros_timestamp":"1695818954.1516402","wall_type":"floor","a":-0.0016166981,"b":-0.0000353242,"c":0.9999986887,"d":-0.0016287449,"shortest_distance":0.9983827732,"num_points":1066,"plane_center_x":0.0429936238,"plane_center_y":-0.468156904,"plane_center_z":0.0016817176,"color_id":0},"1":{"ros_timestamp":"1695818954.1516402","wall_type":"left","a":0.9998915195,"b":0.0145945586,"c":0.0020056432,"d":1.3250622749,"shortest_distance":1.3003270303,"num_points":1508,"plane_center_x":-1.3198709488,"plane_center_y":-0.5376648307,"plane_center_z":1.0715399981,"color_id":1},"2":{"ros_timestamp":"1695818954.1516402","wall_type":"right","a":0.9999037385,"b":0.0138756,"c":0.0001463562,"d":-1.3275606632,"shortest_distance":1.3545120959,"num_points":638,"plane_center_x":1.3199665546,"plane_center_y":0.5442136526,"plane_center_z":1.1609305143,"color_id":2},"3":{"ros_timestamp":"1695818954.1516402","wall_type":"front","a":0.0124042751,"b":-0.99992311,"c":0.0000146843,"d":2.9276969433,"shortest_distance":2.4313232202,"num_points":350,"plane_center_x":-0.0371624827,"plane_center_y":2.9274795055,"plane_center_z":1.262804389,"color_id":3},"4":{"ros_timestamp":"1695818954.1516402","wall_type":"back","a":0.0134139322,"b":-0.9999100566,"c":-0.0000120642,"d":-2.9246940613,"shortest_distance":3.4211221631,"num_points":344,"plane_center_x":0.0245422628,"plane_center_y":-2.9246432781,"plane_center_z":1.2730636597,"color_id":4}}