{"0":{"ros_timestamp":"1695818955.0938199","wall_type":"floor","a":-0.0015321422,"b":-0.0000477121,"c":0.9999988079,"d":-0.0016071752,"shortest_distance":0.9984182885,"num_points":1073,"plane_center_x":0.0478380471,"plane_center_y":-0.4759601057,"plane_center_z":0.0016577629,"color_id":0},"1":{"ros_timestamp":"1695818955.0938199","wall_type":"left","a":0.9998941422,"b":0.0145200519,"c":0.0009543916,"d":1.3265389204,"shortest_distance":1.2858363373,"num_points":1509,"plane_center_x":-1.3196804523,"plane_center_y":-0.544023931,"plane_center_z":1.0706994534,"color_id":1},"2":{"ros_timestamp":"1695818955.0938199","wall_type":"right","a":0.9999174476,"b":0.0128481044,"c":-0.0000064059,"d":-1.3247792721,"shortest_distance":1.3672709762,"num_points":680,"plane_center_x":1.3194719553,"plane_center_y":0.4221336246,"plane_center_z":1.1544514894,"color_id":2},"3":{"ros_timestamp":"1695818955.0938199","wall_type":"front","a":0.0124042751,"b":-0.99992311,"c":0.0000146843,"d":2.9276969433,"shortest_distance":2.4323813006,"num_points":350,"plane_center_x":-0.0371624827,"plane_center_y":2.9274795055,"plane_center_z":1.262804389,"color_id":3},"4":{"ros_timestamp":"1695818955.0938199","wall_type":"back","a":0.0134139322,"b":-0.9999100566,"c":-0.0000120642,"d":-2.9246940613,"shortest_distance":3.4200791051,"num_points":344,"plane_center_x":0.0245422628,"plane_center_y":-2.9246432781,"plane_center_z":1.2730636597,"color_id":4}}