{"0":{"ros_timestamp":"1695818956.0748634","wall_type":"floor","a":-0.0017460471,"b":-0.0000575723,"c":0.9999984503,"d":-0.0017301763,"shortest_distance":0.9983264775,"num_points":1077,"plane_center_x":0.0500427373,"plane_center_y":-0.4809141457,"plane_center_z":0.0016755507,"color_id":0},"1":{"ros_timestamp":"1695818956.0748634","wall_type":"left","a":0.9998930693,"b":0.0145610264,"c":0.0014049811,"d":1.3259767294,"shortest_distance":1.270903324,"num_points":1507,"plane_center_x":-1.3198382854,"plane_center_y":-0.5399349928,"plane_center_z":1.0720436573,"color_id":1},"2":{"ros_timestamp":"1695818956.0748634","wall_type":"right","a":0.9999044538,"b":0.0138193313,"c":0.0001653588,"d":-1.327501297,"shortest_distance":1.3841806931,"num_points":679,"plane_center_x":1.3215494156,"plane_center_y":0.4259923995,"plane_center_z":1.1561155319,"color_id":2},"3":{"ros_timestamp":"1695818956.0748634","wall_type":"front","a":0.0124042751,"b":-0.99992311,"c":0.0000146843,"d":2.9276969433,"shortest_distance":2.4338851446,"num_points":350,"plane_center_x":-0.0371624827,"plane_center_y":2.9274795055,"plane_center_z":1.262804389,"color_id":3},"4":{"ros_timestamp":"1695818956.0748634","wall_type":"back","a":0.0134139322,"b":-0.9999100566,"c":-0.0000120642,"d":-2.9246940613,"shortest_distance":3.4185902448,"num_points":344,"plane_center_x":0.0245422628,"plane_center_y":-2.9246432781,"plane_center_z":1.2730636597,"color_id":4}}