{"0":{"ros_timestamp":"1695818956.3757079","wall_type":"floor","a":-0.001573258,"b":-0.0000423224,"c":0.9999988079,"d":-0.0016144214,"shortest_distance":0.9984545904,"num_points":1081,"plane_center_x":0.0493647493,"plane_center_y":-0.4869066179,"plane_center_z":0.0016714798,"color_id":0},"1":{"ros_timestamp":"1695818956.3757079","wall_type":"left","a":0.9998953938,"b":0.0144443167,"c":0.0008125154,"d":1.3267650604,"shortest_distance":1.2611746555,"num_points":1505,"plane_center_x":-1.3199291229,"plane_center_y":-0.5388885736,"plane_center_z":1.0734792948,"color_id":1},"2":{"ros_timestamp":"1695818956.3757079","wall_type":"right","a":0.9999030232,"b":0.0139256483,"c":0.0001850815,"d":-1.3277792931,"shortest_distance":1.3942526371,"num_points":697,"plane_center_x":1.3225103617,"plane_center_y":0.3722605407,"plane_center_z":1.1521325111,"color_id":2},"3":{"ros_timestamp":"1695818956.3757079","wall_type":"front","a":0.0124042751,"b":-0.99992311,"c":0.0000146843,"d":2.9276969433,"shortest_distance":2.4351347021,"num_points":350,"plane_center_x":-0.0371624827,"plane_center_y":2.9274795055,"plane_center_z":1.262804389,"color_id":3},"4":{"ros_timestamp":"1695818956.3757079","wall_type":"back","a":0.0134139322,"b":-0.9999100566,"c":-0.0000120642,"d":-2.9246940613,"shortest_distance":3.4173506485,"num_points":344,"plane_center_x":0.0245422628,"plane_center_y":-2.9246432781,"plane_center_z":1.2730636597,"color_id":4}}