{"0":{"ros_timestamp":"1695818956.973313","wall_type":"floor","a":-0.0015833231,"b":-0.0000414158,"c":0.9999986887,"d":-0.0016123342,"shortest_distance":0.9984656581,"num_points":1081,"plane_center_x":0.0494291671,"plane_center_y":-0.4875716269,"plane_center_z":0.0016704055,"color_id":0},"1":{"ros_timestamp":"1695818956.973313","wall_type":"left","a":0.9998940229,"b":0.0145118069,"c":0.0011864639,"d":1.3262730837,"shortest_distance":1.2561661553,"num_points":1505,"plane_center_x":-1.3199156523,"plane_center_y":-0.5403867364,"plane_center_z":1.0734438896,"color_id":1},"2":{"ros_timestamp":"1695818956.973313","wall_type":"right","a":0.9999234676,"b":0.0123675643,"c":-0.0000384098,"d":-1.3235322237,"shortest_distance":1.3959190402,"num_points":698,"plane_center_x":1.3190780878,"plane_center_y":0.3718917966,"plane_center_z":1.1534157991,"color_id":2},"3":{"ros_timestamp":"1695818956.973313","wall_type":"front","a":0.0124042751,"b":-0.99992311,"c":0.0000146843,"d":2.9276969433,"shortest_distance":2.4358333991,"num_points":350,"plane_center_x":-0.0371624827,"plane_center_y":2.9274795055,"plane_center_z":1.262804389,"color_id":3},"4":{"ros_timestamp":"1695818956.973313","wall_type":"back","a":0.0134139322,"b":-0.9999100566,"c":-0.0000120642,"d":-2.9246940613,"shortest_distance":3.416656922,"num_points":344,"plane_center_x":0.0245422628,"plane_center_y":-2.9246432781,"plane_center_z":1.2730636597,"color_id":4}}