{"0":{"ros_timestamp":"1695818957.1125705","wall_type":"floor","a":-0.0015625199,"b":-0.0000449196,"c":0.9999986887,"d":-0.001609126,"shortest_distance":0.9984732483,"num_points":1085,"plane_center_x":0.0504633524,"plane_center_y":-0.492913723,"plane_center_z":0.0016658367,"color_id":0},"1":{"ros_timestamp":"1695818957.1125705","wall_type":"left","a":0.9998950362,"b":0.0144587308,"c":0.0009380445,"d":1.3265976906,"shortest_distance":1.2512996301,"num_points":1504,"plane_center_x":-1.3199464083,"plane_center_y":-0.5392827988,"plane_center_z":1.0741568804,"color_id":1},"2":{"ros_timestamp":"1695818957.1125705","wall_type":"right","a":0.9999066591,"b":0.0136665627,"c":0.0001373478,"d":-1.3271141052,"shortest_distance":1.4036019838,"num_points":720,"plane_center_x":1.3227002621,"plane_center_y":0.3204307258,"plane_center_z":1.1519603729,"color_id":2},"3":{"ros_timestamp":"1695818957.1125705","wall_type":"front","a":0.0124042751,"b":-0.99992311,"c":0.0000146843,"d":2.9276969433,"shortest_distance":2.4365812836,"num_points":350,"plane_center_x":-0.0371624827,"plane_center_y":2.9274795055,"plane_center_z":1.262804389,"color_id":3},"4":{"ros_timestamp":"1695818957.1125705","wall_type":"back","a":0.0134139322,"b":-0.9999100566,"c":-0.0000120642,"d":-2.9246940613,"shortest_distance":3.4159140009,"num_points":344,"plane_center_x":0.0245422628,"plane_center_y":-2.9246432781,"plane_center_z":1.2730636597,"color_id":4}}