{"0":{"ros_timestamp":"1695818957.4789186","wall_type":"floor","a":-0.0015633221,"b":-0.0000452476,"c":0.9999988079,"d":-0.0016125708,"shortest_distance":0.998477403,"num_points":1085,"plane_center_x":0.0527666956,"plane_center_y":-0.4923497438,"plane_center_z":0.0016727865,"color_id":0},"1":{"ros_timestamp":"1695818957.4789186","wall_type":"left","a":0.9998928905,"b":0.0145810954,"c":0.0012447779,"d":1.3262810707,"shortest_distance":1.2464408549,"num_points":1505,"plane_center_x":-1.3199235201,"plane_center_y":-0.5410941243,"plane_center_z":1.0734367371,"color_id":1},"2":{"ros_timestamp":"1695818957.4789186","wall_type":"right","a":0.9999169111,"b":0.0128885694,"c":0.0000273153,"d":-1.3249430656,"shortest_distance":1.4068310161,"num_points":720,"plane_center_x":1.3208504915,"plane_center_y":0.3236112595,"plane_center_z":1.1519767046,"color_id":2},"3":{"ros_timestamp":"1695818957.4789186","wall_type":"front","a":0.0124042751,"b":-0.99992311,"c":0.0000146843,"d":2.9276969433,"shortest_distance":2.4373782807,"num_points":350,"plane_center_x":-0.0371624827,"plane_center_y":2.9274795055,"plane_center_z":1.262804389,"color_id":3},"4":{"ros_timestamp":"1695818957.4789186","wall_type":"back","a":0.0134139322,"b":-0.9999100566,"c":-0.0000120642,"d":-2.9246940613,"shortest_distance":3.4151219594,"num_points":344,"plane_center_x":0.0245422628,"plane_center_y":-2.9246432781,"plane_center_z":1.2730636597,"color_id":4}}