{"0":{"ros_timestamp":"1695818957.7582304","wall_type":"floor","a":-0.0015857305,"b":-0.0000406857,"c":0.9999986887,"d":-0.0016234769,"shortest_distance":0.9984784592,"num_points":1087,"plane_center_x":0.0527232029,"plane_center_y":-0.4954597056,"plane_center_z":0.0016869258,"color_id":0},"1":{"ros_timestamp":"1695818957.7582304","wall_type":"left","a":0.999894619,"b":0.0141298203,"c":0.0033374038,"d":1.3232917786,"shortest_distance":1.2404225627,"num_points":1505,"plane_center_x":-1.3199321032,"plane_center_y":-0.5410888791,"plane_center_z":1.073425293,"color_id":1},"2":{"ros_timestamp":"1695818957.7582304","wall_type":"right","a":0.9999169707,"b":0.0128882919,"c":0.000027358,"d":-1.3249418736,"shortest_distance":1.4117293954,"num_points":720,"plane_center_x":1.3208037615,"plane_center_y":0.3271406591,"plane_center_z":1.1519747972,"color_id":2},"3":{"ros_timestamp":"1695818957.7582304","wall_type":"front","a":0.0124042751,"b":-0.99992311,"c":0.0000146843,"d":2.9276969433,"shortest_distance":2.4382243107,"num_points":350,"plane_center_x":-0.0371624827,"plane_center_y":2.9274795055,"plane_center_z":1.262804389,"color_id":3},"4":{"ros_timestamp":"1695818957.7582304","wall_type":"back","a":0.0134139322,"b":-0.9999100566,"c":-0.0000120642,"d":-2.9246940613,"shortest_distance":3.4142808767,"num_points":344,"plane_center_x":0.0245422628,"plane_center_y":-2.9246432781,"plane_center_z":1.2730636597,"color_id":4}}