{"0":{"ros_timestamp":"1695818958.0613732","wall_type":"floor","a":-0.0015875243,"b":-0.0000381377,"c":0.9999986887,"d":-0.0016279434,"shortest_distance":0.9984831833,"num_points":1091,"plane_center_x":0.0552712195,"plane_center_y":-0.5010602474,"plane_center_z":0.0016965807,"color_id":0},"1":{"ros_timestamp":"1695818958.0613732","wall_type":"left","a":0.9998813868,"b":0.014710987,"c":0.0045602154,"d":1.3215985298,"shortest_distance":1.2353447399,"num_points":1505,"plane_center_x":-1.3199187517,"plane_center_y":-0.540384233,"plane_center_z":1.0734250546,"color_id":1},"2":{"ros_timestamp":"1695818958.0613732","wall_type":"right","a":0.9999160171,"b":0.012954399,"c":0.0000825592,"d":-1.3252124786,"shortest_distance":1.4168034925,"num_points":738,"plane_center_x":1.3214482069,"plane_center_y":0.2918255627,"plane_center_z":1.1482850313,"color_id":2},"3":{"ros_timestamp":"1695818958.0613732","wall_type":"front","a":0.0124042751,"b":-0.99992311,"c":0.0000146843,"d":2.9276969433,"shortest_distance":2.439119289,"num_points":350,"plane_center_x":-0.0371624827,"plane_center_y":2.9274795055,"plane_center_z":1.262804389,"color_id":3},"4":{"ros_timestamp":"1695818958.0613732","wall_type":"back","a":0.0134139322,"b":-0.9999100566,"c":-0.0000120642,"d":-2.9246940613,"shortest_distance":3.4133908369,"num_points":344,"plane_center_x":0.0245422628,"plane_center_y":-2.9246432781,"plane_center_z":1.2730636597,"color_id":4}}