{"0":{"ros_timestamp":"1695818958.1524484","wall_type":"floor","a":-0.0015796944,"b":-0.0000345651,"c":0.9999986887,"d":-0.001638251,"shortest_distance":0.9984815887,"num_points":1093,"plane_center_x":0.0526365079,"plane_center_y":-0.5042145252,"plane_center_z":0.0017039747,"color_id":0},"1":{"ros_timestamp":"1695818958.1524484","wall_type":"left","a":0.9998957515,"b":0.0144109186,"c":0.0009199079,"d":1.3266533613,"shortest_distance":1.2317285387,"num_points":1503,"plane_center_x":-1.3200243711,"plane_center_y":-0.5381554961,"plane_center_z":1.0748499632,"color_id":1},"2":{"ros_timestamp":"1695818958.1524484","wall_type":"right","a":0.9999211431,"b":0.0125564393,"c":0.0000127036,"d":-1.3240876198,"shortest_distance":1.4208242828,"num_points":738,"plane_center_x":1.3205087185,"plane_center_y":0.2921668887,"plane_center_z":1.1482861042,"color_id":2},"3":{"ros_timestamp":"1695818958.1524484","wall_type":"front","a":0.0124042751,"b":-0.99992311,"c":0.0000146843,"d":2.9276969433,"shortest_distance":2.4400631261,"num_points":350,"plane_center_x":-0.0371624827,"plane_center_y":2.9274795055,"plane_center_z":1.262804389,"color_id":3},"4":{"ros_timestamp":"1695818958.1524484","wall_type":"back","a":0.0134139322,"b":-0.9999100566,"c":-0.0000120642,"d":-2.9246940613,"shortest_distance":3.412451929,"num_points":344,"plane_center_x":0.0245422628,"plane_center_y":-2.9246432781,"plane_center_z":1.2730636597,"color_id":4}}