{"0":{"ros_timestamp":"1695818880.1395617","wall_type":"floor","a":0.0000146406,"b":-0.0010277961,"c":0.999999404,"d":-0.0000888796,"shortest_distance":1.0003594824,"num_points":403,"plane_center_x":0.0537250638,"plane_center_y":2.2140154839,"plane_center_z":0.0023636508,"color_id":0},"1":{"ros_timestamp":"1695818880.1395617","wall_type":"left","a":0.9999338984,"b":0.0114947706,"c":0.0002564107,"d":1.3306468725,"shortest_distance":1.5192330414,"num_points":363,"plane_center_x":-1.349842906,"plane_center_y":1.6374806166,"plane_center_z":1.1092911959,"color_id":1},"2":{"ros_timestamp":"1695818880.1395617","wall_type":"right","a":0.9999053478,"b":0.0137598962,"c":-0.0000000192,"d":-1.3269832134,"shortest_distance":1.1396962261,"num_points":384,"plane_center_x":1.2945224047,"plane_center_y":2.3679924011,"plane_center_z":1.1670200825,"color_id":2}}