{"0":{"ros_timestamp":"1695818958.3997617","wall_type":"floor","a":-0.0016349041,"b":-0.0000340359,"c":0.9999986887,"d":-0.0016463506,"shortest_distance":0.9984873167,"num_points":1096,"plane_center_x":0.0548699275,"plane_center_y":-0.5077832341,"plane_center_z":0.0016681131,"color_id":0},"1":{"ros_timestamp":"1695818958.3997617","wall_type":"left","a":0.9998937249,"b":0.0145157091,"c":0.0013407975,"d":1.3261085749,"shortest_distance":1.2267822122,"num_points":1503,"plane_center_x":-1.3200243711,"plane_center_y":-0.5381554961,"plane_center_z":1.0748499632,"color_id":1},"2":{"ros_timestamp":"1695818958.3997617","wall_type":"right","a":0.9999169111,"b":0.0128932856,"c":0.0000484727,"d":-1.3249861002,"shortest_distance":1.4263946809,"num_points":739,"plane_center_x":1.3212629557,"plane_center_y":0.2929652333,"plane_center_z":1.1494349241,"color_id":2},"3":{"ros_timestamp":"1695818958.3997617","wall_type":"front","a":0.0124042751,"b":-0.99992311,"c":0.0000146843,"d":2.9276969433,"shortest_distance":2.4410557277,"num_points":350,"plane_center_x":-0.0371624827,"plane_center_y":2.9274795055,"plane_center_z":1.262804389,"color_id":3},"4":{"ros_timestamp":"1695818958.3997617","wall_type":"back","a":0.0134139322,"b":-0.9999100566,"c":-0.0000120642,"d":-2.9246940613,"shortest_distance":3.411464247,"num_points":344,"plane_center_x":0.0245422628,"plane_center_y":-2.9246432781,"plane_center_z":1.2730636597,"color_id":4}}