{"0":{"ros_timestamp":"1695818958.5206156","wall_type":"floor","a":-0.0016061154,"b":-0.0000417868,"c":0.9999986887,"d":-0.0016275669,"shortest_distance":0.9984992835,"num_points":1096,"plane_center_x":0.0553234704,"plane_center_y":-0.5076707006,"plane_center_z":0.0016456585,"color_id":0},"1":{"ros_timestamp":"1695818958.5206156","wall_type":"left","a":0.9998893142,"b":0.014713048,"c":0.0022189103,"d":1.3249607086,"shortest_distance":1.226608647,"num_points":1503,"plane_center_x":-1.3200243711,"plane_center_y":-0.5381554961,"plane_center_z":1.0748499632,"color_id":1},"2":{"ros_timestamp":"1695818958.5206156","wall_type":"right","a":0.9999047518,"b":0.0138016045,"c":0.0001532696,"d":-1.3274577856,"shortest_distance":1.4283194375,"num_points":739,"plane_center_x":1.3233630657,"plane_center_y":0.2930510044,"plane_center_z":1.149441123,"color_id":2},"3":{"ros_timestamp":"1695818958.5206156","wall_type":"front","a":0.0124042751,"b":-0.99992311,"c":0.0000146843,"d":2.9276969433,"shortest_distance":2.4410557277,"num_points":350,"plane_center_x":-0.0371624827,"plane_center_y":2.9274795055,"plane_center_z":1.262804389,"color_id":3},"4":{"ros_timestamp":"1695818958.5206156","wall_type":"back","a":0.0134139322,"b":-0.9999100566,"c":-0.0000120642,"d":-2.9246940613,"shortest_distance":3.411464247,"num_points":344,"plane_center_x":0.0245422628,"plane_center_y":-2.9246432781,"plane_center_z":1.2730636597,"color_id":4}}