{"0":{"ros_timestamp":"1695818959.5642054","wall_type":"floor","a":-0.0016976832,"b":-0.0000586584,"c":0.9999986291,"d":-0.0017250844,"shortest_distance":0.9984363691,"num_points":1102,"plane_center_x":0.0587472916,"plane_center_y":-0.5150507689,"plane_center_z":0.0016949092,"color_id":0},"1":{"ros_timestamp":"1695818959.5642054","wall_type":"left","a":0.9998939633,"b":0.0145136826,"c":0.0011573412,"d":1.3263697624,"shortest_distance":1.2074699243,"num_points":1503,"plane_center_x":-1.3200243711,"plane_center_y":-0.5381554961,"plane_center_z":1.0748499632,"color_id":1},"2":{"ros_timestamp":"1695818959.5642054","wall_type":"right","a":0.9999178052,"b":0.0128178541,"c":0.0000689707,"d":-1.3248414993,"shortest_distance":1.4456479326,"num_points":757,"plane_center_x":1.3216556311,"plane_center_y":0.250834167,"plane_center_z":1.1487057209,"color_id":2},"3":{"ros_timestamp":"1695818959.5642054","wall_type":"front","a":0.0124042751,"b":-0.99992311,"c":0.0000146843,"d":2.9276969433,"shortest_distance":2.4455117201,"num_points":350,"plane_center_x":-0.0371624827,"plane_center_y":2.9274795055,"plane_center_z":1.262804389,"color_id":3},"4":{"ros_timestamp":"1695818959.5642054","wall_type":"back","a":0.0134139322,"b":-0.9999100566,"c":-0.0000120642,"d":-2.9246940613,"shortest_distance":3.4070278254,"num_points":344,"plane_center_x":0.0245422628,"plane_center_y":-2.9246432781,"plane_center_z":1.2730636597,"color_id":4}}