{"0":{"ros_timestamp":"1695818960.9401205","wall_type":"floor","a":-0.0015763369,"b":-0.0000426376,"c":0.9999987483,"d":-0.0016198847,"shortest_distance":0.998579487,"num_points":1104,"plane_center_x":0.0612210743,"plane_center_y":-0.5176362991,"plane_center_z":0.0016943212,"color_id":0},"1":{"ros_timestamp":"1695818960.9401205","wall_type":"left","a":0.9998902082,"b":0.0145807788,"c":0.0026360289,"d":1.3242909908,"shortest_distance":1.1781882148,"num_points":1503,"plane_center_x":-1.3200243711,"plane_center_y":-0.5381554961,"plane_center_z":1.0748499632,"color_id":1},"2":{"ros_timestamp":"1695818960.9401205","wall_type":"right","a":0.999917686,"b":0.0128297815,"c":0.0000435173,"d":-1.3248360157,"shortest_distance":1.4743623239,"num_points":776,"plane_center_x":1.3219579458,"plane_center_y":0.2289187908,"plane_center_z":1.1466828585,"color_id":2},"3":{"ros_timestamp":"1695818960.9401205","wall_type":"front","a":0.0124042751,"b":-0.99992311,"c":0.0000146843,"d":2.9276969433,"shortest_distance":2.4536395496,"num_points":350,"plane_center_x":-0.0371624827,"plane_center_y":2.9274795055,"plane_center_z":1.262804389,"color_id":3},"4":{"ros_timestamp":"1695818960.9401205","wall_type":"back","a":0.0134139322,"b":-0.9999100566,"c":-0.0000120642,"d":-2.9246940613,"shortest_distance":3.3989289763,"num_points":344,"plane_center_x":0.0245422628,"plane_center_y":-2.9246432781,"plane_center_z":1.2730636597,"color_id":4}}