{"0":{"ros_timestamp":"1695818961.000267","wall_type":"floor","a":-0.0015757506,"b":-0.0000432702,"c":0.9999987483,"d":-0.0016180754,"shortest_distance":0.9985809072,"num_points":1104,"plane_center_x":0.0614027083,"plane_center_y":-0.5176769495,"plane_center_z":0.0016924329,"color_id":0},"1":{"ros_timestamp":"1695818961.000267","wall_type":"left","a":0.9998903275,"b":0.0145497825,"c":0.0027517409,"d":1.3241084814,"shortest_distance":1.1781067844,"num_points":1503,"plane_center_x":-1.3200243711,"plane_center_y":-0.5381554961,"plane_center_z":1.0748499632,"color_id":1},"2":{"ros_timestamp":"1695818961.000267","wall_type":"right","a":0.999907136,"b":0.0136237675,"c":0.000222901,"d":-1.3272064924,"shortest_distance":1.4761769113,"num_points":776,"plane_center_x":1.3239687681,"plane_center_y":0.2279126048,"plane_center_z":1.1466907263,"color_id":2},"3":{"ros_timestamp":"1695818961.000267","wall_type":"front","a":0.0124042751,"b":-0.99992311,"c":0.0000146843,"d":2.9276969433,"shortest_distance":2.4536395496,"num_points":350,"plane_center_x":-0.0371624827,"plane_center_y":2.9274795055,"plane_center_z":1.262804389,"color_id":3},"4":{"ros_timestamp":"1695818961.000267","wall_type":"back","a":0.0134139322,"b":-0.9999100566,"c":-0.0000120642,"d":-2.9246940613,"shortest_distance":3.3989289763,"num_points":344,"plane_center_x":0.0245422628,"plane_center_y":-2.9246432781,"plane_center_z":1.2730636597,"color_id":4}}