{"0":{"ros_timestamp":"1695818961.2643464","wall_type":"floor","a":-0.0015710078,"b":-0.0000493447,"c":0.9999987483,"d":-0.0016038677,"shortest_distance":0.9985989992,"num_points":1104,"plane_center_x":0.0616106763,"plane_center_y":-0.5178627372,"plane_center_z":0.0016751069,"color_id":0},"1":{"ros_timestamp":"1695818961.2643464","wall_type":"left","a":0.999892056,"b":0.0145943239,"c":0.0017039323,"d":1.325632453,"shortest_distance":1.1738672189,"num_points":1503,"plane_center_x":-1.3200243711,"plane_center_y":-0.5381554961,"plane_center_z":1.0748499632,"color_id":1},"2":{"ros_timestamp":"1695818961.2643464","wall_type":"right","a":0.9999071956,"b":0.0136235096,"c":0.0001859672,"d":-1.3271421194,"shortest_distance":1.480884534,"num_points":792,"plane_center_x":1.3242601156,"plane_center_y":0.2049562037,"plane_center_z":1.1437337399,"color_id":2},"3":{"ros_timestamp":"1695818961.2643464","wall_type":"front","a":0.0124042751,"b":-0.99992311,"c":0.0000146843,"d":2.9276969433,"shortest_distance":2.4551609437,"num_points":350,"plane_center_x":-0.0371624827,"plane_center_y":2.9274795055,"plane_center_z":1.262804389,"color_id":3},"4":{"ros_timestamp":"1695818961.2643464","wall_type":"back","a":0.0134139322,"b":-0.9999100566,"c":-0.0000120642,"d":-2.9246940613,"shortest_distance":3.3974123622,"num_points":344,"plane_center_x":0.0245422628,"plane_center_y":-2.9246432781,"plane_center_z":1.2730636597,"color_id":4}}