{"0":{"ros_timestamp":"1695818961.7624266","wall_type":"floor","a":-0.0015481531,"b":-0.0000522602,"c":0.9999988675,"d":-0.0015956521,"shortest_distance":0.9986095717,"num_points":1105,"plane_center_x":0.0626592562,"plane_center_y":-0.5186605453,"plane_center_z":0.0016655547,"color_id":0},"1":{"ros_timestamp":"1695818961.7624266","wall_type":"left","a":0.9998925328,"b":0.0146165239,"c":0.0010963569,"d":1.3265379667,"shortest_distance":1.1694544436,"num_points":1503,"plane_center_x":-1.3200243711,"plane_center_y":-0.5381554961,"plane_center_z":1.0748499632,"color_id":1},"2":{"ros_timestamp":"1695818961.7624266","wall_type":"right","a":0.9999209642,"b":0.0125745237,"c":0.0000436466,"d":-1.3241939545,"shortest_distance":1.4832924974,"num_points":793,"plane_center_x":1.3217251301,"plane_center_y":0.2006697953,"plane_center_z":1.1448386908,"color_id":2},"3":{"ros_timestamp":"1695818961.7624266","wall_type":"front","a":0.0124042751,"b":-0.99992311,"c":0.0000146843,"d":2.9276969433,"shortest_distance":2.4567295924,"num_points":350,"plane_center_x":-0.0371624827,"plane_center_y":2.9274795055,"plane_center_z":1.262804389,"color_id":3},"4":{"ros_timestamp":"1695818961.7624266","wall_type":"back","a":0.0134139322,"b":-0.9999100566,"c":-0.0000120642,"d":-2.9246940613,"shortest_distance":3.395848478,"num_points":344,"plane_center_x":0.0245422628,"plane_center_y":-2.9246432781,"plane_center_z":1.2730636597,"color_id":4}}