{"0":{"ros_timestamp":"1695818961.900261","wall_type":"floor","a":-0.0016193802,"b":-0.0001184011,"c":0.9999987483,"d":-0.0017739917,"shortest_distance":0.9984196308,"num_points":1107,"plane_center_x":0.0630313456,"plane_center_y":-0.5213872194,"plane_center_z":0.0017068631,"color_id":0},"1":{"ros_timestamp":"1695818961.900261","wall_type":"left","a":0.9998996854,"b":0.0140387062,"c":0.0019123307,"d":1.3250302076,"shortest_distance":1.163785955,"num_points":1503,"plane_center_x":-1.3200243711,"plane_center_y":-0.5381554961,"plane_center_z":1.0748499632,"color_id":1},"2":{"ros_timestamp":"1695818961.900261","wall_type":"right","a":0.9999178648,"b":0.0128138522,"c":0.0000779043,"d":-1.324849844,"shortest_distance":1.4885039089,"num_points":795,"plane_center_x":1.3223537207,"plane_center_y":0.196292609,"plane_center_z":1.1470527649,"color_id":2},"3":{"ros_timestamp":"1695818961.900261","wall_type":"front","a":0.0124042751,"b":-0.99992311,"c":0.0000146843,"d":2.9276969433,"shortest_distance":2.458345339,"num_points":350,"plane_center_x":-0.0371624827,"plane_center_y":2.9274795055,"plane_center_z":1.262804389,"color_id":3},"4":{"ros_timestamp":"1695818961.900261","wall_type":"back","a":0.0132559631,"b":-0.9999121428,"c":0.0000009311,"d":-2.9246721268,"shortest_distance":3.3941767825,"num_points":366,"plane_center_x":-0.0251845345,"plane_center_y":-2.9252617359,"plane_center_z":1.2686750889,"color_id":4}}