{"0":{"ros_timestamp":"1695818962.0402489","wall_type":"floor","a":-0.0016377913,"b":-0.0000489618,"c":0.9999986291,"d":-0.0016150763,"shortest_distance":0.9986218192,"num_points":1109,"plane_center_x":0.0648465753,"plane_center_y":-0.5234741569,"plane_center_z":0.0016956535,"color_id":0},"1":{"ros_timestamp":"1695818962.0402489","wall_type":"left","a":0.9998963475,"b":0.0143784536,"c":0.0007404761,"d":1.3268920183,"shortest_distance":1.1599466849,"num_points":1503,"plane_center_x":-1.3200243711,"plane_center_y":-0.5381554961,"plane_center_z":1.0748499632,"color_id":1},"2":{"ros_timestamp":"1695818962.0402489","wall_type":"right","a":0.999907434,"b":0.0136029432,"c":0.0001967804,"d":-1.3271267414,"shortest_distance":1.4949787866,"num_points":795,"plane_center_x":1.3243402243,"plane_center_y":0.1972650439,"plane_center_z":1.1470680237,"color_id":2},"3":{"ros_timestamp":"1695818962.0402489","wall_type":"front","a":0.0124042751,"b":-0.99992311,"c":0.0000146843,"d":2.9276969433,"shortest_distance":2.4600080217,"num_points":350,"plane_center_x":-0.0371624827,"plane_center_y":2.9274795055,"plane_center_z":1.262804389,"color_id":3},"4":{"ros_timestamp":"1695818962.0402489","wall_type":"back","a":0.0139313312,"b":-0.9999029636,"c":-0.0000403516,"d":-2.9248075485,"shortest_distance":3.3928082928,"num_points":366,"plane_center_x":-0.027101336,"plane_center_y":-2.9255201817,"plane_center_z":1.2686764002,"color_id":4}}