{"0":{"ros_timestamp":"1695818962.1829393","wall_type":"floor","a":-0.0016246863,"b":-0.0000462261,"c":0.9999986291,"d":-0.001616061,"shortest_distance":0.9986198442,"num_points":1113,"plane_center_x":0.0683259517,"plane_center_y":-0.527530849,"plane_center_z":0.0017026857,"color_id":0},"1":{"ros_timestamp":"1695818962.1829393","wall_type":"left","a":0.9998943806,"b":0.0144860838,"c":0.0012330442,"d":1.3262466192,"shortest_distance":1.1598442105,"num_points":1503,"plane_center_x":-1.3200243711,"plane_center_y":-0.5381554961,"plane_center_z":1.0748499632,"color_id":1},"2":{"ros_timestamp":"1695818962.1829393","wall_type":"right","a":0.9999163151,"b":0.0129420795,"c":0.0000591156,"d":-1.3251599073,"shortest_distance":1.4934587086,"num_points":795,"plane_center_x":1.3226668835,"plane_center_y":0.1959472597,"plane_center_z":1.1470636129,"color_id":2},"3":{"ros_timestamp":"1695818962.1829393","wall_type":"front","a":0.0124042751,"b":-0.99992311,"c":0.0000146843,"d":2.9276969433,"shortest_distance":2.4600080217,"num_points":350,"plane_center_x":-0.0371624827,"plane_center_y":2.9274795055,"plane_center_z":1.262804389,"color_id":3},"4":{"ros_timestamp":"1695818962.1829393","wall_type":"back","a":0.0135647282,"b":-0.99990803,"c":-0.00001525,"d":-2.924737215,"shortest_distance":3.3926511969,"num_points":366,"plane_center_x":-0.0276583377,"plane_center_y":-2.9254007339,"plane_center_z":1.2686780691,"color_id":4}}