{"0":{"ros_timestamp":"1695818962.3401854","wall_type":"floor","a":-0.0016247114,"b":-0.0000437675,"c":0.9999986291,"d":-0.0016202753,"shortest_distance":0.9986244063,"num_points":1113,"plane_center_x":0.068390362,"plane_center_y":-0.527590096,"plane_center_z":0.0017083009,"color_id":0},"1":{"ros_timestamp":"1695818962.3401854","wall_type":"left","a":0.9998957515,"b":0.0144109186,"c":0.0009199079,"d":1.3266533613,"shortest_distance":1.155230705,"num_points":1503,"plane_center_x":-1.3200243711,"plane_center_y":-0.5381554961,"plane_center_z":1.0748499632,"color_id":1},"2":{"ros_timestamp":"1695818962.3401854","wall_type":"right","a":0.9999201298,"b":0.0126357926,"c":-0.0000062637,"d":-1.3242539167,"shortest_distance":1.4974304387,"num_points":795,"plane_center_x":1.3218983412,"plane_center_y":0.1953482628,"plane_center_z":1.1470623016,"color_id":2},"3":{"ros_timestamp":"1695818962.3401854","wall_type":"front","a":0.0124042751,"b":-0.99992311,"c":0.0000146843,"d":2.9276969433,"shortest_distance":2.4617174744,"num_points":350,"plane_center_x":-0.0371624827,"plane_center_y":2.9274795055,"plane_center_z":1.262804389,"color_id":3},"4":{"ros_timestamp":"1695818962.3401854","wall_type":"back","a":0.0133793131,"b":-0.9999105334,"c":-0.0000040119,"d":-2.9247002602,"shortest_distance":3.3908669168,"num_points":366,"plane_center_x":-0.0279368553,"plane_center_y":-2.9253408909,"plane_center_z":1.2686787844,"color_id":4}}