{"0":{"ros_timestamp":"1695818962.8230968","wall_type":"floor","a":-0.001607424,"b":-0.0000443096,"c":0.9999987483,"d":-0.0016184805,"shortest_distance":0.9986378974,"num_points":1113,"plane_center_x":0.0681334585,"plane_center_y":-0.5279342532,"plane_center_z":0.0017046094,"color_id":0},"1":{"ros_timestamp":"1695818962.8230968","wall_type":"left","a":0.9998896122,"b":0.0146356383,"c":0.0025297899,"d":1.324472785,"shortest_distance":1.1454729177,"num_points":1503,"plane_center_x":-1.3200243711,"plane_center_y":-0.5381554961,"plane_center_z":1.0748499632,"color_id":1},"2":{"ros_timestamp":"1695818962.8230968","wall_type":"right","a":0.9999159575,"b":0.0129624326,"c":-0.000194313,"d":-1.3246742487,"shortest_distance":1.5071731179,"num_points":813,"plane_center_x":1.3228405714,"plane_center_y":0.1748665124,"plane_center_z":1.1438528299,"color_id":2},"3":{"ros_timestamp":"1695818962.8230968","wall_type":"front","a":0.0124042751,"b":-0.99992311,"c":0.0000146843,"d":2.9276969433,"shortest_distance":2.4652760013,"num_points":350,"plane_center_x":-0.0371624827,"plane_center_y":2.9274795055,"plane_center_z":1.262804389,"color_id":3},"4":{"ros_timestamp":"1695818962.8230968","wall_type":"back","a":0.013711256,"b":-0.9999060035,"c":-0.0000248839,"d":-2.9247806072,"shortest_distance":3.3874791908,"num_points":366,"plane_center_x":-0.0281775706,"plane_center_y":-2.9254734516,"plane_center_z":1.2686824799,"color_id":4}}