{"0":{"ros_timestamp":"1695818963.0914252","wall_type":"floor","a":-0.001569249,"b":-0.0000403894,"c":0.9999987483,"d":-0.0016245318,"shortest_distance":0.9986265229,"num_points":1114,"plane_center_x":0.0694346502,"plane_center_y":-0.5291358829,"plane_center_z":0.0017121227,"color_id":0},"1":{"ros_timestamp":"1695818963.0914252","wall_type":"left","a":0.9998937249,"b":0.0145157091,"c":0.0013407975,"d":1.3261085749,"shortest_distance":1.145863714,"num_points":1503,"plane_center_x":-1.3200243711,"plane_center_y":-0.5381554961,"plane_center_z":1.0748499632,"color_id":1},"2":{"ros_timestamp":"1695818963.0914252","wall_type":"right","a":0.9999069571,"b":0.0136365714,"c":0.0002238977,"d":-1.3272758722,"shortest_distance":1.5090446929,"num_points":813,"plane_center_x":1.3247528076,"plane_center_y":0.1752874255,"plane_center_z":1.1438859701,"color_id":2},"3":{"ros_timestamp":"1695818963.0914252","wall_type":"front","a":0.0124042751,"b":-0.99992311,"c":0.0000146843,"d":2.9276969433,"shortest_distance":2.4652760013,"num_points":350,"plane_center_x":-0.0371624827,"plane_center_y":2.9274795055,"plane_center_z":1.262804389,"color_id":3},"4":{"ros_timestamp":"1695818963.0914252","wall_type":"back","a":0.0141227571,"b":-0.9999002218,"c":-0.0000466248,"d":-2.9248967171,"shortest_distance":3.3876920412,"num_points":366,"plane_center_x":-0.0262261797,"plane_center_y":-2.9256181717,"plane_center_z":1.2686780691,"color_id":4}}