{"0":{"ros_timestamp":"1695818963.2812145","wall_type":"floor","a":-0.0015827265,"b":-0.00003409,"c":0.9999987483,"d":-0.0016402791,"shortest_distance":0.9986235235,"num_points":1114,"plane_center_x":0.069200635,"plane_center_y":-0.5291115642,"plane_center_z":0.0017317695,"color_id":0},"1":{"ros_timestamp":"1695818963.2812145","wall_type":"left","a":0.9998937249,"b":0.0145157091,"c":0.0013407975,"d":1.3261085749,"shortest_distance":1.1412446748,"num_points":1503,"plane_center_x":-1.3200243711,"plane_center_y":-0.5381554961,"plane_center_z":1.0748499632,"color_id":1},"2":{"ros_timestamp":"1695818963.2812145","wall_type":"right","a":0.9999172091,"b":0.0128652453,"c":0.0000815777,"d":-1.325001955,"shortest_distance":1.5118859254,"num_points":813,"plane_center_x":1.3227345943,"plane_center_y":0.17749542,"plane_center_z":1.1438783407,"color_id":2},"3":{"ros_timestamp":"1695818963.2812145","wall_type":"front","a":0.0124042751,"b":-0.99992311,"c":0.0000146843,"d":2.9276969433,"shortest_distance":2.4671247196,"num_points":350,"plane_center_x":-0.0371624827,"plane_center_y":2.9274795055,"plane_center_z":1.262804389,"color_id":3},"4":{"ros_timestamp":"1695818963.2812145","wall_type":"back","a":0.0137553709,"b":-0.9999053478,"c":-0.0000290269,"d":-2.9247956276,"shortest_distance":3.3856640461,"num_points":366,"plane_center_x":-0.0291459728,"plane_center_y":-2.9255101681,"plane_center_z":1.2686780691,"color_id":4}}