{"0":{"ros_timestamp":"1695818880.646939","wall_type":"floor","a":0.0000178362,"b":-0.0009868589,"c":0.9999995232,"d":-0.0001681068,"shortest_distance":1.0002603174,"num_points":409,"plane_center_x":0.056317132,"plane_center_y":2.2204680443,"plane_center_z":0.0023583921,"color_id":0},"1":{"ros_timestamp":"1695818880.646939","wall_type":"left","a":0.9999422431,"b":0.0107451668,"c":0.0002130099,"d":1.332621932,"shortest_distance":1.5260998252,"num_points":364,"plane_center_x":-1.3505208492,"plane_center_y":1.6364691257,"plane_center_z":1.1117789745,"color_id":1},"2":{"ros_timestamp":"1695818880.646939","wall_type":"right","a":0.9999053478,"b":0.0137598962,"c":-0.0000000192,"d":-1.3269832134,"shortest_distance":1.135100243,"num_points":384,"plane_center_x":1.2945224047,"plane_center_y":2.3679924011,"plane_center_z":1.1670200825,"color_id":2}}