{"0":{"ros_timestamp":"1695818963.685112","wall_type":"floor","a":-0.001677665,"b":-0.0000521406,"c":0.9999985099,"d":-0.0017459163,"shortest_distance":0.998543286,"num_points":1114,"plane_center_x":0.0695266426,"plane_center_y":-0.5290899873,"plane_center_z":0.0017395529,"color_id":0},"1":{"ros_timestamp":"1695818963.685112","wall_type":"left","a":0.999899745,"b":0.0140738068,"c":0.0015370941,"d":1.325586915,"shortest_distance":1.1315356026,"num_points":1503,"plane_center_x":-1.3200243711,"plane_center_y":-0.5381554961,"plane_center_z":1.0748499632,"color_id":1},"2":{"ros_timestamp":"1695818963.685112","wall_type":"right","a":0.9999087453,"b":0.013508142,"c":0.0002214136,"d":-1.3269838095,"shortest_distance":1.522609582,"num_points":814,"plane_center_x":1.3245011568,"plane_center_y":0.1739645749,"plane_center_z":1.1452124119,"color_id":2},"3":{"ros_timestamp":"1695818963.685112","wall_type":"front","a":0.0124042751,"b":-0.99992311,"c":0.0000146843,"d":2.9276969433,"shortest_distance":2.4709601417,"num_points":350,"plane_center_x":-0.0371624827,"plane_center_y":2.9274795055,"plane_center_z":1.262804389,"color_id":3},"4":{"ros_timestamp":"1695818963.685112","wall_type":"back","a":0.0142898355,"b":-0.9998978972,"c":-0.0000535939,"d":-2.9249830246,"shortest_distance":3.3821574102,"num_points":366,"plane_center_x":-0.0284685697,"plane_center_y":-2.9257564545,"plane_center_z":1.2686712742,"color_id":4}}