{"0":{"ros_timestamp":"1695818964.1243649","wall_type":"floor","a":-0.001560253,"b":-0.0000344791,"c":0.9999987483,"d":-0.0016385278,"shortest_distance":0.9986423136,"num_points":1115,"plane_center_x":0.0702378899,"plane_center_y":-0.5304478407,"plane_center_z":0.0017298296,"color_id":0},"1":{"ros_timestamp":"1695818964.1243649","wall_type":"left","a":0.9998908043,"b":0.0146492869,"c":0.0019554303,"d":1.3253028393,"shortest_distance":1.1273709659,"num_points":1503,"plane_center_x":-1.3200243711,"plane_center_y":-0.5381554961,"plane_center_z":1.0748499632,"color_id":1},"2":{"ros_timestamp":"1695818964.1243649","wall_type":"right","a":0.9999173284,"b":0.012860138,"c":0.0000180097,"d":-1.3249006271,"shortest_distance":1.5255844108,"num_points":830,"plane_center_x":1.3229619265,"plane_center_y":0.1576463431,"plane_center_z":1.1424165964,"color_id":2},"3":{"ros_timestamp":"1695818964.1243649","wall_type":"front","a":0.0124042751,"b":-0.99992311,"c":0.0000146843,"d":2.9276969433,"shortest_distance":2.4729464618,"num_points":350,"plane_center_x":-0.0371624827,"plane_center_y":2.9274795055,"plane_center_z":1.262804389,"color_id":3},"4":{"ros_timestamp":"1695818964.1243649","wall_type":"back","a":0.0141008506,"b":-0.9999005198,"c":-0.0000319532,"d":-2.9249737263,"shortest_distance":3.3801111108,"num_points":366,"plane_center_x":-0.0287673771,"plane_center_y":-2.9257109165,"plane_center_z":1.2686607838,"color_id":4}}