{"0":{"ros_timestamp":"1695818964.4160097","wall_type":"floor","a":-0.0018672752,"b":-0.0000739772,"c":0.9999982715,"d":-0.0017386494,"shortest_distance":0.9985957916,"num_points":1115,"plane_center_x":0.0702499151,"plane_center_y":-0.5305716395,"plane_center_z":0.0017482052,"color_id":0},"1":{"ros_timestamp":"1695818964.4160097","wall_type":"left","a":0.9998963475,"b":0.0143784536,"c":0.0007404761,"d":1.3268920183,"shortest_distance":1.1230800934,"num_points":1503,"plane_center_x":-1.3200243711,"plane_center_y":-0.5381554961,"plane_center_z":1.0748499632,"color_id":1},"2":{"ros_timestamp":"1695818964.4160097","wall_type":"right","a":0.9999166131,"b":0.012912794,"c":0.0000177601,"d":-1.3250236511,"shortest_distance":1.5302223414,"num_points":830,"plane_center_x":1.3230947256,"plane_center_y":0.1563644111,"plane_center_z":1.1424255371,"color_id":2},"3":{"ros_timestamp":"1695818964.4160097","wall_type":"front","a":0.0124042751,"b":-0.99992311,"c":0.0000146843,"d":2.9276969433,"shortest_distance":2.4749782581,"num_points":350,"plane_center_x":-0.0371624827,"plane_center_y":2.9274795055,"plane_center_z":1.262804389,"color_id":3},"4":{"ros_timestamp":"1695818964.4160097","wall_type":"back","a":0.0142060649,"b":-0.9998990297,"c":-0.0000362139,"d":-2.9250173569,"shortest_distance":3.3781564442,"num_points":366,"plane_center_x":-0.0277020056,"plane_center_y":-2.9257521629,"plane_center_z":1.2686525583,"color_id":4}}