{"0":{"ros_timestamp":"1695818964.7265186","wall_type":"floor","a":-0.0015703181,"b":-0.0000283008,"c":0.9999987483,"d":-0.0016506659,"shortest_distance":0.9986492897,"num_points":1114,"plane_center_x":0.0738313049,"plane_center_y":-0.5283312798,"plane_center_z":0.0017516545,"color_id":0},"1":{"ros_timestamp":"1695818964.7265186","wall_type":"left","a":0.9998841882,"b":0.0140197426,"c":0.0059297881,"d":1.3192456961,"shortest_distance":1.1159437301,"num_points":1505,"plane_center_x":-1.3199187517,"plane_center_y":-0.540384233,"plane_center_z":1.0734250546,"color_id":1},"2":{"ros_timestamp":"1695818964.7265186","wall_type":"right","a":0.9999172091,"b":0.0128666181,"c":0.000009027,"d":-1.3248786926,"shortest_distance":1.5346249712,"num_points":831,"plane_center_x":1.3229656219,"plane_center_y":0.1563947648,"plane_center_z":1.1432449818,"color_id":2},"3":{"ros_timestamp":"1695818964.7265186","wall_type":"front","a":0.0124042751,"b":-0.99992311,"c":0.0000146843,"d":2.9276969433,"shortest_distance":2.4770553274,"num_points":350,"plane_center_x":-0.0371624827,"plane_center_y":2.9274795055,"plane_center_z":1.262804389,"color_id":3},"4":{"ros_timestamp":"1695818964.7265186","wall_type":"back","a":0.0145527432,"b":-0.9998940825,"c":-0.0000432597,"d":-2.9252099991,"shortest_distance":3.3763595809,"num_points":366,"plane_center_x":-0.0296883341,"plane_center_y":-2.926006794,"plane_center_z":1.2686505318,"color_id":4}}