{"0":{"ros_timestamp":"1695818965.7780266","wall_type":"floor","a":-0.0016266336,"b":-0.0000200902,"c":0.9999986291,"d":-0.0016835679,"shortest_distance":0.998661157,"num_points":1117,"plane_center_x":0.0728977174,"plane_center_y":-0.5327740908,"plane_center_z":0.0017914447,"color_id":0},"1":{"ros_timestamp":"1695818965.7780266","wall_type":"left","a":0.9998992085,"b":0.0140224621,"c":0.0022152122,"d":1.3245880604,"shortest_distance":1.0997020739,"num_points":1503,"plane_center_x":-1.3200243711,"plane_center_y":-0.5381554961,"plane_center_z":1.0748499632,"color_id":1},"2":{"ros_timestamp":"1695818965.7780266","wall_type":"right","a":0.9999160767,"b":0.0129598361,"c":0.0000068082,"d":-1.3250870705,"shortest_distance":1.5526518049,"num_points":849,"plane_center_x":1.323372364,"plane_center_y":0.1402818263,"plane_center_z":1.1424019337,"color_id":2},"3":{"ros_timestamp":"1695818965.7780266","wall_type":"front","a":0.0124042751,"b":-0.99992311,"c":0.0000146843,"d":2.9276969433,"shortest_distance":2.4858121122,"num_points":350,"plane_center_x":-0.0371624827,"plane_center_y":2.9274795055,"plane_center_z":1.262804389,"color_id":3},"4":{"ros_timestamp":"1695818965.7780266","wall_type":"back","a":0.0147278411,"b":-0.9998915792,"c":-0.000030045,"d":-2.9253997803,"shortest_distance":3.3678572905,"num_points":366,"plane_center_x":-0.0286513139,"plane_center_y":-2.9261772633,"plane_center_z":1.2686282396,"color_id":4}}