{"0":{"ros_timestamp":"1695818880.8997996","wall_type":"floor","a":0.0000568923,"b":-0.0016510964,"c":0.9999986291,"d":0.0012440069,"shortest_distance":1.0019759834,"num_points":415,"plane_center_x":0.0498826876,"plane_center_y":2.2196910381,"plane_center_z":0.0024180822,"color_id":0},"1":{"ros_timestamp":"1695818880.8997996","wall_type":"left","a":0.9999316931,"b":0.0116895111,"c":0.0002771,"d":1.3314996958,"shortest_distance":1.5337346991,"num_points":381,"plane_center_x":-1.3505548239,"plane_center_y":1.5958991051,"plane_center_z":1.1099839211,"color_id":1},"2":{"ros_timestamp":"1695818880.8997996","wall_type":"right","a":0.9999053478,"b":0.0137598962,"c":-0.0000000192,"d":-1.3269832134,"shortest_distance":1.1259662989,"num_points":384,"plane_center_x":1.2945224047,"plane_center_y":2.3679924011,"plane_center_z":1.1670200825,"color_id":2}}