{"0":{"ros_timestamp":"1695818966.2139223","wall_type":"floor","a":-0.0005612856,"b":0.0000444999,"c":0.9999998808,"d":-0.0022430907,"shortest_distance":0.997884984,"num_points":1158,"plane_center_x":0.0242416542,"plane_center_y":-0.5372967124,"plane_center_z":0.0022806069,"color_id":0},"1":{"ros_timestamp":"1695818966.2139223","wall_type":"left","a":0.9998942018,"b":0.0145388441,"c":0.0004778481,"d":1.3273535967,"shortest_distance":1.0965457082,"num_points":1462,"plane_center_x":-1.3202459812,"plane_center_y":-0.5347877145,"plane_center_z":1.1045514345,"color_id":1},"2":{"ros_timestamp":"1695818966.2139223","wall_type":"right","a":0.9999170899,"b":0.0128791761,"c":0.0000159324,"d":-1.3249217272,"shortest_distance":1.556921653,"num_points":850,"plane_center_x":1.3231925964,"plane_center_y":0.1413602829,"plane_center_z":1.1414111853,"color_id":2},"3":{"ros_timestamp":"1695818966.2139223","wall_type":"front","a":0.0124042751,"b":-0.99992311,"c":0.0000146843,"d":2.9276969433,"shortest_distance":2.4881123408,"num_points":350,"plane_center_x":-0.0371624827,"plane_center_y":2.9274795055,"plane_center_z":1.262804389,"color_id":3},"4":{"ros_timestamp":"1695818966.2139223","wall_type":"back","a":0.0147226732,"b":-0.9998916388,"c":-0.0000280987,"d":-2.9254159927,"shortest_distance":3.36558043,"num_points":366,"plane_center_x":-0.0253302604,"plane_center_y":-2.9261417389,"plane_center_z":1.2686244249,"color_id":4}}