{"0":{"ros_timestamp":"1695818880.9996204","wall_type":"floor","a":0.000050239,"b":-0.0017964492,"c":0.9999983311,"d":0.0015533948,"shortest_distance":1.0023494284,"num_points":415,"plane_center_x":0.0498574264,"plane_center_y":2.2198672295,"plane_center_z":0.0024319829,"color_id":0},"1":{"ros_timestamp":"1695818880.9996204","wall_type":"left","a":0.9999140501,"b":0.0131095806,"c":0.0002713179,"d":1.3250796795,"shortest_distance":1.5266635567,"num_points":381,"plane_center_x":-1.3464281559,"plane_center_y":1.5966614485,"plane_center_z":1.1099858284,"color_id":1},"2":{"ros_timestamp":"1695818880.9996204","wall_type":"right","a":0.9999053478,"b":0.0137598962,"c":-0.0000000192,"d":-1.3269832134,"shortest_distance":1.1259662989,"num_points":384,"plane_center_x":1.2945224047,"plane_center_y":2.3679924011,"plane_center_z":1.1670200825,"color_id":2}}