{"0":{"ros_timestamp":"1695818966.8458672","wall_type":"floor","a":-0.0016080668,"b":-0.0000296929,"c":0.9999986291,"d":-0.0016594405,"shortest_distance":0.9987049869,"num_points":1118,"plane_center_x":0.0741041675,"plane_center_y":-0.5338252783,"plane_center_z":0.0017627565,"color_id":0},"1":{"ros_timestamp":"1695818966.8458672","wall_type":"left","a":0.9998905063,"b":0.0143544851,"c":0.0035884527,"d":1.3228031397,"shortest_distance":1.0819308219,"num_points":1503,"plane_center_x":-1.3200243711,"plane_center_y":-0.5381554961,"plane_center_z":1.0748499632,"color_id":1},"2":{"ros_timestamp":"1695818966.8458672","wall_type":"right","a":0.9999203086,"b":0.0126228854,"c":0.000011999,"d":-1.3242464066,"shortest_distance":1.5694460951,"num_points":850,"plane_center_x":1.3225617409,"plane_center_y":0.1407265514,"plane_center_z":1.1414401531,"color_id":2},"3":{"ros_timestamp":"1695818966.8458672","wall_type":"front","a":0.0124042751,"b":-0.99992311,"c":0.0000146843,"d":2.9276969433,"shortest_distance":2.4952758419,"num_points":350,"plane_center_x":-0.0371624827,"plane_center_y":2.9274795055,"plane_center_z":1.262804389,"color_id":3},"4":{"ros_timestamp":"1695818966.8458672","wall_type":"back","a":0.0147790164,"b":-0.9998907447,"c":-0.0000117919,"d":-2.9255526066,"shortest_distance":3.3585815374,"num_points":366,"plane_center_x":-0.028956525,"plane_center_y":-2.9263153076,"plane_center_z":1.2686026096,"color_id":4}}