{"0":{"ros_timestamp":"1695818967.4539561","wall_type":"floor","a":-0.0017055552,"b":-0.0000503066,"c":0.9999986291,"d":-0.0017596681,"shortest_distance":0.998634998,"num_points":1117,"plane_center_x":0.077355653,"plane_center_y":-0.5320064425,"plane_center_z":0.0017660877,"color_id":0},"1":{"ros_timestamp":"1695818967.4539561","wall_type":"left","a":0.999890089,"b":0.0140085639,"c":0.0048563685,"d":1.3207966089,"shortest_distance":1.0724367477,"num_points":1505,"plane_center_x":-1.3199187517,"plane_center_y":-0.540384233,"plane_center_z":1.0734250546,"color_id":1},"2":{"ros_timestamp":"1695818967.4539561","wall_type":"right","a":0.9999207854,"b":0.0125844311,"c":-0.0000021985,"d":-1.3240997791,"shortest_distance":1.5779302837,"num_points":864,"plane_center_x":1.3225907087,"plane_center_y":0.1284396201,"plane_center_z":1.1391682625,"color_id":2},"3":{"ros_timestamp":"1695818967.4539561","wall_type":"front","a":0.0124042751,"b":-0.99992311,"c":0.0000146843,"d":2.9276969433,"shortest_distance":2.5002681232,"num_points":350,"plane_center_x":-0.0371624827,"plane_center_y":2.9274795055,"plane_center_z":1.262804389,"color_id":3},"4":{"ros_timestamp":"1695818967.4539561","wall_type":"back","a":0.0148118259,"b":-0.9998902678,"c":0.000013474,"d":-2.9257304668,"shortest_distance":3.35377056,"num_points":366,"plane_center_x":-0.0325755067,"plane_center_y":-2.9265170097,"plane_center_z":1.2685809135,"color_id":4}}