{"0":{"ros_timestamp":"1695818967.7702239","wall_type":"floor","a":-0.0015872457,"b":-0.000027468,"c":0.9999987483,"d":-0.0016587311,"shortest_distance":0.9987219408,"num_points":1120,"plane_center_x":0.0762959644,"plane_center_y":-0.5357373953,"plane_center_z":0.0017651181,"color_id":0},"1":{"ros_timestamp":"1695818967.7702239","wall_type":"left","a":0.999892056,"b":0.0145943239,"c":0.0017039323,"d":1.325632453,"shortest_distance":1.0701009758,"num_points":1503,"plane_center_x":-1.3200243711,"plane_center_y":-0.5381554961,"plane_center_z":1.0748499632,"color_id":1},"2":{"ros_timestamp":"1695818967.7702239","wall_type":"right","a":0.9999179244,"b":0.0128138633,"c":0.0000544558,"d":-1.3248180151,"shortest_distance":1.5827564161,"num_points":864,"plane_center_x":1.3231935501,"plane_center_y":0.1304139793,"plane_center_z":1.1391576529,"color_id":2},"3":{"ros_timestamp":"1695818967.7702239","wall_type":"front","a":0.0124042751,"b":-0.99992311,"c":0.0000146843,"d":2.9276969433,"shortest_distance":2.5028285058,"num_points":350,"plane_center_x":-0.0371624827,"plane_center_y":2.9274795055,"plane_center_z":1.262804389,"color_id":3},"4":{"ros_timestamp":"1695818967.7702239","wall_type":"back","a":0.0148168877,"b":-0.9998902082,"c":0.0000240003,"d":-2.925796032,"shortest_distance":3.3512767411,"num_points":366,"plane_center_x":-0.0305968188,"plane_center_y":-2.9265403748,"plane_center_z":1.2685768604,"color_id":4}}