{"0":{"ros_timestamp":"1695818967.8970165","wall_type":"floor","a":-0.0015696004,"b":-0.0000284237,"c":0.9999987483,"d":-0.0016582849,"shortest_distance":0.9987173638,"num_points":1120,"plane_center_x":0.0765965134,"plane_center_y":-0.5357984304,"plane_center_z":0.0017632837,"color_id":0},"1":{"ros_timestamp":"1695818967.8970165","wall_type":"left","a":0.9998944998,"b":0.014385812,"c":0.0020074798,"d":1.3250838518,"shortest_distance":1.0697673678,"num_points":1503,"plane_center_x":-1.3200243711,"plane_center_y":-0.5381554961,"plane_center_z":1.0748499632,"color_id":1},"2":{"ros_timestamp":"1695818967.8970165","wall_type":"right","a":0.9999073148,"b":0.0136100529,"c":0.0001845183,"d":-1.3271656036,"shortest_distance":1.5846355561,"num_points":864,"plane_center_x":1.3252917528,"plane_center_y":0.1312577575,"plane_center_z":1.1391601562,"color_id":2},"3":{"ros_timestamp":"1695818967.8970165","wall_type":"front","a":0.0124042751,"b":-0.99992311,"c":0.0000146843,"d":2.9276969433,"shortest_distance":2.5028285058,"num_points":350,"plane_center_x":-0.0371624827,"plane_center_y":2.9274795055,"plane_center_z":1.262804389,"color_id":3},"4":{"ros_timestamp":"1695818967.8970165","wall_type":"back","a":0.014823623,"b":-0.9998901486,"c":0.0000373137,"d":-2.9258768559,"shortest_distance":3.3513458648,"num_points":366,"plane_center_x":-0.028483266,"plane_center_y":-2.9265730381,"plane_center_z":1.2685759068,"color_id":4}}