{"0":{"ros_timestamp":"1695818968.0350847","wall_type":"floor","a":-0.0016268184,"b":-0.0000185473,"c":0.9999986291,"d":-0.0016841921,"shortest_distance":0.9987174891,"num_points":1120,"plane_center_x":0.0767359063,"plane_center_y":-0.5357781649,"plane_center_z":0.0017990927,"color_id":0},"1":{"ros_timestamp":"1695818968.0350847","wall_type":"left","a":0.999892354,"b":0.0143952779,"c":0.0028481828,"d":1.3238859177,"shortest_distance":1.0651736304,"num_points":1503,"plane_center_x":-1.3200243711,"plane_center_y":-0.5381554961,"plane_center_z":1.0748499632,"color_id":1},"2":{"ros_timestamp":"1695818968.0350847","wall_type":"right","a":0.9999209046,"b":0.0125716142,"c":-0.0000010301,"d":-1.324070096,"shortest_distance":1.5864033492,"num_points":864,"plane_center_x":1.322530508,"plane_center_y":0.1308731139,"plane_center_z":1.1391707659,"color_id":2},"3":{"ros_timestamp":"1695818968.0350847","wall_type":"front","a":0.0124042751,"b":-0.99992311,"c":0.0000146843,"d":2.9276969433,"shortest_distance":2.5054313763,"num_points":350,"plane_center_x":-0.0371624827,"plane_center_y":2.9274795055,"plane_center_z":1.262804389,"color_id":3},"4":{"ros_timestamp":"1695818968.0350847","wall_type":"back","a":0.0147903161,"b":-0.9998906255,"c":0.0000240064,"d":-2.9257926941,"shortest_distance":3.3486737386,"num_points":366,"plane_center_x":-0.0269031245,"plane_center_y":-2.9264802933,"plane_center_z":1.2685739994,"color_id":4}}