{"0":{"ros_timestamp":"1695818881.1654432","wall_type":"floor","a":0.0000893214,"b":-0.0020138365,"c":0.999998033,"d":0.0019996648,"shortest_distance":1.0029016204,"num_points":419,"plane_center_x":0.0526905209,"plane_center_y":2.2262825966,"plane_center_z":0.0024790028,"color_id":0},"1":{"ros_timestamp":"1695818881.1654432","wall_type":"left","a":0.9999145865,"b":0.0130709177,"c":0.0002526695,"d":1.3250895739,"shortest_distance":1.5266723476,"num_points":381,"plane_center_x":-1.3463847637,"plane_center_y":1.5989425182,"plane_center_z":1.1099910736,"color_id":1},"2":{"ros_timestamp":"1695818881.1654432","wall_type":"right","a":0.9999053478,"b":0.0137598962,"c":-0.0000000192,"d":-1.3269832134,"shortest_distance":1.1259662989,"num_points":384,"plane_center_x":1.2945224047,"plane_center_y":2.3679924011,"plane_center_z":1.1670200825,"color_id":2}}