{"0":{"ros_timestamp":"1695818969.0619576","wall_type":"floor","a":-0.0015975289,"b":-0.0000138545,"c":0.9999986291,"d":-0.0016914083,"shortest_distance":0.9987244469,"num_points":1122,"plane_center_x":0.0790608823,"plane_center_y":-0.5375851393,"plane_center_z":0.0018102649,"color_id":0},"1":{"ros_timestamp":"1695818969.0619576","wall_type":"left","a":0.9998937249,"b":0.0145157091,"c":0.0013407975,"d":1.3261085749,"shortest_distance":1.0533736675,"num_points":1503,"plane_center_x":-1.3200243711,"plane_center_y":-0.5381554961,"plane_center_z":1.0748499632,"color_id":1},"2":{"ros_timestamp":"1695818969.0619576","wall_type":"right","a":0.9999181032,"b":0.0127998833,"c":0.0000382819,"d":-1.3248257637,"shortest_distance":1.599574781,"num_points":868,"plane_center_x":1.3232884407,"plane_center_y":0.1251608878,"plane_center_z":1.140963912,"color_id":2},"3":{"ros_timestamp":"1695818969.0619576","wall_type":"front","a":0.0124042751,"b":-0.99992311,"c":0.0000146843,"d":2.9276969433,"shortest_distance":2.5134922914,"num_points":350,"plane_center_x":-0.0371624827,"plane_center_y":2.9274795055,"plane_center_z":1.262804389,"color_id":3},"4":{"ros_timestamp":"1695818969.0619576","wall_type":"back","a":0.0147048254,"b":-0.9998919368,"c":0.0000735916,"d":-2.9260673523,"shortest_distance":3.3408442834,"num_points":366,"plane_center_x":-0.0250180122,"plane_center_y":-2.9266581535,"plane_center_z":1.2685451508,"color_id":4}}