{"0":{"ros_timestamp":"1695818969.2480545","wall_type":"floor","a":-0.0015588397,"b":-0.0000201255,"c":0.9999987483,"d":-0.0016737063,"shortest_distance":0.9987352365,"num_points":1122,"plane_center_x":0.0791794807,"plane_center_y":-0.5376527309,"plane_center_z":0.0017863162,"color_id":0},"1":{"ros_timestamp":"1695818969.2480545","wall_type":"left","a":0.9998931289,"b":0.0145661747,"c":0.0011934267,"d":1.3263469934,"shortest_distance":1.049351315,"num_points":1503,"plane_center_x":-1.3200243711,"plane_center_y":-0.5381554961,"plane_center_z":1.0748499632,"color_id":1},"2":{"ros_timestamp":"1695818969.2480545","wall_type":"right","a":0.9999101162,"b":0.0134082399,"c":0.0001540596,"d":-1.326644063,"shortest_distance":1.6051563297,"num_points":882,"plane_center_x":1.3250228167,"plane_center_y":0.1167051494,"plane_center_z":1.1387457848,"color_id":2},"3":{"ros_timestamp":"1695818969.2480545","wall_type":"front","a":0.0124042751,"b":-0.99992311,"c":0.0000146843,"d":2.9276969433,"shortest_distance":2.5162624688,"num_points":350,"plane_center_x":-0.0371624827,"plane_center_y":2.9274795055,"plane_center_z":1.262804389,"color_id":3},"4":{"ros_timestamp":"1695818969.2480545","wall_type":"back","a":0.0146608679,"b":-0.9998925328,"c":0.0000855506,"d":-2.9261536598,"shortest_distance":3.3381458746,"num_points":366,"plane_center_x":-0.028299436,"plane_center_y":-2.9267745018,"plane_center_z":1.2685266733,"color_id":4}}