{"0":{"ros_timestamp":"1695818969.547519","wall_type":"floor","a":-0.0004698744,"b":0.000048422,"c":0.9999998808,"d":-0.0022384599,"shortest_distance":0.9978918801,"num_points":1163,"plane_center_x":0.0301856827,"plane_center_y":-0.541967392,"plane_center_z":0.002278887,"color_id":0},"1":{"ros_timestamp":"1695818969.547519","wall_type":"left","a":0.9998942018,"b":0.0145388441,"c":0.0004778481,"d":1.3273535967,"shortest_distance":1.0455243624,"num_points":1462,"plane_center_x":-1.3202459812,"plane_center_y":-0.5347877145,"plane_center_z":1.1045514345,"color_id":1},"2":{"ros_timestamp":"1695818969.547519","wall_type":"right","a":0.9999086857,"b":0.0135143185,"c":0.0001857359,"d":-1.3269718885,"shortest_distance":1.6095123792,"num_points":884,"plane_center_x":1.3253290653,"plane_center_y":0.1148698926,"plane_center_z":1.1384365559,"color_id":2},"3":{"ros_timestamp":"1695818969.547519","wall_type":"front","a":0.0124042751,"b":-0.99992311,"c":0.0000146843,"d":2.9276969433,"shortest_distance":2.5190737906,"num_points":350,"plane_center_x":-0.0371624827,"plane_center_y":2.9274795055,"plane_center_z":1.262804389,"color_id":3},"4":{"ros_timestamp":"1695818969.547519","wall_type":"back","a":0.0146254255,"b":-0.9998930097,"c":0.0001006591,"d":-2.9262318611,"shortest_distance":3.3353970207,"num_points":366,"plane_center_x":-0.0288311169,"plane_center_y":-2.9268388748,"plane_center_z":1.2685101032,"color_id":4}}