{"0":{"ros_timestamp":"1695818969.8256252","wall_type":"floor","a":-0.0016263044,"b":-0.0000257411,"c":0.9999986291,"d":-0.0016331096,"shortest_distance":0.9988059299,"num_points":1113,"plane_center_x":0.0885311291,"plane_center_y":-0.5340717435,"plane_center_z":0.001763343,"color_id":0},"1":{"ros_timestamp":"1695818969.8256252","wall_type":"left","a":0.9998340607,"b":0.0152542302,"c":0.009957253,"d":1.313792944,"shortest_distance":1.037669969,"num_points":1511,"plane_center_x":-1.3196864128,"plane_center_y":-0.5399597883,"plane_center_z":1.0691730976,"color_id":1},"2":{"ros_timestamp":"1695818969.8256252","wall_type":"right","a":0.9999181032,"b":0.0127964672,"c":0.000056499,"d":-1.3248429298,"shortest_distance":1.6118795025,"num_points":884,"plane_center_x":1.3234101534,"plane_center_y":0.1154047102,"plane_center_z":1.1384311914,"color_id":2},"3":{"ros_timestamp":"1695818969.8256252","wall_type":"front","a":0.0124042751,"b":-0.99992311,"c":0.0000146843,"d":2.9276969433,"shortest_distance":2.5219259759,"num_points":350,"plane_center_x":-0.0371624827,"plane_center_y":2.9274795055,"plane_center_z":1.262804389,"color_id":3},"4":{"ros_timestamp":"1695818969.8256252","wall_type":"back","a":0.0145718576,"b":-0.9998937845,"c":0.0001178227,"d":-2.9263048172,"shortest_distance":3.3325943546,"num_points":366,"plane_center_x":-0.0261453819,"plane_center_y":-2.9268472195,"plane_center_z":1.2685062885,"color_id":4}}