{"0":{"ros_timestamp":"1695818970.227386","wall_type":"floor","a":-0.0015776126,"b":0.0000224105,"c":0.9999987483,"d":-0.001728707,"shortest_distance":0.9987218019,"num_points":1121,"plane_center_x":0.0790164769,"plane_center_y":-0.5365522504,"plane_center_z":0.0017986568,"color_id":0},"1":{"ros_timestamp":"1695818970.227386","wall_type":"left","a":0.9998937249,"b":0.0145157091,"c":0.0013407975,"d":1.3261085749,"shortest_distance":1.0370053829,"num_points":1503,"plane_center_x":-1.3200243711,"plane_center_y":-0.5381554961,"plane_center_z":1.0748499632,"color_id":1},"2":{"ros_timestamp":"1695818970.227386","wall_type":"right","a":0.9999216795,"b":0.0125180641,"c":0.0000424032,"d":-1.3240858316,"shortest_distance":1.6152931874,"num_points":886,"plane_center_x":1.3227381706,"plane_center_y":0.1120776832,"plane_center_z":1.1381144524,"color_id":2},"3":{"ros_timestamp":"1695818970.227386","wall_type":"front","a":0.0124042751,"b":-0.99992311,"c":0.0000146843,"d":2.9276969433,"shortest_distance":2.5248187395,"num_points":350,"plane_center_x":-0.0371624827,"plane_center_y":2.9274795055,"plane_center_z":1.262804389,"color_id":3},"4":{"ros_timestamp":"1695818970.227386","wall_type":"back","a":0.0145572471,"b":-0.9998940229,"c":0.0001210466,"d":-2.9263312817,"shortest_distance":3.3297292838,"num_points":366,"plane_center_x":-0.0261791758,"plane_center_y":-2.9268689156,"plane_center_z":1.2684919834,"color_id":4}}