{"0":{"ros_timestamp":"1695818970.39039","wall_type":"floor","a":-0.0016461399,"b":-0.0000129917,"c":0.9999986291,"d":-0.001691987,"shortest_distance":0.9987711663,"num_points":1122,"plane_center_x":0.0803183392,"plane_center_y":-0.5376051664,"plane_center_z":0.0018172202,"color_id":0},"1":{"ros_timestamp":"1695818970.39039","wall_type":"left","a":0.9998963475,"b":0.0143784536,"c":0.0007404761,"d":1.3268920183,"shortest_distance":1.0331128508,"num_points":1503,"plane_center_x":-1.3200243711,"plane_center_y":-0.5381554961,"plane_center_z":1.0748499632,"color_id":1},"2":{"ros_timestamp":"1695818970.39039","wall_type":"right","a":0.9999186993,"b":0.0127487918,"c":0.0000786165,"d":-1.3247349262,"shortest_distance":1.6198284767,"num_points":885,"plane_center_x":1.3233268261,"plane_center_y":0.1118671149,"plane_center_z":1.1393533945,"color_id":2},"3":{"ros_timestamp":"1695818970.39039","wall_type":"front","a":0.0124042751,"b":-0.99992311,"c":0.0000146843,"d":2.9276969433,"shortest_distance":2.5277517919,"num_points":350,"plane_center_x":-0.0371624827,"plane_center_y":2.9274795055,"plane_center_z":1.262804389,"color_id":3},"4":{"ros_timestamp":"1695818970.39039","wall_type":"back","a":0.0143855726,"b":-0.9998965263,"c":0.0001703755,"d":-2.9265348911,"shortest_distance":3.3269085241,"num_points":366,"plane_center_x":-0.0290043317,"plane_center_y":-2.927038908,"plane_center_z":1.2684195042,"color_id":4}}