{"0":{"ros_timestamp":"1695818970.6932862","wall_type":"floor","a":-0.0005859962,"b":0.0000654551,"c":0.9999997616,"d":-0.0022924615,"shortest_distance":0.9978867677,"num_points":1163,"plane_center_x":0.0311734471,"plane_center_y":-0.5418470502,"plane_center_z":0.002346196,"color_id":0},"1":{"ros_timestamp":"1695818970.6932862","wall_type":"left","a":0.9998942018,"b":0.0145388441,"c":0.0004778481,"d":1.3273535967,"shortest_distance":1.029384893,"num_points":1462,"plane_center_x":-1.3202459812,"plane_center_y":-0.5347877145,"plane_center_z":1.1045514345,"color_id":1},"2":{"ros_timestamp":"1695818970.6932862","wall_type":"right","a":0.9999184012,"b":0.0127759119,"c":0.0000845431,"d":-1.3248161077,"shortest_distance":1.6238786864,"num_points":885,"plane_center_x":1.3233422041,"plane_center_y":0.1162759066,"plane_center_z":1.1393435001,"color_id":2},"3":{"ros_timestamp":"1695818970.6932862","wall_type":"front","a":0.0124042751,"b":-0.99992311,"c":0.0000146843,"d":2.9276969433,"shortest_distance":2.53072484,"num_points":350,"plane_center_x":-0.0371624827,"plane_center_y":2.9274795055,"plane_center_z":1.262804389,"color_id":3},"4":{"ros_timestamp":"1695818970.6932862","wall_type":"back","a":0.0143252714,"b":-0.9998974204,"c":0.0001893004,"d":-2.926602602,"shortest_distance":3.3239740668,"num_points":366,"plane_center_x":-0.0272435863,"plane_center_y":-2.9270529747,"plane_center_z":1.2684037685,"color_id":4}}