{"0":{"ros_timestamp":"1695818971.3897038","wall_type":"floor","a":-0.0016786229,"b":-0.0000045805,"c":0.9999986291,"d":-0.001708277,"shortest_distance":0.9987876762,"num_points":1121,"plane_center_x":0.0803027526,"plane_center_y":-0.536311388,"plane_center_z":0.001840621,"color_id":0},"1":{"ros_timestamp":"1695818971.3897038","wall_type":"left","a":0.9998937249,"b":0.0145157091,"c":0.0013407975,"d":1.3261085749,"shortest_distance":1.0211017467,"num_points":1503,"plane_center_x":-1.3200243711,"plane_center_y":-0.5381554961,"plane_center_z":1.0748499632,"color_id":1},"2":{"ros_timestamp":"1695818971.3897038","wall_type":"right","a":0.9999085069,"b":0.0135255717,"c":0.0001177579,"d":-1.3268200159,"shortest_distance":1.6334377661,"num_points":887,"plane_center_x":1.3252949715,"plane_center_y":0.111796692,"plane_center_z":1.1390450001,"color_id":2},"3":{"ros_timestamp":"1695818971.3897038","wall_type":"front","a":0.0124042751,"b":-0.99992311,"c":0.0000146843,"d":2.9276969433,"shortest_distance":2.53678973,"num_points":350,"plane_center_x":-0.0371624827,"plane_center_y":2.9274795055,"plane_center_z":1.262804389,"color_id":3},"4":{"ros_timestamp":"1695818971.3897038","wall_type":"back","a":0.0142348129,"b":-0.9998986721,"c":0.0002164128,"d":-2.92669487,"shortest_distance":3.3179618585,"num_points":368,"plane_center_x":-0.0252969209,"plane_center_y":-2.9270782471,"plane_center_z":1.2624653578,"color_id":4}}