{"0":{"ros_timestamp":"1695818971.5672297","wall_type":"floor","a":-0.0017175036,"b":0.0000085225,"c":0.9999985099,"d":-0.0017353615,"shortest_distance":0.9987843228,"num_points":1123,"plane_center_x":0.081675522,"plane_center_y":-0.5391549468,"plane_center_z":0.0018802373,"color_id":0},"1":{"ros_timestamp":"1695818971.5672297","wall_type":"left","a":0.999897182,"b":0.0138367256,"c":0.003754457,"d":1.3222819567,"shortest_distance":1.0155266569,"num_points":1503,"plane_center_x":-1.3200243711,"plane_center_y":-0.5381554961,"plane_center_z":1.0748499632,"color_id":1},"2":{"ros_timestamp":"1695818971.5672297","wall_type":"right","a":0.9999074936,"b":0.0136028742,"c":0.0001259467,"d":-1.3270368576,"shortest_distance":1.6375136178,"num_points":903,"plane_center_x":1.3255596161,"plane_center_y":0.107089594,"plane_center_z":1.136578083,"color_id":2},"3":{"ros_timestamp":"1695818971.5672297","wall_type":"front","a":0.0124042751,"b":-0.99992311,"c":0.0000146843,"d":2.9276969433,"shortest_distance":2.5398809653,"num_points":350,"plane_center_x":-0.0371624827,"plane_center_y":2.9274795055,"plane_center_z":1.262804389,"color_id":3},"4":{"ros_timestamp":"1695818971.5672297","wall_type":"back","a":0.0141677456,"b":-0.9998996258,"c":0.0002392709,"d":-2.926769495,"shortest_distance":3.3149086858,"num_points":368,"plane_center_x":-0.0262015909,"plane_center_y":-2.9271323681,"plane_center_z":1.2623705864,"color_id":4}}