{"0":{"ros_timestamp":"1695818971.948815","wall_type":"floor","a":-0.0016843665,"b":0.0000026018,"c":0.9999986291,"d":-0.0017189579,"shortest_distance":0.9987944752,"num_points":1123,"plane_center_x":0.0817296505,"plane_center_y":-0.5391654372,"plane_center_z":0.0018580259,"color_id":0},"1":{"ros_timestamp":"1695818971.948815","wall_type":"left","a":0.9998996854,"b":0.0140387062,"c":0.0019123307,"d":1.3250302076,"shortest_distance":1.0126416932,"num_points":1503,"plane_center_x":-1.3200243711,"plane_center_y":-0.5381554961,"plane_center_z":1.0748499632,"color_id":1},"2":{"ros_timestamp":"1695818971.948815","wall_type":"right","a":0.999918282,"b":0.0127808284,"c":0.0000538707,"d":-1.3247534037,"shortest_distance":1.639485233,"num_points":903,"plane_center_x":1.3234651089,"plane_center_y":0.1044651493,"plane_center_z":1.136585474,"color_id":2},"3":{"ros_timestamp":"1695818971.948815","wall_type":"front","a":0.0124042751,"b":-0.99992311,"c":0.0000146843,"d":2.9276969433,"shortest_distance":2.5430109834,"num_points":350,"plane_center_x":-0.0371624827,"plane_center_y":2.9274795055,"plane_center_z":1.262804389,"color_id":3},"4":{"ros_timestamp":"1695818971.948815","wall_type":"back","a":0.0139465611,"b":-0.9999026656,"c":0.0002901479,"d":-2.9269855022,"shortest_distance":3.3118812524,"num_points":368,"plane_center_x":-0.0227504298,"plane_center_y":-2.9272215366,"plane_center_z":1.2623428106,"color_id":4}}