{"0":{"ros_timestamp":"1695818972.4836798","wall_type":"floor","a":-0.0016793861,"b":0.0000050321,"c":0.9999986291,"d":-0.0017177222,"shortest_distance":0.9988077008,"num_points":1123,"plane_center_x":0.0820149705,"plane_center_y":-0.5392044783,"plane_center_z":0.0018581728,"color_id":0},"1":{"ros_timestamp":"1695818972.4836798","wall_type":"left","a":0.9998963475,"b":0.0143784536,"c":0.0007404761,"d":1.3268920183,"shortest_distance":1.0058190912,"num_points":1503,"plane_center_x":-1.3200243711,"plane_center_y":-0.5381554961,"plane_center_z":1.0748499632,"color_id":1},"2":{"ros_timestamp":"1695818972.4836798","wall_type":"right","a":0.9999076724,"b":0.0135874692,"c":0.0001522207,"d":-1.3270571232,"shortest_distance":1.6490180651,"num_points":903,"plane_center_x":1.3255544901,"plane_center_y":0.1068666801,"plane_center_z":1.1365857124,"color_id":2},"3":{"ros_timestamp":"1695818972.4836798","wall_type":"front","a":0.0124042751,"b":-0.99992311,"c":0.0000146843,"d":2.9276969433,"shortest_distance":2.5493861119,"num_points":350,"plane_center_x":-0.0371624827,"plane_center_y":2.9274795055,"plane_center_z":1.262804389,"color_id":3},"4":{"ros_timestamp":"1695818972.4836798","wall_type":"back","a":0.0139787458,"b":-0.9999021888,"c":0.0002483447,"d":-2.9269096851,"shortest_distance":3.3054943674,"num_points":373,"plane_center_x":-0.0182625744,"plane_center_y":-2.9271409512,"plane_center_z":1.2500332594,"color_id":4}}