{"0":{"ros_timestamp":"1695818972.720357","wall_type":"floor","a":-0.001593349,"b":0.0000013665,"c":0.9999987483,"d":-0.0016908479,"shortest_distance":0.9988111231,"num_points":1123,"plane_center_x":0.0820120275,"plane_center_y":-0.5393227935,"plane_center_z":0.0018637909,"color_id":0},"1":{"ros_timestamp":"1695818972.720357","wall_type":"left","a":0.9998937249,"b":0.0145157091,"c":0.0013407975,"d":1.3261085749,"shortest_distance":1.0019142992,"num_points":1503,"plane_center_x":-1.3200243711,"plane_center_y":-0.5381554961,"plane_center_z":1.0748499632,"color_id":1},"2":{"ros_timestamp":"1695818972.720357","wall_type":"right","a":0.9999215007,"b":0.0125311194,"c":0.0000431077,"d":-1.3240693808,"shortest_distance":1.6503067841,"num_points":903,"plane_center_x":1.3227844238,"plane_center_y":0.1069219038,"plane_center_z":1.1365714073,"color_id":2},"3":{"ros_timestamp":"1695818972.720357","wall_type":"front","a":0.0124042751,"b":-0.99992311,"c":0.0000146843,"d":2.9276969433,"shortest_distance":2.5526305848,"num_points":350,"plane_center_x":-0.0371624827,"plane_center_y":2.9274795055,"plane_center_z":1.262804389,"color_id":3},"4":{"ros_timestamp":"1695818972.720357","wall_type":"back","a":0.013506596,"b":-0.9999086857,"c":0.0003235075,"d":-2.9272971153,"shortest_distance":3.3024141528,"num_points":373,"plane_center_x":-0.0193133671,"plane_center_y":-2.9274208546,"plane_center_z":1.2499860525,"color_id":4}}