{"0":{"ros_timestamp":"1695818972.813642","wall_type":"floor","a":-0.0016542859,"b":0.0000071445,"c":0.9999986291,"d":-0.001716348,"shortest_distance":0.9988078351,"num_points":1123,"plane_center_x":0.0821444616,"plane_center_y":-0.5393698812,"plane_center_z":0.0018560946,"color_id":0},"1":{"ros_timestamp":"1695818972.813642","wall_type":"left","a":0.9998937249,"b":0.0145157091,"c":0.0013407975,"d":1.3261085749,"shortest_distance":1.0019142992,"num_points":1503,"plane_center_x":-1.3200243711,"plane_center_y":-0.5381554961,"plane_center_z":1.0748499632,"color_id":1},"2":{"ros_timestamp":"1695818972.813642","wall_type":"right","a":0.9999093413,"b":0.0134636518,"c":0.0001225052,"d":-1.3266876936,"shortest_distance":1.6524957554,"num_points":903,"plane_center_x":1.3252339363,"plane_center_y":0.1065593883,"plane_center_z":1.1365706921,"color_id":2},"3":{"ros_timestamp":"1695818972.813642","wall_type":"front","a":0.0124042751,"b":-0.99992311,"c":0.0000146843,"d":2.9276969433,"shortest_distance":2.5526305848,"num_points":350,"plane_center_x":-0.0371624827,"plane_center_y":2.9274795055,"plane_center_z":1.262804389,"color_id":3},"4":{"ros_timestamp":"1695818972.813642","wall_type":"back","a":0.0137870088,"b":-0.9999049306,"c":0.000273672,"d":-2.9270527363,"shortest_distance":3.3023108304,"num_points":373,"plane_center_x":-0.0177646149,"plane_center_y":-2.927233696,"plane_center_z":1.2499781847,"color_id":4}}