{"0":{"ros_timestamp":"1695818881.6283092","wall_type":"floor","a":0.0001463028,"b":-0.0019955121,"c":0.999998033,"d":0.00193534,"shortest_distance":1.0028337192,"num_points":422,"plane_center_x":0.0467547365,"plane_center_y":2.2242360115,"plane_center_z":0.0024963142,"color_id":0},"1":{"ros_timestamp":"1695818881.6283092","wall_type":"left","a":0.9999089241,"b":0.0134924604,"c":0.0002794837,"d":1.3240325451,"shortest_distance":1.5345029855,"num_points":383,"plane_center_x":-1.3459873199,"plane_center_y":1.5951293707,"plane_center_z":1.1094183922,"color_id":1},"2":{"ros_timestamp":"1695818881.6283092","wall_type":"right","a":0.9999053478,"b":0.0137598962,"c":-0.0000000192,"d":-1.3269832134,"shortest_distance":1.1169127588,"num_points":384,"plane_center_x":1.2945224047,"plane_center_y":2.3679924011,"plane_center_z":1.1670200825,"color_id":2},"3":{"ros_timestamp":"1695818881.6283092","wall_type":"front","a":0.0087095387,"b":-0.9999620914,"c":0.000000439,"d":2.9299783707,"shortest_distance":3.3795184173,"num_points":110,"plane_center_x":0.5392718315,"plane_center_y":2.934787035,"plane_center_z":1.1998682022,"color_id":3}}