{"0":{"ros_timestamp":"1695818974.0402875","wall_type":"floor","a":-0.0016693415,"b":0.0000141714,"c":0.9999986291,"d":-0.0017239685,"shortest_distance":0.9988378016,"num_points":1122,"plane_center_x":0.084984377,"plane_center_y":-0.5391383171,"plane_center_z":0.0018734793,"color_id":0},"1":{"ros_timestamp":"1695818974.0402875","wall_type":"left","a":0.999892056,"b":0.0140403938,"c":0.0043382286,"d":1.3215569258,"shortest_distance":0.9818184942,"num_points":1505,"plane_center_x":-1.3199187517,"plane_center_y":-0.540384233,"plane_center_z":1.0734250546,"color_id":1},"2":{"ros_timestamp":"1695818974.0402875","wall_type":"right","a":0.999917388,"b":0.0128506487,"c":0.0000916129,"d":-1.3250129223,"shortest_distance":1.6694278981,"num_points":917,"plane_center_x":1.3237248659,"plane_center_y":0.1006493717,"plane_center_z":1.1344881058,"color_id":2},"3":{"ros_timestamp":"1695818974.0402875","wall_type":"front","a":0.0124042751,"b":-0.99992311,"c":0.0000146843,"d":2.9276969433,"shortest_distance":2.5694089465,"num_points":350,"plane_center_x":-0.0371624827,"plane_center_y":2.9274795055,"plane_center_z":1.262804389,"color_id":3},"4":{"ros_timestamp":"1695818974.0402875","wall_type":"back","a":0.0132025471,"b":-0.999912858,"c":0.0002582266,"d":-2.9273436069,"shortest_distance":3.2856628238,"num_points":377,"plane_center_x":-0.0098706326,"plane_center_y":-2.9274086952,"plane_center_z":1.2408052683,"color_id":4}}