{"0":{"ros_timestamp":"1695818974.7807806","wall_type":"floor","a":-0.0007147383,"b":0.0001151882,"c":0.9999997616,"d":-0.00236569,"shortest_distance":0.9979039321,"num_points":1166,"plane_center_x":0.0344580598,"plane_center_y":-0.5482036471,"plane_center_z":0.0024534659,"color_id":0},"1":{"ros_timestamp":"1695818974.7807806","wall_type":"left","a":0.9998942018,"b":0.0145388441,"c":0.0004778481,"d":1.3273535967,"shortest_distance":0.9768191162,"num_points":1462,"plane_center_x":-1.3202459812,"plane_center_y":-0.5347877145,"plane_center_z":1.1045514345,"color_id":1},"2":{"ros_timestamp":"1695818974.7807806","wall_type":"right","a":0.9999083281,"b":0.0135409748,"c":0.0001166485,"d":-1.3268198967,"shortest_distance":1.6780667661,"num_points":917,"plane_center_x":1.3254262209,"plane_center_y":0.1021211669,"plane_center_z":1.1344796419,"color_id":2},"3":{"ros_timestamp":"1695818974.7807806","wall_type":"front","a":0.0124042751,"b":-0.99992311,"c":0.0000146843,"d":2.9276969433,"shortest_distance":2.5763734756,"num_points":350,"plane_center_x":-0.0371624827,"plane_center_y":2.9274795055,"plane_center_z":1.262804389,"color_id":3},"4":{"ros_timestamp":"1695818974.7807806","wall_type":"back","a":0.0130845457,"b":-0.9999143481,"c":0.0002565541,"d":-2.9274008274,"shortest_distance":3.2787215543,"num_points":378,"plane_center_x":-0.0059422017,"plane_center_y":-2.9274117947,"plane_center_z":1.2378739119,"color_id":4}}