{"0":{"ros_timestamp":"1695818974.9242163","wall_type":"floor","a":-0.0018379919,"b":0.000055767,"c":0.9999983311,"d":-0.0018046419,"shortest_distance":0.9988429195,"num_points":1125,"plane_center_x":0.0835678652,"plane_center_y":-0.544201076,"plane_center_z":0.0019885907,"color_id":0},"1":{"ros_timestamp":"1695818974.9242163","wall_type":"left","a":0.9998967648,"b":0.0143519482,"c":0.0005945733,"d":1.3270866871,"shortest_distance":0.9766032459,"num_points":1503,"plane_center_x":-1.3200243711,"plane_center_y":-0.5381554961,"plane_center_z":1.0748499632,"color_id":1},"2":{"ros_timestamp":"1695818974.9242163","wall_type":"right","a":0.9999185801,"b":0.0127665531,"c":0.0000702961,"d":-1.3247487545,"shortest_distance":1.6763142086,"num_points":917,"plane_center_x":1.3234820366,"plane_center_y":0.1014117599,"plane_center_z":1.1344667673,"color_id":2},"3":{"ros_timestamp":"1695818974.9242163","wall_type":"front","a":0.0124042751,"b":-0.99992311,"c":0.0000146843,"d":2.9276969433,"shortest_distance":2.5763734756,"num_points":350,"plane_center_x":-0.0371624827,"plane_center_y":2.9274795055,"plane_center_z":1.262804389,"color_id":3},"4":{"ros_timestamp":"1695818974.9242163","wall_type":"back","a":0.0128677264,"b":-0.9999172091,"c":0.0002792071,"d":-2.9275302887,"shortest_distance":3.2787519727,"num_points":378,"plane_center_x":-0.0055231815,"plane_center_y":-2.9274981022,"plane_center_z":1.2378691435,"color_id":4}}