{"0":{"ros_timestamp":"1695818974.9640374","wall_type":"floor","a":-0.0017244575,"b":0.0000494243,"c":0.9999985099,"d":-0.001776176,"shortest_distance":0.9988347337,"num_points":1126,"plane_center_x":0.0839448795,"plane_center_y":-0.5464131832,"plane_center_z":0.0019479444,"color_id":0},"1":{"ros_timestamp":"1695818974.9640374","wall_type":"left","a":0.9998933673,"b":0.0145290671,"c":0.0014574145,"d":1.3259490728,"shortest_distance":0.9728878334,"num_points":1503,"plane_center_x":-1.3200243711,"plane_center_y":-0.5381554961,"plane_center_z":1.0748499632,"color_id":1},"2":{"ros_timestamp":"1695818974.9640374","wall_type":"right","a":0.9999061823,"b":0.0136925764,"c":0.0001075104,"d":-1.3271948099,"shortest_distance":1.6818978786,"num_points":922,"plane_center_x":1.3258587122,"plane_center_y":0.0977480486,"plane_center_z":1.1347260475,"color_id":2},"3":{"ros_timestamp":"1695818974.9640374","wall_type":"front","a":0.0124042751,"b":-0.99992311,"c":0.0000146843,"d":2.9276969433,"shortest_distance":2.5799086154,"num_points":350,"plane_center_x":-0.0371624827,"plane_center_y":2.9274795055,"plane_center_z":1.262804389,"color_id":3},"4":{"ros_timestamp":"1695818974.9640374","wall_type":"back","a":0.0129677989,"b":-0.9999158978,"c":0.0001919105,"d":-2.9273762703,"shortest_distance":3.2751873879,"num_points":383,"plane_center_x":0.0011673936,"plane_center_y":-2.9273717403,"plane_center_z":1.2275806665,"color_id":4}}