{"0":{"ros_timestamp":"1695818975.215659","wall_type":"floor","a":-0.0016863799,"b":0.0000415594,"c":0.9999986291,"d":-0.0017607572,"shortest_distance":0.9988338267,"num_points":1127,"plane_center_x":0.084176898,"plane_center_y":-0.5486090183,"plane_center_z":0.001925514,"color_id":0},"1":{"ros_timestamp":"1695818975.215659","wall_type":"left","a":0.9998937249,"b":0.0145157091,"c":0.0013407975,"d":1.3261085749,"shortest_distance":0.9729260056,"num_points":1503,"plane_center_x":-1.3200243711,"plane_center_y":-0.5381554961,"plane_center_z":1.0748499632,"color_id":1},"2":{"ros_timestamp":"1695818975.215659","wall_type":"right","a":0.9999154806,"b":0.0130041214,"c":0.0000311243,"d":-1.325317502,"shortest_distance":1.6803365203,"num_points":922,"plane_center_x":1.3241244555,"plane_center_y":0.0976408273,"plane_center_z":1.1347105503,"color_id":2},"3":{"ros_timestamp":"1695818975.215659","wall_type":"front","a":0.0124042751,"b":-0.99992311,"c":0.0000146843,"d":2.9276969433,"shortest_distance":2.5799086154,"num_points":350,"plane_center_x":-0.0371624827,"plane_center_y":2.9274795055,"plane_center_z":1.262804389,"color_id":3},"4":{"ros_timestamp":"1695818975.215659","wall_type":"back","a":0.0125683015,"b":-0.9999210238,"c":0.0002160225,"d":-2.9275772572,"shortest_distance":3.2752222886,"num_points":383,"plane_center_x":0.0000982112,"plane_center_y":-2.9275422096,"plane_center_z":1.2275276184,"color_id":4}}