{"0":{"ros_timestamp":"1695818975.3948529","wall_type":"floor","a":-0.0016928681,"b":0.0000409458,"c":0.9999985099,"d":-0.0017607996,"shortest_distance":0.9988415298,"num_points":1127,"plane_center_x":0.0843711048,"plane_center_y":-0.5486848354,"plane_center_z":0.001926098,"color_id":0},"1":{"ros_timestamp":"1695818975.3948529","wall_type":"left","a":0.9999014735,"b":0.0135380449,"c":0.0037227983,"d":1.3224828243,"shortest_distance":0.9678794183,"num_points":1503,"plane_center_x":-1.3200243711,"plane_center_y":-0.5381554961,"plane_center_z":1.0748499632,"color_id":1},"2":{"ros_timestamp":"1695818975.3948529","wall_type":"right","a":0.9999049902,"b":0.0137845017,"c":0.0000966497,"d":-1.3274204731,"shortest_distance":1.6855674243,"num_points":922,"plane_center_x":1.3260917664,"plane_center_y":0.0975745618,"plane_center_z":1.1347264051,"color_id":2},"3":{"ros_timestamp":"1695818975.3948529","wall_type":"front","a":0.0124042751,"b":-0.99992311,"c":0.0000146843,"d":2.9276969433,"shortest_distance":2.5834785352,"num_points":350,"plane_center_x":-0.0371624827,"plane_center_y":2.9274795055,"plane_center_z":1.262804389,"color_id":3},"4":{"ros_timestamp":"1695818975.3948529","wall_type":"back","a":0.0127861304,"b":-0.9999182224,"c":0.0001964769,"d":-2.9274587631,"shortest_distance":3.2716322425,"num_points":383,"plane_center_x":0.0007280281,"plane_center_y":-2.9274475574,"plane_center_z":1.2275100946,"color_id":4}}