{"0":{"ros_timestamp":"1695818975.4789455","wall_type":"floor","a":-0.0017455438,"b":0.0000475618,"c":0.9999985099,"d":-0.0017789226,"shortest_distance":0.998844683,"num_points":1127,"plane_center_x":0.0844200477,"plane_center_y":-0.5486606956,"plane_center_z":0.0019523797,"color_id":0},"1":{"ros_timestamp":"1695818975.4789455","wall_type":"left","a":0.9998963475,"b":0.0143784536,"c":0.0007404761,"d":1.3268920183,"shortest_distance":0.9695938073,"num_points":1503,"plane_center_x":-1.3200243711,"plane_center_y":-0.5381554961,"plane_center_z":1.0748499632,"color_id":1},"2":{"ros_timestamp":"1695818975.4789455","wall_type":"right","a":0.9999169707,"b":0.0128889978,"c":0.0000037823,"d":-1.3249813318,"shortest_distance":1.6835296968,"num_points":922,"plane_center_x":1.3238301277,"plane_center_y":0.0975145176,"plane_center_z":1.1347105503,"color_id":2},"3":{"ros_timestamp":"1695818975.4789455","wall_type":"front","a":0.0124042751,"b":-0.99992311,"c":0.0000146843,"d":2.9276969433,"shortest_distance":2.5834785352,"num_points":350,"plane_center_x":-0.0371624827,"plane_center_y":2.9274795055,"plane_center_z":1.262804389,"color_id":3},"4":{"ros_timestamp":"1695818975.4789455","wall_type":"back","a":0.0123590548,"b":-0.9999235272,"c":0.0002100829,"d":-2.9276618958,"shortest_distance":3.2716687636,"num_points":383,"plane_center_x":0.0017734584,"plane_center_y":-2.9276058674,"plane_center_z":1.2275241613,"color_id":4}}