{"0":{"ros_timestamp":"1695818975.999524","wall_type":"floor","a":-0.0020303752,"b":0.0000849982,"c":0.9999979734,"d":-0.0019309795,"shortest_distance":0.9988212136,"num_points":1127,"plane_center_x":0.0847808197,"plane_center_y":-0.5487397313,"plane_center_z":0.0019811399,"color_id":0},"1":{"ros_timestamp":"1695818975.999524","wall_type":"left","a":0.9998937249,"b":0.0145157091,"c":0.0013407975,"d":1.3261085749,"shortest_distance":0.9626305386,"num_points":1503,"plane_center_x":-1.3200243711,"plane_center_y":-0.5381554961,"plane_center_z":1.0748499632,"color_id":1},"2":{"ros_timestamp":"1695818975.999524","wall_type":"right","a":0.9999176264,"b":0.0128343189,"c":0.0000087083,"d":-1.3248728514,"shortest_distance":1.6902507593,"num_points":937,"plane_center_x":1.3237689734,"plane_center_y":0.0937345773,"plane_center_z":1.1315780878,"color_id":2},"3":{"ros_timestamp":"1695818975.999524","wall_type":"front","a":0.0124042751,"b":-0.99992311,"c":0.0000146843,"d":2.9276969433,"shortest_distance":2.5907212835,"num_points":350,"plane_center_x":-0.0371624827,"plane_center_y":2.9274795055,"plane_center_z":1.262804389,"color_id":3},"4":{"ros_timestamp":"1695818975.999524","wall_type":"back","a":0.0121829053,"b":-0.9999257326,"c":0.0002119899,"d":-2.9277362823,"shortest_distance":3.2644336568,"num_points":383,"plane_center_x":0.0045671975,"plane_center_y":-2.9276378155,"plane_center_z":1.2275564671,"color_id":4}}