{"0":{"ros_timestamp":"1695818976.8548748","wall_type":"floor","a":-0.0017510062,"b":0.0000442275,"c":0.9999985099,"d":-0.0017777854,"shortest_distance":0.9988747788,"num_points":1127,"plane_center_x":0.0850421786,"plane_center_y":-0.5491140485,"plane_center_z":0.0019509837,"color_id":0},"1":{"ros_timestamp":"1695818976.8548748","wall_type":"left","a":0.9998919964,"b":0.0145383459,"c":0.0021422391,"d":1.3249746561,"shortest_distance":0.9523388173,"num_points":1503,"plane_center_x":-1.3200243711,"plane_center_y":-0.5381554961,"plane_center_z":1.0748499632,"color_id":1},"2":{"ros_timestamp":"1695818976.8548748","wall_type":"right","a":0.9999044538,"b":0.013825153,"c":0.0000214092,"d":-1.3272936344,"shortest_distance":1.7022840262,"num_points":937,"plane_center_x":1.326099515,"plane_center_y":0.0937844068,"plane_center_z":1.1315836906,"color_id":2},"3":{"ros_timestamp":"1695818976.8548748","wall_type":"front","a":0.0124042751,"b":-0.99992311,"c":0.0000146843,"d":2.9276969433,"shortest_distance":2.6018372199,"num_points":350,"plane_center_x":-0.0371624827,"plane_center_y":2.9274795055,"plane_center_z":1.262804389,"color_id":3},"4":{"ros_timestamp":"1695818976.8548748","wall_type":"back","a":0.0121773602,"b":-0.9999258518,"c":0.0001625422,"d":-2.927677393,"shortest_distance":3.2533038727,"num_points":387,"plane_center_x":0.0123621644,"plane_center_y":-2.9275455475,"plane_center_z":1.2201439142,"color_id":4}}