{"0":{"ros_timestamp":"1695818977.1631055","wall_type":"floor","a":-0.001766892,"b":0.0000491847,"c":0.9999983907,"d":-0.0017929883,"shortest_distance":0.9988726223,"num_points":1127,"plane_center_x":0.0851479247,"plane_center_y":-0.5493156314,"plane_center_z":0.0019704567,"color_id":0},"1":{"ros_timestamp":"1695818977.1631055","wall_type":"left","a":0.9998963475,"b":0.0143784536,"c":0.0007404761,"d":1.3268920183,"shortest_distance":0.9495540733,"num_points":1503,"plane_center_x":-1.3200243711,"plane_center_y":-0.5381554961,"plane_center_z":1.0748499632,"color_id":1},"2":{"ros_timestamp":"1695818977.1631055","wall_type":"right","a":0.9999036789,"b":0.0138823865,"c":0.0000029292,"d":-1.3273975849,"shortest_distance":1.7056332345,"num_points":939,"plane_center_x":1.3262251616,"plane_center_y":0.0934184641,"plane_center_z":1.1312800646,"color_id":2},"3":{"ros_timestamp":"1695818977.1631055","wall_type":"front","a":0.0124042751,"b":-0.99992311,"c":0.0000146843,"d":2.9276969433,"shortest_distance":2.6056082037,"num_points":350,"plane_center_x":-0.0371624827,"plane_center_y":2.9274795055,"plane_center_z":1.262804389,"color_id":3},"4":{"ros_timestamp":"1695818977.1631055","wall_type":"back","a":0.0120074609,"b":-0.9999278784,"c":0.0000843988,"d":-2.9276390076,"shortest_distance":3.2495076583,"num_points":389,"plane_center_x":0.0166566726,"plane_center_y":-2.9275474548,"plane_center_z":1.2170461416,"color_id":4}}