{"0":{"ros_timestamp":"1695818977.3437052","wall_type":"floor","a":-0.0017873478,"b":0.0000544207,"c":0.9999983907,"d":-0.0018054341,"shortest_distance":0.998875059,"num_points":1128,"plane_center_x":0.0863052085,"plane_center_y":-0.5501057506,"plane_center_z":0.0019896319,"color_id":0},"1":{"ros_timestamp":"1695818977.3437052","wall_type":"left","a":0.9998937249,"b":0.0145157091,"c":0.0013407975,"d":1.3261085749,"shortest_distance":0.9462054517,"num_points":1503,"plane_center_x":-1.3200243711,"plane_center_y":-0.5381554961,"plane_center_z":1.0748499632,"color_id":1},"2":{"ros_timestamp":"1695818977.3437052","wall_type":"right","a":0.9999138713,"b":0.0131254252,"c":-0.0000221552,"d":-1.3254740238,"shortest_distance":1.7071837399,"num_points":939,"plane_center_x":1.3243825436,"plane_center_y":0.0937601551,"plane_center_z":1.1312657595,"color_id":2},"3":{"ros_timestamp":"1695818977.3437052","wall_type":"front","a":0.0124042751,"b":-0.99992311,"c":0.0000146843,"d":2.9276969433,"shortest_distance":2.6094113976,"num_points":350,"plane_center_x":-0.0371624827,"plane_center_y":2.9274795055,"plane_center_z":1.262804389,"color_id":3},"4":{"ros_timestamp":"1695818977.3437052","wall_type":"back","a":0.0117139071,"b":-0.9999313354,"c":0.0000437631,"d":-2.9276897907,"shortest_distance":3.2456825215,"num_points":389,"plane_center_x":0.0166960992,"plane_center_y":-2.9276418686,"plane_center_z":1.2170586586,"color_id":4}}