{"0":{"ros_timestamp":"1695818977.6029346","wall_type":"floor","a":-0.0017627204,"b":0.0000569468,"c":0.9999983907,"d":-0.0017958358,"shortest_distance":0.9988759908,"num_points":1128,"plane_center_x":0.0864979476,"plane_center_y":-0.5500109196,"plane_center_z":0.0020203032,"color_id":0},"1":{"ros_timestamp":"1695818977.6029346","wall_type":"left","a":0.9998864532,"b":0.0150057245,"c":0.0014202887,"d":1.3256925344,"shortest_distance":0.9460252769,"num_points":1503,"plane_center_x":-1.3200243711,"plane_center_y":-0.5381554961,"plane_center_z":1.0748499632,"color_id":1},"2":{"ros_timestamp":"1695818977.6029346","wall_type":"right","a":0.9999161959,"b":0.012952975,"c":-0.0000115222,"d":-1.3250826597,"shortest_distance":1.7068365807,"num_points":939,"plane_center_x":1.3239946365,"plane_center_y":0.0935678408,"plane_center_z":1.1312427521,"color_id":2},"3":{"ros_timestamp":"1695818977.6029346","wall_type":"front","a":0.0124042751,"b":-0.99992311,"c":0.0000146843,"d":2.9276969433,"shortest_distance":2.6094113976,"num_points":350,"plane_center_x":-0.0371624827,"plane_center_y":2.9274795055,"plane_center_z":1.262804389,"color_id":3},"4":{"ros_timestamp":"1695818977.6029346","wall_type":"back","a":0.0111136194,"b":-0.9999382496,"c":-0.0000312409,"d":-2.9278018475,"shortest_distance":3.2456399354,"num_points":389,"plane_center_x":0.0167681221,"plane_center_y":-2.9278342724,"plane_center_z":1.2170827389,"color_id":4}}