{"0":{"ros_timestamp":"1695818977.924015","wall_type":"floor","a":-0.0017626308,"b":0.0000500336,"c":0.9999983907,"d":-0.0017904983,"shortest_distance":0.9988844253,"num_points":1128,"plane_center_x":0.0866691172,"plane_center_y":-0.5500138998,"plane_center_z":0.0019707864,"color_id":0},"1":{"ros_timestamp":"1695818977.924015","wall_type":"left","a":0.9998963475,"b":0.0143784536,"c":0.0007404761,"d":1.3268920183,"shortest_distance":0.9431731111,"num_points":1503,"plane_center_x":-1.3200243711,"plane_center_y":-0.5381554961,"plane_center_z":1.0748499632,"color_id":1},"2":{"ros_timestamp":"1695818977.924015","wall_type":"right","a":0.9999135733,"b":0.0131490733,"c":-0.0000269796,"d":-1.3255252838,"shortest_distance":1.7103989807,"num_points":939,"plane_center_x":1.3244302273,"plane_center_y":0.0942998677,"plane_center_z":1.1312369108,"color_id":2},"3":{"ros_timestamp":"1695818977.924015","wall_type":"front","a":0.0124042751,"b":-0.99992311,"c":0.0000146843,"d":2.9276969433,"shortest_distance":2.6132464212,"num_points":350,"plane_center_x":-0.0371624827,"plane_center_y":2.9274795055,"plane_center_z":1.262804389,"color_id":3},"4":{"ros_timestamp":"1695818977.924015","wall_type":"back","a":0.0110724745,"b":-0.9999387264,"c":-0.0000570547,"d":-2.9277870655,"shortest_distance":3.2417959369,"num_points":389,"plane_center_x":0.0178911071,"plane_center_y":-2.9278376102,"plane_center_z":1.2170898914,"color_id":4}}