{"0":{"ros_timestamp":"1695818978.932625","wall_type":"floor","a":-0.0017745644,"b":0.0000463471,"c":0.9999984503,"d":-0.0017812876,"shortest_distance":0.9989178056,"num_points":1127,"plane_center_x":0.0864173025,"plane_center_y":-0.5487025976,"plane_center_z":0.0019600745,"color_id":0},"1":{"ros_timestamp":"1695818978.932625","wall_type":"left","a":0.9998964071,"b":0.0143333906,"c":0.0012453961,"d":1.3261451721,"shortest_distance":0.9306198884,"num_points":1503,"plane_center_x":-1.3200243711,"plane_center_y":-0.5381554961,"plane_center_z":1.0748499632,"color_id":1},"2":{"ros_timestamp":"1695818978.932625","wall_type":"right","a":0.9999016523,"b":0.014021975,"c":-0.0000636313,"d":-1.3275148869,"shortest_distance":1.7244429222,"num_points":955,"plane_center_x":1.3264422417,"plane_center_y":0.0909265205,"plane_center_z":1.1290242672,"color_id":2},"3":{"ros_timestamp":"1695818978.932625","wall_type":"front","a":0.0124042751,"b":-0.99992311,"c":0.0000146843,"d":2.9276969433,"shortest_distance":2.6288970962,"num_points":350,"plane_center_x":-0.0371624827,"plane_center_y":2.9274795055,"plane_center_z":1.262804389,"color_id":3},"4":{"ros_timestamp":"1695818978.932625","wall_type":"back","a":0.0114105185,"b":-0.9999348521,"c":-0.0000068776,"d":-2.9277391434,"shortest_distance":3.2261655083,"num_points":389,"plane_center_x":0.0185864866,"plane_center_y":-2.9277262688,"plane_center_z":1.2170855999,"color_id":4}}