{"0":{"ros_timestamp":"1695818979.2837465","wall_type":"floor","a":-0.0018226857,"b":0.0000517148,"c":0.9999983311,"d":-0.0017884985,"shortest_distance":0.9989364945,"num_points":1124,"plane_center_x":0.0884293616,"plane_center_y":-0.5444272757,"plane_center_z":0.0019778355,"color_id":0},"1":{"ros_timestamp":"1695818979.2837465","wall_type":"left","a":0.9998919964,"b":0.0140015958,"c":0.0044663367,"d":1.321352005,"shortest_distance":0.9259772026,"num_points":1505,"plane_center_x":-1.3199187517,"plane_center_y":-0.540384233,"plane_center_z":1.0734250546,"color_id":1},"2":{"ros_timestamp":"1695818979.2837465","wall_type":"right","a":0.9999047518,"b":0.0138005158,"c":-0.0000374845,"d":-1.3270415068,"shortest_distance":1.7269834813,"num_points":957,"plane_center_x":1.3259379864,"plane_center_y":0.0921735913,"plane_center_z":1.1287118196,"color_id":2},"3":{"ros_timestamp":"1695818979.2837465","wall_type":"front","a":0.0124042751,"b":-0.99992311,"c":0.0000146843,"d":2.9276969433,"shortest_distance":2.6328854537,"num_points":350,"plane_center_x":-0.0371624827,"plane_center_y":2.9274795055,"plane_center_z":1.262804389,"color_id":3},"4":{"ros_timestamp":"1695818979.2837465","wall_type":"back","a":0.0114105185,"b":-0.9999348521,"c":-0.0000068776,"d":-2.9277391434,"shortest_distance":3.2221742028,"num_points":389,"plane_center_x":0.0185864866,"plane_center_y":-2.9277262688,"plane_center_z":1.2170855999,"color_id":4}}