{"0":{"ros_timestamp":"1695818980.0675013","wall_type":"floor","a":-0.0017692721,"b":0.00004322,"c":0.9999984503,"d":-0.001776356,"shortest_distance":0.998939226,"num_points":1126,"plane_center_x":0.0863757282,"plane_center_y":-0.547919929,"plane_center_z":0.001996018,"color_id":0},"1":{"ros_timestamp":"1695818980.0675013","wall_type":"left","a":0.9998963475,"b":0.0143784536,"c":0.0007404761,"d":1.3268920183,"shortest_distance":0.9192116428,"num_points":1503,"plane_center_x":-1.3200243711,"plane_center_y":-0.5381554961,"plane_center_z":1.0748499632,"color_id":1},"2":{"ros_timestamp":"1695818980.0675013","wall_type":"right","a":0.9999001026,"b":0.0141343614,"c":-0.0001186802,"d":-1.3275520802,"shortest_distance":1.736160892,"num_points":971,"plane_center_x":1.3265416622,"plane_center_y":0.0903316215,"plane_center_z":1.126830101,"color_id":2},"3":{"ros_timestamp":"1695818980.0675013","wall_type":"front","a":0.0124042751,"b":-0.99992311,"c":0.0000146843,"d":2.9276969433,"shortest_distance":2.6450258105,"num_points":350,"plane_center_x":-0.0371624827,"plane_center_y":2.9274795055,"plane_center_z":1.262804389,"color_id":3},"4":{"ros_timestamp":"1695818980.0675013","wall_type":"back","a":0.0114105185,"b":-0.9999348521,"c":-0.0000068776,"d":-2.9277391434,"shortest_distance":3.2100252422,"num_points":389,"plane_center_x":0.0185864866,"plane_center_y":-2.9277262688,"plane_center_z":1.2170855999,"color_id":4}}