{"0":{"ros_timestamp":"1695818882.1303778","wall_type":"floor","a":0.0002761892,"b":-0.0019334718,"c":0.9999980927,"d":0.0016232117,"shortest_distance":1.0025159255,"num_points":429,"plane_center_x":0.0382133238,"plane_center_y":2.223045826,"plane_center_z":0.0026644354,"color_id":0},"1":{"ros_timestamp":"1695818882.1303778","wall_type":"left","a":0.9999231696,"b":0.0123919416,"c":0.0002551118,"d":1.3302775621,"shortest_distance":1.5501830281,"num_points":383,"plane_center_x":-1.3503421545,"plane_center_y":1.5878546238,"plane_center_z":1.1142969131,"color_id":1},"2":{"ros_timestamp":"1695818882.1303778","wall_type":"right","a":0.9999053478,"b":0.0137598962,"c":-0.0000000192,"d":-1.3269832134,"shortest_distance":1.1079432441,"num_points":384,"plane_center_x":1.2945224047,"plane_center_y":2.3679924011,"plane_center_z":1.1670200825,"color_id":2},"3":{"ros_timestamp":"1695818882.1303778","wall_type":"front","a":0.0067787757,"b":-0.9999770522,"c":-0.0000024321,"d":2.9312548637,"shortest_distance":3.3760274172,"num_points":132,"plane_center_x":0.4891760945,"plane_center_y":2.9346351624,"plane_center_z":1.1998285055,"color_id":3}}