{"0":{"ros_timestamp":"1695818981.119614","wall_type":"floor","a":-0.0018086637,"b":0.0000497126,"c":0.9999983311,"d":-0.0017896682,"shortest_distance":0.9989579954,"num_points":1125,"plane_center_x":0.0862358063,"plane_center_y":-0.5467591286,"plane_center_z":0.0019728239,"color_id":0},"1":{"ros_timestamp":"1695818981.119614","wall_type":"left","a":0.9998937249,"b":0.0145157091,"c":0.0013407975,"d":1.3261085749,"shortest_distance":0.9107462835,"num_points":1503,"plane_center_x":-1.3200243711,"plane_center_y":-0.5381554961,"plane_center_z":1.0748499632,"color_id":1},"2":{"ros_timestamp":"1695818981.119614","wall_type":"right","a":0.9998927712,"b":0.014641487,"c":-0.0001488282,"d":-1.328630805,"shortest_distance":1.7454490018,"num_points":971,"plane_center_x":1.3276032209,"plane_center_y":0.0913628414,"plane_center_z":1.1267778873,"color_id":2},"3":{"ros_timestamp":"1695818981.119614","wall_type":"front","a":0.0124042751,"b":-0.99992311,"c":0.0000146843,"d":2.9276969433,"shortest_distance":2.6574205653,"num_points":350,"plane_center_x":-0.0371624827,"plane_center_y":2.9274795055,"plane_center_z":1.262804389,"color_id":3},"4":{"ros_timestamp":"1695818981.119614","wall_type":"back","a":0.0114105185,"b":-0.9999348521,"c":-0.0000068776,"d":-2.9277391434,"shortest_distance":3.1976222495,"num_points":389,"plane_center_x":0.0185864866,"plane_center_y":-2.9277262688,"plane_center_z":1.2170855999,"color_id":4}}