{"0":{"ros_timestamp":"1695818882.2394662","wall_type":"floor","a":0.0001304868,"b":-0.0026783459,"c":0.9999964237,"d":0.0034470262,"shortest_distance":1.0046299049,"num_points":428,"plane_center_x":0.0415819176,"plane_center_y":2.2249288559,"plane_center_z":0.0025066859,"color_id":0},"1":{"ros_timestamp":"1695818882.2394662","wall_type":"left","a":0.9999086857,"b":0.0135098146,"c":0.0002145249,"d":1.3243367672,"shortest_distance":1.5481544734,"num_points":384,"plane_center_x":-1.3461688757,"plane_center_y":1.5892729759,"plane_center_z":1.1115442514,"color_id":1},"2":{"ros_timestamp":"1695818882.2394662","wall_type":"right","a":0.9999053478,"b":0.0137598962,"c":-0.0000000192,"d":-1.3269832134,"shortest_distance":1.1034911188,"num_points":384,"plane_center_x":1.2945224047,"plane_center_y":2.3679924011,"plane_center_z":1.1670200825,"color_id":2},"3":{"ros_timestamp":"1695818882.2394662","wall_type":"front","a":0.0103425989,"b":-0.9999465346,"c":-0.0000044997,"d":2.928948164,"shortest_distance":3.3722796996,"num_points":132,"plane_center_x":0.4892186821,"plane_center_y":2.9341595173,"plane_center_z":1.1998172998,"color_id":3}}