{"0":{"ros_timestamp":"1695818982.1614044","wall_type":"floor","a":-0.0018127855,"b":0.0000501704,"c":0.9999984503,"d":-0.0017934312,"shortest_distance":0.9989738329,"num_points":1124,"plane_center_x":0.0853466466,"plane_center_y":-0.5461976528,"plane_center_z":0.0019307985,"color_id":0},"1":{"ros_timestamp":"1695818982.1614044","wall_type":"left","a":0.9998937249,"b":0.0145157091,"c":0.0013407975,"d":1.3261085749,"shortest_distance":0.9002356452,"num_points":1503,"plane_center_x":-1.3200243711,"plane_center_y":-0.5381554961,"plane_center_z":1.0748499632,"color_id":1},"2":{"ros_timestamp":"1695818982.1614044","wall_type":"right","a":0.999894321,"b":0.0145387007,"c":-0.0001963479,"d":-1.328199625,"shortest_distance":1.7556041742,"num_points":973,"plane_center_x":1.3272662163,"plane_center_y":0.0890621468,"plane_center_z":1.1262047291,"color_id":2},"3":{"ros_timestamp":"1695818982.1614044","wall_type":"front","a":0.0124042751,"b":-0.99992311,"c":0.0000146843,"d":2.9276969433,"shortest_distance":2.6743233242,"num_points":350,"plane_center_x":-0.0371624827,"plane_center_y":2.9274795055,"plane_center_z":1.262804389,"color_id":3},"4":{"ros_timestamp":"1695818982.1614044","wall_type":"back","a":0.0114105185,"b":-0.9999348521,"c":-0.0000068776,"d":-2.9277391434,"shortest_distance":3.1807090886,"num_points":389,"plane_center_x":0.0185864866,"plane_center_y":-2.9277262688,"plane_center_z":1.2170855999,"color_id":4}}