{"0":{"ros_timestamp":"1695818982.6610227","wall_type":"floor","a":-0.0017047951,"b":0.0000373809,"c":0.9999985099,"d":-0.0017515066,"shortest_distance":0.9989702771,"num_points":1125,"plane_center_x":0.0863224044,"plane_center_y":-0.5481516719,"plane_center_z":0.0019191619,"color_id":0},"1":{"ros_timestamp":"1695818982.6610227","wall_type":"left","a":0.9998959303,"b":0.0141895572,"c":0.0026036371,"d":1.3241235018,"shortest_distance":0.8969114116,"num_points":1503,"plane_center_x":-1.3200243711,"plane_center_y":-0.5381554961,"plane_center_z":1.0748499632,"color_id":1},"2":{"ros_timestamp":"1695818982.6610227","wall_type":"right","a":0.9998954535,"b":0.0144558381,"c":-0.000228224,"d":-1.3279173374,"shortest_distance":1.7578961631,"num_points":987,"plane_center_x":1.3270151615,"plane_center_y":0.0897607803,"plane_center_z":1.1243703365,"color_id":2},"3":{"ros_timestamp":"1695818982.6610227","wall_type":"front","a":0.0124042751,"b":-0.99992311,"c":0.0000146843,"d":2.9276969433,"shortest_distance":2.6786134234,"num_points":350,"plane_center_x":-0.0371624827,"plane_center_y":2.9274795055,"plane_center_z":1.262804389,"color_id":3},"4":{"ros_timestamp":"1695818982.6610227","wall_type":"back","a":0.0114105185,"b":-0.9999348521,"c":-0.0000068776,"d":-2.9277391434,"shortest_distance":3.1764164946,"num_points":389,"plane_center_x":0.0185864866,"plane_center_y":-2.9277262688,"plane_center_z":1.2170855999,"color_id":4}}