{"0":{"ros_timestamp":"1695818982.6989675","wall_type":"floor","a":-0.0016863573,"b":0.0000352497,"c":0.9999985099,"d":-0.0017476877,"shortest_distance":0.998969539,"num_points":1125,"plane_center_x":0.0862809718,"plane_center_y":-0.5481755733,"plane_center_z":0.001912514,"color_id":0},"1":{"ros_timestamp":"1695818982.6989675","wall_type":"left","a":0.9998959303,"b":0.0141895572,"c":0.0026036371,"d":1.3241235018,"shortest_distance":0.8944342933,"num_points":1503,"plane_center_x":-1.3200243711,"plane_center_y":-0.5381554961,"plane_center_z":1.0748499632,"color_id":1},"2":{"ros_timestamp":"1695818982.6989675","wall_type":"right","a":0.9999163151,"b":0.0129420338,"c":-0.0001284256,"d":-1.3249403238,"shortest_distance":1.7576689339,"num_points":987,"plane_center_x":1.3240274191,"plane_center_y":0.0902473703,"plane_center_z":1.1243540049,"color_id":2},"3":{"ros_timestamp":"1695818982.6989675","wall_type":"front","a":0.0124042751,"b":-0.99992311,"c":0.0000146843,"d":2.9276969433,"shortest_distance":2.6829284322,"num_points":350,"plane_center_x":-0.0371624827,"plane_center_y":2.9274795055,"plane_center_z":1.262804389,"color_id":3},"4":{"ros_timestamp":"1695818982.6989675","wall_type":"back","a":0.0114105185,"b":-0.9999348521,"c":-0.0000068776,"d":-2.9277391434,"shortest_distance":3.1720990337,"num_points":389,"plane_center_x":0.0185864866,"plane_center_y":-2.9277262688,"plane_center_z":1.2170855999,"color_id":4}}