{"0":{"ros_timestamp":"1695818983.3505168","wall_type":"floor","a":-0.001942188,"b":-0.0000143169,"c":0.9999982119,"d":-0.0016688548,"shortest_distance":0.9991567713,"num_points":1121,"plane_center_x":0.091069892,"plane_center_y":-0.5414774418,"plane_center_z":0.001915808,"color_id":0},"1":{"ros_timestamp":"1695818983.3505168","wall_type":"left","a":0.9998767376,"b":0.0144338533,"c":0.006176366,"d":1.319108963,"shortest_distance":0.8882328943,"num_points":1507,"plane_center_x":-1.3198001385,"plane_center_y":-0.5432785153,"plane_center_z":1.0720047951,"color_id":1},"2":{"ros_timestamp":"1695818983.3505168","wall_type":"right","a":0.9999165535,"b":0.0129155796,"c":-0.0001075938,"d":-1.3249483109,"shortest_distance":1.7624759539,"num_points":989,"plane_center_x":1.3240511417,"plane_center_y":0.0873873159,"plane_center_z":1.1241497993,"color_id":2},"3":{"ros_timestamp":"1695818983.3505168","wall_type":"front","a":0.0124042751,"b":-0.99992311,"c":0.0000146843,"d":2.9276969433,"shortest_distance":2.6916314502,"num_points":350,"plane_center_x":-0.0371624827,"plane_center_y":2.9274795055,"plane_center_z":1.262804389,"color_id":3},"4":{"ros_timestamp":"1695818983.3505168","wall_type":"back","a":0.0114105185,"b":-0.9999348521,"c":-0.0000068776,"d":-2.9277391434,"shortest_distance":3.163391241,"num_points":389,"plane_center_x":0.0185864866,"plane_center_y":-2.9277262688,"plane_center_z":1.2170855999,"color_id":4}}