{"0":{"ros_timestamp":"1695818983.605563","wall_type":"floor","a":-0.0017438644,"b":0.0000476437,"c":0.9999984503,"d":-0.0017653747,"shortest_distance":0.9989913305,"num_points":1125,"plane_center_x":0.0865435526,"plane_center_y":-0.5483840704,"plane_center_z":0.001942425,"color_id":0},"1":{"ros_timestamp":"1695818983.605563","wall_type":"left","a":0.9998966455,"b":0.0143533358,"c":0.0008473671,"d":1.3267252445,"shortest_distance":0.8881455107,"num_points":1503,"plane_center_x":-1.3200243711,"plane_center_y":-0.5381554961,"plane_center_z":1.0748499632,"color_id":1},"2":{"ros_timestamp":"1695818983.605563","wall_type":"right","a":0.9999161959,"b":0.0129480958,"c":-0.0001214538,"d":-1.3249630928,"shortest_distance":1.7648380949,"num_points":989,"plane_center_x":1.324075222,"plane_center_y":0.0876859352,"plane_center_z":1.1241004467,"color_id":2},"3":{"ros_timestamp":"1695818983.605563","wall_type":"front","a":0.0124042751,"b":-0.99992311,"c":0.0000146843,"d":2.9276969433,"shortest_distance":2.6960185891,"num_points":350,"plane_center_x":-0.0371624827,"plane_center_y":2.9274795055,"plane_center_z":1.262804389,"color_id":3},"4":{"ros_timestamp":"1695818983.605563","wall_type":"back","a":0.0114105185,"b":-0.9999348521,"c":-0.0000068776,"d":-2.9277391434,"shortest_distance":3.1590017798,"num_points":389,"plane_center_x":0.0185864866,"plane_center_y":-2.9277262688,"plane_center_z":1.2170855999,"color_id":4}}