{"0":{"ros_timestamp":"1695818984.042046","wall_type":"floor","a":-0.0016661718,"b":0.0000384696,"c":0.9999986291,"d":-0.0017376948,"shortest_distance":0.9989862333,"num_points":1125,"plane_center_x":0.0866257697,"plane_center_y":-0.5482268929,"plane_center_z":0.0019454419,"color_id":0},"1":{"ros_timestamp":"1695818984.042046","wall_type":"left","a":0.9998937249,"b":0.0145157091,"c":0.0013407975,"d":1.3261085749,"shortest_distance":0.8857561144,"num_points":1503,"plane_center_x":-1.3200243711,"plane_center_y":-0.5381554961,"plane_center_z":1.0748499632,"color_id":1},"2":{"ros_timestamp":"1695818984.042046","wall_type":"right","a":0.9999235272,"b":0.0123700397,"c":-0.0001412435,"d":-1.3237222433,"shortest_distance":1.7660457653,"num_points":991,"plane_center_x":1.3228837252,"plane_center_y":0.0887905732,"plane_center_z":1.1237750053,"color_id":2},"3":{"ros_timestamp":"1695818984.042046","wall_type":"front","a":0.0124042751,"b":-0.99992311,"c":0.0000146843,"d":2.9276969433,"shortest_distance":2.700428897,"num_points":350,"plane_center_x":-0.0371624827,"plane_center_y":2.9274795055,"plane_center_z":1.262804389,"color_id":3},"4":{"ros_timestamp":"1695818984.042046","wall_type":"back","a":0.0114105185,"b":-0.9999348521,"c":-0.0000068776,"d":-2.9277391434,"shortest_distance":3.1545891933,"num_points":389,"plane_center_x":0.0185864866,"plane_center_y":-2.9277262688,"plane_center_z":1.2170855999,"color_id":4}}