{"0":{"ros_timestamp":"1695818882.4869766","wall_type":"floor","a":0.0001611058,"b":-0.0026837217,"c":0.9999963641,"d":0.0034556198,"shortest_distance":1.0046423681,"num_points":430,"plane_center_x":0.0385016501,"plane_center_y":2.2229750156,"plane_center_z":0.0026201762,"color_id":0},"1":{"ros_timestamp":"1695818882.4869766","wall_type":"left","a":0.9999101758,"b":0.0134051805,"c":0.0001872108,"d":1.3243277073,"shortest_distance":1.5525934412,"num_points":399,"plane_center_x":-1.3454048634,"plane_center_y":1.5477993488,"plane_center_z":1.1097377539,"color_id":1},"2":{"ros_timestamp":"1695818882.4869766","wall_type":"right","a":0.9999053478,"b":0.0137598962,"c":-0.0000000192,"d":-1.3269832134,"shortest_distance":1.0990613425,"num_points":384,"plane_center_x":1.2945224047,"plane_center_y":2.3679924011,"plane_center_z":1.1670200825,"color_id":2},"3":{"ros_timestamp":"1695818882.4869766","wall_type":"front","a":0.0115156984,"b":-0.9999337196,"c":-0.0000014011,"d":2.9282076359,"shortest_distance":3.3695388933,"num_points":132,"plane_center_x":0.4817157686,"plane_center_y":2.9339478016,"plane_center_z":1.1998051405,"color_id":3}}