{"0":{"ros_timestamp":"1695818985.675989","wall_type":"floor","a":-0.0026586046,"b":0.000141296,"c":0.9999964237,"d":-0.0022961921,"shortest_distance":0.9989193796,"num_points":1124,"plane_center_x":0.085981071,"plane_center_y":-0.5474799275,"plane_center_z":0.0019250247,"color_id":0},"1":{"ros_timestamp":"1695818985.675989","wall_type":"left","a":0.9998959303,"b":0.0144179557,"c":0.0003794479,"d":1.3274302483,"shortest_distance":0.8732065396,"num_points":1503,"plane_center_x":-1.3200243711,"plane_center_y":-0.5381554961,"plane_center_z":1.0748499632,"color_id":1},"2":{"ros_timestamp":"1695818985.675989","wall_type":"right","a":0.9998990893,"b":0.0142082619,"c":-0.0001358714,"d":-1.3275643587,"shortest_distance":1.7823456202,"num_points":1008,"plane_center_x":1.3265441656,"plane_center_y":0.0919388086,"plane_center_z":1.1205353737,"color_id":2},"3":{"ros_timestamp":"1695818985.675989","wall_type":"front","a":0.0124042751,"b":-0.99992311,"c":0.0000146843,"d":2.9276969433,"shortest_distance":2.7273524418,"num_points":350,"plane_center_x":-0.0371624827,"plane_center_y":2.9274795055,"plane_center_z":1.262804389,"color_id":3},"4":{"ros_timestamp":"1695818985.675989","wall_type":"back","a":0.0114105185,"b":-0.9999348521,"c":-0.0000068776,"d":-2.9277391434,"shortest_distance":3.127652908,"num_points":389,"plane_center_x":0.0185864866,"plane_center_y":-2.9277262688,"plane_center_z":1.2170855999,"color_id":4}}