{"0":{"ros_timestamp":"1695818985.884247","wall_type":"floor","a":-0.0017268707,"b":0.0000480078,"c":0.9999985099,"d":-0.0017554477,"shortest_distance":0.9990208861,"num_points":1124,"plane_center_x":0.0860021934,"plane_center_y":-0.5474935174,"plane_center_z":0.0019302492,"color_id":0},"1":{"ros_timestamp":"1695818985.884247","wall_type":"left","a":0.9998957515,"b":0.0144109186,"c":0.0009199079,"d":1.3266533613,"shortest_distance":0.8709787959,"num_points":1503,"plane_center_x":-1.3200243711,"plane_center_y":-0.5381554961,"plane_center_z":1.0748499632,"color_id":1},"2":{"ros_timestamp":"1695818985.884247","wall_type":"right","a":0.9998996258,"b":0.0141715882,"c":-0.0001450551,"d":-1.3274738789,"shortest_distance":1.7842605422,"num_points":1009,"plane_center_x":1.3264545202,"plane_center_y":0.0927804857,"plane_center_z":1.1196941137,"color_id":2},"3":{"ros_timestamp":"1695818985.884247","wall_type":"front","a":0.0124042751,"b":-0.99992311,"c":0.0000146843,"d":2.9276969433,"shortest_distance":2.7319124605,"num_points":350,"plane_center_x":-0.0371624827,"plane_center_y":2.9274795055,"plane_center_z":1.262804389,"color_id":3},"4":{"ros_timestamp":"1695818985.884247","wall_type":"back","a":0.0114105185,"b":-0.9999348521,"c":-0.0000068776,"d":-2.9277391434,"shortest_distance":3.1230909229,"num_points":389,"plane_center_x":0.0185864866,"plane_center_y":-2.9277262688,"plane_center_z":1.2170855999,"color_id":4}}