{"0":{"ros_timestamp":"1695818985.9898472","wall_type":"floor","a":-0.0016701822,"b":0.000043035,"c":0.9999985099,"d":-0.0017348593,"shortest_distance":0.9990175227,"num_points":1124,"plane_center_x":0.0859869421,"plane_center_y":-0.5474480987,"plane_center_z":0.0019444088,"color_id":0},"1":{"ros_timestamp":"1695818985.9898472","wall_type":"left","a":0.9998946786,"b":0.0144034093,"c":0.0017751018,"d":1.3254257441,"shortest_distance":0.8686611839,"num_points":1503,"plane_center_x":-1.3200243711,"plane_center_y":-0.5381554961,"plane_center_z":1.0748499632,"color_id":1},"2":{"ros_timestamp":"1695818985.9898472","wall_type":"right","a":0.9999111891,"b":0.0133219995,"c":-0.0003328821,"d":-1.3253192902,"shortest_distance":1.7844000469,"num_points":1009,"plane_center_x":1.3245577812,"plane_center_y":0.093971245,"plane_center_z":1.1196737289,"color_id":2},"3":{"ros_timestamp":"1695818985.9898472","wall_type":"front","a":0.0124042751,"b":-0.99992311,"c":0.0000146843,"d":2.9276969433,"shortest_distance":2.736492059,"num_points":350,"plane_center_x":-0.0371624827,"plane_center_y":2.9274795055,"plane_center_z":1.262804389,"color_id":3},"4":{"ros_timestamp":"1695818985.9898472","wall_type":"back","a":0.0114105185,"b":-0.9999348521,"c":-0.0000068776,"d":-2.9277391434,"shortest_distance":3.1185094036,"num_points":389,"plane_center_x":0.0185864866,"plane_center_y":-2.9277262688,"plane_center_z":1.2170855999,"color_id":4}}