{"0":{"ros_timestamp":"1695818986.163312","wall_type":"floor","a":-0.0016762423,"b":0.0000445291,"c":0.9999986291,"d":-0.0017346967,"shortest_distance":0.9990207477,"num_points":1124,"plane_center_x":0.0861076191,"plane_center_y":-0.5475475192,"plane_center_z":0.0019454428,"color_id":0},"1":{"ros_timestamp":"1695818986.163312","wall_type":"left","a":0.9998957515,"b":0.0144109186,"c":0.0009199079,"d":1.3266533613,"shortest_distance":0.8690345017,"num_points":1503,"plane_center_x":-1.3200243711,"plane_center_y":-0.5381554961,"plane_center_z":1.0748499632,"color_id":1},"2":{"ros_timestamp":"1695818986.163312","wall_type":"right","a":0.9998956323,"b":0.0144505529,"c":-0.0000335263,"d":-1.3283064365,"shortest_distance":1.7868711994,"num_points":1009,"plane_center_x":1.3271298409,"plane_center_y":0.0936061367,"plane_center_z":1.1196744442,"color_id":2},"3":{"ros_timestamp":"1695818986.163312","wall_type":"front","a":0.0124042751,"b":-0.99992311,"c":0.0000146843,"d":2.9276969433,"shortest_distance":2.736492059,"num_points":350,"plane_center_x":-0.0371624827,"plane_center_y":2.9274795055,"plane_center_z":1.262804389,"color_id":3},"4":{"ros_timestamp":"1695818986.163312","wall_type":"back","a":0.0114105185,"b":-0.9999348521,"c":-0.0000068776,"d":-2.9277391434,"shortest_distance":3.1185094036,"num_points":389,"plane_center_x":0.0185864866,"plane_center_y":-2.9277262688,"plane_center_z":1.2170855999,"color_id":4}}