{"0":{"ros_timestamp":"1695818882.7218716","wall_type":"floor","a":0.0001889905,"b":-0.0026411449,"c":0.9999964833,"d":0.0033438657,"shortest_distance":1.0045185699,"num_points":429,"plane_center_x":0.0417499952,"plane_center_y":2.2249705791,"plane_center_z":0.0025247226,"color_id":0},"1":{"ros_timestamp":"1695818882.7218716","wall_type":"left","a":0.9999063015,"b":0.0136877764,"c":0.000201908,"d":1.3222757578,"shortest_distance":1.550431383,"num_points":400,"plane_center_x":-1.3438029289,"plane_center_y":1.5472023487,"plane_center_z":1.1070827246,"color_id":1},"2":{"ros_timestamp":"1695818882.7218716","wall_type":"right","a":0.9999053478,"b":0.0137598962,"c":-0.0000000192,"d":-1.3269832134,"shortest_distance":1.0990613425,"num_points":384,"plane_center_x":1.2945224047,"plane_center_y":2.3679924011,"plane_center_z":1.1670200825,"color_id":2},"3":{"ros_timestamp":"1695818882.7218716","wall_type":"front","a":0.0126429433,"b":-0.9999200702,"c":-0.0000024944,"d":2.9274661541,"shortest_distance":3.3690541917,"num_points":132,"plane_center_x":0.4803918302,"plane_center_y":2.9337713718,"plane_center_z":1.1998029947,"color_id":3}}