{"0":{"ros_timestamp":"1695818986.9051478","wall_type":"floor","a":-0.0016062239,"b":0.0000363721,"c":0.9999987483,"d":-0.0017101537,"shortest_distance":0.9990196942,"num_points":1123,"plane_center_x":0.084994778,"plane_center_y":-0.5466986299,"plane_center_z":0.0019077896,"color_id":0},"1":{"ros_timestamp":"1695818986.9051478","wall_type":"left","a":0.9998963475,"b":0.0143784536,"c":0.0007404761,"d":1.3268920183,"shortest_distance":0.8635308931,"num_points":1503,"plane_center_x":-1.3200243711,"plane_center_y":-0.5381554961,"plane_center_z":1.0748499632,"color_id":1},"2":{"ros_timestamp":"1695818986.9051478","wall_type":"right","a":0.9999057055,"b":0.0137261534,"c":-0.0003057181,"d":-1.3262292147,"shortest_distance":1.7907528788,"num_points":1024,"plane_center_x":1.3253759146,"plane_center_y":0.0961383432,"plane_center_z":1.1169573069,"color_id":2},"3":{"ros_timestamp":"1695818986.9051478","wall_type":"front","a":0.0124042751,"b":-0.99992311,"c":0.0000146843,"d":2.9276969433,"shortest_distance":2.7503437437,"num_points":350,"plane_center_x":-0.0371624827,"plane_center_y":2.9274795055,"plane_center_z":1.262804389,"color_id":3},"4":{"ros_timestamp":"1695818986.9051478","wall_type":"back","a":0.0114105185,"b":-0.9999348521,"c":-0.0000068776,"d":-2.9277391434,"shortest_distance":3.1046522306,"num_points":389,"plane_center_x":0.0185864866,"plane_center_y":-2.9277262688,"plane_center_z":1.2170855999,"color_id":4}}