{"0":{"ros_timestamp":"1695818987.370361","wall_type":"floor","a":-0.001637758,"b":0.0000402405,"c":0.9999986291,"d":-0.001721622,"shortest_distance":0.9990261366,"num_points":1122,"plane_center_x":0.0839473754,"plane_center_y":-0.5457208753,"plane_center_z":0.0018810701,"color_id":0},"1":{"ros_timestamp":"1695818987.370361","wall_type":"left","a":0.9998987317,"b":0.0141438218,"c":0.0015517818,"d":1.3256033659,"shortest_distance":0.8612536644,"num_points":1503,"plane_center_x":-1.3200243711,"plane_center_y":-0.5381554961,"plane_center_z":1.0748499632,"color_id":1},"2":{"ros_timestamp":"1695818987.370361","wall_type":"right","a":0.9999070764,"b":0.0136305252,"c":-0.0003912126,"d":-1.3258333206,"shortest_distance":1.7922154909,"num_points":1025,"plane_center_x":1.3250592947,"plane_center_y":0.0978441909,"plane_center_z":1.1158887148,"color_id":2},"3":{"ros_timestamp":"1695818987.370361","wall_type":"front","a":0.0124042751,"b":-0.99992311,"c":0.0000146843,"d":2.9276969433,"shortest_distance":2.7549970627,"num_points":350,"plane_center_x":-0.0371624827,"plane_center_y":2.9274795055,"plane_center_z":1.262804389,"color_id":3},"4":{"ros_timestamp":"1695818987.370361","wall_type":"back","a":0.0114105185,"b":-0.9999348521,"c":-0.0000068776,"d":-2.9277391434,"shortest_distance":3.0999971743,"num_points":389,"plane_center_x":0.0185864866,"plane_center_y":-2.9277262688,"plane_center_z":1.2170855999,"color_id":4}}