{"0":{"ros_timestamp":"1695818989.2153878","wall_type":"floor","a":-0.0004427713,"b":0.0000914871,"c":0.9999998808,"d":-0.0022415202,"shortest_distance":0.9979580355,"num_points":1161,"plane_center_x":0.032476984,"plane_center_y":-0.5477042794,"plane_center_z":0.0023060082,"color_id":0},"1":{"ros_timestamp":"1695818989.2153878","wall_type":"left","a":0.9998942018,"b":0.0145388441,"c":0.0004778481,"d":1.3273535967,"shortest_distance":0.8509891127,"num_points":1462,"plane_center_x":-1.3202459812,"plane_center_y":-0.5347877145,"plane_center_z":1.1045514345,"color_id":1},"2":{"ros_timestamp":"1695818989.2153878","wall_type":"right","a":0.9999012351,"b":0.0140483342,"c":-0.0003838233,"d":-1.3267047405,"shortest_distance":1.8039998569,"num_points":1047,"plane_center_x":1.3258575201,"plane_center_y":0.1006957665,"plane_center_z":1.1116162539,"color_id":2},"3":{"ros_timestamp":"1695818989.2153878","wall_type":"front","a":0.0124042751,"b":-0.99992311,"c":0.0000146843,"d":2.9276969433,"shortest_distance":2.7880276218,"num_points":350,"plane_center_x":-0.0371624827,"plane_center_y":2.9274795055,"plane_center_z":1.262804389,"color_id":3},"4":{"ros_timestamp":"1695818989.2153878","wall_type":"back","a":0.0114105185,"b":-0.9999348521,"c":-0.0000068776,"d":-2.9277391434,"shortest_distance":3.0669557606,"num_points":389,"plane_center_x":0.0185864866,"plane_center_y":-2.9277262688,"plane_center_z":1.2170855999,"color_id":4}}