{"0":{"ros_timestamp":"1695818882.9866815","wall_type":"floor","a":0.0003249492,"b":-0.0025245037,"c":0.9999967217,"d":0.0029101216,"shortest_distance":1.0040565383,"num_points":433,"plane_center_x":0.0381890833,"plane_center_y":2.2247714996,"plane_center_z":0.002693922,"color_id":0},"1":{"ros_timestamp":"1695818882.9866815","wall_type":"left","a":0.999925673,"b":0.0121926609,"c":0.0002077072,"d":1.3300603628,"shortest_distance":1.5676655829,"num_points":400,"plane_center_x":-1.349222064,"plane_center_y":1.5444966555,"plane_center_z":1.1072440147,"color_id":1},"2":{"ros_timestamp":"1695818882.9866815","wall_type":"right","a":0.9999053478,"b":0.0137598962,"c":-0.0000000192,"d":-1.3269832134,"shortest_distance":1.0902706066,"num_points":384,"plane_center_x":1.2945224047,"plane_center_y":2.3679924011,"plane_center_z":1.1670200825,"color_id":2},"3":{"ros_timestamp":"1695818882.9866815","wall_type":"front","a":0.0096473414,"b":-0.9999535084,"c":0.0000001741,"d":2.9293279648,"shortest_distance":3.3655496455,"num_points":154,"plane_center_x":0.4371640086,"plane_center_y":2.9336819649,"plane_center_z":1.1997765303,"color_id":3}}