{"0":{"ros_timestamp":"1695818990.8005257","wall_type":"floor","a":-0.0015173532,"b":0.0000239648,"c":0.9999988675,"d":-0.0016773836,"shortest_distance":0.9990368104,"num_points":1120,"plane_center_x":0.0816985071,"plane_center_y":-0.5436576009,"plane_center_z":0.0018143797,"color_id":0},"1":{"ros_timestamp":"1695818990.8005257","wall_type":"left","a":0.9998908639,"b":0.0144390082,"c":0.0030999091,"d":1.3235493898,"shortest_distance":0.8422191361,"num_points":1503,"plane_center_x":-1.3200243711,"plane_center_y":-0.5381554961,"plane_center_z":1.0748499632,"color_id":1},"2":{"ros_timestamp":"1695818990.8005257","wall_type":"right","a":0.9998940229,"b":0.0145592,"c":-0.0000571204,"d":-1.3282253742,"shortest_distance":1.8127015609,"num_points":1065,"plane_center_x":1.3268522024,"plane_center_y":0.1083350256,"plane_center_z":1.1097298861,"color_id":2},"3":{"ros_timestamp":"1695818990.8005257","wall_type":"front","a":0.0124042751,"b":-0.99992311,"c":0.0000146843,"d":2.9276969433,"shortest_distance":2.8168903018,"num_points":350,"plane_center_x":-0.0371624827,"plane_center_y":2.9274795055,"plane_center_z":1.262804389,"color_id":3},"4":{"ros_timestamp":"1695818990.8005257","wall_type":"back","a":0.0114105185,"b":-0.9999348521,"c":-0.0000068776,"d":-2.9277391434,"shortest_distance":3.0380856239,"num_points":389,"plane_center_x":0.0185864866,"plane_center_y":-2.9277262688,"plane_center_z":1.2170855999,"color_id":4}}