{"0":{"ros_timestamp":"1695818883.176554","wall_type":"floor","a":0.0002998241,"b":-0.002699313,"c":0.9999963641,"d":0.0033472944,"shortest_distance":1.0045630137,"num_points":435,"plane_center_x":0.0383298136,"plane_center_y":2.2274963856,"plane_center_z":0.0026539327,"color_id":0},"1":{"ros_timestamp":"1695818883.176554","wall_type":"left","a":0.9999266863,"b":0.0121053709,"c":0.0002421363,"d":1.3303215504,"shortest_distance":1.5679993818,"num_points":401,"plane_center_x":-1.3493796587,"plane_center_y":1.5439833403,"plane_center_z":1.1097525358,"color_id":1},"2":{"ros_timestamp":"1695818883.176554","wall_type":"right","a":0.9999053478,"b":0.0137598962,"c":-0.0000000192,"d":-1.3269832134,"shortest_distance":1.0902706066,"num_points":384,"plane_center_x":1.2945224047,"plane_center_y":2.3679924011,"plane_center_z":1.1670200825,"color_id":2},"3":{"ros_timestamp":"1695818883.176554","wall_type":"front","a":0.0105052665,"b":-0.9999448061,"c":0.0000008178,"d":2.9288036823,"shortest_distance":3.3652306467,"num_points":154,"plane_center_x":0.434735477,"plane_center_y":2.9335336685,"plane_center_z":1.1997629404,"color_id":3}}