{"0":{"ros_timestamp":"1695818992.0058086","wall_type":"floor","a":-0.0015173532,"b":0.0000239648,"c":0.9999988675,"d":-0.0016773836,"shortest_distance":0.9990421118,"num_points":1120,"plane_center_x":0.0816985071,"plane_center_y":-0.5436576009,"plane_center_z":0.0018143797,"color_id":0},"1":{"ros_timestamp":"1695818992.0058086","wall_type":"left","a":0.9998931289,"b":0.0145661747,"c":0.0011934267,"d":1.3263469934,"shortest_distance":0.8390364433,"num_points":1503,"plane_center_x":-1.3200243711,"plane_center_y":-0.5381554961,"plane_center_z":1.0748499632,"color_id":1},"2":{"ros_timestamp":"1695818992.0058086","wall_type":"right","a":0.9998959303,"b":0.0144289872,"c":-0.0001709437,"d":-1.327693224,"shortest_distance":1.8163811511,"num_points":1079,"plane_center_x":1.3262953758,"plane_center_y":0.1195760891,"plane_center_z":1.1083074808,"color_id":2},"3":{"ros_timestamp":"1695818992.0058086","wall_type":"front","a":0.0124042751,"b":-0.99992311,"c":0.0000146843,"d":2.9276969433,"shortest_distance":2.8363601395,"num_points":350,"plane_center_x":-0.0371624827,"plane_center_y":2.9274795055,"plane_center_z":1.262804389,"color_id":3},"4":{"ros_timestamp":"1695818992.0058086","wall_type":"back","a":0.0114105185,"b":-0.9999348521,"c":-0.0000068776,"d":-2.9277391434,"shortest_distance":3.0186117767,"num_points":389,"plane_center_x":0.0185864866,"plane_center_y":-2.9277262688,"plane_center_z":1.2170855999,"color_id":4}}