{"0":{"ros_timestamp":"1695818872.595879","wall_type":"floor","a":0.0019223355,"b":-0.0002570346,"c":0.9999980927,"d":-0.0005531513,"shortest_distance":0.9996241306,"num_points":242,"plane_center_x":-0.0481542833,"plane_center_y":2.134624958,"plane_center_z":0.0011943948,"color_id":0},"1":{"ros_timestamp":"1695818872.595879","wall_type":"left","a":0.9999721646,"b":0.0074641202,"c":0.0003015189,"d":1.3419914246,"shortest_distance":1.3783237366,"num_points":210,"plane_center_x":-1.3573988676,"plane_center_y":2.0134160519,"plane_center_z":1.131880641,"color_id":1},"2":{"ros_timestamp":"1695818872.595879","wall_type":"right","a":0.9998996854,"b":0.0138489855,"c":-0.0029607734,"d":-1.3228753805,"shortest_distance":1.2929723021,"num_points":314,"plane_center_x":1.2949389219,"plane_center_y":2.2601742744,"plane_center_z":1.0925419331,"color_id":2}}