{"0":{"ros_timestamp":"1695818993.3741508","wall_type":"floor","a":-0.0015941965,"b":-0.0000364922,"c":0.9999987483,"d":-0.0018615642,"shortest_distance":0.9988970094,"num_points":1120,"plane_center_x":0.0816985071,"plane_center_y":-0.5436576009,"plane_center_z":0.0018143797,"color_id":0},"1":{"ros_timestamp":"1695818993.3741508","wall_type":"left","a":0.9998916984,"b":0.0145062609,"c":0.0024982148,"d":1.324447751,"shortest_distance":0.8344309796,"num_points":1503,"plane_center_x":-1.3200243711,"plane_center_y":-0.5381554961,"plane_center_z":1.0748499632,"color_id":1},"2":{"ros_timestamp":"1695818993.3741508","wall_type":"right","a":0.9998986125,"b":0.0142347114,"c":-0.0002943013,"d":-1.3270992041,"shortest_distance":1.8199283294,"num_points":1081,"plane_center_x":1.3258260489,"plane_center_y":0.1217975989,"plane_center_z":1.1081084013,"color_id":2},"3":{"ros_timestamp":"1695818993.3741508","wall_type":"front","a":0.0124042751,"b":-0.99992311,"c":0.0000146843,"d":2.9276969433,"shortest_distance":2.8608992768,"num_points":350,"plane_center_x":-0.0371624827,"plane_center_y":2.9274795055,"plane_center_z":1.262804389,"color_id":3},"4":{"ros_timestamp":"1695818993.3741508","wall_type":"back","a":0.0114105185,"b":-0.9999348521,"c":-0.0000068776,"d":-2.9277391434,"shortest_distance":2.9940687211,"num_points":389,"plane_center_x":0.0185864866,"plane_center_y":-2.9277262688,"plane_center_z":1.2170855999,"color_id":4}}