{"0":{"ros_timestamp":"1695818994.91659","wall_type":"floor","a":-0.0001746112,"b":0.0000942385,"c":1.0,"d":-0.0010329259,"shortest_distance":0.9990324323,"num_points":1082,"plane_center_x":0.0381447077,"plane_center_y":-0.5418291092,"plane_center_z":0.0010906475,"color_id":0},"1":{"ros_timestamp":"1695818994.91659","wall_type":"left","a":0.9998953342,"b":0.0144386198,"c":0.0008434591,"d":1.3267775774,"shortest_distance":0.8323264979,"num_points":1503,"plane_center_x":-1.3200243711,"plane_center_y":-0.5381554961,"plane_center_z":1.0748499632,"color_id":1},"2":{"ros_timestamp":"1695818994.91659","wall_type":"right","a":0.9998807311,"b":0.0146870315,"c":-0.0047688577,"d":-1.3210748434,"shortest_distance":1.8211220506,"num_points":1135,"plane_center_x":1.3258521557,"plane_center_y":0.1028441712,"plane_center_z":1.0702372789,"color_id":2},"3":{"ros_timestamp":"1695818994.91659","wall_type":"front","a":0.0124042751,"b":-0.99992311,"c":0.0000146843,"d":2.9276969433,"shortest_distance":2.8856054097,"num_points":350,"plane_center_x":-0.0371624827,"plane_center_y":2.9274795055,"plane_center_z":1.262804389,"color_id":3},"4":{"ros_timestamp":"1695818994.91659","wall_type":"back","a":0.0114105185,"b":-0.9999348521,"c":-0.0000068776,"d":-2.9277391434,"shortest_distance":2.9693598936,"num_points":389,"plane_center_x":0.0185864866,"plane_center_y":-2.9277262688,"plane_center_z":1.2170855999,"color_id":4}}