{"0":{"ros_timestamp":"1695818995.0885582","wall_type":"floor","a":-0.0001746112,"b":0.0000942385,"c":1.0,"d":-0.0010329259,"shortest_distance":0.9990320233,"num_points":1082,"plane_center_x":0.0381447077,"plane_center_y":-0.5418291092,"plane_center_z":0.0010906475,"color_id":0},"1":{"ros_timestamp":"1695818995.0885582","wall_type":"left","a":0.9998966455,"b":0.0143533358,"c":0.0008473671,"d":1.3267252445,"shortest_distance":0.8318683397,"num_points":1503,"plane_center_x":-1.3200243711,"plane_center_y":-0.5381554961,"plane_center_z":1.0748499632,"color_id":1},"2":{"ros_timestamp":"1695818995.0885582","wall_type":"right","a":0.9998884201,"b":0.0143782236,"c":-0.0040517822,"d":-1.3216847181,"shortest_distance":1.8214357803,"num_points":1135,"plane_center_x":1.3255015612,"plane_center_y":0.1040640101,"plane_center_z":1.070237875,"color_id":2},"3":{"ros_timestamp":"1695818995.0885582","wall_type":"front","a":0.0124042751,"b":-0.99992311,"c":0.0000146843,"d":2.9276969433,"shortest_distance":2.8905612472,"num_points":350,"plane_center_x":-0.0371624827,"plane_center_y":2.9274795055,"plane_center_z":1.262804389,"color_id":3},"4":{"ros_timestamp":"1695818995.0885582","wall_type":"back","a":0.0114105185,"b":-0.9999348521,"c":-0.0000068776,"d":-2.9277391434,"shortest_distance":2.9644036648,"num_points":389,"plane_center_x":0.0185864866,"plane_center_y":-2.9277262688,"plane_center_z":1.2170855999,"color_id":4}}