{"0":{"ros_timestamp":"1695818995.5937908","wall_type":"floor","a":-0.0002144676,"b":0.0000815816,"c":1.0,"d":-0.0010452132,"shortest_distance":0.9990384154,"num_points":1081,"plane_center_x":0.0463220328,"plane_center_y":-0.5357248783,"plane_center_z":0.0010988531,"color_id":0},"1":{"ros_timestamp":"1695818995.5937908","wall_type":"left","a":0.9998509288,"b":0.0155529324,"c":0.0074896463,"d":1.3173266649,"shortest_distance":0.8284967854,"num_points":1507,"plane_center_x":-1.3198001385,"plane_center_y":-0.5432785153,"plane_center_z":1.0720047951,"color_id":1},"2":{"ros_timestamp":"1695818995.5937908","wall_type":"right","a":0.9998934865,"b":0.0144895371,"c":-0.0017838869,"d":-1.3252644539,"shortest_distance":1.8234111329,"num_points":1148,"plane_center_x":1.3257126808,"plane_center_y":0.124643743,"plane_center_z":1.0720416307,"color_id":2},"3":{"ros_timestamp":"1695818995.5937908","wall_type":"front","a":0.0124042751,"b":-0.99992311,"c":0.0000146843,"d":2.9276969433,"shortest_distance":2.9004835712,"num_points":350,"plane_center_x":-0.0371624827,"plane_center_y":2.9274795055,"plane_center_z":1.262804389,"color_id":3},"4":{"ros_timestamp":"1695818995.5937908","wall_type":"back","a":0.0114105185,"b":-0.9999348521,"c":-0.0000068776,"d":-2.9277391434,"shortest_distance":2.9544807059,"num_points":389,"plane_center_x":0.0185864866,"plane_center_y":-2.9277262688,"plane_center_z":1.2170855999,"color_id":4}}