{"0":{"ros_timestamp":"1695818995.9641516","wall_type":"floor","a":-0.000200152,"b":0.0000841551,"c":1.0,"d":-0.0010516605,"shortest_distance":0.9990245333,"num_points":1085,"plane_center_x":0.0415960513,"plane_center_y":-0.5428493023,"plane_center_z":0.0011056695,"color_id":0},"1":{"ros_timestamp":"1695818995.9641516","wall_type":"left","a":0.9998960495,"b":0.0143927652,"c":0.000828748,"d":1.3267736435,"shortest_distance":0.8309788135,"num_points":1503,"plane_center_x":-1.3200243711,"plane_center_y":-0.5381554961,"plane_center_z":1.0748499632,"color_id":1},"2":{"ros_timestamp":"1695818995.9641516","wall_type":"right","a":0.9998967648,"b":0.0142867314,"c":-0.0015243965,"d":-1.3254122734,"shortest_distance":1.8235622971,"num_points":1148,"plane_center_x":1.3254419565,"plane_center_y":0.1293872595,"plane_center_z":1.0720410347,"color_id":2},"3":{"ros_timestamp":"1695818995.9641516","wall_type":"front","a":0.0124042751,"b":-0.99992311,"c":0.0000146843,"d":2.9276969433,"shortest_distance":2.9054490655,"num_points":350,"plane_center_x":-0.0371624827,"plane_center_y":2.9274795055,"plane_center_z":1.262804389,"color_id":3},"4":{"ros_timestamp":"1695818995.9641516","wall_type":"back","a":0.0114105185,"b":-0.9999348521,"c":-0.0000068776,"d":-2.9277391434,"shortest_distance":2.9495149681,"num_points":389,"plane_center_x":0.0185864866,"plane_center_y":-2.9277262688,"plane_center_z":1.2170855999,"color_id":4}}