{"0":{"ros_timestamp":"1695818883.5433881","wall_type":"floor","a":-0.0013050624,"b":-0.0035347971,"c":0.9999929667,"d":0.0062843747,"shortest_distance":1.0074409591,"num_points":417,"plane_center_x":0.1116642207,"plane_center_y":2.2485971451,"plane_center_z":0.001809701,"color_id":0},"1":{"ros_timestamp":"1695818883.5433881","wall_type":"left","a":0.9999330044,"b":0.01120588,"c":0.0029006086,"d":1.3239606619,"shortest_distance":1.5733723804,"num_points":438,"plane_center_x":-1.3442685604,"plane_center_y":1.5327050686,"plane_center_z":1.0489273071,"color_id":1},"2":{"ros_timestamp":"1695818883.5433881","wall_type":"right","a":0.9998986125,"b":0.0140353143,"c":0.0023936618,"d":-1.3297089338,"shortest_distance":1.0820265326,"num_points":384,"plane_center_x":1.2945224047,"plane_center_y":2.3679924011,"plane_center_z":1.1670200825,"color_id":2},"3":{"ros_timestamp":"1695818883.5433881","wall_type":"front","a":0.0120138722,"b":-0.9999278188,"c":-0.0000007507,"d":2.9278559685,"shortest_distance":3.3598035905,"num_points":154,"plane_center_x":0.4250175059,"plane_center_y":2.9331729412,"plane_center_z":1.19975245,"color_id":3}}