{"0":{"ros_timestamp":"1695818996.2346916","wall_type":"floor","a":-0.0002308995,"b":0.000084763,"c":0.9999999404,"d":-0.0010352442,"shortest_distance":0.9990558415,"num_points":1079,"plane_center_x":0.0487961173,"plane_center_y":-0.5393645167,"plane_center_z":0.0010922295,"color_id":0},"1":{"ros_timestamp":"1695818996.2346916","wall_type":"left","a":0.999843955,"b":0.015326974,"c":0.0087737581,"d":1.3152952194,"shortest_distance":0.8272738782,"num_points":1509,"plane_center_x":-1.3197585344,"plane_center_y":-0.5406660438,"plane_center_z":1.0705902576,"color_id":1},"2":{"ros_timestamp":"1695818996.2346916","wall_type":"right","a":0.9998973012,"b":0.0142784938,"c":-0.0012185511,"d":-1.3258872032,"shortest_distance":1.8239388879,"num_points":1148,"plane_center_x":1.325589776,"plane_center_y":0.1221188381,"plane_center_z":1.07204175,"color_id":2},"3":{"ros_timestamp":"1695818996.2346916","wall_type":"front","a":0.0124042751,"b":-0.99992311,"c":0.0000146843,"d":2.9276969433,"shortest_distance":2.910416786,"num_points":350,"plane_center_x":-0.0371624827,"plane_center_y":2.9274795055,"plane_center_z":1.262804389,"color_id":3},"4":{"ros_timestamp":"1695818996.2346916","wall_type":"back","a":0.0114105185,"b":-0.9999348521,"c":-0.0000068776,"d":-2.9277391434,"shortest_distance":2.9445470535,"num_points":389,"plane_center_x":0.0185864866,"plane_center_y":-2.9277262688,"plane_center_z":1.2170855999,"color_id":4}}