{"0":{"ros_timestamp":"1695818996.5567777","wall_type":"floor","a":-0.0020769183,"b":0.0001117926,"c":0.9999978542,"d":-0.0020579004,"shortest_distance":0.9989485282,"num_points":1120,"plane_center_x":0.0816985071,"plane_center_y":-0.5436576009,"plane_center_z":0.0018143797,"color_id":0},"1":{"ros_timestamp":"1695818996.5567777","wall_type":"left","a":0.9998931289,"b":0.0145661747,"c":0.0011934267,"d":1.3263469934,"shortest_distance":0.8305537376,"num_points":1503,"plane_center_x":-1.3200243711,"plane_center_y":-0.5381554961,"plane_center_z":1.0748499632,"color_id":1},"2":{"ros_timestamp":"1695818996.5567777","wall_type":"right","a":0.9998967052,"b":0.0143712368,"c":-0.0002737624,"d":-1.3272230625,"shortest_distance":1.8244864793,"num_points":1113,"plane_center_x":1.3256858587,"plane_center_y":0.137549147,"plane_center_z":1.1050038338,"color_id":2},"3":{"ros_timestamp":"1695818996.5567777","wall_type":"front","a":0.0124042751,"b":-0.99992311,"c":0.0000146843,"d":2.9276969433,"shortest_distance":2.9153862359,"num_points":350,"plane_center_x":-0.0371624827,"plane_center_y":2.9274795055,"plane_center_z":1.262804389,"color_id":3},"4":{"ros_timestamp":"1695818996.5567777","wall_type":"back","a":0.0114105185,"b":-0.9999348521,"c":-0.0000068776,"d":-2.9277391434,"shortest_distance":2.9395774588,"num_points":389,"plane_center_x":0.0185864866,"plane_center_y":-2.9277262688,"plane_center_z":1.2170855999,"color_id":4}}