{"0":{"ros_timestamp":"1695818997.9228055","wall_type":"floor","a":-0.000200152,"b":0.0000841551,"c":1.0,"d":-0.0010516605,"shortest_distance":0.999021587,"num_points":1085,"plane_center_x":0.0415960513,"plane_center_y":-0.5428493023,"plane_center_z":0.0011056695,"color_id":0},"1":{"ros_timestamp":"1695818997.9228055","wall_type":"left","a":0.9998960495,"b":0.0143927652,"c":0.000828748,"d":1.3267736435,"shortest_distance":0.8305688672,"num_points":1503,"plane_center_x":-1.3200243711,"plane_center_y":-0.5381554961,"plane_center_z":1.0748499632,"color_id":1},"2":{"ros_timestamp":"1695818997.9228055","wall_type":"right","a":0.9998990893,"b":0.0141453529,"c":-0.0013294478,"d":-1.3256237507,"shortest_distance":1.823983533,"num_points":1164,"plane_center_x":1.3251798153,"plane_center_y":0.1446346492,"plane_center_z":1.0710558891,"color_id":2},"3":{"ros_timestamp":"1695818997.9228055","wall_type":"front","a":0.0124042751,"b":-0.99992311,"c":0.0000146843,"d":2.9276969433,"shortest_distance":2.9402420314,"num_points":350,"plane_center_x":-0.0371624827,"plane_center_y":2.9274795055,"plane_center_z":1.262804389,"color_id":3},"4":{"ros_timestamp":"1695818997.9228055","wall_type":"back","a":0.0114105185,"b":-0.9999348521,"c":-0.0000068776,"d":-2.9277391434,"shortest_distance":2.9147216807,"num_points":389,"plane_center_x":0.0185864866,"plane_center_y":-2.9277262688,"plane_center_z":1.2170855999,"color_id":4}}