{"0":{"ros_timestamp":"1695818998.7476892","wall_type":"floor","a":-0.000200152,"b":0.0000841551,"c":1.0,"d":-0.0010516605,"shortest_distance":0.9990201767,"num_points":1085,"plane_center_x":0.0415960513,"plane_center_y":-0.5428493023,"plane_center_z":0.0011056695,"color_id":0},"1":{"ros_timestamp":"1695818998.7476892","wall_type":"left","a":0.9998934269,"b":0.0145432819,"c":0.0012660298,"d":1.3262307644,"shortest_distance":0.8310293533,"num_points":1503,"plane_center_x":-1.3200243711,"plane_center_y":-0.5381554961,"plane_center_z":1.0748499632,"color_id":1},"2":{"ros_timestamp":"1695818998.7476892","wall_type":"right","a":0.9998958111,"b":0.0142934946,"c":-0.0020100547,"d":-1.3246392012,"shortest_distance":1.8231094398,"num_points":1188,"plane_center_x":1.3250845671,"plane_center_y":0.1487604827,"plane_center_z":1.0709738731,"color_id":2},"3":{"ros_timestamp":"1695818998.7476892","wall_type":"front","a":0.0124042751,"b":-0.99992311,"c":0.0000146843,"d":2.9276969433,"shortest_distance":2.9551444498,"num_points":350,"plane_center_x":-0.0371624827,"plane_center_y":2.9274795055,"plane_center_z":1.262804389,"color_id":3},"4":{"ros_timestamp":"1695818998.7476892","wall_type":"back","a":0.0114105185,"b":-0.9999348521,"c":-0.0000068776,"d":-2.9277391434,"shortest_distance":2.8998198655,"num_points":389,"plane_center_x":0.0185864866,"plane_center_y":-2.9277262688,"plane_center_z":1.2170855999,"color_id":4}}