{"0":{"ros_timestamp":"1695818884.0454423","wall_type":"floor","a":0.0004420901,"b":-0.0032240956,"c":0.9999946356,"d":0.0044447309,"shortest_distance":1.0058962502,"num_points":443,"plane_center_x":0.0359782316,"plane_center_y":2.2325959206,"plane_center_z":0.0027374809,"color_id":0},"1":{"ros_timestamp":"1695818884.0454423","wall_type":"left","a":0.9999214411,"b":0.0125318961,"c":0.0001685966,"d":1.3253287077,"shortest_distance":1.5800285475,"num_points":415,"plane_center_x":-1.3445363045,"plane_center_y":1.5093916655,"plane_center_z":1.1060931683,"color_id":1},"2":{"ros_timestamp":"1695818884.0454423","wall_type":"right","a":0.9999053478,"b":0.0137598962,"c":-0.0000000192,"d":-1.3269832134,"shortest_distance":1.0729766587,"num_points":384,"plane_center_x":1.2945224047,"plane_center_y":2.3679924011,"plane_center_z":1.1670200825,"color_id":2},"3":{"ros_timestamp":"1695818884.0454423","wall_type":"front","a":0.012147909,"b":-0.9999262094,"c":-0.0000025875,"d":2.9277582169,"shortest_distance":3.3547287932,"num_points":176,"plane_center_x":0.3838732541,"plane_center_y":2.9326348305,"plane_center_z":1.1997309923,"color_id":3}}