{"0":{"ros_timestamp":"1695818884.1993425","wall_type":"floor","a":0.0004065476,"b":-0.0031038674,"c":0.9999951124,"d":0.0042225835,"shortest_distance":1.0056143031,"num_points":447,"plane_center_x":0.0363263451,"plane_center_y":2.2362167835,"plane_center_z":0.0027035817,"color_id":0},"1":{"ros_timestamp":"1695818884.1993425","wall_type":"left","a":0.9999264479,"b":0.0121259615,"c":0.0002334001,"d":1.3300907612,"shortest_distance":1.5850287351,"num_points":416,"plane_center_x":-1.3487473726,"plane_center_y":1.5090615749,"plane_center_z":1.1078006029,"color_id":1},"2":{"ros_timestamp":"1695818884.1993425","wall_type":"right","a":0.9999053478,"b":0.0137598962,"c":-0.0000000192,"d":-1.3269832134,"shortest_distance":1.0729766587,"num_points":384,"plane_center_x":1.2945224047,"plane_center_y":2.3679924011,"plane_center_z":1.1670200825,"color_id":2},"3":{"ros_timestamp":"1695818884.1993425","wall_type":"front","a":0.0116000501,"b":-0.9999327064,"c":-0.0000014955,"d":2.9280865192,"shortest_distance":3.3549186024,"num_points":176,"plane_center_x":0.3795585632,"plane_center_y":2.9326851368,"plane_center_z":1.1997311115,"color_id":3}}