{"0":{"ros_timestamp":"1695818884.2309225","wall_type":"floor","a":0.0003924679,"b":-0.0030550701,"c":0.9999952316,"d":0.0041194912,"shortest_distance":1.0054870255,"num_points":448,"plane_center_x":0.036770571,"plane_center_y":2.2367396355,"plane_center_z":0.0026994867,"color_id":0},"1":{"ros_timestamp":"1695818884.2309225","wall_type":"left","a":0.9999191761,"b":0.0127068218,"c":0.0001622013,"d":1.3252658844,"shortest_distance":1.5798846908,"num_points":416,"plane_center_x":-1.344725132,"plane_center_y":1.5087089539,"plane_center_z":1.1077923775,"color_id":1},"2":{"ros_timestamp":"1695818884.2309225","wall_type":"right","a":0.9999053478,"b":0.0137598962,"c":-0.0000000192,"d":-1.3269832134,"shortest_distance":1.0729766587,"num_points":384,"plane_center_x":1.2945224047,"plane_center_y":2.3679924011,"plane_center_z":1.1670200825,"color_id":2},"3":{"ros_timestamp":"1695818884.2309225","wall_type":"front","a":0.0121483346,"b":-0.9999262691,"c":0.000000092,"d":2.9277551174,"shortest_distance":3.3547282918,"num_points":176,"plane_center_x":0.3774463832,"plane_center_y":2.9325568676,"plane_center_z":1.1997402906,"color_id":3}}