{"0":{"ros_timestamp":"1695818884.866632","wall_type":"floor","a":0.0004436017,"b":-0.0031986453,"c":0.9999948144,"d":0.0044246344,"shortest_distance":1.0058458852,"num_points":450,"plane_center_x":0.0327954665,"plane_center_y":2.2360422611,"plane_center_z":0.0027131373,"color_id":0},"1":{"ros_timestamp":"1695818884.866632","wall_type":"left","a":0.999923408,"b":0.0123768365,"c":0.0001193469,"d":1.3255652189,"shortest_distance":1.5929764597,"num_points":417,"plane_center_x":-1.3444349766,"plane_center_y":1.5056191683,"plane_center_z":1.1056238413,"color_id":1},"2":{"ros_timestamp":"1695818884.866632","wall_type":"right","a":0.9999053478,"b":0.0137598962,"c":-0.0000000192,"d":-1.3269832134,"shortest_distance":1.0602713802,"num_points":384,"plane_center_x":1.2945224047,"plane_center_y":2.3679924011,"plane_center_z":1.1670200825,"color_id":2},"3":{"ros_timestamp":"1695818884.866632","wall_type":"front","a":0.0121482369,"b":-0.9999262094,"c":0.000007651,"d":2.9277319908,"shortest_distance":3.3468810475,"num_points":197,"plane_center_x":0.3364128172,"plane_center_y":2.9320442677,"plane_center_z":1.205124855,"color_id":3}}