{"0":{"ros_timestamp":"1695818885.6929853","wall_type":"floor","a":-0.0012420013,"b":-0.0036186555,"c":0.999992609,"d":0.0064195707,"shortest_distance":1.0075085335,"num_points":431,"plane_center_x":0.0982027426,"plane_center_y":2.2543611526,"plane_center_z":0.002085238,"color_id":0},"1":{"ros_timestamp":"1695818885.6929853","wall_type":"left","a":0.9999377131,"b":0.0107905157,"c":0.0028483029,"d":1.3274188042,"shortest_distance":1.6106633904,"num_points":457,"plane_center_x":-1.3465213776,"plane_center_y":1.4855892658,"plane_center_z":1.049175024,"color_id":1},"2":{"ros_timestamp":"1695818885.6929853","wall_type":"right","a":0.9999053478,"b":0.0137598962,"c":-0.0000000192,"d":-1.3269832134,"shortest_distance":1.0478061242,"num_points":384,"plane_center_x":1.2945224047,"plane_center_y":2.3679924011,"plane_center_z":1.1670200825,"color_id":2},"3":{"ros_timestamp":"1695818885.6929853","wall_type":"front","a":0.0122174043,"b":-0.999925375,"c":0.0000033317,"d":2.9277009964,"shortest_distance":3.3386560375,"num_points":218,"plane_center_x":0.2880471349,"plane_center_y":2.931442976,"plane_center_z":1.2090095282,"color_id":3}}