{"0":{"ros_timestamp":"1695818885.9971406","wall_type":"floor","a":-0.0012096022,"b":-0.0035515185,"c":0.999992907,"d":0.0062415898,"shortest_distance":1.007282395,"num_points":430,"plane_center_x":0.0984272435,"plane_center_y":2.2530448437,"plane_center_z":0.0019915798,"color_id":0},"1":{"ros_timestamp":"1695818885.9971406","wall_type":"left","a":0.9999365807,"b":0.0108994218,"c":0.002830388,"d":1.3239277601,"shortest_distance":1.6152647362,"num_points":458,"plane_center_x":-1.3431438208,"plane_center_y":1.4822696447,"plane_center_z":1.0510770082,"color_id":1},"2":{"ros_timestamp":"1695818885.9971406","wall_type":"right","a":0.9999053478,"b":0.0137598962,"c":-0.0000000192,"d":-1.3269832134,"shortest_distance":1.0396348484,"num_points":384,"plane_center_x":1.2945224047,"plane_center_y":2.3679924011,"plane_center_z":1.1670200825,"color_id":2},"3":{"ros_timestamp":"1695818885.9971406","wall_type":"front","a":0.012040291,"b":-0.9999274611,"c":0.0000079673,"d":2.9277834892,"shortest_distance":3.3330142922,"num_points":219,"plane_center_x":0.2813357413,"plane_center_y":2.9313931465,"plane_center_z":1.2039555311,"color_id":3}}