{"0":{"ros_timestamp":"1695818886.2185457","wall_type":"floor","a":-0.001208183,"b":-0.0035479197,"c":0.999992907,"d":0.0062321592,"shortest_distance":1.0072719489,"num_points":430,"plane_center_x":0.0983752683,"plane_center_y":2.2527880669,"plane_center_z":0.0019917907,"color_id":0},"1":{"ros_timestamp":"1695818886.2185457","wall_type":"left","a":0.9999315143,"b":0.0115401456,"c":0.0019603246,"d":1.328263998,"shortest_distance":1.6184719908,"num_points":459,"plane_center_x":-1.3470840454,"plane_center_y":1.4805417061,"plane_center_z":1.0489740372,"color_id":1},"2":{"ros_timestamp":"1695818886.2185457","wall_type":"right","a":0.9999053478,"b":0.0137598962,"c":-0.0000000192,"d":-1.3269832134,"shortest_distance":1.0396348484,"num_points":384,"plane_center_x":1.2945224047,"plane_center_y":2.3679924011,"plane_center_z":1.1670200825,"color_id":2},"3":{"ros_timestamp":"1695818886.2185457","wall_type":"front","a":0.0123023419,"b":-0.9999243021,"c":-0.000001069,"d":2.9276616573,"shortest_distance":3.3329588086,"num_points":219,"plane_center_x":0.2809998393,"plane_center_y":2.9313392639,"plane_center_z":1.2039400339,"color_id":3}}