{"0":{"ros_timestamp":"1695818886.46837","wall_type":"floor","a":-0.0010409051,"b":-0.0043440317,"c":0.9999899864,"d":0.0079119233,"shortest_distance":1.009300597,"num_points":430,"plane_center_x":0.0986213833,"plane_center_y":2.2526731491,"plane_center_z":0.001976436,"color_id":0},"1":{"ros_timestamp":"1695818886.46837","wall_type":"left","a":0.9999361038,"b":0.0109335678,"c":0.0028457851,"d":1.3271497488,"shortest_distance":1.6225228904,"num_points":459,"plane_center_x":-1.3463464975,"plane_center_y":1.4841262102,"plane_center_z":1.0489569902,"color_id":1},"2":{"ros_timestamp":"1695818886.46837","wall_type":"right","a":0.9999053478,"b":0.0137598962,"c":-0.0000000192,"d":-1.3269832134,"shortest_distance":1.0355921088,"num_points":384,"plane_center_x":1.2945224047,"plane_center_y":2.3679924011,"plane_center_z":1.1670200825,"color_id":2},"3":{"ros_timestamp":"1695818886.46837","wall_type":"front","a":0.0126240095,"b":-0.9999203682,"c":-0.0000097382,"d":2.9275197983,"shortest_distance":3.3300023544,"num_points":239,"plane_center_x":0.2384110391,"plane_center_y":2.9307510853,"plane_center_z":1.211733222,"color_id":3}}