{"0":{"ros_timestamp":"1695818886.7865121","wall_type":"floor","a":0.0003538863,"b":-0.0021517605,"c":0.9999976158,"d":0.0020444917,"shortest_distance":1.0029756358,"num_points":454,"plane_center_x":0.0228264686,"plane_center_y":2.2311377525,"plane_center_z":0.0028545773,"color_id":0},"1":{"ros_timestamp":"1695818886.7865121","wall_type":"left","a":0.9999238253,"b":0.012341111,"c":0.0001387349,"d":1.3287160397,"shortest_distance":1.6248265892,"num_points":435,"plane_center_x":-1.3470078707,"plane_center_y":1.4614392519,"plane_center_z":1.1057983637,"color_id":1},"2":{"ros_timestamp":"1695818886.7865121","wall_type":"right","a":0.9999053478,"b":0.0137598962,"c":-0.0000000192,"d":-1.3269832134,"shortest_distance":1.0315785081,"num_points":384,"plane_center_x":1.2945224047,"plane_center_y":2.3679924011,"plane_center_z":1.1670200825,"color_id":2},"3":{"ros_timestamp":"1695818886.7865121","wall_type":"front","a":0.0123860743,"b":-0.9999233484,"c":-0.0000019737,"d":2.9276235104,"shortest_distance":3.3271048445,"num_points":239,"plane_center_x":0.2367374301,"plane_center_y":2.9307780266,"plane_center_z":1.211790204,"color_id":3}}