{"0":{"ros_timestamp":"1695818887.1869266","wall_type":"floor","a":-0.0012111035,"b":-0.0035400838,"c":0.9999930263,"d":0.0062156897,"shortest_distance":1.0071897247,"num_points":430,"plane_center_x":0.0982120931,"plane_center_y":2.2529010773,"plane_center_z":0.0019911113,"color_id":0},"1":{"ros_timestamp":"1695818887.1869266","wall_type":"left","a":0.9999266863,"b":0.0117005054,"c":0.0031120763,"d":1.3226521015,"shortest_distance":1.6299161303,"num_points":460,"plane_center_x":-1.3434710503,"plane_center_y":1.4811512232,"plane_center_z":1.0504215956,"color_id":1},"2":{"ros_timestamp":"1695818887.1869266","wall_type":"right","a":0.9999053478,"b":0.0137598962,"c":-0.0000000192,"d":-1.3269832134,"shortest_distance":1.0236403257,"num_points":384,"plane_center_x":1.2945224047,"plane_center_y":2.3679924011,"plane_center_z":1.1670200825,"color_id":2},"3":{"ros_timestamp":"1695818887.1869266","wall_type":"front","a":0.0119955819,"b":-0.9999279976,"c":0.0000137297,"d":2.9277908802,"shortest_distance":3.3211709647,"num_points":239,"plane_center_x":0.2309782654,"plane_center_y":2.9307892323,"plane_center_z":1.2119841576,"color_id":3}}