{"0":{"ros_timestamp":"1695818887.3164935","wall_type":"floor","a":-0.0012081821,"b":-0.0035771201,"c":0.9999927878,"d":0.0063012843,"shortest_distance":1.0072747238,"num_points":430,"plane_center_x":0.09795212,"plane_center_y":2.2526614666,"plane_center_z":0.0019874466,"color_id":0},"1":{"ros_timestamp":"1695818887.3164935","wall_type":"left","a":0.9999271631,"b":0.0117583154,"c":0.0027248806,"d":1.3233032227,"shortest_distance":1.634075298,"num_points":462,"plane_center_x":-1.3435901403,"plane_center_y":1.4735814333,"plane_center_z":1.0504161119,"color_id":1},"2":{"ros_timestamp":"1695818887.3164935","wall_type":"right","a":0.9997881055,"b":0.0204276927,"c":-0.0025458981,"d":-1.3393380642,"shortest_distance":1.0372315258,"num_points":384,"plane_center_x":1.2945224047,"plane_center_y":2.3679924011,"plane_center_z":1.1670200825,"color_id":2},"3":{"ros_timestamp":"1695818887.3164935","wall_type":"front","a":0.0120916525,"b":-0.9999269247,"c":0.0000069922,"d":2.9277572632,"shortest_distance":3.3180999577,"num_points":257,"plane_center_x":0.195568651,"plane_center_y":2.9303445816,"plane_center_z":1.2251085043,"color_id":3}}