{"0":{"ros_timestamp":"1695818887.4865437","wall_type":"floor","a":-0.0012086205,"b":-0.0035735916,"c":0.9999928474,"d":0.0062932181,"shortest_distance":1.0072492743,"num_points":430,"plane_center_x":0.0979442075,"plane_center_y":2.2527039051,"plane_center_z":0.0019877548,"color_id":0},"1":{"ros_timestamp":"1695818887.4865437","wall_type":"left","a":0.9999226928,"b":0.0121139567,"c":0.0027914653,"d":1.3264445066,"shortest_distance":1.6410323012,"num_points":477,"plane_center_x":-1.3467732668,"plane_center_y":1.4366388321,"plane_center_z":1.0471367836,"color_id":1},"2":{"ros_timestamp":"1695818887.4865437","wall_type":"right","a":0.9999053478,"b":0.0137598962,"c":-0.0000000192,"d":-1.3269832134,"shortest_distance":1.0158234765,"num_points":384,"plane_center_x":1.2945224047,"plane_center_y":2.3679924011,"plane_center_z":1.1670200825,"color_id":2},"3":{"ros_timestamp":"1695818887.4865437","wall_type":"front","a":0.0125605827,"b":-0.9999210238,"c":-0.000014098,"d":2.927567482,"shortest_distance":3.3149369746,"num_points":258,"plane_center_x":0.1923497766,"plane_center_y":2.9301977158,"plane_center_z":1.2218530178,"color_id":3}}