{"0":{"ros_timestamp":"1695818887.6830316","wall_type":"floor","a":-0.0012092878,"b":-0.0035751478,"c":0.999992907,"d":0.006297464,"shortest_distance":1.0072538989,"num_points":430,"plane_center_x":0.0978096202,"plane_center_y":2.2527449131,"plane_center_z":0.0019870624,"color_id":0},"1":{"ros_timestamp":"1695818887.6830316","wall_type":"left","a":0.9999288917,"b":0.0115968101,"c":0.0027822282,"d":1.3219510317,"shortest_distance":1.6367297767,"num_points":477,"plane_center_x":-1.3415395021,"plane_center_y":1.437445879,"plane_center_z":1.0471100807,"color_id":1},"2":{"ros_timestamp":"1695818887.6830316","wall_type":"right","a":0.9999053478,"b":0.0137598962,"c":-0.0000000192,"d":-1.3269832134,"shortest_distance":1.0158234765,"num_points":384,"plane_center_x":1.2945224047,"plane_center_y":2.3679924011,"plane_center_z":1.1670200825,"color_id":2},"3":{"ros_timestamp":"1695818887.6830316","wall_type":"front","a":0.0117190992,"b":-0.9999312758,"c":0.0000423286,"d":2.9278814793,"shortest_distance":3.3150449063,"num_points":258,"plane_center_x":0.1912214607,"plane_center_y":2.930375576,"plane_center_z":1.2218824625,"color_id":3}}