{"0":{"ros_timestamp":"1695818887.8029673","wall_type":"floor","a":0.000337743,"b":-0.002267187,"c":0.9999973774,"d":0.0023234733,"shortest_distance":1.0032665344,"num_points":454,"plane_center_x":0.0221068561,"plane_center_y":2.2306001186,"plane_center_z":0.0028323908,"color_id":0},"1":{"ros_timestamp":"1695818887.8029673","wall_type":"left","a":0.9999110103,"b":0.0133393826,"c":0.0001693772,"d":1.3277041912,"shortest_distance":1.6430569652,"num_points":453,"plane_center_x":-1.3469203711,"plane_center_y":1.4175932407,"plane_center_z":1.1016318798,"color_id":1},"2":{"ros_timestamp":"1695818887.8029673","wall_type":"right","a":0.9999053478,"b":0.0137598962,"c":-0.0000000192,"d":-1.3269832134,"shortest_distance":1.0119615308,"num_points":384,"plane_center_x":1.2945224047,"plane_center_y":2.3679924011,"plane_center_z":1.1670200825,"color_id":2},"3":{"ros_timestamp":"1695818887.8029673","wall_type":"front","a":0.0124308299,"b":-0.9999227524,"c":-0.0000068736,"d":2.9276194572,"shortest_distance":3.3118193564,"num_points":258,"plane_center_x":0.1889367402,"plane_center_y":2.9301860332,"plane_center_z":1.2218871117,"color_id":3}}