{"0":{"ros_timestamp":"1695818888.1289566","wall_type":"floor","a":-0.0012291794,"b":-0.0036132294,"c":0.9999926686,"d":0.0063992217,"shortest_distance":1.0073313103,"num_points":430,"plane_center_x":0.0976335332,"plane_center_y":2.2526807785,"plane_center_z":0.0019725666,"color_id":0},"1":{"ros_timestamp":"1695818888.1289566","wall_type":"left","a":0.9999217391,"b":0.0121821016,"c":0.0028423434,"d":1.3266811371,"shortest_distance":1.6489757563,"num_points":477,"plane_center_x":-1.3471750021,"plane_center_y":1.4377504587,"plane_center_z":1.0471282005,"color_id":1},"2":{"ros_timestamp":"1695818888.1289566","wall_type":"right","a":0.9999053478,"b":0.0137598962,"c":-0.0000000192,"d":-1.3269832134,"shortest_distance":1.008131087,"num_points":384,"plane_center_x":1.2945224047,"plane_center_y":2.3679924011,"plane_center_z":1.1670200825,"color_id":2},"3":{"ros_timestamp":"1695818888.1289566","wall_type":"front","a":0.0130305057,"b":-0.9999150634,"c":-0.000034247,"d":2.9274048805,"shortest_distance":3.3085945386,"num_points":277,"plane_center_x":0.1471849233,"plane_center_y":2.9295294285,"plane_center_z":1.230935216,"color_id":3}}