{"0":{"ros_timestamp":"1695818888.3166118","wall_type":"floor","a":-0.0012121884,"b":-0.0036223412,"c":0.9999926686,"d":0.0064109042,"shortest_distance":1.0073355646,"num_points":430,"plane_center_x":0.097627297,"plane_center_y":2.2526366711,"plane_center_z":0.0019795503,"color_id":0},"1":{"ros_timestamp":"1695818888.3166118","wall_type":"left","a":0.9999303818,"b":0.0114978636,"c":0.0026608289,"d":1.3219912052,"shortest_distance":1.6481563074,"num_points":477,"plane_center_x":-1.341375947,"plane_center_y":1.4355078936,"plane_center_z":1.0471067429,"color_id":1},"2":{"ros_timestamp":"1695818888.3166118","wall_type":"right","a":0.9999053478,"b":0.0137598962,"c":-0.0000000192,"d":-1.3269832134,"shortest_distance":1.0043325281,"num_points":384,"plane_center_x":1.2945224047,"plane_center_y":2.3679924011,"plane_center_z":1.1670200825,"color_id":2},"3":{"ros_timestamp":"1695818888.3166118","wall_type":"front","a":0.0117936414,"b":-0.9999303818,"c":0.000029421,"d":2.9278495312,"shortest_distance":3.3054929114,"num_points":277,"plane_center_x":0.1471949965,"plane_center_y":2.9298257828,"plane_center_z":1.2309482098,"color_id":3}}