{"0":{"ros_timestamp":"1695818873.221209","wall_type":"floor","a":0.0018897152,"b":-0.0004594746,"c":0.9999980927,"d":-0.0001304785,"shortest_distance":1.0001732287,"num_points":251,"plane_center_x":-0.0344557613,"plane_center_y":2.1418385506,"plane_center_z":0.0011797127,"color_id":0},"1":{"ros_timestamp":"1695818873.221209","wall_type":"left","a":0.9999536872,"b":0.0096263252,"c":0.0002266828,"d":1.3311611414,"shortest_distance":1.381206524,"num_points":230,"plane_center_x":-1.3502025604,"plane_center_y":1.9451636076,"plane_center_z":1.1204611063,"color_id":1},"2":{"ros_timestamp":"1695818873.221209","wall_type":"right","a":0.9999157786,"b":0.0126773138,"c":-0.0027636078,"d":-1.3205627203,"shortest_distance":1.2750172974,"num_points":309,"plane_center_x":1.2956258059,"plane_center_y":2.2779755592,"plane_center_z":1.1173813343,"color_id":2}}