{"0":{"ros_timestamp":"1695818888.9215343","wall_type":"floor","a":-0.001005367,"b":-0.0043698312,"c":0.9999899268,"d":0.0079520922,"shortest_distance":1.0091847632,"num_points":430,"plane_center_x":0.0973374248,"plane_center_y":2.2527477741,"plane_center_z":0.001989915,"color_id":0},"1":{"ros_timestamp":"1695818888.9215343","wall_type":"left","a":0.9999203682,"b":0.0123219891,"c":0.0027451031,"d":1.32619524,"shortest_distance":1.6596237686,"num_points":477,"plane_center_x":-1.3467998505,"plane_center_y":1.4384801388,"plane_center_z":1.0471380949,"color_id":1},"2":{"ros_timestamp":"1695818888.9215343","wall_type":"right","a":0.9999053478,"b":0.0137598962,"c":-0.0000000192,"d":-1.3269832134,"shortest_distance":0.9968325814,"num_points":384,"plane_center_x":1.2945224047,"plane_center_y":2.3679924011,"plane_center_z":1.1670200825,"color_id":2},"3":{"ros_timestamp":"1695818888.9215343","wall_type":"front","a":0.0128181949,"b":-0.9999178052,"c":-0.0000255798,"d":2.9275181293,"shortest_distance":3.2989022854,"num_points":295,"plane_center_x":0.1046499163,"plane_center_y":2.9290685654,"plane_center_z":1.2413841486,"color_id":3}}