{"0":{"ros_timestamp":"1695818889.0379016","wall_type":"floor","a":-0.000994973,"b":-0.0043231589,"c":0.9999901652,"d":0.0078351488,"shortest_distance":1.0090361739,"num_points":430,"plane_center_x":0.0971940756,"plane_center_y":2.2526538372,"plane_center_z":0.0020001563,"color_id":0},"1":{"ros_timestamp":"1695818889.0379016","wall_type":"left","a":0.9999299049,"b":0.0114666391,"c":0.0029507959,"d":1.3230092525,"shortest_distance":1.6606537856,"num_points":477,"plane_center_x":-1.3427939415,"plane_center_y":1.4370783567,"plane_center_z":1.0471423864,"color_id":1},"2":{"ros_timestamp":"1695818889.0379016","wall_type":"right","a":0.9999053478,"b":0.0137598962,"c":-0.0000000192,"d":-1.3269832134,"shortest_distance":0.9931319436,"num_points":384,"plane_center_x":1.2945224047,"plane_center_y":2.3679924011,"plane_center_z":1.1670200825,"color_id":2},"3":{"ros_timestamp":"1695818889.0379016","wall_type":"front","a":0.0119516104,"b":-0.9999285936,"c":0.000014359,"d":2.9278109074,"shortest_distance":3.2956215485,"num_points":295,"plane_center_x":0.1047042683,"plane_center_y":2.9292891026,"plane_center_z":1.2413944006,"color_id":3}}