{"0":{"ros_timestamp":"1695818889.215252","wall_type":"floor","a":-0.0010209223,"b":-0.0043462962,"c":0.999990046,"d":0.0079046143,"shortest_distance":1.0090866312,"num_points":430,"plane_center_x":0.0972766578,"plane_center_y":2.2524499893,"plane_center_z":0.0019845327,"color_id":0},"1":{"ros_timestamp":"1695818889.215252","wall_type":"left","a":0.9999282956,"b":0.0116168065,"c":0.00291255,"d":1.3261522055,"shortest_distance":1.6673633362,"num_points":477,"plane_center_x":-1.3459988832,"plane_center_y":1.437597394,"plane_center_z":1.0471485853,"color_id":1},"2":{"ros_timestamp":"1695818889.215252","wall_type":"right","a":0.9999053478,"b":0.0137598962,"c":-0.0000000192,"d":-1.3269832134,"shortest_distance":0.9894646906,"num_points":384,"plane_center_x":1.2945224047,"plane_center_y":2.3679924011,"plane_center_z":1.1670200825,"color_id":2},"3":{"ros_timestamp":"1695818889.215252","wall_type":"front","a":0.0123840459,"b":-0.9999233484,"c":-0.0000079908,"d":2.9276666641,"shortest_distance":3.29223762,"num_points":295,"plane_center_x":0.1029623896,"plane_center_y":2.9291565418,"plane_center_z":1.2414021492,"color_id":3}}