{"0":{"ros_timestamp":"1695818889.4483743","wall_type":"floor","a":-0.001015901,"b":-0.004371969,"c":0.9999899268,"d":0.0079623191,"shortest_distance":1.00915518,"num_points":430,"plane_center_x":0.0972917527,"plane_center_y":2.25284338,"plane_center_z":0.0019859006,"color_id":0},"1":{"ros_timestamp":"1695818889.4483743","wall_type":"left","a":0.9999266267,"b":0.0117173716,"c":0.003094384,"d":1.3260990381,"shortest_distance":1.6674591324,"num_points":491,"plane_center_x":-1.3458939791,"plane_center_y":1.4047728777,"plane_center_z":1.0457395315,"color_id":1},"2":{"ros_timestamp":"1695818889.4483743","wall_type":"right","a":0.9999053478,"b":0.0137598962,"c":-0.0000000192,"d":-1.3269832134,"shortest_distance":0.9894606527,"num_points":384,"plane_center_x":1.2945224047,"plane_center_y":2.3679924011,"plane_center_z":1.1670200825,"color_id":2},"3":{"ros_timestamp":"1695818889.4483743","wall_type":"front","a":0.0123059787,"b":-0.9999242425,"c":0.0000053278,"d":2.9276850224,"shortest_distance":3.2922393324,"num_points":295,"plane_center_x":0.1029525399,"plane_center_y":2.9291806221,"plane_center_z":1.2413984537,"color_id":3}}