{"0":{"ros_timestamp":"1695818889.5939918","wall_type":"floor","a":0.0003525785,"b":-0.0022130944,"c":0.9999974966,"d":0.0021839726,"shortest_distance":1.0030687952,"num_points":454,"plane_center_x":0.0220672134,"plane_center_y":2.2312858105,"plane_center_z":0.0028524774,"color_id":0},"1":{"ros_timestamp":"1695818889.5939918","wall_type":"left","a":0.9999229312,"b":0.0124127371,"c":0.0001008229,"d":1.325351119,"shortest_distance":1.6670909176,"num_points":467,"plane_center_x":-1.3427295685,"plane_center_y":1.3827912807,"plane_center_z":1.0985178947,"color_id":1},"2":{"ros_timestamp":"1695818889.5939918","wall_type":"right","a":0.9999053478,"b":0.0137598962,"c":-0.0000000192,"d":-1.3269832134,"shortest_distance":0.9858311892,"num_points":384,"plane_center_x":1.2945224047,"plane_center_y":2.3679924011,"plane_center_z":1.1670200825,"color_id":2},"3":{"ros_timestamp":"1695818889.5939918","wall_type":"front","a":0.0118336938,"b":-0.9999299645,"c":0.0000315225,"d":2.9278347492,"shortest_distance":3.2888588849,"num_points":295,"plane_center_x":0.103219524,"plane_center_y":2.9293003082,"plane_center_z":1.2414019108,"color_id":3}}