{"0":{"ros_timestamp":"1695818889.7739382","wall_type":"floor","a":-0.0010292551,"b":-0.0043821153,"c":0.9999898672,"d":0.0079943901,"shortest_distance":1.0091486169,"num_points":430,"plane_center_x":0.0975579843,"plane_center_y":2.2531378269,"plane_center_z":0.001979551,"color_id":0},"1":{"ros_timestamp":"1695818889.7739382","wall_type":"left","a":0.999930501,"b":0.0114897359,"c":0.0026589839,"d":1.3234144449,"shortest_distance":1.6716358656,"num_points":491,"plane_center_x":-1.3423985243,"plane_center_y":1.4021295309,"plane_center_z":1.0457550287,"color_id":1},"2":{"ros_timestamp":"1695818889.7739382","wall_type":"right","a":0.9999053478,"b":0.0137598962,"c":-0.0000000192,"d":-1.3269832134,"shortest_distance":0.9822318026,"num_points":384,"plane_center_x":1.2945224047,"plane_center_y":2.3679924011,"plane_center_z":1.1670200825,"color_id":2},"3":{"ros_timestamp":"1695818889.7739382","wall_type":"front","a":0.0117490496,"b":-0.9999309778,"c":0.0000301981,"d":2.9278681278,"shortest_distance":3.285425179,"num_points":295,"plane_center_x":0.1022245586,"plane_center_y":2.9293088913,"plane_center_z":1.2413753271,"color_id":3}}