{"0":{"ros_timestamp":"1695818889.9520814","wall_type":"floor","a":0.0004666578,"b":-0.0020851213,"c":0.999997735,"d":0.0018229734,"shortest_distance":1.002690548,"num_points":454,"plane_center_x":0.0214819852,"plane_center_y":2.2311646938,"plane_center_z":0.0029254695,"color_id":0},"1":{"ros_timestamp":"1695818889.9520814","wall_type":"left","a":0.9999055862,"b":0.0137433391,"c":0.0001320817,"d":1.3272060156,"shortest_distance":1.675660229,"num_points":467,"plane_center_x":-1.3464376926,"plane_center_y":1.3795456886,"plane_center_z":1.0985181332,"color_id":1},"2":{"ros_timestamp":"1695818889.9520814","wall_type":"right","a":0.9999053478,"b":0.0137598962,"c":-0.0000000192,"d":-1.3269832134,"shortest_distance":0.978666891,"num_points":384,"plane_center_x":1.2945224047,"plane_center_y":2.3679924011,"plane_center_z":1.1670200825,"color_id":2},"3":{"ros_timestamp":"1695818889.9520814","wall_type":"front","a":0.0120655401,"b":-0.9999272227,"c":0.0000159962,"d":2.9277675152,"shortest_distance":3.2819482505,"num_points":295,"plane_center_x":0.1010991707,"plane_center_y":2.929220438,"plane_center_z":1.2413717508,"color_id":3}}