{"0":{"ros_timestamp":"1695818890.150662","wall_type":"floor","a":-0.0010409956,"b":-0.0044463039,"c":0.9999895096,"d":0.0081534367,"shortest_distance":1.0093066648,"num_points":430,"plane_center_x":0.0967481211,"plane_center_y":2.2527415752,"plane_center_z":0.0019636715,"color_id":0},"1":{"ros_timestamp":"1695818890.150662","wall_type":"left","a":0.9999145865,"b":0.0128581701,"c":0.0023267798,"d":1.3260149956,"shortest_distance":1.6769769049,"num_points":491,"plane_center_x":-1.3464858532,"plane_center_y":1.4017375708,"plane_center_z":1.0458663702,"color_id":1},"2":{"ros_timestamp":"1695818890.150662","wall_type":"right","a":0.9999053478,"b":0.0137598962,"c":-0.0000000192,"d":-1.3269832134,"shortest_distance":0.978666891,"num_points":384,"plane_center_x":1.2945224047,"plane_center_y":2.3679924011,"plane_center_z":1.1670200825,"color_id":2},"3":{"ros_timestamp":"1695818890.150662","wall_type":"front","a":0.0121782795,"b":-0.9999258518,"c":0.0000122304,"d":2.9277331829,"shortest_distance":3.2819495024,"num_points":295,"plane_center_x":0.09962596,"plane_center_y":2.9291789532,"plane_center_z":1.2413812876,"color_id":3}}