{"0":{"ros_timestamp":"1695818890.3782942","wall_type":"floor","a":-0.000835439,"b":-0.0043733935,"c":0.999990046,"d":0.0078596231,"shortest_distance":1.0090420169,"num_points":430,"plane_center_x":0.0968613327,"plane_center_y":2.2527217865,"plane_center_z":0.0020733583,"color_id":0},"1":{"ros_timestamp":"1695818890.3782942","wall_type":"left","a":0.9999325275,"b":0.0112635447,"c":0.0028449886,"d":1.3216048479,"shortest_distance":1.6771705316,"num_points":491,"plane_center_x":-1.3406937122,"plane_center_y":1.4023370743,"plane_center_z":1.045793891,"color_id":1},"2":{"ros_timestamp":"1695818890.3782942","wall_type":"right","a":0.9999053478,"b":0.0137598962,"c":-0.0000000192,"d":-1.3269832134,"shortest_distance":0.9751368107,"num_points":384,"plane_center_x":1.2945224047,"plane_center_y":2.3679924011,"plane_center_z":1.1670200825,"color_id":2},"3":{"ros_timestamp":"1695818890.3782942","wall_type":"front","a":0.0114777926,"b":-0.9999341369,"c":0.0000350657,"d":2.9279611111,"shortest_distance":3.2784468882,"num_points":295,"plane_center_x":0.0988337547,"plane_center_y":2.9293320179,"plane_center_z":1.2413921356,"color_id":3}}