{"0":{"ros_timestamp":"1695818890.4882443","wall_type":"floor","a":-0.0010315129,"b":-0.0035733429,"c":0.9999930859,"d":0.0061879656,"shortest_distance":1.007009944,"num_points":430,"plane_center_x":0.0965889394,"plane_center_y":2.2526776791,"plane_center_z":0.0020733713,"color_id":0},"1":{"ros_timestamp":"1695818890.4882443","wall_type":"left","a":0.9999157786,"b":0.0126584331,"c":0.0028562972,"d":1.325034976,"shortest_distance":1.6836138701,"num_points":495,"plane_center_x":-1.3456885815,"plane_center_y":1.3945088387,"plane_center_z":1.0453132391,"color_id":1},"2":{"ros_timestamp":"1695818890.4882443","wall_type":"right","a":0.9999053478,"b":0.0137598962,"c":-0.0000000192,"d":-1.3269832134,"shortest_distance":0.9716419147,"num_points":384,"plane_center_x":1.2945224047,"plane_center_y":2.3679924011,"plane_center_z":1.1670200825,"color_id":2},"3":{"ros_timestamp":"1695818890.4882443","wall_type":"front","a":0.0123748183,"b":-0.9999234676,"c":0.0000085834,"d":2.9276771545,"shortest_distance":3.2749117741,"num_points":313,"plane_center_x":0.0579241365,"plane_center_y":2.9286289215,"plane_center_z":1.2506400347,"color_id":3}}