{"0":{"ros_timestamp":"1695818891.39618","wall_type":"floor","a":-0.0011464052,"b":-0.0035521567,"c":0.9999930859,"d":0.0062048472,"shortest_distance":1.006927624,"num_points":430,"plane_center_x":0.0967865884,"plane_center_y":2.252805233,"plane_center_z":0.0020207206,"color_id":0},"1":{"ros_timestamp":"1695818891.39618","wall_type":"left","a":0.9999338984,"b":0.0112575935,"c":0.0023461287,"d":1.3239501715,"shortest_distance":1.6927485495,"num_points":511,"plane_center_x":-1.3417429924,"plane_center_y":1.3550707102,"plane_center_z":1.0439552069,"color_id":1},"2":{"ros_timestamp":"1695818891.39618","wall_type":"right","a":0.9999053478,"b":0.0137598962,"c":-0.0000000192,"d":-1.3269832134,"shortest_distance":0.9613718099,"num_points":384,"plane_center_x":1.2945224047,"plane_center_y":2.3679924011,"plane_center_z":1.1670200825,"color_id":2},"3":{"ros_timestamp":"1695818891.39618","wall_type":"front","a":0.0114110429,"b":-0.9999348521,"c":0.0000370556,"d":2.9279806614,"shortest_distance":3.2640616652,"num_points":313,"plane_center_x":0.0541053638,"plane_center_y":2.9288351536,"plane_center_z":1.2506363392,"color_id":3}}