{"0":{"ros_timestamp":"1695818892.207971","wall_type":"floor","a":-0.0012172194,"b":-0.00364056,"c":0.9999926686,"d":0.0064565875,"shortest_distance":1.0071291981,"num_points":430,"plane_center_x":0.0961471722,"plane_center_y":2.2528002262,"plane_center_z":0.0019741745,"color_id":0},"1":{"ros_timestamp":"1695818892.207971","wall_type":"left","a":0.9999343157,"b":0.0112980325,"c":0.001949931,"d":1.3240228891,"shortest_distance":1.7023254334,"num_points":513,"plane_center_x":-1.3414151669,"plane_center_y":1.3514752388,"plane_center_z":1.0437105894,"color_id":1},"2":{"ros_timestamp":"1695818892.207971","wall_type":"right","a":0.9999053478,"b":0.0137598962,"c":-0.0000000192,"d":-1.3269832134,"shortest_distance":0.9514307308,"num_points":384,"plane_center_x":1.2945224047,"plane_center_y":2.3679924011,"plane_center_z":1.1670200825,"color_id":2},"3":{"ros_timestamp":"1695818892.207971","wall_type":"front","a":0.0118445037,"b":-0.9999298453,"c":0.0000237315,"d":2.9278466702,"shortest_distance":3.2529357384,"num_points":343,"plane_center_x":-0.0203760955,"plane_center_y":2.9278409481,"plane_center_z":1.2671370506,"color_id":3}}