{"0":{"ros_timestamp":"1695818892.3886683","wall_type":"floor","a":0.0004901306,"b":-0.0023084979,"c":0.9999972582,"d":0.0023337111,"shortest_distance":1.0032254084,"num_points":454,"plane_center_x":0.0201165918,"plane_center_y":2.2314171791,"plane_center_z":0.0029135558,"color_id":0},"1":{"ros_timestamp":"1695818892.3886683","wall_type":"left","a":0.999902606,"b":0.0139569687,"c":0.0001767547,"d":1.3267866373,"shortest_distance":1.7056913723,"num_points":489,"plane_center_x":-1.3456429243,"plane_center_y":1.3277935982,"plane_center_z":1.0939301252,"color_id":1},"2":{"ros_timestamp":"1695818892.3886683","wall_type":"right","a":0.9999053478,"b":0.0137598962,"c":-0.0000000192,"d":-1.3269832134,"shortest_distance":0.9481917095,"num_points":384,"plane_center_x":1.2945224047,"plane_center_y":2.3679924011,"plane_center_z":1.1670200825,"color_id":2},"3":{"ros_timestamp":"1695818892.3886683","wall_type":"front","a":0.012513712,"b":-0.9999216795,"c":0.0000407284,"d":2.9276294708,"shortest_distance":3.2492114782,"num_points":349,"plane_center_x":-0.0348482691,"plane_center_y":2.9274742603,"plane_center_z":1.2662662268,"color_id":3}}