{"0":{"ros_timestamp":"1695818873.6038451","wall_type":"floor","a":0.0017431701,"b":0.0001467745,"c":0.9999985099,"d":-0.0015246444,"shortest_distance":0.9984805328,"num_points":259,"plane_center_x":-0.0280617811,"plane_center_y":2.1482548714,"plane_center_z":0.0012582538,"color_id":0},"1":{"ros_timestamp":"1695818873.6038451","wall_type":"left","a":0.9999531507,"b":0.009678225,"c":0.0003682362,"d":1.3364080191,"shortest_distance":1.391513373,"num_points":230,"plane_center_x":-1.3555904627,"plane_center_y":1.9328263998,"plane_center_z":1.1204824448,"color_id":1},"2":{"ros_timestamp":"1695818873.6038451","wall_type":"right","a":0.9998988509,"b":0.0142169921,"c":0.0003412709,"d":-1.3286212683,"shortest_distance":1.275786368,"num_points":352,"plane_center_x":1.295107007,"plane_center_y":2.3091549873,"plane_center_z":1.124314189,"color_id":2}}