{"0":{"ros_timestamp":"1695818893.2980456","wall_type":"floor","a":-0.0009691605,"b":-0.0044922354,"c":0.9999893904,"d":0.008220328,"shortest_distance":1.0091754999,"num_points":430,"plane_center_x":0.0951962024,"plane_center_y":2.2555522919,"plane_center_z":0.0020044255,"color_id":0},"1":{"ros_timestamp":"1695818893.2980456","wall_type":"left","a":0.9999423623,"b":0.0105209555,"c":0.0021382747,"d":1.3232498169,"shortest_distance":1.7146709074,"num_points":529,"plane_center_x":-1.3393907547,"plane_center_y":1.3157382011,"plane_center_z":1.038643837,"color_id":1},"2":{"ros_timestamp":"1695818893.2980456","wall_type":"right","a":0.9999053478,"b":0.0137598962,"c":-0.0000000192,"d":-1.3269832134,"shortest_distance":0.9387031952,"num_points":384,"plane_center_x":1.2945224047,"plane_center_y":2.3679924011,"plane_center_z":1.1670200825,"color_id":2},"3":{"ros_timestamp":"1695818893.2980456","wall_type":"front","a":0.0124045573,"b":-0.99992311,"c":0.0000155729,"d":2.9276957512,"shortest_distance":3.2376912173,"num_points":349,"plane_center_x":-0.0373150781,"plane_center_y":2.9274775982,"plane_center_z":1.2662723064,"color_id":3}}