{"0":{"ros_timestamp":"1695818893.8855977","wall_type":"floor","a":-0.0009236081,"b":-0.0043800501,"c":0.999990046,"d":0.0079279877,"shortest_distance":1.0088271344,"num_points":430,"plane_center_x":0.0948957577,"plane_center_y":2.2554662228,"plane_center_z":0.0020387347,"color_id":0},"1":{"ros_timestamp":"1695818893.8855977","wall_type":"left","a":0.9999434948,"b":0.0104201548,"c":0.0021018807,"d":1.3233124018,"shortest_distance":1.7208341767,"num_points":530,"plane_center_x":-1.3393242359,"plane_center_y":1.3195714951,"plane_center_z":1.0399720669,"color_id":1},"2":{"ros_timestamp":"1695818893.8855977","wall_type":"right","a":0.9999053478,"b":0.0137598962,"c":-0.0000000192,"d":-1.3269832134,"shortest_distance":0.9325711302,"num_points":384,"plane_center_x":1.2945224047,"plane_center_y":2.3679924011,"plane_center_z":1.1670200825,"color_id":2},"3":{"ros_timestamp":"1695818893.8855977","wall_type":"front","a":0.0124045573,"b":-0.99992311,"c":0.0000155729,"d":2.9276957512,"shortest_distance":3.2298557309,"num_points":349,"plane_center_x":-0.0373150781,"plane_center_y":2.9274775982,"plane_center_z":1.2662723064,"color_id":3}}