{"0":{"ros_timestamp":"1695818894.0517058","wall_type":"floor","a":-0.001116565,"b":-0.0034759836,"c":0.9999933243,"d":0.0060083643,"shortest_distance":1.0065480539,"num_points":431,"plane_center_x":0.0916147977,"plane_center_y":2.2534162998,"plane_center_z":0.0020388635,"color_id":0},"1":{"ros_timestamp":"1695818894.0517058","wall_type":"left","a":0.999933064,"b":0.0113861142,"c":0.0020350181,"d":1.3237918615,"shortest_distance":1.723953185,"num_points":530,"plane_center_x":-1.3409507275,"plane_center_y":1.3131879568,"plane_center_z":1.0403200388,"color_id":1},"2":{"ros_timestamp":"1695818894.0517058","wall_type":"right","a":0.9999053478,"b":0.0137598962,"c":-0.0000000192,"d":-1.3269832134,"shortest_distance":0.9295641067,"num_points":384,"plane_center_x":1.2945224047,"plane_center_y":2.3679924011,"plane_center_z":1.1670200825,"color_id":2},"3":{"ros_timestamp":"1695818894.0517058","wall_type":"front","a":0.0124045573,"b":-0.99992311,"c":0.0000155729,"d":2.9276957512,"shortest_distance":3.2258924698,"num_points":349,"plane_center_x":-0.0373150781,"plane_center_y":2.9274775982,"plane_center_z":1.2662723064,"color_id":3}}