{"0":{"ros_timestamp":"1695818894.561869","wall_type":"floor","a":-0.0010196393,"b":-0.0045249062,"c":0.9999892712,"d":0.0083280597,"shortest_distance":1.0091676455,"num_points":430,"plane_center_x":0.0947357863,"plane_center_y":2.2556796074,"plane_center_z":0.0019752965,"color_id":0},"1":{"ros_timestamp":"1695818894.561869","wall_type":"left","a":0.9999409318,"b":0.0106963534,"c":0.0019365913,"d":1.3237793446,"shortest_distance":1.7299175137,"num_points":533,"plane_center_x":-1.3397194147,"plane_center_y":1.3036376238,"plane_center_z":1.0381311178,"color_id":1},"2":{"ros_timestamp":"1695818894.561869","wall_type":"right","a":0.9999053478,"b":0.0137598962,"c":-0.0000000192,"d":-1.3269832134,"shortest_distance":0.9236695811,"num_points":384,"plane_center_x":1.2945224047,"plane_center_y":2.3679924011,"plane_center_z":1.1670200825,"color_id":2},"3":{"ros_timestamp":"1695818894.561869","wall_type":"front","a":0.0124045573,"b":-0.99992311,"c":0.0000155729,"d":2.9276957512,"shortest_distance":3.2178768932,"num_points":349,"plane_center_x":-0.0373150781,"plane_center_y":2.9274775982,"plane_center_z":1.2662723064,"color_id":3}}