{"0":{"ros_timestamp":"1695818894.8185198","wall_type":"floor","a":-0.0012375596,"b":-0.0036120522,"c":0.9999926686,"d":0.0064026238,"shortest_distance":1.0068783716,"num_points":431,"plane_center_x":0.0916074514,"plane_center_y":2.2533004284,"plane_center_z":0.0019618669,"color_id":0},"1":{"ros_timestamp":"1695818894.8185198","wall_type":"left","a":0.9998784661,"b":0.0153025091,"c":0.0029888195,"d":1.3226350546,"shortest_distance":1.7313797324,"num_points":546,"plane_center_x":-1.3455805779,"plane_center_y":1.2723755836,"plane_center_z":1.0390530825,"color_id":1},"2":{"ros_timestamp":"1695818894.8185198","wall_type":"right","a":0.9999053478,"b":0.0137598962,"c":-0.0000000192,"d":-1.3269832134,"shortest_distance":0.9207826686,"num_points":384,"plane_center_x":1.2945224047,"plane_center_y":2.3679924011,"plane_center_z":1.1670200825,"color_id":2},"3":{"ros_timestamp":"1695818894.8185198","wall_type":"front","a":0.0124045573,"b":-0.99992311,"c":0.0000155729,"d":2.9276957512,"shortest_distance":3.2138253793,"num_points":349,"plane_center_x":-0.0373150781,"plane_center_y":2.9274775982,"plane_center_z":1.2662723064,"color_id":3}}