{"0":{"ros_timestamp":"1695818895.7904797","wall_type":"floor","a":-0.0012563454,"b":-0.0037475508,"c":0.9999922514,"d":0.0067345137,"shortest_distance":1.0071641065,"num_points":430,"plane_center_x":0.0947994292,"plane_center_y":2.2554271221,"plane_center_z":0.0019491066,"color_id":0},"1":{"ros_timestamp":"1695818895.7904797","wall_type":"left","a":0.9999396205,"b":0.0107372841,"c":0.0023173494,"d":1.322764039,"shortest_distance":1.7432342691,"num_points":547,"plane_center_x":-1.3390389681,"plane_center_y":1.2756510973,"plane_center_z":1.0371677876,"color_id":1},"2":{"ros_timestamp":"1695818895.7904797","wall_type":"right","a":0.9999053478,"b":0.0137598962,"c":-0.0000000192,"d":-1.3269832134,"shortest_distance":0.9096440412,"num_points":384,"plane_center_x":1.2945224047,"plane_center_y":2.3679924011,"plane_center_z":1.1670200825,"color_id":2},"3":{"ros_timestamp":"1695818895.7904797","wall_type":"front","a":0.0124045573,"b":-0.99992311,"c":0.0000155729,"d":2.9276957512,"shortest_distance":3.197337306,"num_points":349,"plane_center_x":-0.0373150781,"plane_center_y":2.9274775982,"plane_center_z":1.2662723064,"color_id":3}}