{"0":{"ros_timestamp":"1695818896.0052135","wall_type":"floor","a":-0.0012680786,"b":-0.0038327079,"c":0.9999918938,"d":0.0069431942,"shortest_distance":1.0073705141,"num_points":428,"plane_center_x":0.1010094956,"plane_center_y":2.2594470978,"plane_center_z":0.0019573157,"color_id":0},"1":{"ros_timestamp":"1695818896.0052135","wall_type":"left","a":0.9999338388,"b":0.0098647298,"c":0.0059151114,"d":1.3204823732,"shortest_distance":1.7474431306,"num_points":571,"plane_center_x":-1.340895772,"plane_center_y":1.3194173574,"plane_center_z":1.0425232649,"color_id":1},"2":{"ros_timestamp":"1695818896.0052135","wall_type":"right","a":0.9999053478,"b":0.0137598962,"c":-0.0000000192,"d":-1.3269832134,"shortest_distance":0.9069630324,"num_points":384,"plane_center_x":1.2945224047,"plane_center_y":2.3679924011,"plane_center_z":1.1670200825,"color_id":2},"3":{"ros_timestamp":"1695818896.0052135","wall_type":"front","a":0.0124045573,"b":-0.99992311,"c":0.0000155729,"d":2.9276957512,"shortest_distance":3.1931468443,"num_points":349,"plane_center_x":-0.0373150781,"plane_center_y":2.9274775982,"plane_center_z":1.2662723064,"color_id":3}}