{"0":{"ros_timestamp":"1695818896.3881488","wall_type":"floor","a":-0.0012230818,"b":-0.0035542296,"c":0.9999929667,"d":0.0062576653,"shortest_distance":1.0065961141,"num_points":431,"plane_center_x":0.0911367089,"plane_center_y":2.2534356117,"plane_center_z":0.0019751682,"color_id":0},"1":{"ros_timestamp":"1695818896.3881488","wall_type":"left","a":0.9998704791,"b":0.0159528181,"c":0.0021359148,"d":1.3232431412,"shortest_distance":1.7500680519,"num_points":568,"plane_center_x":-1.3466562033,"plane_center_y":1.3163814545,"plane_center_z":1.0480639935,"color_id":1},"2":{"ros_timestamp":"1695818896.3881488","wall_type":"right","a":0.9999053478,"b":0.0137598962,"c":-0.0000000192,"d":-1.3269832134,"shortest_distance":0.9017272837,"num_points":384,"plane_center_x":1.2945224047,"plane_center_y":2.3679924011,"plane_center_z":1.1670200825,"color_id":2},"3":{"ros_timestamp":"1695818896.3881488","wall_type":"front","a":0.0124045573,"b":-0.99992311,"c":0.0000155729,"d":2.9276957512,"shortest_distance":3.1846867125,"num_points":349,"plane_center_x":-0.0373150781,"plane_center_y":2.9274775982,"plane_center_z":1.2662723064,"color_id":3}}