{"0":{"ros_timestamp":"1695818896.7566597","wall_type":"floor","a":-0.0012261847,"b":-0.003554387,"c":0.9999929667,"d":0.0062599899,"shortest_distance":1.0065787996,"num_points":431,"plane_center_x":0.0911025479,"plane_center_y":2.2534182072,"plane_center_z":0.0019733822,"color_id":0},"1":{"ros_timestamp":"1695818896.7566597","wall_type":"left","a":0.9999207854,"b":0.0124423532,"c":0.0019051798,"d":1.3233255148,"shortest_distance":1.753373365,"num_points":568,"plane_center_x":-1.3418335915,"plane_center_y":1.3184870481,"plane_center_z":1.0480136871,"color_id":1},"2":{"ros_timestamp":"1695818896.7566597","wall_type":"right","a":0.9999053478,"b":0.0137598962,"c":-0.0000000192,"d":-1.3269832134,"shortest_distance":0.8991730674,"num_points":384,"plane_center_x":1.2945224047,"plane_center_y":2.3679924011,"plane_center_z":1.1670200825,"color_id":2},"3":{"ros_timestamp":"1695818896.7566597","wall_type":"front","a":0.0124045573,"b":-0.99992311,"c":0.0000155729,"d":2.9276957512,"shortest_distance":3.1804178884,"num_points":349,"plane_center_x":-0.0373150781,"plane_center_y":2.9274775982,"plane_center_z":1.2662723064,"color_id":3}}