{"0":{"ros_timestamp":"1695818897.4629376","wall_type":"floor","a":-0.0012309692,"b":-0.0036015033,"c":0.9999927282,"d":0.0063746981,"shortest_distance":1.0066470418,"num_points":431,"plane_center_x":0.0906547755,"plane_center_y":2.2536044121,"plane_center_z":0.0019653479,"color_id":0},"1":{"ros_timestamp":"1695818897.4629376","wall_type":"left","a":0.9998635054,"b":0.0163578931,"c":0.0023338401,"d":1.3229199648,"shortest_distance":1.7598416763,"num_points":604,"plane_center_x":-1.3472424746,"plane_center_y":1.3251023293,"plane_center_z":1.0552272797,"color_id":1},"2":{"ros_timestamp":"1695818897.4629376","wall_type":"right","a":0.9999053478,"b":0.0137598962,"c":-0.0000000192,"d":-1.3269832134,"shortest_distance":0.8917681026,"num_points":384,"plane_center_x":1.2945224047,"plane_center_y":2.3679924011,"plane_center_z":1.1670200825,"color_id":2},"3":{"ros_timestamp":"1695818897.4629376","wall_type":"front","a":0.0124045573,"b":-0.99992311,"c":0.0000155729,"d":2.9276957512,"shortest_distance":3.1674615136,"num_points":349,"plane_center_x":-0.0373150781,"plane_center_y":2.9274775982,"plane_center_z":1.2662723064,"color_id":3}}