{"0":{"ros_timestamp":"1695818897.572507","wall_type":"floor","a":0.0001617644,"b":-0.0023289032,"c":0.9999973178,"d":0.002566627,"shortest_distance":1.0031461048,"num_points":453,"plane_center_x":0.0214894321,"plane_center_y":2.2316963673,"plane_center_z":0.0027338101,"color_id":0},"1":{"ros_timestamp":"1695818897.572507","wall_type":"left","a":0.9999138117,"b":0.0131293675,"c":0.0003137035,"d":1.3247750998,"shortest_distance":1.7628341257,"num_points":583,"plane_center_x":-1.3423876762,"plane_center_y":1.3065335751,"plane_center_z":1.0930615664,"color_id":1},"2":{"ros_timestamp":"1695818897.572507","wall_type":"right","a":0.9999053478,"b":0.0137598962,"c":-0.0000000192,"d":-1.3269832134,"shortest_distance":0.8893864986,"num_points":384,"plane_center_x":1.2945224047,"plane_center_y":2.3679924011,"plane_center_z":1.1670200825,"color_id":2},"3":{"ros_timestamp":"1695818897.572507","wall_type":"front","a":0.0124045573,"b":-0.99992311,"c":0.0000155729,"d":2.9276957512,"shortest_distance":3.163094194,"num_points":349,"plane_center_x":-0.0373150781,"plane_center_y":2.9274775982,"plane_center_z":1.2662723064,"color_id":3}}