{"0":{"ros_timestamp":"1695818874.1537938","wall_type":"floor","a":0.0018501029,"b":-0.0002545302,"c":0.9999982119,"d":-0.0007414857,"shortest_distance":0.9994947542,"num_points":277,"plane_center_x":0.0059381211,"plane_center_y":2.1584126949,"plane_center_z":0.0012798831,"color_id":0},"1":{"ros_timestamp":"1695818874.1537938","wall_type":"left","a":0.9999387264,"b":0.0110714063,"c":0.0001361794,"d":1.3283970356,"shortest_distance":1.3973819436,"num_points":248,"plane_center_x":-1.3500005007,"plane_center_y":1.9300394058,"plane_center_z":1.1199679375,"color_id":1},"2":{"ros_timestamp":"1695818874.1537938","wall_type":"right","a":0.9998841286,"b":0.015017869,"c":-0.0024896869,"d":-1.3262042999,"shortest_distance":1.2617892329,"num_points":352,"plane_center_x":1.2950552702,"plane_center_y":2.3167173862,"plane_center_z":1.1242848635,"color_id":2}}