{"0":{"ros_timestamp":"1695818898.0052392","wall_type":"floor","a":-0.0012309985,"b":-0.0035953387,"c":0.9999928474,"d":0.006360447,"shortest_distance":1.0065752786,"num_points":431,"plane_center_x":0.0902871937,"plane_center_y":2.2533574104,"plane_center_z":0.0019643765,"color_id":0},"1":{"ros_timestamp":"1695818898.0052392","wall_type":"left","a":0.9998770356,"b":0.0155275343,"c":0.0022193105,"d":1.3234955072,"shortest_distance":1.7675396919,"num_points":607,"plane_center_x":-1.3464692831,"plane_center_y":1.318282485,"plane_center_z":1.0537341833,"color_id":1},"2":{"ros_timestamp":"1695818898.0052392","wall_type":"right","a":0.9999053478,"b":0.0137598962,"c":-0.0000000192,"d":-1.3269832134,"shortest_distance":0.8847548021,"num_points":384,"plane_center_x":1.2945224047,"plane_center_y":2.3679924011,"plane_center_z":1.1670200825,"color_id":2},"3":{"ros_timestamp":"1695818898.0052392","wall_type":"front","a":0.0124045573,"b":-0.99992311,"c":0.0000155729,"d":2.9276957512,"shortest_distance":3.1542893797,"num_points":349,"plane_center_x":-0.0373150781,"plane_center_y":2.9274775982,"plane_center_z":1.2662723064,"color_id":3}}