{"0":{"ros_timestamp":"1695818898.7580104","wall_type":"floor","a":-0.0012281527,"b":-0.0036034975,"c":0.9999927282,"d":0.0063783545,"shortest_distance":1.0065398421,"num_points":431,"plane_center_x":0.0899602994,"plane_center_y":2.2536103725,"plane_center_z":0.0019650932,"color_id":0},"1":{"ros_timestamp":"1695818898.7580104","wall_type":"left","a":0.9998431802,"b":0.0176150873,"c":0.0018325794,"d":1.3241115808,"shortest_distance":1.7739593453,"num_points":622,"plane_center_x":-1.3487896919,"plane_center_y":1.2796100378,"plane_center_z":1.051104188,"color_id":1},"2":{"ros_timestamp":"1695818898.7580104","wall_type":"right","a":0.9999053478,"b":0.0137598962,"c":-0.0000000192,"d":-1.3269832134,"shortest_distance":0.8781394773,"num_points":384,"plane_center_x":1.2945224047,"plane_center_y":2.3679924011,"plane_center_z":1.1670200825,"color_id":2},"3":{"ros_timestamp":"1695818898.7580104","wall_type":"front","a":0.0124045573,"b":-0.99992311,"c":0.0000155729,"d":2.9276957512,"shortest_distance":3.1409133406,"num_points":349,"plane_center_x":-0.0373150781,"plane_center_y":2.9274775982,"plane_center_z":1.2662723064,"color_id":3}}