{"0":{"ros_timestamp":"1695818874.3192468","wall_type":"floor","a":0.0018618049,"b":-0.0003824988,"c":0.9999981523,"d":-0.0004547979,"shortest_distance":0.9998451565,"num_points":280,"plane_center_x":0.0033926708,"plane_center_y":2.1565999985,"plane_center_z":0.0012733807,"color_id":0},"1":{"ros_timestamp":"1695818874.3192468","wall_type":"left","a":0.9999718666,"b":0.0074852007,"c":0.0003167794,"d":1.3406361341,"shortest_distance":1.4115671577,"num_points":249,"plane_center_x":-1.3554416895,"plane_center_y":1.9253133535,"plane_center_z":1.1239924431,"color_id":1},"2":{"ros_timestamp":"1695818874.3192468","wall_type":"right","a":0.9998717904,"b":0.0158028938,"c":-0.0025685611,"d":-1.3278838396,"shortest_distance":1.2639345181,"num_points":352,"plane_center_x":1.2949795723,"plane_center_y":2.3191447258,"plane_center_z":1.1242508888,"color_id":2}}