{"0":{"ros_timestamp":"1695818899.2450235","wall_type":"floor","a":-0.0012281887,"b":-0.0036004407,"c":0.9999927282,"d":0.0063713016,"shortest_distance":1.006494484,"num_points":431,"plane_center_x":0.0898108259,"plane_center_y":2.2534403801,"plane_center_z":0.0019644699,"color_id":0},"1":{"ros_timestamp":"1695818899.2450235","wall_type":"left","a":0.9998391867,"b":0.0178526174,"c":0.0017005499,"d":1.3244336843,"shortest_distance":1.7783213683,"num_points":622,"plane_center_x":-1.3492826223,"plane_center_y":1.2796194553,"plane_center_z":1.0511075258,"color_id":1},"2":{"ros_timestamp":"1695818899.2450235","wall_type":"right","a":0.9999053478,"b":0.0137598962,"c":-0.0000000192,"d":-1.3269832134,"shortest_distance":0.8739533132,"num_points":384,"plane_center_x":1.2945224047,"plane_center_y":2.3679924011,"plane_center_z":1.1670200825,"color_id":2},"3":{"ros_timestamp":"1695818899.2450235","wall_type":"front","a":0.0124045573,"b":-0.99992311,"c":0.0000155729,"d":2.9276957512,"shortest_distance":3.1318886379,"num_points":349,"plane_center_x":-0.0373150781,"plane_center_y":2.9274775982,"plane_center_z":1.2662723064,"color_id":3}}