{"0":{"ros_timestamp":"1695818899.403193","wall_type":"floor","a":-0.0012276896,"b":-0.0035989238,"c":0.9999927282,"d":0.0063674212,"shortest_distance":1.0064905361,"num_points":431,"plane_center_x":0.0898141116,"plane_center_y":2.2532923222,"plane_center_z":0.0019643588,"color_id":0},"1":{"ros_timestamp":"1695818899.403193","wall_type":"left","a":0.9998708963,"b":0.0158290081,"c":0.0027646762,"d":1.3209857941,"shortest_distance":1.7763537935,"num_points":622,"plane_center_x":-1.3446280956,"plane_center_y":1.2820842266,"plane_center_z":1.0510849953,"color_id":1},"2":{"ros_timestamp":"1695818899.403193","wall_type":"right","a":0.9999053478,"b":0.0137598962,"c":-0.0000000192,"d":-1.3269832134,"shortest_distance":0.8739533132,"num_points":384,"plane_center_x":1.2945224047,"plane_center_y":2.3679924011,"plane_center_z":1.1670200825,"color_id":2},"3":{"ros_timestamp":"1695818899.403193","wall_type":"front","a":0.0124045573,"b":-0.99992311,"c":0.0000155729,"d":2.9276957512,"shortest_distance":3.1318886379,"num_points":349,"plane_center_x":-0.0373150781,"plane_center_y":2.9274775982,"plane_center_z":1.2662723064,"color_id":3}}