{"0":{"ros_timestamp":"1695818900.4693356","wall_type":"floor","a":-0.0012370999,"b":-0.0037258531,"c":0.9999922514,"d":0.0066736117,"shortest_distance":1.0067392864,"num_points":430,"plane_center_x":0.0928115696,"plane_center_y":2.2555317879,"plane_center_z":0.0019571842,"color_id":0},"1":{"ros_timestamp":"1695818900.4693356","wall_type":"left","a":0.9998762608,"b":0.014625025,"c":0.0057869246,"d":1.3180905581,"shortest_distance":1.7845650921,"num_points":625,"plane_center_x":-1.3440431356,"plane_center_y":1.2740108967,"plane_center_z":1.04913342,"color_id":1},"2":{"ros_timestamp":"1695818900.4693356","wall_type":"right","a":0.9999053478,"b":0.0137598962,"c":-0.0000000192,"d":-1.3269832134,"shortest_distance":0.8661262047,"num_points":384,"plane_center_x":1.2945224047,"plane_center_y":2.3679924011,"plane_center_z":1.1670200825,"color_id":2},"3":{"ros_timestamp":"1695818900.4693356","wall_type":"front","a":0.0124045573,"b":-0.99992311,"c":0.0000155729,"d":2.9276957512,"shortest_distance":3.1135978701,"num_points":349,"plane_center_x":-0.0373150781,"plane_center_y":2.9274775982,"plane_center_z":1.2662723064,"color_id":3}}