{"0":{"ros_timestamp":"1695818900.5179625","wall_type":"floor","a":-0.0012543618,"b":-0.0038413096,"c":0.9999918342,"d":0.0069571557,"shortest_distance":1.0070351726,"num_points":428,"plane_center_x":0.0992650613,"plane_center_y":2.2594127655,"plane_center_z":0.0019590587,"color_id":0},"1":{"ros_timestamp":"1695818900.5179625","wall_type":"left","a":0.9998782873,"b":0.0137028191,"c":0.0074590892,"d":1.3155428171,"shortest_distance":1.7838564817,"num_points":627,"plane_center_x":-1.3423957825,"plane_center_y":1.2743393183,"plane_center_z":1.0457888842,"color_id":1},"2":{"ros_timestamp":"1695818900.5179625","wall_type":"right","a":0.9999053478,"b":0.0137598962,"c":-0.0000000192,"d":-1.3269832134,"shortest_distance":0.8661262047,"num_points":384,"plane_center_x":1.2945224047,"plane_center_y":2.3679924011,"plane_center_z":1.1670200825,"color_id":2},"3":{"ros_timestamp":"1695818900.5179625","wall_type":"front","a":0.0124045573,"b":-0.99992311,"c":0.0000155729,"d":2.9276957512,"shortest_distance":3.1135978701,"num_points":349,"plane_center_x":-0.0373150781,"plane_center_y":2.9274775982,"plane_center_z":1.2662723064,"color_id":3}}