{"0":{"ros_timestamp":"1695818900.6091554","wall_type":"floor","a":-0.0012226541,"b":-0.0035987038,"c":0.9999927878,"d":0.0063641211,"shortest_distance":1.0063951843,"num_points":431,"plane_center_x":0.0895689428,"plane_center_y":2.2534735203,"plane_center_z":0.0019670574,"color_id":0},"1":{"ros_timestamp":"1695818900.6091554","wall_type":"left","a":0.9998686314,"b":0.0155268107,"c":0.0046481681,"d":1.3201395273,"shortest_distance":1.7871594731,"num_points":636,"plane_center_x":-1.3453454971,"plane_center_y":1.2417412996,"plane_center_z":1.0498491526,"color_id":1},"2":{"ros_timestamp":"1695818900.6091554","wall_type":"right","a":0.9999053478,"b":0.0137598962,"c":-0.0000000192,"d":-1.3269832134,"shortest_distance":0.8642841631,"num_points":384,"plane_center_x":1.2945224047,"plane_center_y":2.3679924011,"plane_center_z":1.1670200825,"color_id":2},"3":{"ros_timestamp":"1695818900.6091554","wall_type":"front","a":0.0124045573,"b":-0.99992311,"c":0.0000155729,"d":2.9276957512,"shortest_distance":3.1089775588,"num_points":349,"plane_center_x":-0.0373150781,"plane_center_y":2.9274775982,"plane_center_z":1.2662723064,"color_id":3}}