{"0":{"ros_timestamp":"1695818874.5993364","wall_type":"floor","a":0.0017845194,"b":-0.0003319079,"c":0.9999983907,"d":-0.0005187123,"shortest_distance":0.9997677807,"num_points":287,"plane_center_x":0.0011391361,"plane_center_y":2.1560692787,"plane_center_z":0.0012322977,"color_id":0},"1":{"ros_timestamp":"1695818874.5993364","wall_type":"left","a":0.9999398589,"b":0.0109649524,"c":0.0001496512,"d":1.3283758163,"shortest_distance":1.4072596314,"num_points":268,"plane_center_x":-1.3491675854,"plane_center_y":1.8735387325,"plane_center_z":1.1186317205,"color_id":1},"2":{"ros_timestamp":"1695818874.5993364","wall_type":"right","a":0.9999694824,"b":0.0077676782,"c":-0.0008430887,"d":-1.3125658035,"shortest_distance":1.233105555,"num_points":374,"plane_center_x":1.2954730988,"plane_center_y":2.3462364674,"plane_center_z":1.1287270784,"color_id":2}}