{"0":{"ros_timestamp":"1695818902.0290425","wall_type":"floor","a":-0.0012219271,"b":-0.0035983769,"c":0.9999927878,"d":0.0063629802,"shortest_distance":1.0062809842,"num_points":431,"plane_center_x":0.0894794762,"plane_center_y":2.2534210682,"plane_center_z":0.0019670988,"color_id":0},"1":{"ros_timestamp":"1695818902.0290425","wall_type":"left","a":0.9998700619,"b":0.0160072763,"c":0.0019143786,"d":1.321799159,"shortest_distance":1.7961391791,"num_points":656,"plane_center_x":-1.3429224491,"plane_center_y":1.1833316088,"plane_center_z":1.0483278036,"color_id":1},"2":{"ros_timestamp":"1695818902.0290425","wall_type":"right","a":0.9999053478,"b":0.0137598962,"c":-0.0000000192,"d":-1.3269832134,"shortest_distance":0.8542096957,"num_points":384,"plane_center_x":1.2945224047,"plane_center_y":2.3679924011,"plane_center_z":1.1670200825,"color_id":2},"3":{"ros_timestamp":"1695818902.0290425","wall_type":"front","a":0.0124045573,"b":-0.99992311,"c":0.0000155729,"d":2.9276957512,"shortest_distance":3.0808913302,"num_points":349,"plane_center_x":-0.0373150781,"plane_center_y":2.9274775982,"plane_center_z":1.2662723064,"color_id":3}}