{"0":{"ros_timestamp":"1695818903.3290884","wall_type":"floor","a":-0.0005777027,"b":-0.0034693198,"c":0.9999938011,"d":0.0056889439,"shortest_distance":1.0058079963,"num_points":446,"plane_center_x":0.0414266661,"plane_center_y":2.2391536236,"plane_center_z":0.0022110012,"color_id":0},"1":{"ros_timestamp":"1695818903.3290884","wall_type":"left","a":0.9998650551,"b":0.016396679,"c":0.0009886015,"d":1.3223800659,"shortest_distance":1.8028944658,"num_points":645,"plane_center_x":-1.3425987959,"plane_center_y":1.1573988199,"plane_center_z":1.0721877813,"color_id":1},"2":{"ros_timestamp":"1695818903.3290884","wall_type":"right","a":0.9999053478,"b":0.0137598962,"c":-0.0000000192,"d":-1.3269832134,"shortest_distance":0.8471126878,"num_points":384,"plane_center_x":1.2945224047,"plane_center_y":2.3679924011,"plane_center_z":1.1670200825,"color_id":2},"3":{"ros_timestamp":"1695818903.3290884","wall_type":"front","a":0.0124045573,"b":-0.99992311,"c":0.0000155729,"d":2.9276957512,"shortest_distance":3.0570606687,"num_points":349,"plane_center_x":-0.0373150781,"plane_center_y":2.9274775982,"plane_center_z":1.2662723064,"color_id":3}}