{"0":{"ros_timestamp":"1695818874.7472827","wall_type":"floor","a":-0.0001350064,"b":0.0000615187,"c":1.0,"d":-0.0002045569,"shortest_distance":0.9997293379,"num_points":272,"plane_center_x":0.0745970681,"plane_center_y":2.1616487503,"plane_center_z":0.0000816462,"color_id":0},"1":{"ros_timestamp":"1695818874.7472827","wall_type":"left","a":0.9999442697,"b":0.0082955295,"c":0.0065323915,"d":1.3218017817,"shortest_distance":1.4083765311,"num_points":283,"plane_center_x":-1.3457224369,"plane_center_y":1.8827848434,"plane_center_z":1.0605086088,"color_id":1},"2":{"ros_timestamp":"1695818874.7472827","wall_type":"right","a":0.9999683499,"b":0.0079007354,"c":-0.0009054174,"d":-1.3127852678,"shortest_distance":1.2334526837,"num_points":374,"plane_center_x":1.2954518795,"plane_center_y":2.3462398052,"plane_center_z":1.1287081242,"color_id":2}}