{"0":{"ros_timestamp":"1695818903.5146775","wall_type":"floor","a":-0.0012482821,"b":-0.0037942552,"c":0.999992013,"d":0.0068422714,"shortest_distance":1.0066568564,"num_points":429,"plane_center_x":0.0959034041,"plane_center_y":2.2572698593,"plane_center_z":0.0019544875,"color_id":0},"1":{"ros_timestamp":"1695818903.5146775","wall_type":"left","a":0.9998697042,"b":0.0143923676,"c":0.0073061115,"d":1.3165866137,"shortest_distance":1.8049469118,"num_points":678,"plane_center_x":-1.3422379494,"plane_center_y":1.1302438974,"plane_center_z":1.0438206196,"color_id":1},"2":{"ros_timestamp":"1695818903.5146775","wall_type":"right","a":0.9999053478,"b":0.0137598962,"c":-0.0000000192,"d":-1.3269832134,"shortest_distance":0.8458367023,"num_points":384,"plane_center_x":1.2945224047,"plane_center_y":2.3679924011,"plane_center_z":1.1670200825,"color_id":2},"3":{"ros_timestamp":"1695818903.5146775","wall_type":"front","a":0.0124045573,"b":-0.99992311,"c":0.0000155729,"d":2.9276957512,"shortest_distance":3.0522538184,"num_points":349,"plane_center_x":-0.0373150781,"plane_center_y":2.9274775982,"plane_center_z":1.2662723064,"color_id":3}}