{"0":{"ros_timestamp":"1695818903.7591949","wall_type":"floor","a":-0.0012219271,"b":-0.0035983769,"c":0.9999927878,"d":0.0063629802,"shortest_distance":1.0061490086,"num_points":431,"plane_center_x":0.0894794762,"plane_center_y":2.2534210682,"plane_center_z":0.0019670988,"color_id":0},"1":{"ros_timestamp":"1695818903.7591949","wall_type":"left","a":0.9998673201,"b":0.0161921214,"c":0.0017817033,"d":1.322278738,"shortest_distance":1.8061397491,"num_points":676,"plane_center_x":-1.3426988125,"plane_center_y":1.1349155903,"plane_center_z":1.0469019413,"color_id":1},"2":{"ros_timestamp":"1695818903.7591949","wall_type":"right","a":0.9999053478,"b":0.0137598962,"c":-0.0000000192,"d":-1.3269832134,"shortest_distance":0.844608831,"num_points":384,"plane_center_x":1.2945224047,"plane_center_y":2.3679924011,"plane_center_z":1.1670200825,"color_id":2},"3":{"ros_timestamp":"1695818903.7591949","wall_type":"front","a":0.0124045573,"b":-0.99992311,"c":0.0000155729,"d":2.9276957512,"shortest_distance":3.047434514,"num_points":349,"plane_center_x":-0.0373150781,"plane_center_y":2.9274775982,"plane_center_z":1.2662723064,"color_id":3}}