{"0":{"ros_timestamp":"1695818874.77316","wall_type":"floor","a":0.0017248171,"b":-0.0002599442,"c":0.9999984503,"d":-0.0006523583,"shortest_distance":0.9995939768,"num_points":290,"plane_center_x":-0.0045285518,"plane_center_y":2.1557893753,"plane_center_z":0.001220556,"color_id":0},"1":{"ros_timestamp":"1695818874.77316","wall_type":"left","a":0.9999555945,"b":0.0094176028,"c":0.0002738633,"d":1.3354970217,"shortest_distance":1.415264584,"num_points":270,"plane_center_x":-1.3534603119,"plane_center_y":1.8685042858,"plane_center_z":1.1188937426,"color_id":1},"2":{"ros_timestamp":"1695818874.77316","wall_type":"right","a":0.9999237061,"b":0.0123142749,"c":-0.0009997613,"d":-1.3220818043,"shortest_distance":1.245009883,"num_points":396,"plane_center_x":1.2944278717,"plane_center_y":2.3685417175,"plane_center_z":1.1327484846,"color_id":2}}