{"0":{"ros_timestamp":"1695818871.7428913","wall_type":"floor","a":0.0024601384,"b":-0.0011132244,"c":0.9999963641,"d":0.0008687433,"shortest_distance":1.0014544004,"num_points":198,"plane_center_x":0.0453784242,"plane_center_y":2.1303355694,"plane_center_z":0.0013911662,"color_id":0},"1":{"ros_timestamp":"1695818871.7428913","wall_type":"left","a":0.999994874,"b":0.0031569544,"c":0.0003940054,"d":1.3528573513,"shortest_distance":1.3765318087,"num_points":187,"plane_center_x":-1.3598548174,"plane_center_y":2.0733127594,"plane_center_z":1.1300051212,"color_id":1},"2":{"ros_timestamp":"1695818871.7428913","wall_type":"right","a":0.9999259114,"b":0.0120563162,"c":-0.0016898726,"d":-1.3199189901,"shortest_distance":1.3027490834,"num_points":281,"plane_center_x":1.2949982882,"plane_center_y":2.23285532,"plane_center_z":1.1262818575,"color_id":2}}