{"0":{"ros_timestamp":"1695818905.0930033","wall_type":"floor","a":-0.0012219271,"b":-0.0035983769,"c":0.9999927878,"d":0.0063629802,"shortest_distance":1.006055249,"num_points":431,"plane_center_x":0.0894794762,"plane_center_y":2.2534210682,"plane_center_z":0.0019670988,"color_id":0},"1":{"ros_timestamp":"1695818905.0930033","wall_type":"left","a":0.9998691082,"b":0.0160747916,"c":0.001850132,"d":1.3220255375,"shortest_distance":1.8114388046,"num_points":676,"plane_center_x":-1.3422548771,"plane_center_y":1.127025485,"plane_center_z":1.0468989611,"color_id":1},"2":{"ros_timestamp":"1695818905.0930033","wall_type":"right","a":0.9999053478,"b":0.0137598962,"c":-0.0000000192,"d":-1.3269832134,"shortest_distance":0.8391953168,"num_points":384,"plane_center_x":1.2945224047,"plane_center_y":2.3679924011,"plane_center_z":1.1670200825,"color_id":2},"3":{"ros_timestamp":"1695818905.0930033","wall_type":"front","a":0.0124045573,"b":-0.99992311,"c":0.0000155729,"d":2.9276957512,"shortest_distance":3.0231680877,"num_points":349,"plane_center_x":-0.0373150781,"plane_center_y":2.9274775982,"plane_center_z":1.2662723064,"color_id":3}}