{"0":{"ros_timestamp":"1695818909.211643","wall_type":"floor","a":-0.0012219271,"b":-0.0035983769,"c":0.9999927878,"d":0.0063629802,"shortest_distance":1.005743012,"num_points":431,"plane_center_x":0.0894794762,"plane_center_y":2.2534210682,"plane_center_z":0.0019670988,"color_id":0},"1":{"ros_timestamp":"1695818909.211643","wall_type":"left","a":0.9998728633,"b":0.0158584621,"c":0.0016609355,"d":1.323389411,"shortest_distance":1.8220407209,"num_points":724,"plane_center_x":-1.3412592411,"plane_center_y":1.0067641735,"plane_center_z":1.0437968969,"color_id":1},"2":{"ros_timestamp":"1695818909.211643","wall_type":"right","a":0.9999053478,"b":0.0137598962,"c":-0.0000000192,"d":-1.3269832134,"shortest_distance":0.8299653948,"num_points":384,"plane_center_x":1.2945224047,"plane_center_y":2.3679924011,"plane_center_z":1.1670200825,"color_id":2},"3":{"ros_timestamp":"1695818909.211643","wall_type":"front","a":0.0124045573,"b":-0.99992311,"c":0.0000155729,"d":2.9276957512,"shortest_distance":2.9392449871,"num_points":349,"plane_center_x":-0.0373150781,"plane_center_y":2.9274775982,"plane_center_z":1.2662723064,"color_id":3}}