{"0":{"ros_timestamp":"1695818909.4079137","wall_type":"floor","a":-0.0012219271,"b":-0.0035983769,"c":0.9999927878,"d":0.0063629802,"shortest_distance":1.0057250872,"num_points":431,"plane_center_x":0.0894794762,"plane_center_y":2.2534210682,"plane_center_z":0.0019670988,"color_id":0},"1":{"ros_timestamp":"1695818909.4079137","wall_type":"left","a":0.9998724461,"b":0.0158833191,"c":0.0016539948,"d":1.3233914375,"shortest_distance":1.8221433065,"num_points":740,"plane_center_x":-1.3405447006,"plane_center_y":0.9606001377,"plane_center_z":1.0428568125,"color_id":1},"2":{"ros_timestamp":"1695818909.4079137","wall_type":"right","a":0.9999053478,"b":0.0137598962,"c":-0.0000000192,"d":-1.3269832134,"shortest_distance":0.8298681725,"num_points":384,"plane_center_x":1.2945224047,"plane_center_y":2.3679924011,"plane_center_z":1.1670200825,"color_id":2},"3":{"ros_timestamp":"1695818909.4079137","wall_type":"front","a":0.0124045573,"b":-0.99992311,"c":0.0000155729,"d":2.9276957512,"shortest_distance":2.9342741543,"num_points":349,"plane_center_x":-0.0373150781,"plane_center_y":2.9274775982,"plane_center_z":1.2662723064,"color_id":3}}