{"0":{"ros_timestamp":"1695818875.486989","wall_type":"floor","a":0.0018859934,"b":0.0065799789,"c":0.9999765754,"d":-0.0160994325,"shortest_distance":0.9808485261,"num_points":312,"plane_center_x":0.0076773348,"plane_center_y":2.1671669483,"plane_center_z":0.0010940592,"color_id":0},"1":{"ros_timestamp":"1695818875.486989","wall_type":"left","a":0.9999452233,"b":0.0104637863,"c":0.0001276807,"d":1.3312046528,"shortest_distance":1.4298782906,"num_points":289,"plane_center_x":-1.3502686024,"plane_center_y":1.8012363911,"plane_center_z":1.1145774126,"color_id":1},"2":{"ros_timestamp":"1695818875.486989","wall_type":"right","a":0.9999126792,"b":0.0131944334,"c":-0.0007327893,"d":-1.3245575428,"shortest_distance":1.2280755246,"num_points":396,"plane_center_x":1.2943818569,"plane_center_y":2.3685481548,"plane_center_z":1.1326767206,"color_id":2}}