{"0":{"ros_timestamp":"1695818875.8174164","wall_type":"floor","a":0.0015849908,"b":-0.0002301417,"c":0.9999987483,"d":-0.0005957628,"shortest_distance":0.9996619879,"num_points":316,"plane_center_x":0.0101298643,"plane_center_y":2.1709060669,"plane_center_z":0.0010793245,"color_id":0},"1":{"ros_timestamp":"1695818875.8174164","wall_type":"left","a":0.999940455,"b":0.0109107941,"c":0.0001459956,"d":1.3264933825,"shortest_distance":1.4298359428,"num_points":289,"plane_center_x":-1.3463821411,"plane_center_y":1.8005871773,"plane_center_z":1.1145893335,"color_id":1},"2":{"ros_timestamp":"1695818875.8174164","wall_type":"right","a":0.9999126792,"b":0.0131944334,"c":-0.0007327893,"d":-1.3245575428,"shortest_distance":1.2232047627,"num_points":396,"plane_center_x":1.2943818569,"plane_center_y":2.3685481548,"plane_center_z":1.1326767206,"color_id":2}}