{"0":{"ros_timestamp":"1695818916.0291567","wall_type":"floor","a":-0.0012219271,"b":-0.0035983769,"c":0.9999927878,"d":0.0063629802,"shortest_distance":1.0052386889,"num_points":431,"plane_center_x":0.0894794762,"plane_center_y":2.2534210682,"plane_center_z":0.0019670988,"color_id":0},"1":{"ros_timestamp":"1695818916.0291567","wall_type":"left","a":0.9998742938,"b":0.0158101656,"c":0.0012530007,"d":1.3241711855,"shortest_distance":1.8041267623,"num_points":974,"plane_center_x":-1.3318327665,"plane_center_y":0.3920374513,"plane_center_z":1.0343462229,"color_id":1},"2":{"ros_timestamp":"1695818916.0291567","wall_type":"right","a":0.9999053478,"b":0.0137598962,"c":-0.0000000192,"d":-1.3269832134,"shortest_distance":0.8485563908,"num_points":384,"plane_center_x":1.2945224047,"plane_center_y":2.3679924011,"plane_center_z":1.1670200825,"color_id":2},"3":{"ros_timestamp":"1695818916.0291567","wall_type":"front","a":0.0124045573,"b":-0.99992311,"c":0.0000155729,"d":2.9276957512,"shortest_distance":2.7918462854,"num_points":349,"plane_center_x":-0.0373150781,"plane_center_y":2.9274775982,"plane_center_z":1.2662723064,"color_id":3}}