{"0":{"ros_timestamp":"1695818916.9816394","wall_type":"floor","a":-0.0012219271,"b":-0.0035983769,"c":0.9999927878,"d":0.0063629802,"shortest_distance":1.0051779212,"num_points":431,"plane_center_x":0.0894794762,"plane_center_y":2.2534210682,"plane_center_z":0.0019670988,"color_id":0},"1":{"ros_timestamp":"1695818916.9816394","wall_type":"left","a":0.9998820424,"b":0.0153193455,"c":0.0010801662,"d":1.3252401352,"shortest_distance":1.7991969218,"num_points":1057,"plane_center_x":-1.3298522234,"plane_center_y":0.2206281424,"plane_center_z":1.0326086283,"color_id":1},"2":{"ros_timestamp":"1695818916.9816394","wall_type":"right","a":0.9999053478,"b":0.0137598962,"c":-0.0000000192,"d":-1.3269832134,"shortest_distance":0.8543463003,"num_points":384,"plane_center_x":1.2945224047,"plane_center_y":2.3679924011,"plane_center_z":1.1670200825,"color_id":2},"3":{"ros_timestamp":"1695818916.9816394","wall_type":"front","a":0.0124045573,"b":-0.99992311,"c":0.0000155729,"d":2.9276957512,"shortest_distance":2.7728303398,"num_points":349,"plane_center_x":-0.0373150781,"plane_center_y":2.9274775982,"plane_center_z":1.2662723064,"color_id":3}}