{"0":{"ros_timestamp":"1695818917.467847","wall_type":"floor","a":-0.0012219271,"b":-0.0035983769,"c":0.9999927878,"d":0.0063629802,"shortest_distance":1.0051482233,"num_points":431,"plane_center_x":0.0894794762,"plane_center_y":2.2534210682,"plane_center_z":0.0019670988,"color_id":0},"1":{"ros_timestamp":"1695818917.467847","wall_type":"left","a":0.9998796582,"b":0.0154250702,"c":0.0016785337,"d":1.3239912987,"shortest_distance":1.7953987629,"num_points":1059,"plane_center_x":-1.3293766975,"plane_center_y":0.2157426775,"plane_center_z":1.0326421261,"color_id":1},"2":{"ros_timestamp":"1695818917.467847","wall_type":"right","a":0.9999053478,"b":0.0137598962,"c":-0.0000000192,"d":-1.3269832134,"shortest_distance":0.8575254257,"num_points":384,"plane_center_x":1.2945224047,"plane_center_y":2.3679924011,"plane_center_z":1.1670200825,"color_id":2},"3":{"ros_timestamp":"1695818917.467847","wall_type":"front","a":0.0124045573,"b":-0.99992311,"c":0.0000155729,"d":2.9276957512,"shortest_distance":2.7634133967,"num_points":349,"plane_center_x":-0.0373150781,"plane_center_y":2.9274775982,"plane_center_z":1.2662723064,"color_id":3}}