{"0":{"ros_timestamp":"1695818876.1470468","wall_type":"floor","a":0.0016491691,"b":-0.0003147846,"c":0.9999985695,"d":-0.0004409447,"shortest_distance":0.9998723529,"num_points":320,"plane_center_x":0.0136261582,"plane_center_y":2.1737456322,"plane_center_z":0.001102736,"color_id":0},"1":{"ros_timestamp":"1695818876.1470468","wall_type":"left","a":0.9999390841,"b":0.0110366726,"c":0.0001171899,"d":1.3280590773,"shortest_distance":1.4361698879,"num_points":289,"plane_center_x":-1.348274827,"plane_center_y":1.8124036789,"plane_center_z":1.1145932674,"color_id":1},"2":{"ros_timestamp":"1695818876.1470468","wall_type":"right","a":0.9999389648,"b":0.0109649133,"c":-0.0013603815,"d":-1.3183591366,"shortest_distance":1.211691134,"num_points":396,"plane_center_x":1.2943818569,"plane_center_y":2.3685481548,"plane_center_z":1.1326767206,"color_id":2}}